gene,lineage,mean_gene_effect,median_gene_effect,n_lines,n_dependent_lines,gene_class,tcga_types_mapped
ACKR1,Bowel,-0.012286384047512129,-0.0169902187389202,63,0,floor_passing_receptor,COAD|READ
ACKR1,Lymphoid,-0.0004867683821370337,0.0068947759786556,93,0,floor_passing_receptor,
ACKR1,Breast,0.0011387242063372873,0.0215642042935155,53,0,floor_passing_receptor,BRCA
ACKR1,Pancreas,0.002495185801762265,0.0109349496705797,47,0,floor_passing_receptor,PAAD
ACKR1,Ovary/Fallopian Tube,0.004261724115530403,0.0201479078689829,59,0,floor_passing_receptor,OV
ACKR1,Cervix,0.007765416744149471,0.00795463485144415,18,0,floor_passing_receptor,CESC
ACKR1,Lung,0.00817417259370342,0.0106376658925509,126,0,floor_passing_receptor,LUAD|LUSC
ACKR1,Myeloid,0.011956223764014265,0.027711985234346752,42,0,floor_passing_receptor,
ACKR1,Skin,0.01288217129484037,-0.00886158979540325,74,0,floor_passing_receptor,SKCM
ACKR1,Thyroid,0.013971778134373987,0.0272960986393746,11,0,floor_passing_receptor,THCA
ACKR1,Prostate,0.017150807985616898,0.019325696688463602,10,0,floor_passing_receptor,PRAD
ACKR1,Kidney,0.02345928740625852,0.01703482081089935,34,0,floor_passing_receptor,KIRC|KIRP|KICH
ACKR1,Pleura,0.02538306132258695,-0.0006735413747729,21,0,floor_passing_receptor,MESO
ACKR1,Eye,0.027049877745397067,0.0355635044915863,15,0,floor_passing_receptor,UVM
ACKR1,Esophagus/Stomach,0.02813878917792192,0.0403578694612675,69,0,floor_passing_receptor,ESCA|STAD
ACKR1,Head and Neck,0.03595985678304383,0.0380533952992335,77,0,floor_passing_receptor,HNSC
ACKR1,Bone,0.03734633832180612,0.027013884545873952,46,0,floor_passing_receptor,
ACKR1,Biliary Tract,0.03948540531178424,0.0643621515007304,35,0,floor_passing_receptor,CHOL
ACKR1,Peripheral Nervous System,0.04222426339788607,0.034653527071541845,44,0,floor_passing_receptor,PCPG
ACKR1,CNS/Brain,0.04438331634953647,0.05215546957274135,90,0,floor_passing_receptor,GBM|LGG
ACKR1,Soft Tissue,0.04932860540565745,0.0554443318934053,45,0,floor_passing_receptor,SARC
ACKR1,Uterus,0.05152147780866393,0.0153350935603229,34,0,floor_passing_receptor,UCEC|UCS
ACKR1,Liver,0.059263466683741106,0.03617362079442395,24,0,floor_passing_receptor,LIHC
ACKR1,Testis,0.06391260751025585,0.0739053551945719,5,0,floor_passing_receptor,TGCT
ACKR1,Bladder/Urinary Tract,0.06710375327321327,0.055677576038320103,34,0,floor_passing_receptor,BLCA
ACVR1,Eye,-0.15224141243129133,-0.1448803322756107,15,0,floor_passing_receptor,UVM
ACVR1,Bowel,-0.09130414768951854,-0.0820177267628093,63,1,floor_passing_receptor,COAD|READ
ACVR1,Bone,-0.07496266390594931,-0.0532007711199647,46,0,floor_passing_receptor,
ACVR1,Thyroid,-0.06458524081607166,-0.0564966863025365,11,0,floor_passing_receptor,THCA
ACVR1,Pancreas,-0.06023105574312467,-0.063756978857657,47,0,floor_passing_receptor,PAAD
ACVR1,Liver,-0.056471053631922376,-0.0654057009123309,24,0,floor_passing_receptor,LIHC
ACVR1,Biliary Tract,-0.05639869040134099,-0.0475746390134939,35,0,floor_passing_receptor,CHOL
ACVR1,Ovary/Fallopian Tube,-0.05117244799051085,-0.0488388144845959,59,0,floor_passing_receptor,OV
ACVR1,Skin,-0.04667998006957276,-0.030816494061876,74,0,floor_passing_receptor,SKCM
ACVR1,Cervix,-0.044646527615470444,-0.0521646296631017,18,0,floor_passing_receptor,CESC
ACVR1,Peripheral Nervous System,-0.041839759867759285,-0.0437966939526301,44,0,floor_passing_receptor,PCPG
ACVR1,Myeloid,-0.04135268422219683,-0.050927074065736655,42,0,floor_passing_receptor,
ACVR1,CNS/Brain,-0.04102314052249726,-0.03591901500338985,90,1,floor_passing_receptor,GBM|LGG
ACVR1,Soft Tissue,-0.03923918900984299,-0.0373109368759035,45,0,floor_passing_receptor,SARC
ACVR1,Breast,-0.03813466462702308,-0.0490131920366482,53,0,floor_passing_receptor,BRCA
ACVR1,Esophagus/Stomach,-0.031222343646420923,-0.0290696786771118,69,0,floor_passing_receptor,ESCA|STAD
ACVR1,Lung,-0.028398282999438237,-0.029338008374789448,126,0,floor_passing_receptor,LUAD|LUSC
ACVR1,Bladder/Urinary Tract,-0.027643908665742394,-0.0432731372889929,34,0,floor_passing_receptor,BLCA
ACVR1,Uterus,-0.02405837586065433,-0.02121927770809985,34,0,floor_passing_receptor,UCEC|UCS
ACVR1,Pleura,-0.021540952935448388,-0.0408893609110485,21,0,floor_passing_receptor,MESO
ACVR1,Lymphoid,-0.01694253784127904,-0.0272903159318434,93,0,floor_passing_receptor,
ACVR1,Head and Neck,-0.006646954358742601,-0.0181176766773938,77,0,floor_passing_receptor,HNSC
ACVR1,Prostate,-7.581126855860931e-05,-0.07407302372791144,10,0,floor_passing_receptor,PRAD
ACVR1,Kidney,0.010719468682433978,0.0033261035267525,34,0,floor_passing_receptor,KIRC|KIRP|KICH
ACVR1,Testis,0.04645546209621944,0.0398552360768763,5,0,floor_passing_receptor,TGCT
ACVR1B,Thyroid,-0.2609159809386502,-0.1254645868274082,11,3,floor_passing_receptor,THCA
ACVR1B,Testis,-0.17322374983699718,-0.078217382605413,5,0,floor_passing_receptor,TGCT
ACVR1B,Soft Tissue,-0.1593248802220216,-0.1041954429856202,45,4,floor_passing_receptor,SARC
ACVR1B,Pancreas,-0.14357399337345805,-0.1352951600343698,47,1,floor_passing_receptor,PAAD
ACVR1B,Lung,-0.1407409488850556,-0.12667653368666815,126,0,floor_passing_receptor,LUAD|LUSC
ACVR1B,Ovary/Fallopian Tube,-0.13413544988986786,-0.1373216533246528,59,1,floor_passing_receptor,OV
ACVR1B,Cervix,-0.13220171614132198,-0.1491530776350142,18,0,floor_passing_receptor,CESC
ACVR1B,Pleura,-0.12707482127219585,-0.1092535209163521,21,0,floor_passing_receptor,MESO
ACVR1B,Esophagus/Stomach,-0.12090741186098053,-0.1159745737113868,69,1,floor_passing_receptor,ESCA|STAD
ACVR1B,Bone,-0.11263903016832467,-0.10329456873213574,46,0,floor_passing_receptor,
ACVR1B,CNS/Brain,-0.11160671998600549,-0.10711960775997356,90,1,floor_passing_receptor,GBM|LGG
ACVR1B,Peripheral Nervous System,-0.11031704752381435,-0.1057277234284624,44,1,floor_passing_receptor,PCPG
ACVR1B,Head and Neck,-0.10684571296851884,-0.1256038885426318,77,0,floor_passing_receptor,HNSC
ACVR1B,Bowel,-0.1060516012238029,-0.1025177782405228,63,0,floor_passing_receptor,COAD|READ
ACVR1B,Uterus,-0.10404920433115238,-0.10237652567834654,34,0,floor_passing_receptor,UCEC|UCS
ACVR1B,Biliary Tract,-0.10325077843362487,-0.0836947186864179,35,0,floor_passing_receptor,CHOL
ACVR1B,Myeloid,-0.10029074600430221,-0.0917517849601814,42,0,floor_passing_receptor,
ACVR1B,Breast,-0.1001096050740286,-0.131905882755419,53,0,floor_passing_receptor,BRCA
ACVR1B,Skin,-0.09266038465416146,-0.0923398885846996,74,0,floor_passing_receptor,SKCM
ACVR1B,Bladder/Urinary Tract,-0.09076444931550881,-0.11380830448117765,34,0,floor_passing_receptor,BLCA
ACVR1B,Kidney,-0.0818016444504446,-0.07304098580928445,34,2,floor_passing_receptor,KIRC|KIRP|KICH
ACVR1B,Lymphoid,-0.07258236171047787,-0.0690305378978641,93,0,floor_passing_receptor,
ACVR1B,Prostate,-0.06692728812953938,-0.0581986752205809,10,0,floor_passing_receptor,PRAD
ACVR1B,Liver,-0.06043526737845858,-0.0723482559346865,24,0,floor_passing_receptor,LIHC
ACVR1B,Eye,-0.05571349194826471,-0.0775507470412193,15,0,floor_passing_receptor,UVM
ACVR2A,Thyroid,-0.14495711546543572,-0.1059472082704181,11,0,floor_passing_receptor,THCA
ACVR2A,Pancreas,-0.09713069804469932,-0.0552520781512556,47,3,floor_passing_receptor,PAAD
ACVR2A,Myeloid,-0.08677589964782075,-0.07242522925621034,42,0,floor_passing_receptor,
ACVR2A,Peripheral Nervous System,-0.084797433073173,-0.05804524046352465,44,1,floor_passing_receptor,PCPG
ACVR2A,Uterus,-0.07829044633460983,-0.05275400140854665,34,1,floor_passing_receptor,UCEC|UCS
ACVR2A,Soft Tissue,-0.07388883179927122,-0.0395431281406327,45,1,floor_passing_receptor,SARC
ACVR2A,Bowel,-0.07245563378502981,-0.0672741151284087,63,1,floor_passing_receptor,COAD|READ
ACVR2A,Pleura,-0.07169876684903854,-0.0705893860153461,21,1,floor_passing_receptor,MESO
ACVR2A,CNS/Brain,-0.05815543448704645,-0.05557878265369055,90,1,floor_passing_receptor,GBM|LGG
ACVR2A,Kidney,-0.04783559476029528,-0.0433733527777805,34,0,floor_passing_receptor,KIRC|KIRP|KICH
ACVR2A,Head and Neck,-0.04532057284752232,-0.0568067145977515,77,0,floor_passing_receptor,HNSC
ACVR2A,Bladder/Urinary Tract,-0.04521391997980145,-0.027733272465678853,34,0,floor_passing_receptor,BLCA
ACVR2A,Prostate,-0.04512298370547386,0.00324709010663605,10,0,floor_passing_receptor,PRAD
ACVR2A,Esophagus/Stomach,-0.03945557926267629,-0.0425622579210557,69,1,floor_passing_receptor,ESCA|STAD
ACVR2A,Bone,-0.03885384636487796,-0.01266125174277145,46,0,floor_passing_receptor,
ACVR2A,Eye,-0.03101837748156148,-0.0057720437169635,15,0,floor_passing_receptor,UVM
ACVR2A,Ovary/Fallopian Tube,-0.03092579432628911,-0.0364428412501824,59,0,floor_passing_receptor,OV
ACVR2A,Lymphoid,-0.030614016119662992,-0.0283792250363661,93,0,floor_passing_receptor,
ACVR2A,Cervix,-0.028726137397523863,-0.0127117175274837,18,0,floor_passing_receptor,CESC
ACVR2A,Skin,-0.023720327947443286,-0.03304973268197995,74,0,floor_passing_receptor,SKCM
ACVR2A,Biliary Tract,-0.013787657041874925,-0.0110874822952082,35,0,floor_passing_receptor,CHOL
ACVR2A,Breast,-0.0096287998280635,-0.0304831589063498,53,0,floor_passing_receptor,BRCA
ACVR2A,Liver,-0.006708945597797752,-0.0183939574673425,24,0,floor_passing_receptor,LIHC
ACVR2A,Lung,-0.0017787437835452135,-0.0018490952938975502,126,0,floor_passing_receptor,LUAD|LUSC
ACVR2A,Testis,0.10467274897006837,0.1108456931656139,5,0,floor_passing_receptor,TGCT
ACVR2B,Testis,-0.1953271446859451,-0.0793601552332284,5,1,floor_passing_receptor,TGCT
ACVR2B,Peripheral Nervous System,-0.09319588335556687,-0.0822091344752193,44,2,floor_passing_receptor,PCPG
ACVR2B,Cervix,-0.058060207494519,-0.060001457898031,18,0,floor_passing_receptor,CESC
ACVR2B,Prostate,-0.047623154736180416,-0.0227632035981262,10,0,floor_passing_receptor,PRAD
ACVR2B,Bladder/Urinary Tract,-0.0457530531568628,-0.0464695640898705,34,0,floor_passing_receptor,BLCA
ACVR2B,Pleura,-0.0456202832816356,-0.0474717421706508,21,0,floor_passing_receptor,MESO
ACVR2B,Soft Tissue,-0.03357929243249171,-0.0067341731769647,45,0,floor_passing_receptor,SARC
ACVR2B,Myeloid,-0.02993056425834273,-0.0451232950942342,42,0,floor_passing_receptor,
ACVR2B,Skin,-0.025200044601111415,-0.0359788508525645,74,0,floor_passing_receptor,SKCM
ACVR2B,Esophagus/Stomach,-0.02388378522038846,-0.0414712045508767,69,0,floor_passing_receptor,ESCA|STAD
ACVR2B,Pancreas,-0.02299079768738971,-0.0183929755526608,47,0,floor_passing_receptor,PAAD
ACVR2B,Lymphoid,-0.019294619192449056,-0.0338057853385155,93,0,floor_passing_receptor,
ACVR2B,Eye,-0.018788934893266687,0.0154576360113307,15,0,floor_passing_receptor,UVM
ACVR2B,CNS/Brain,-0.015872540500915952,-0.02421373680275295,90,1,floor_passing_receptor,GBM|LGG
ACVR2B,Lung,-0.01121026204927601,-0.014794784523014502,126,1,floor_passing_receptor,LUAD|LUSC
ACVR2B,Head and Neck,-0.006308999975892437,-0.0084338275679813,77,0,floor_passing_receptor,HNSC
ACVR2B,Biliary Tract,-0.0045473559226714665,0.0036985478964539,35,0,floor_passing_receptor,CHOL
ACVR2B,Thyroid,-0.003987877415355264,0.0066528439283778,11,0,floor_passing_receptor,THCA
ACVR2B,Bone,-0.0020784755454311254,-0.0134595560024585,46,0,floor_passing_receptor,
ACVR2B,Kidney,0.008689314462578581,0.0022826000112958003,34,0,floor_passing_receptor,KIRC|KIRP|KICH
ACVR2B,Liver,0.014039168339632436,0.013762838543529651,24,0,floor_passing_receptor,LIHC
ACVR2B,Ovary/Fallopian Tube,0.01786732789367073,0.0010462187200005,59,0,floor_passing_receptor,OV
ACVR2B,Uterus,0.018455218751984383,0.0056217963559398,34,0,floor_passing_receptor,UCEC|UCS
ACVR2B,Breast,0.03607330418563354,0.0342090708694518,53,0,floor_passing_receptor,BRCA
ACVR2B,Bowel,0.05412597299045903,0.0432139367943943,63,0,floor_passing_receptor,COAD|READ
AGTR1,Liver,-0.12427989139256844,-0.13527589633833553,24,0,floor_passing_receptor,LIHC
AGTR1,Lung,-0.1097073454409706,-0.0989193194939452,126,0,floor_passing_receptor,LUAD|LUSC
AGTR1,Cervix,-0.10734665860715059,-0.10015706848380175,18,0,floor_passing_receptor,CESC
AGTR1,Pancreas,-0.10120288756004983,-0.0978976855560858,47,0,floor_passing_receptor,PAAD
AGTR1,Esophagus/Stomach,-0.10118407985936503,-0.0833966087763084,69,1,floor_passing_receptor,ESCA|STAD
AGTR1,Bowel,-0.10085248600089892,-0.1063975611062709,63,0,floor_passing_receptor,COAD|READ
AGTR1,Soft Tissue,-0.10085161370990291,-0.10994994227102,45,0,floor_passing_receptor,SARC
AGTR1,Prostate,-0.10063017031013852,-0.1268214890069518,10,0,floor_passing_receptor,PRAD
AGTR1,Pleura,-0.09703721683233973,-0.0857350455382856,21,0,floor_passing_receptor,MESO
AGTR1,Biliary Tract,-0.09276350025179399,-0.0801365804686674,35,0,floor_passing_receptor,CHOL
AGTR1,Lymphoid,-0.08881957368777696,-0.0703669095239525,93,1,floor_passing_receptor,
AGTR1,Bone,-0.08804971701845003,-0.07693879697198215,46,0,floor_passing_receptor,
AGTR1,Skin,-0.08226548196232354,-0.0863329085296557,74,0,floor_passing_receptor,SKCM
AGTR1,Peripheral Nervous System,-0.07946980150724407,-0.0594411380474213,44,0,floor_passing_receptor,PCPG
AGTR1,Ovary/Fallopian Tube,-0.07854844644432214,-0.0765970312612797,59,0,floor_passing_receptor,OV
AGTR1,Kidney,-0.07769627674426523,-0.09400237365693455,34,0,floor_passing_receptor,KIRC|KIRP|KICH
AGTR1,Thyroid,-0.07467261236126864,-0.0823911412185953,11,0,floor_passing_receptor,THCA
AGTR1,Head and Neck,-0.07041030724740088,-0.0614574317752998,77,0,floor_passing_receptor,HNSC
AGTR1,CNS/Brain,-0.0698819805223866,-0.07175390551405475,90,0,floor_passing_receptor,GBM|LGG
AGTR1,Bladder/Urinary Tract,-0.06889083864452594,-0.0727861710453888,34,1,floor_passing_receptor,BLCA
AGTR1,Eye,-0.06282564996483037,-0.0560258308815841,15,0,floor_passing_receptor,UVM
AGTR1,Testis,-0.06234210027204719,-0.081465858623442,5,0,floor_passing_receptor,TGCT
AGTR1,Breast,-0.0588872512977954,-0.0544762359312921,53,0,floor_passing_receptor,BRCA
AGTR1,Uterus,-0.0533748561167865,-0.07361869536020345,34,0,floor_passing_receptor,UCEC|UCS
AGTR1,Myeloid,-0.04611384863588454,-0.015142489958284,42,0,floor_passing_receptor,
AXL,Eye,-0.07908407874506837,0.019876696171594,15,1,floor_passing_receptor,UVM
AXL,Kidney,-0.05128688053567105,0.015954831767776102,34,1,floor_passing_receptor,KIRC|KIRP|KICH
AXL,Bone,-0.04915977277031744,-0.041405605728054254,46,0,floor_passing_receptor,
AXL,Pancreas,-0.04869962344513838,-0.0427021735677971,47,0,floor_passing_receptor,PAAD
AXL,CNS/Brain,-0.04407348627106202,-0.0464047874346052,90,1,floor_passing_receptor,GBM|LGG
AXL,Liver,-0.04086360053149679,-0.039546387283876855,24,0,floor_passing_receptor,LIHC
AXL,Biliary Tract,-0.03777486724977911,-0.0039773754153077,35,0,floor_passing_receptor,CHOL
AXL,Myeloid,-0.028947428150800383,0.00583363579353605,42,1,floor_passing_receptor,
AXL,Soft Tissue,-0.024569207919120793,0.0046197304617508,45,0,floor_passing_receptor,SARC
AXL,Skin,-0.02441620797128167,-0.0136651530839802,74,0,floor_passing_receptor,SKCM
AXL,Prostate,-0.02111041814295498,0.00188995528135545,10,0,floor_passing_receptor,PRAD
AXL,Thyroid,-0.0188407586686429,-0.0414121485776375,11,0,floor_passing_receptor,THCA
AXL,Pleura,-0.013239263003188177,-0.003108661292378,21,0,floor_passing_receptor,MESO
AXL,Breast,-0.013117696725321155,0.0053704555050861,53,0,floor_passing_receptor,BRCA
AXL,Cervix,-0.010232024943322295,-0.0057752242283446,18,0,floor_passing_receptor,CESC
AXL,Ovary/Fallopian Tube,-0.010202627393084,-0.0010923837684569,59,0,floor_passing_receptor,OV
AXL,Bowel,-0.0026974055538385557,-0.0011669034063972,63,0,floor_passing_receptor,COAD|READ
AXL,Lung,-0.002231597472368384,0.00158429462383055,126,0,floor_passing_receptor,LUAD|LUSC
AXL,Testis,-0.0009355490588165982,0.0129214806975109,5,0,floor_passing_receptor,TGCT
AXL,Bladder/Urinary Tract,0.016276277068457662,0.0365734998875607,34,0,floor_passing_receptor,BLCA
AXL,Peripheral Nervous System,0.016410613987372487,0.02552644270108785,44,0,floor_passing_receptor,PCPG
AXL,Head and Neck,0.018137807698263946,0.0269608565464851,77,0,floor_passing_receptor,HNSC
AXL,Lymphoid,0.019808169316667488,0.0201232871323673,93,0,floor_passing_receptor,
AXL,Esophagus/Stomach,0.030245664824682432,0.0361479145931587,69,0,floor_passing_receptor,ESCA|STAD
AXL,Uterus,0.030929366121982774,0.0410365037833725,34,0,floor_passing_receptor,UCEC|UCS
BMPR1A,Bowel,-0.3977909945176083,-0.3461872001197917,63,19,floor_passing_receptor,COAD|READ
BMPR1A,Liver,-0.33356451796484027,-0.24921409850143875,24,7,floor_passing_receptor,LIHC
BMPR1A,Pleura,-0.3321626143177716,-0.3881143308269562,21,4,floor_passing_receptor,MESO
BMPR1A,Thyroid,-0.3277831482116399,-0.4629075344801436,11,3,floor_passing_receptor,THCA
BMPR1A,Eye,-0.29813684268627433,-0.2603584371353292,15,3,floor_passing_receptor,UVM
BMPR1A,Peripheral Nervous System,-0.2905344554322446,-0.25310152255283447,44,8,floor_passing_receptor,PCPG
BMPR1A,Bone,-0.2733549801570684,-0.22598260445212814,46,7,floor_passing_receptor,
BMPR1A,Pancreas,-0.2699867001586975,-0.2584199938539464,47,4,floor_passing_receptor,PAAD
BMPR1A,CNS/Brain,-0.265614672742413,-0.23701609603479865,90,11,floor_passing_receptor,GBM|LGG
BMPR1A,Soft Tissue,-0.2472963715933454,-0.2250009478245035,45,3,floor_passing_receptor,SARC
BMPR1A,Myeloid,-0.24423392744028508,-0.2228861986992044,42,4,floor_passing_receptor,
BMPR1A,Biliary Tract,-0.2339898158652069,-0.2204341218019551,35,3,floor_passing_receptor,CHOL
BMPR1A,Lung,-0.23061296669471576,-0.21865197891874993,126,9,floor_passing_receptor,LUAD|LUSC
BMPR1A,Bladder/Urinary Tract,-0.21313582063296732,-0.19255623712858225,34,4,floor_passing_receptor,BLCA
BMPR1A,Esophagus/Stomach,-0.21283640455957853,-0.2130420282372392,69,8,floor_passing_receptor,ESCA|STAD
BMPR1A,Skin,-0.2062725488668417,-0.1907189891792772,74,5,floor_passing_receptor,SKCM
BMPR1A,Testis,-0.2050194992805232,-0.1057771596704919,5,0,floor_passing_receptor,TGCT
BMPR1A,Uterus,-0.1951060003928716,-0.1801695632446745,34,0,floor_passing_receptor,UCEC|UCS
BMPR1A,Cervix,-0.18621702355121122,-0.20840381479427433,18,1,floor_passing_receptor,CESC
BMPR1A,Breast,-0.1807622162977365,-0.1741705994576382,53,2,floor_passing_receptor,BRCA
BMPR1A,Ovary/Fallopian Tube,-0.1705943584354741,-0.1709607278407031,59,3,floor_passing_receptor,OV
BMPR1A,Kidney,-0.1599834695195162,-0.1174734341175449,34,1,floor_passing_receptor,KIRC|KIRP|KICH
BMPR1A,Lymphoid,-0.1454144120157819,-0.1703647973952016,93,4,floor_passing_receptor,
BMPR1A,Prostate,-0.12651210366203913,-0.17740096285226836,10,0,floor_passing_receptor,PRAD
BMPR1A,Head and Neck,-0.11053344036525109,-0.1430746255726848,77,3,floor_passing_receptor,HNSC
BMPR1B,Peripheral Nervous System,-0.09594744381148579,-0.08174559637532225,44,0,floor_passing_receptor,PCPG
BMPR1B,Prostate,-0.06166505279410631,-0.027923187831827852,10,0,floor_passing_receptor,PRAD
BMPR1B,CNS/Brain,-0.04317116853876282,-0.0454680532825961,90,0,floor_passing_receptor,GBM|LGG
BMPR1B,Biliary Tract,-0.0330829460982463,-0.0237543003799797,35,0,floor_passing_receptor,CHOL
BMPR1B,Thyroid,-0.026497101978120774,-0.0013346319459647,11,0,floor_passing_receptor,THCA
BMPR1B,Liver,-0.022192751460449165,-0.02076311421264205,24,0,floor_passing_receptor,LIHC
BMPR1B,Pancreas,-0.020455614643523662,-0.0283075367779461,47,0,floor_passing_receptor,PAAD
BMPR1B,Bone,-0.012887329923354385,0.0099607487364383,46,1,floor_passing_receptor,
BMPR1B,Skin,-0.011480398726039653,-0.018587321388995402,74,0,floor_passing_receptor,SKCM
BMPR1B,Eye,-0.011303373241962749,-0.011430645439217,15,0,floor_passing_receptor,UVM
BMPR1B,Uterus,-0.010106494529284164,-0.00900592441096925,34,0,floor_passing_receptor,UCEC|UCS
BMPR1B,Soft Tissue,-0.008177374611559577,-0.0132360970723223,45,0,floor_passing_receptor,SARC
BMPR1B,Cervix,-0.007691989313051299,-0.01583764374382245,18,0,floor_passing_receptor,CESC
BMPR1B,Esophagus/Stomach,-0.003665573977321479,-0.0010172219280146,69,0,floor_passing_receptor,ESCA|STAD
BMPR1B,Bladder/Urinary Tract,0.000823607396237782,-0.0038284388371680996,34,0,floor_passing_receptor,BLCA
BMPR1B,Lung,0.0020650780186244927,-0.00514197611309645,126,0,floor_passing_receptor,LUAD|LUSC
BMPR1B,Ovary/Fallopian Tube,0.004731216055652185,-0.002232816765135,59,0,floor_passing_receptor,OV
BMPR1B,Pleura,0.01063063178636339,0.0143616905938841,21,0,floor_passing_receptor,MESO
BMPR1B,Testis,0.011209850863751392,-0.0262090898665693,5,0,floor_passing_receptor,TGCT
BMPR1B,Kidney,0.01411806577377726,0.02045760521908805,34,0,floor_passing_receptor,KIRC|KIRP|KICH
BMPR1B,Myeloid,0.015610754800355437,0.02527056247785725,42,0,floor_passing_receptor,
BMPR1B,Head and Neck,0.01662278944538401,0.0032482928953894,77,0,floor_passing_receptor,HNSC
BMPR1B,Breast,0.021099386604770506,0.0115852560965074,53,0,floor_passing_receptor,BRCA
BMPR1B,Bowel,0.035587970763879526,0.0206855479468782,63,0,floor_passing_receptor,COAD|READ
BMPR1B,Lymphoid,0.037758430886745326,0.0274824313454224,93,0,floor_passing_receptor,
BMPR2,Thyroid,-0.22762113818961913,-0.1494838719731416,11,1,floor_passing_receptor,THCA
BMPR2,Bowel,-0.2060846030719469,-0.1673016792452638,63,4,floor_passing_receptor,COAD|READ
BMPR2,Liver,-0.1769496893440301,-0.1440212959350228,24,1,floor_passing_receptor,LIHC
BMPR2,Eye,-0.1461146761976815,-0.1302033144676582,15,0,floor_passing_receptor,UVM
BMPR2,Myeloid,-0.14405431445028186,-0.12277607282773134,42,0,floor_passing_receptor,
BMPR2,Pancreas,-0.13754032165156116,-0.1368979706306268,47,1,floor_passing_receptor,PAAD
BMPR2,Bone,-0.13679941881890068,-0.14550943402476374,46,1,floor_passing_receptor,
BMPR2,Soft Tissue,-0.12277123882932851,-0.1203148127542361,45,0,floor_passing_receptor,SARC
BMPR2,Peripheral Nervous System,-0.12125182617764603,-0.13974949720585678,44,0,floor_passing_receptor,PCPG
BMPR2,Esophagus/Stomach,-0.12013856513540462,-0.1039915583967357,69,2,floor_passing_receptor,ESCA|STAD
BMPR2,Bladder/Urinary Tract,-0.11625110865033429,-0.10755606227036249,34,0,floor_passing_receptor,BLCA
BMPR2,Lymphoid,-0.1071246387080369,-0.1057060682630028,93,0,floor_passing_receptor,
BMPR2,Breast,-0.10388468064497526,-0.1104778786523589,53,1,floor_passing_receptor,BRCA
BMPR2,Ovary/Fallopian Tube,-0.10316133564325267,-0.0847338802735595,59,1,floor_passing_receptor,OV
BMPR2,Skin,-0.10162889191019496,-0.09132473724347376,74,0,floor_passing_receptor,SKCM
BMPR2,Lung,-0.09430108706653811,-0.10631935467554934,126,1,floor_passing_receptor,LUAD|LUSC
BMPR2,CNS/Brain,-0.0937667772626563,-0.0949084926607219,90,0,floor_passing_receptor,GBM|LGG
BMPR2,Biliary Tract,-0.09339835211508356,-0.0819601770394555,35,0,floor_passing_receptor,CHOL
BMPR2,Prostate,-0.09337349362504418,-0.07962456295826836,10,1,floor_passing_receptor,PRAD
BMPR2,Uterus,-0.09045128646025392,-0.07841695521330415,34,0,floor_passing_receptor,UCEC|UCS
BMPR2,Testis,-0.0774867396994708,-0.1181515596969924,5,0,floor_passing_receptor,TGCT
BMPR2,Cervix,-0.06994078522440403,-0.049176267234119095,18,0,floor_passing_receptor,CESC
BMPR2,Pleura,-0.06988908239130567,-0.0421305134259113,21,0,floor_passing_receptor,MESO
BMPR2,Head and Neck,-0.06705489424430869,-0.0779522367088653,77,0,floor_passing_receptor,HNSC
BMPR2,Kidney,-0.03646637749858499,-0.06102370398520275,34,0,floor_passing_receptor,KIRC|KIRP|KICH
CCR1,Bladder/Urinary Tract,-0.07094438612543971,-0.04238786834892045,34,1,floor_passing_receptor,BLCA
CCR1,Esophagus/Stomach,-0.06476536437746794,-0.0653215068573944,69,0,floor_passing_receptor,ESCA|STAD
CCR1,Lymphoid,-0.05731098445229365,-0.0347928332550919,93,0,floor_passing_receptor,
CCR1,Head and Neck,-0.05703684456808966,-0.0553487511967961,77,0,floor_passing_receptor,HNSC
CCR1,Liver,-0.051703875670729815,-0.0634420754987212,24,0,floor_passing_receptor,LIHC
CCR1,Eye,-0.0386720196392936,-0.0208105704306403,15,0,floor_passing_receptor,UVM
CCR1,Bone,-0.032404451231557135,-0.05334516682360595,46,0,floor_passing_receptor,
CCR1,Lung,-0.025066134396606196,-0.02436104188214415,126,0,floor_passing_receptor,LUAD|LUSC
CCR1,Peripheral Nervous System,-0.022194220067735162,-0.0264425418121624,44,0,floor_passing_receptor,PCPG
CCR1,Prostate,-0.02211162399379841,-0.04335705661383975,10,0,floor_passing_receptor,PRAD
CCR1,Ovary/Fallopian Tube,-0.017911832656816354,-0.0178588170422269,59,0,floor_passing_receptor,OV
CCR1,Skin,-0.01672462210459068,-0.01892252670749225,74,0,floor_passing_receptor,SKCM
CCR1,Pleura,-0.016105512896538332,0.0162489900672702,21,0,floor_passing_receptor,MESO
CCR1,Uterus,-0.014916232993932117,-0.01721192085789885,34,0,floor_passing_receptor,UCEC|UCS
CCR1,CNS/Brain,-0.013332697951959266,0.0013845236232665,90,0,floor_passing_receptor,GBM|LGG
CCR1,Cervix,-0.009111158544141358,0.012074397148939299,18,0,floor_passing_receptor,CESC
CCR1,Kidney,-0.008896721596063919,-0.010877834887619252,34,0,floor_passing_receptor,KIRC|KIRP|KICH
CCR1,Soft Tissue,-0.002809811555713338,-0.0059701528639389,45,0,floor_passing_receptor,SARC
CCR1,Myeloid,-0.0006168137171253738,-0.02898349023823405,42,0,floor_passing_receptor,
CCR1,Thyroid,0.009724163419408,0.0116249873615732,11,0,floor_passing_receptor,THCA
CCR1,Biliary Tract,0.011248567625821788,-0.0066719396560698,35,0,floor_passing_receptor,CHOL
CCR1,Bowel,0.014825287510739213,0.0082604772918305,63,1,floor_passing_receptor,COAD|READ
CCR1,Pancreas,0.022524364451137938,0.0136865705129555,47,0,floor_passing_receptor,PAAD
CCR1,Breast,0.028583673511922272,0.0302020807966364,53,0,floor_passing_receptor,BRCA
CCR1,Testis,0.15050186515713676,0.0886317195090928,5,0,floor_passing_receptor,TGCT
CCR5,Myeloid,-0.024601930948827018,0.01355896877232475,42,0,floor_passing_receptor,
CCR5,Bladder/Urinary Tract,-0.019966486925646704,0.0065750931959042,34,0,floor_passing_receptor,BLCA
CCR5,Esophagus/Stomach,-0.011223229551396562,0.0070093469241195,69,0,floor_passing_receptor,ESCA|STAD
CCR5,Pleura,-0.007762448429883358,0.0314696546280667,21,0,floor_passing_receptor,MESO
CCR5,Kidney,-0.006093752614557829,0.007304197429716349,34,0,floor_passing_receptor,KIRC|KIRP|KICH
CCR5,CNS/Brain,-0.00569665678313983,-0.030742953257676252,90,0,floor_passing_receptor,GBM|LGG
CCR5,Head and Neck,0.0032296075090766877,-0.0039679721458341,77,0,floor_passing_receptor,HNSC
CCR5,Thyroid,0.004257426570657261,0.0211338571887007,11,0,floor_passing_receptor,THCA
CCR5,Liver,0.010831174255593564,0.026637662304147748,24,0,floor_passing_receptor,LIHC
CCR5,Bowel,0.014397396512216314,0.0273132388906143,63,0,floor_passing_receptor,COAD|READ
CCR5,Lymphoid,0.014616338736967811,0.0295838473174,93,0,floor_passing_receptor,
CCR5,Cervix,0.021888544455387335,0.02153678614696345,18,0,floor_passing_receptor,CESC
CCR5,Biliary Tract,0.028245788980161335,0.0323167221796321,35,0,floor_passing_receptor,CHOL
CCR5,Soft Tissue,0.028364230255116772,0.0267590038790408,45,0,floor_passing_receptor,SARC
CCR5,Pancreas,0.028651264064391502,0.0178046627589632,47,0,floor_passing_receptor,PAAD
CCR5,Eye,0.031849936669371984,0.0503397053340341,15,0,floor_passing_receptor,UVM
CCR5,Uterus,0.03256009440277535,0.053830328698138696,34,0,floor_passing_receptor,UCEC|UCS
CCR5,Lung,0.03735532352240727,0.03416006892131305,126,0,floor_passing_receptor,LUAD|LUSC
CCR5,Breast,0.039489525656307076,0.058244010378249,53,0,floor_passing_receptor,BRCA
CCR5,Ovary/Fallopian Tube,0.04655198967762548,0.0491385218782985,59,0,floor_passing_receptor,OV
CCR5,Skin,0.04838117653819244,0.024972272867345997,74,0,floor_passing_receptor,SKCM
CCR5,Testis,0.06373494197511467,0.0889615109644297,5,0,floor_passing_receptor,TGCT
CCR5,Bone,0.07029521232314842,0.052275528903211,46,0,floor_passing_receptor,
CCR5,Prostate,0.07267391201764253,0.08145796412590034,10,0,floor_passing_receptor,PRAD
CCR5,Peripheral Nervous System,0.08533704454086842,0.0527961834597631,44,0,floor_passing_receptor,PCPG
CD4,Testis,-0.041287529496348715,-0.0567677039580293,5,0,floor_passing_receptor,TGCT
CD4,Pancreas,-0.012402158539567063,0.0115347174719184,47,0,floor_passing_receptor,PAAD
CD4,Biliary Tract,0.0020785723610871197,0.0005792479601927,35,0,floor_passing_receptor,CHOL
CD4,Lymphoid,0.005519431492043563,0.0052106836580846,93,0,floor_passing_receptor,
CD4,Breast,0.00981887780182374,0.0109393839475895,53,0,floor_passing_receptor,BRCA
CD4,Bowel,0.017644619536353108,0.0014187722675945,63,0,floor_passing_receptor,COAD|READ
CD4,Myeloid,0.021338585050466565,0.0061058918365221,42,0,floor_passing_receptor,
CD4,Pleura,0.024078582336972475,0.0130306802009418,21,0,floor_passing_receptor,MESO
CD4,Ovary/Fallopian Tube,0.024117630381627102,0.0240902409150979,59,0,floor_passing_receptor,OV
CD4,Uterus,0.024377500819333868,0.030725716504896403,34,0,floor_passing_receptor,UCEC|UCS
CD4,Lung,0.028014938510919057,0.032311455190097454,126,0,floor_passing_receptor,LUAD|LUSC
CD4,Peripheral Nervous System,0.028110453082391452,0.030472493241078903,44,0,floor_passing_receptor,PCPG
CD4,Soft Tissue,0.03454276000955836,0.030740020805885,45,0,floor_passing_receptor,SARC
CD4,Prostate,0.039245755595946175,0.03331735961318395,10,0,floor_passing_receptor,PRAD
CD4,Thyroid,0.040166986638399425,0.0157055375447155,11,0,floor_passing_receptor,THCA
CD4,Esophagus/Stomach,0.04073381775053836,0.0403462632570838,69,0,floor_passing_receptor,ESCA|STAD
CD4,Bone,0.04159807468383237,0.0470804803735385,46,0,floor_passing_receptor,
CD4,Skin,0.04334838136488198,0.0446256994158635,74,0,floor_passing_receptor,SKCM
CD4,Eye,0.043610067569367375,0.060708193617459,15,0,floor_passing_receptor,UVM
CD4,Bladder/Urinary Tract,0.04443440242295653,0.05641029053425025,34,0,floor_passing_receptor,BLCA
CD4,Cervix,0.046061024173569276,0.06786632434567365,18,0,floor_passing_receptor,CESC
CD4,CNS/Brain,0.04812306345826183,0.06394455058229565,90,0,floor_passing_receptor,GBM|LGG
CD4,Kidney,0.04998824516068895,0.06901989342317635,34,0,floor_passing_receptor,KIRC|KIRP|KICH
CD4,Liver,0.05324218347451246,0.0434079495272398,24,0,floor_passing_receptor,LIHC
CD4,Head and Neck,0.05890491783314259,0.0601261502128866,77,0,floor_passing_receptor,HNSC
CD44,Head and Neck,-0.16196793058150677,-0.150282847455289,77,3,floor_passing_receptor,HNSC
CD44,Bladder/Urinary Tract,-0.14198235372024667,-0.11708015828232066,34,0,floor_passing_receptor,BLCA
CD44,CNS/Brain,-0.12457763563332698,-0.11018962231066845,90,2,floor_passing_receptor,GBM|LGG
CD44,Thyroid,-0.12060912824020743,-0.1706419993248666,11,0,floor_passing_receptor,THCA
CD44,Liver,-0.11787040437122731,-0.11797742875369019,24,0,floor_passing_receptor,LIHC
CD44,Esophagus/Stomach,-0.10703242740514946,-0.0680828600975205,69,2,floor_passing_receptor,ESCA|STAD
CD44,Soft Tissue,-0.08497320467815009,-0.0636486223461508,45,1,floor_passing_receptor,SARC
CD44,Lung,-0.07987831289575588,-0.037934182603205246,126,3,floor_passing_receptor,LUAD|LUSC
CD44,Prostate,-0.07953103176061219,-0.034308237923768796,10,0,floor_passing_receptor,PRAD
CD44,Breast,-0.07833428801357364,-0.066794992291223,53,0,floor_passing_receptor,BRCA
CD44,Cervix,-0.07372850414278308,-0.07735028421465104,18,0,floor_passing_receptor,CESC
CD44,Pancreas,-0.07129932205145456,-0.0810224229785633,47,0,floor_passing_receptor,PAAD
CD44,Skin,-0.06608899429673182,-0.061043247934877254,74,0,floor_passing_receptor,SKCM
CD44,Ovary/Fallopian Tube,-0.05380780710330804,-0.0268919934696285,59,1,floor_passing_receptor,OV
CD44,Kidney,-0.052932004177125305,-0.07088376969704921,34,1,floor_passing_receptor,KIRC|KIRP|KICH
CD44,Lymphoid,-0.04900139309472768,-0.0358847737425819,93,0,floor_passing_receptor,
CD44,Bone,-0.042951588259839205,-0.021992588961466997,46,0,floor_passing_receptor,
CD44,Biliary Tract,-0.03832607266414393,-0.0531877411267705,35,1,floor_passing_receptor,CHOL
CD44,Pleura,-0.034980431573269126,-0.0582501336615015,21,0,floor_passing_receptor,MESO
CD44,Myeloid,-0.030528419399642175,-0.03845274990297485,42,0,floor_passing_receptor,
CD44,Bowel,-0.028289787955916752,-0.0161221658905713,63,0,floor_passing_receptor,COAD|READ
CD44,Eye,-0.022267528783998593,0.042414199584629,15,0,floor_passing_receptor,UVM
CD44,Peripheral Nervous System,-0.02096728666088735,-0.028530836765446647,44,0,floor_passing_receptor,PCPG
CD44,Testis,-0.01393021825325189,0.0508102570090324,5,0,floor_passing_receptor,TGCT
CD44,Uterus,-0.010047565986754334,-0.01713208906640845,34,0,floor_passing_receptor,UCEC|UCS
CX3CR1,Testis,-0.005849831894750762,-0.0363933744773859,5,0,floor_passing_receptor,TGCT
CX3CR1,Bowel,0.0003728858047676527,0.0319831241237033,63,0,floor_passing_receptor,COAD|READ
CX3CR1,Head and Neck,0.009681716697965578,0.0077810375186417,77,0,floor_passing_receptor,HNSC
CX3CR1,Esophagus/Stomach,0.009954386781689372,0.0090366595611627,69,0,floor_passing_receptor,ESCA|STAD
CX3CR1,Cervix,0.010185903854419982,0.0052100487975815495,18,0,floor_passing_receptor,CESC
CX3CR1,Kidney,0.01570285584161223,0.0005628342301314,34,0,floor_passing_receptor,KIRC|KIRP|KICH
CX3CR1,Ovary/Fallopian Tube,0.018346534427252665,0.0146812489286921,59,0,floor_passing_receptor,OV
CX3CR1,Myeloid,0.01902228317422588,0.003928870893359851,42,0,floor_passing_receptor,
CX3CR1,Bone,0.01915384169813597,0.0156876235723193,46,0,floor_passing_receptor,
CX3CR1,Liver,0.02479481447065693,0.035721842318209546,24,0,floor_passing_receptor,LIHC
CX3CR1,Skin,0.027993612203866942,0.025114320278306998,74,0,floor_passing_receptor,SKCM
CX3CR1,Lung,0.028191837311038456,0.02301886273753145,126,0,floor_passing_receptor,LUAD|LUSC
CX3CR1,Biliary Tract,0.029590012917797306,0.0349144967046684,35,0,floor_passing_receptor,CHOL
CX3CR1,Uterus,0.03350019537101237,0.03616806339134055,34,0,floor_passing_receptor,UCEC|UCS
CX3CR1,Breast,0.035244286057407544,0.0377614252713133,53,0,floor_passing_receptor,BRCA
CX3CR1,Bladder/Urinary Tract,0.035404479963390106,0.0274651824555879,34,0,floor_passing_receptor,BLCA
CX3CR1,Soft Tissue,0.037013101603968195,0.0348262720524695,45,0,floor_passing_receptor,SARC
CX3CR1,Pleura,0.03787587490314738,0.0376891416387413,21,0,floor_passing_receptor,MESO
CX3CR1,Peripheral Nervous System,0.03820402047414248,0.0303235601868974,44,0,floor_passing_receptor,PCPG
CX3CR1,Prostate,0.03885326698769499,0.02878226751107825,10,0,floor_passing_receptor,PRAD
CX3CR1,Thyroid,0.04332736836695708,0.0461505460889453,11,0,floor_passing_receptor,THCA
CX3CR1,CNS/Brain,0.044007301276730956,0.0438051313693359,90,0,floor_passing_receptor,GBM|LGG
CX3CR1,Lymphoid,0.04508547853979035,0.0399027271217531,93,0,floor_passing_receptor,
CX3CR1,Eye,0.05483850781310171,0.071980151944252,15,0,floor_passing_receptor,UVM
CX3CR1,Pancreas,0.0669450223094739,0.0555863299865151,47,0,floor_passing_receptor,PAAD
EEF2,Prostate,-2.593281575356005,-2.6692991804610333,10,10,positive_control,PRAD
EEF2,Ovary/Fallopian Tube,-2.5372174911238345,-2.6133360856192027,59,59,positive_control,OV
EEF2,Kidney,-2.523251833598884,-2.535376499092874,34,34,positive_control,KIRC|KIRP|KICH
EEF2,Testis,-2.495611440701297,-2.5349297190350137,5,5,positive_control,TGCT
EEF2,Esophagus/Stomach,-2.47331364209191,-2.48758326842213,69,69,positive_control,ESCA|STAD
EEF2,Myeloid,-2.472456120338743,-2.560533763521623,42,42,positive_control,
EEF2,Thyroid,-2.437476446868992,-2.511181301873892,11,11,positive_control,THCA
EEF2,Lymphoid,-2.395280605564818,-2.4721925774024975,93,93,positive_control,
EEF2,Bone,-2.3900880992277473,-2.4854360922717476,46,46,positive_control,
EEF2,Bowel,-2.388091468179516,-2.458500237033153,63,63,positive_control,COAD|READ
EEF2,Bladder/Urinary Tract,-2.369476434737497,-2.413547337621525,34,34,positive_control,BLCA
EEF2,Eye,-2.3678439360115764,-2.535107114614418,15,15,positive_control,UVM
EEF2,Skin,-2.355863208267996,-2.4507337396566466,74,74,positive_control,SKCM
EEF2,Cervix,-2.3507430052330056,-2.5617584428101754,18,18,positive_control,CESC
EEF2,Uterus,-2.3461541568033812,-2.5117327715843363,34,34,positive_control,UCEC|UCS
EEF2,Pancreas,-2.328311802842716,-2.3206938548546066,47,47,positive_control,PAAD
EEF2,Peripheral Nervous System,-2.315553323766342,-2.393614606884423,44,44,positive_control,PCPG
EEF2,Soft Tissue,-2.306308403704715,-2.4408231124922093,45,45,positive_control,SARC
EEF2,CNS/Brain,-2.3044922216290864,-2.3523139344244797,90,90,positive_control,GBM|LGG
EEF2,Biliary Tract,-2.293124012606718,-2.392139969842632,35,35,positive_control,CHOL
EEF2,Lung,-2.276407724055525,-2.421947693467609,126,125,positive_control,LUAD|LUSC
EEF2,Head and Neck,-2.241994599756564,-2.3138681742321197,77,77,positive_control,HNSC
EEF2,Liver,-2.234308720902683,-2.4625761842829097,24,24,positive_control,LIHC
EEF2,Pleura,-2.19260741577023,-2.404224650368103,21,21,positive_control,MESO
EEF2,Breast,-2.1484156910950167,-2.263871332481405,53,53,positive_control,BRCA
EGFR,Head and Neck,-0.7018783517614212,-0.6769381169895293,77,51,floor_passing_receptor,HNSC
EGFR,Prostate,-0.695479525968276,-0.9213767975604717,10,6,floor_passing_receptor,PRAD
EGFR,Biliary Tract,-0.5609085562230824,-0.4952283876016042,35,17,floor_passing_receptor,CHOL
EGFR,Cervix,-0.43403745004387406,-0.39792828862967056,18,7,floor_passing_receptor,CESC
EGFR,Esophagus/Stomach,-0.4225014867849381,-0.3204472679105082,69,27,floor_passing_receptor,ESCA|STAD
EGFR,Liver,-0.40610066448791377,-0.25750755738972203,24,6,floor_passing_receptor,LIHC
EGFR,Bowel,-0.3993753675715631,-0.3493122701866151,63,21,floor_passing_receptor,COAD|READ
EGFR,Bladder/Urinary Tract,-0.3898081237650097,-0.25896252279601034,34,10,floor_passing_receptor,BLCA
EGFR,Pancreas,-0.38880670813702245,-0.3584694552446645,47,16,floor_passing_receptor,PAAD
EGFR,Kidney,-0.32454566202535917,-0.2878043162295397,34,8,floor_passing_receptor,KIRC|KIRP|KICH
EGFR,Ovary/Fallopian Tube,-0.3062396570461091,-0.1748565885922779,59,11,floor_passing_receptor,OV
EGFR,Uterus,-0.28887178690359616,-0.253222867240286,34,6,floor_passing_receptor,UCEC|UCS
EGFR,Lung,-0.2815376090398443,-0.18555674955682805,126,14,floor_passing_receptor,LUAD|LUSC
EGFR,Breast,-0.23852380246197658,-0.1919367312715693,53,7,floor_passing_receptor,BRCA
EGFR,Testis,-0.2134752899796381,-0.2723403095557062,5,0,floor_passing_receptor,TGCT
EGFR,Pleura,-0.20099518665893606,-0.1361443226584322,21,1,floor_passing_receptor,MESO
EGFR,Skin,-0.19642393940290273,-0.1629823367059833,74,5,floor_passing_receptor,SKCM
EGFR,Peripheral Nervous System,-0.16985129928429582,-0.1487562134803473,44,3,floor_passing_receptor,PCPG
EGFR,Eye,-0.16707332021995233,-0.1299495520708628,15,1,floor_passing_receptor,UVM
EGFR,Myeloid,-0.15607139276258725,-0.15369736017227337,42,0,floor_passing_receptor,
EGFR,Soft Tissue,-0.15191012418738087,-0.1398052996481045,45,1,floor_passing_receptor,SARC
EGFR,Bone,-0.1409718164527524,-0.12280318619805314,46,0,floor_passing_receptor,
EGFR,Lymphoid,-0.12477272891795022,-0.1388889030513824,93,0,floor_passing_receptor,
EGFR,CNS/Brain,-0.09933944711391524,-0.08389558072607145,90,2,floor_passing_receptor,GBM|LGG
EGFR,Thyroid,-0.08654460925816793,-0.0975176141335658,11,0,floor_passing_receptor,THCA
ERBB2,Breast,-0.6433894490273093,-0.3000456955343878,53,18,floor_passing_receptor,BRCA
ERBB2,Head and Neck,-0.5088930623368237,-0.4233796706610925,77,35,floor_passing_receptor,HNSC
ERBB2,Esophagus/Stomach,-0.4762811420860776,-0.2825261219980051,69,18,floor_passing_receptor,ESCA|STAD
ERBB2,Biliary Tract,-0.4310822271609886,-0.3041985218122529,35,9,floor_passing_receptor,CHOL
ERBB2,Pancreas,-0.4246175919836247,-0.3502296353787173,47,11,floor_passing_receptor,PAAD
ERBB2,Ovary/Fallopian Tube,-0.4165577221108968,-0.3546439695425071,59,16,floor_passing_receptor,OV
ERBB2,Bowel,-0.38474815974028503,-0.3822944684588579,63,18,floor_passing_receptor,COAD|READ
ERBB2,Cervix,-0.36718383934020615,-0.3325646905006353,18,3,floor_passing_receptor,CESC
ERBB2,Bladder/Urinary Tract,-0.33934394963149983,-0.29359581263129675,34,6,floor_passing_receptor,BLCA
ERBB2,Lung,-0.3007885131486634,-0.2449957589886721,126,13,floor_passing_receptor,LUAD|LUSC
ERBB2,Liver,-0.2972154629673623,-0.2796686691793092,24,1,floor_passing_receptor,LIHC
ERBB2,Uterus,-0.29046538420786033,-0.2685792452765454,34,4,floor_passing_receptor,UCEC|UCS
ERBB2,Eye,-0.27880071808240614,-0.2307327813611824,15,1,floor_passing_receptor,UVM
ERBB2,Skin,-0.25947487531572605,-0.24020580418995652,74,4,floor_passing_receptor,SKCM
ERBB2,Kidney,-0.25560838320140056,-0.21199073804141416,34,3,floor_passing_receptor,KIRC|KIRP|KICH
ERBB2,Soft Tissue,-0.25299919095106865,-0.2234479629343613,45,2,floor_passing_receptor,SARC
ERBB2,Thyroid,-0.2469771174987572,-0.2412266167887334,11,0,floor_passing_receptor,THCA
ERBB2,Bone,-0.24651657378066488,-0.25076501755359826,46,1,floor_passing_receptor,
ERBB2,CNS/Brain,-0.22656903127268646,-0.19288615672248116,90,5,floor_passing_receptor,GBM|LGG
ERBB2,Prostate,-0.22533041169450524,-0.1343954247672513,10,1,floor_passing_receptor,PRAD
ERBB2,Testis,-0.2167663014831224,-0.1951320636653923,5,0,floor_passing_receptor,TGCT
ERBB2,Myeloid,-0.21648259222623878,-0.207870056178035,42,2,floor_passing_receptor,
ERBB2,Pleura,-0.20883395837163107,-0.1891507238766054,21,1,floor_passing_receptor,MESO
ERBB2,Lymphoid,-0.19428511920749048,-0.1866389483147277,93,2,floor_passing_receptor,
ERBB2,Peripheral Nervous System,-0.158325659987803,-0.17193160923887507,44,0,floor_passing_receptor,PCPG
ERBB3,Breast,-0.4632332302329604,-0.2804908778285382,53,11,floor_passing_receptor,BRCA
ERBB3,Head and Neck,-0.44832107536649135,-0.4124891165874217,77,27,floor_passing_receptor,HNSC
ERBB3,Esophagus/Stomach,-0.3741553649636304,-0.2854964722393955,69,16,floor_passing_receptor,ESCA|STAD
ERBB3,Biliary Tract,-0.3331127884513193,-0.2698262052044077,35,5,floor_passing_receptor,CHOL
ERBB3,Ovary/Fallopian Tube,-0.32894206688718414,-0.2605777368473341,59,10,floor_passing_receptor,OV
ERBB3,Testis,-0.32477885986293076,-0.3174946368045522,5,0,floor_passing_receptor,TGCT
ERBB3,Skin,-0.3072543796631986,-0.27685331495491794,74,6,floor_passing_receptor,SKCM
ERBB3,Cervix,-0.30376093379283536,-0.2450346456161631,18,2,floor_passing_receptor,CESC
ERBB3,Prostate,-0.2965700513600288,-0.22781053119210704,10,1,floor_passing_receptor,PRAD
ERBB3,Kidney,-0.2898534068560231,-0.2674685368739045,34,3,floor_passing_receptor,KIRC|KIRP|KICH
ERBB3,Soft Tissue,-0.28366866540996244,-0.2129081669127054,45,2,floor_passing_receptor,SARC
ERBB3,Bladder/Urinary Tract,-0.2746534530572783,-0.28192105552812996,34,2,floor_passing_receptor,BLCA
ERBB3,Uterus,-0.27402154687041974,-0.2341808123404318,34,2,floor_passing_receptor,UCEC|UCS
ERBB3,Pancreas,-0.26663923218210267,-0.2323970273929222,47,5,floor_passing_receptor,PAAD
ERBB3,Lung,-0.25317611061513723,-0.2021561365403466,126,12,floor_passing_receptor,LUAD|LUSC
ERBB3,Liver,-0.24972705255650504,-0.25101434284524937,24,1,floor_passing_receptor,LIHC
ERBB3,Pleura,-0.2287393474796266,-0.2426261290829592,21,0,floor_passing_receptor,MESO
ERBB3,Eye,-0.22475851420576345,-0.2277536751938162,15,0,floor_passing_receptor,UVM
ERBB3,CNS/Brain,-0.2247058432852509,-0.2112457254323789,90,3,floor_passing_receptor,GBM|LGG
ERBB3,Bone,-0.21030842146425024,-0.18867638585434332,46,2,floor_passing_receptor,
ERBB3,Lymphoid,-0.20582911193182582,-0.2112976109811199,93,1,floor_passing_receptor,
ERBB3,Thyroid,-0.19917682706785264,-0.1829524915846556,11,0,floor_passing_receptor,THCA
ERBB3,Peripheral Nervous System,-0.17802889581617137,-0.17299549111123497,44,0,floor_passing_receptor,PCPG
ERBB3,Bowel,-0.17685223958107846,-0.1774837286693488,63,0,floor_passing_receptor,COAD|READ
ERBB3,Myeloid,-0.1687783432051008,-0.1776156810347937,42,0,floor_passing_receptor,
ERBB4,Bone,-0.10143816017412802,-0.1071694445508197,46,0,floor_passing_receptor,
ERBB4,Cervix,-0.07237862087762506,-0.057584099847498696,18,0,floor_passing_receptor,CESC
ERBB4,Biliary Tract,-0.06508234004134848,-0.0530344037071982,35,0,floor_passing_receptor,CHOL
ERBB4,Bladder/Urinary Tract,-0.06370011349375708,-0.06100782730771465,34,0,floor_passing_receptor,BLCA
ERBB4,CNS/Brain,-0.06339857176184821,-0.0535511251211335,90,0,floor_passing_receptor,GBM|LGG
ERBB4,Esophagus/Stomach,-0.05831470618788437,-0.0640633800014429,69,0,floor_passing_receptor,ESCA|STAD
ERBB4,Soft Tissue,-0.0540603971145669,-0.0574176234549322,45,0,floor_passing_receptor,SARC
ERBB4,Uterus,-0.05295137442100752,-0.03612424861860765,34,0,floor_passing_receptor,UCEC|UCS
ERBB4,Ovary/Fallopian Tube,-0.04955371589226095,-0.041465496268833,59,1,floor_passing_receptor,OV
ERBB4,Peripheral Nervous System,-0.04468447478463369,-0.046417683063737294,44,0,floor_passing_receptor,PCPG
ERBB4,Prostate,-0.04259376395910877,-0.0231016685178297,10,0,floor_passing_receptor,PRAD
ERBB4,Lung,-0.03432266513315124,-0.04978009061076785,126,0,floor_passing_receptor,LUAD|LUSC
ERBB4,Head and Neck,-0.026517499869680456,-0.0419645149979507,77,0,floor_passing_receptor,HNSC
ERBB4,Skin,-0.020504069905879222,-0.0327568654796443,74,0,floor_passing_receptor,SKCM
ERBB4,Pleura,-0.020313080339199513,-0.0123909076907804,21,0,floor_passing_receptor,MESO
ERBB4,Thyroid,-0.01770819403435736,-0.0284588694208661,11,0,floor_passing_receptor,THCA
ERBB4,Liver,-0.010758766672138048,-0.016445169538431,24,0,floor_passing_receptor,LIHC
ERBB4,Pancreas,-0.004473543933190447,-0.0104399358753828,47,0,floor_passing_receptor,PAAD
ERBB4,Myeloid,-0.0030138321748827183,0.0126870617900008,42,0,floor_passing_receptor,
ERBB4,Kidney,-0.0029403813145144346,-0.015166979552120052,34,0,floor_passing_receptor,KIRC|KIRP|KICH
ERBB4,Breast,0.0057740392224652414,0.0059705471256541,53,0,floor_passing_receptor,BRCA
ERBB4,Lymphoid,0.01141441092337748,0.0224384772821923,93,0,floor_passing_receptor,
ERBB4,Eye,0.02895510594492885,-0.0081311359048811,15,0,floor_passing_receptor,UVM
ERBB4,Bowel,0.029519523854999816,0.0351524620432388,63,0,floor_passing_receptor,COAD|READ
ERBB4,Testis,0.039749014334958324,-0.0336676689494096,5,0,floor_passing_receptor,TGCT
F2R,Uterus,-0.20970894288674846,-0.1896546775889841,34,2,floor_passing_receptor,UCEC|UCS
F2R,Cervix,-0.19260985028529845,-0.16772631165092033,18,1,floor_passing_receptor,CESC
F2R,Esophagus/Stomach,-0.17249824601434335,-0.155044839404654,69,2,floor_passing_receptor,ESCA|STAD
F2R,CNS/Brain,-0.1607561807914017,-0.16959985772210512,90,2,floor_passing_receptor,GBM|LGG
F2R,Bladder/Urinary Tract,-0.1528308031907303,-0.1312573658069392,34,1,floor_passing_receptor,BLCA
F2R,Eye,-0.15224313830202332,-0.1250728052631097,15,1,floor_passing_receptor,UVM
F2R,Skin,-0.15025461662683642,-0.1428374309323772,74,4,floor_passing_receptor,SKCM
F2R,Pancreas,-0.14753298711151588,-0.113136009598045,47,2,floor_passing_receptor,PAAD
F2R,Ovary/Fallopian Tube,-0.14276201691694393,-0.1351614547885991,59,0,floor_passing_receptor,OV
F2R,Lung,-0.14234308306971305,-0.147390225207567,126,1,floor_passing_receptor,LUAD|LUSC
F2R,Bowel,-0.14102635026017257,-0.1329146894585225,63,2,floor_passing_receptor,COAD|READ
F2R,Liver,-0.137931898321955,-0.09313019672352005,24,1,floor_passing_receptor,LIHC
F2R,Head and Neck,-0.13714761382232968,-0.1421873784868778,77,2,floor_passing_receptor,HNSC
F2R,Biliary Tract,-0.1294271335602385,-0.1239873614961288,35,0,floor_passing_receptor,CHOL
F2R,Kidney,-0.12855620517779287,-0.11670864720259955,34,1,floor_passing_receptor,KIRC|KIRP|KICH
F2R,Pleura,-0.12400980695431685,-0.1177550375731006,21,0,floor_passing_receptor,MESO
F2R,Lymphoid,-0.12139033366711814,-0.1099890533233319,93,3,floor_passing_receptor,
F2R,Breast,-0.11392700171944527,-0.0985621695259158,53,0,floor_passing_receptor,BRCA
F2R,Thyroid,-0.10776789148654577,-0.1298855006851244,11,0,floor_passing_receptor,THCA
F2R,Testis,-0.10197661558025724,-0.1487261571421655,5,0,floor_passing_receptor,TGCT
F2R,Myeloid,-0.0954756923650221,-0.0930568256947196,42,1,floor_passing_receptor,
F2R,Peripheral Nervous System,-0.09249987333792625,-0.08925835341891944,44,0,floor_passing_receptor,PCPG
F2R,Bone,-0.08562726150969034,-0.10023132852055035,46,0,floor_passing_receptor,
F2R,Soft Tissue,-0.07808769317358553,-0.0497128484016769,45,0,floor_passing_receptor,SARC
F2R,Prostate,-0.05661477983879394,-0.0826510653865227,10,0,floor_passing_receptor,PRAD
F2RL1,Testis,-0.0438468339480262,-0.0234933520409813,5,0,floor_passing_receptor,TGCT
F2RL1,Myeloid,-0.028692210880753487,-0.03181816040389975,42,1,floor_passing_receptor,
F2RL1,Thyroid,-0.01786255537584469,-0.0240379245045843,11,0,floor_passing_receptor,THCA
F2RL1,Liver,-0.014963473924011095,-0.01177944748672245,24,0,floor_passing_receptor,LIHC
F2RL1,Lymphoid,-0.010018641313766211,0.0002283587802699,93,0,floor_passing_receptor,
F2RL1,Skin,-0.0039903958531596895,0.00264163705629115,74,0,floor_passing_receptor,SKCM
F2RL1,Head and Neck,-0.003686784929925943,0.0014810992530949,77,0,floor_passing_receptor,HNSC
F2RL1,Uterus,-0.0024203336804204875,-0.0283937629556923,34,0,floor_passing_receptor,UCEC|UCS
F2RL1,Bone,0.007621152595286195,0.0338030455320857,46,0,floor_passing_receptor,
F2RL1,Lung,0.012776761197941725,0.00912368071354695,126,0,floor_passing_receptor,LUAD|LUSC
F2RL1,Breast,0.01400409977066255,0.0012829875004797,53,0,floor_passing_receptor,BRCA
F2RL1,Soft Tissue,0.014397677006125613,0.0256539442309517,45,1,floor_passing_receptor,SARC
F2RL1,Prostate,0.014451841469978702,0.0413665620067946,10,0,floor_passing_receptor,PRAD
F2RL1,Ovary/Fallopian Tube,0.01488274612302462,-0.0085012858397595,59,0,floor_passing_receptor,OV
F2RL1,Pancreas,0.01716095380079561,0.011670096169693,47,0,floor_passing_receptor,PAAD
F2RL1,Peripheral Nervous System,0.020436488770500236,-0.0016049815814087,44,0,floor_passing_receptor,PCPG
F2RL1,CNS/Brain,0.024139986180682645,0.02665462861293875,90,0,floor_passing_receptor,GBM|LGG
F2RL1,Biliary Tract,0.026137456611243576,0.0159434234489437,35,0,floor_passing_receptor,CHOL
F2RL1,Esophagus/Stomach,0.030832541833260063,0.0181741847588171,69,0,floor_passing_receptor,ESCA|STAD
F2RL1,Kidney,0.0333577362714573,0.02721810524120145,34,0,floor_passing_receptor,KIRC|KIRP|KICH
F2RL1,Bladder/Urinary Tract,0.03376628925949232,0.03072229123001915,34,0,floor_passing_receptor,BLCA
F2RL1,Pleura,0.03666784110319638,0.0117356962568435,21,0,floor_passing_receptor,MESO
F2RL1,Eye,0.03933487518970864,0.0129638420497279,15,0,floor_passing_receptor,UVM
F2RL1,Cervix,0.045483914458808276,0.03615794235272855,18,0,floor_passing_receptor,CESC
F2RL1,Bowel,0.06161968712176484,0.0244265123593196,63,0,floor_passing_receptor,COAD|READ
F2RL2,Pancreas,0.04202730050747738,0.0522230535124345,47,0,floor_passing_receptor,PAAD
F2RL2,Prostate,0.04503268198499528,0.042112210218377105,10,0,floor_passing_receptor,PRAD
F2RL2,Bladder/Urinary Tract,0.059886595040134265,0.0543386302050113,34,0,floor_passing_receptor,BLCA
F2RL2,Liver,0.0642110490899303,0.0801892411890302,24,0,floor_passing_receptor,LIHC
F2RL2,Thyroid,0.06807271051417077,0.1037944446171964,11,0,floor_passing_receptor,THCA
F2RL2,Breast,0.06978608778657511,0.0776769107135712,53,0,floor_passing_receptor,BRCA
F2RL2,Myeloid,0.07114869545041701,0.07183852981429405,42,0,floor_passing_receptor,
F2RL2,Head and Neck,0.07605517821306673,0.0723765370145003,77,0,floor_passing_receptor,HNSC
F2RL2,Uterus,0.07922062041249035,0.07897340023988264,34,0,floor_passing_receptor,UCEC|UCS
F2RL2,Cervix,0.07926204084654327,0.09201831570964489,18,0,floor_passing_receptor,CESC
F2RL2,Lung,0.08036263130304787,0.07655345941352554,126,0,floor_passing_receptor,LUAD|LUSC
F2RL2,Kidney,0.08164777499483211,0.07827358055974175,34,0,floor_passing_receptor,KIRC|KIRP|KICH
F2RL2,Bowel,0.0819617016787541,0.0773617647998438,63,0,floor_passing_receptor,COAD|READ
F2RL2,Ovary/Fallopian Tube,0.08693676309169392,0.0895637878303802,59,0,floor_passing_receptor,OV
F2RL2,Esophagus/Stomach,0.09034258855914326,0.0810079275469338,69,0,floor_passing_receptor,ESCA|STAD
F2RL2,CNS/Brain,0.09491329660414771,0.09405387415708924,90,0,floor_passing_receptor,GBM|LGG
F2RL2,Lymphoid,0.09526456345193242,0.0915579337519855,93,0,floor_passing_receptor,
F2RL2,Skin,0.09991655608486089,0.09304867163284311,74,0,floor_passing_receptor,SKCM
F2RL2,Biliary Tract,0.11019585639151669,0.0924864218361963,35,0,floor_passing_receptor,CHOL
F2RL2,Bone,0.11063727460729872,0.08214937877338199,46,0,floor_passing_receptor,
F2RL2,Soft Tissue,0.1201656237238266,0.1200825907385656,45,0,floor_passing_receptor,SARC
F2RL2,Peripheral Nervous System,0.12358631322032392,0.1391350676248122,44,0,floor_passing_receptor,PCPG
F2RL2,Pleura,0.12593625215931056,0.1183500740352235,21,0,floor_passing_receptor,MESO
F2RL2,Eye,0.14875143038835717,0.1433118758038649,15,0,floor_passing_receptor,UVM
F2RL2,Testis,0.18140102352980358,0.0454104357722053,5,0,floor_passing_receptor,TGCT
F2RL3,Testis,0.11241989698732528,0.1428090319530697,5,0,floor_passing_receptor,TGCT
F2RL3,Cervix,0.13285824667442908,0.16058584681291044,18,0,floor_passing_receptor,CESC
F2RL3,Kidney,0.15373632474016402,0.17248610754473986,34,0,floor_passing_receptor,KIRC|KIRP|KICH
F2RL3,Breast,0.154385741952894,0.1551286348799699,53,0,floor_passing_receptor,BRCA
F2RL3,Prostate,0.15717427323375974,0.17375485743307917,10,0,floor_passing_receptor,PRAD
F2RL3,Head and Neck,0.1599737907452362,0.1510560928564004,77,0,floor_passing_receptor,HNSC
F2RL3,Bowel,0.16616923011811308,0.1459036804012869,63,0,floor_passing_receptor,COAD|READ
F2RL3,Ovary/Fallopian Tube,0.16665301146948214,0.1640602418847992,59,0,floor_passing_receptor,OV
F2RL3,CNS/Brain,0.18249938742154231,0.19168556946010845,90,0,floor_passing_receptor,GBM|LGG
F2RL3,Lung,0.19143885281144074,0.20486244268308434,126,0,floor_passing_receptor,LUAD|LUSC
F2RL3,Esophagus/Stomach,0.1917767495782518,0.2076027169857753,69,0,floor_passing_receptor,ESCA|STAD
F2RL3,Thyroid,0.19380955817639922,0.2091255552705123,11,0,floor_passing_receptor,THCA
F2RL3,Skin,0.19521346249171048,0.17937158620152735,74,0,floor_passing_receptor,SKCM
F2RL3,Eye,0.19579279282055034,0.2198931549775865,15,0,floor_passing_receptor,UVM
F2RL3,Bladder/Urinary Tract,0.19584055833223074,0.23303973985210064,34,0,floor_passing_receptor,BLCA
F2RL3,Liver,0.2006850415255351,0.1873876689750659,24,0,floor_passing_receptor,LIHC
F2RL3,Myeloid,0.20260912274783427,0.1956863236659073,42,0,floor_passing_receptor,
F2RL3,Bone,0.2028719018909171,0.19985518499805222,46,0,floor_passing_receptor,
F2RL3,Lymphoid,0.20639126970122804,0.2110091315944362,93,0,floor_passing_receptor,
F2RL3,Pleura,0.2078071327744867,0.2275750506357921,21,0,floor_passing_receptor,MESO
F2RL3,Soft Tissue,0.2092922659018739,0.2153125863707175,45,0,floor_passing_receptor,SARC
F2RL3,Biliary Tract,0.21025331880008602,0.2048747150574771,35,0,floor_passing_receptor,CHOL
F2RL3,Pancreas,0.21641206409160824,0.226508688113255,47,0,floor_passing_receptor,PAAD
F2RL3,Peripheral Nervous System,0.22635938230380284,0.2197050301109281,44,0,floor_passing_receptor,PCPG
F2RL3,Uterus,0.23821627236321893,0.2468005103151657,34,0,floor_passing_receptor,UCEC|UCS
FGFR1,Pleura,-0.734649367056232,-0.7570112868629103,21,14,floor_passing_receptor,MESO
FGFR1,Liver,-0.41306780894607753,-0.2177853039031068,24,8,floor_passing_receptor,LIHC
FGFR1,Soft Tissue,-0.29941292868186936,-0.0579738344915253,45,12,floor_passing_receptor,SARC
FGFR1,CNS/Brain,-0.29652229360836846,-0.14870939694670965,90,21,floor_passing_receptor,GBM|LGG
FGFR1,Kidney,-0.259238578800377,-0.15570527885179897,34,10,floor_passing_receptor,KIRC|KIRP|KICH
FGFR1,Bladder/Urinary Tract,-0.21822763711321566,-0.057797546478470796,34,5,floor_passing_receptor,BLCA
FGFR1,Bone,-0.17424104033004442,-0.1115971402126877,46,6,floor_passing_receptor,
FGFR1,Eye,-0.16412753896400947,-0.0087313665989088,15,2,floor_passing_receptor,UVM
FGFR1,Peripheral Nervous System,-0.13504466018447958,-0.01515960084610035,44,3,floor_passing_receptor,PCPG
FGFR1,Breast,-0.1327960020493465,-0.040957160205432,53,5,floor_passing_receptor,BRCA
FGFR1,Head and Neck,-0.10937959750693628,-0.0422922422071827,77,6,floor_passing_receptor,HNSC
FGFR1,Lung,-0.09179755042800698,-0.0049520105755289,126,4,floor_passing_receptor,LUAD|LUSC
FGFR1,Testis,-0.07957386930500535,-0.0236701835910935,5,0,floor_passing_receptor,TGCT
FGFR1,Cervix,-0.05667218339240979,0.001008465924461601,18,1,floor_passing_receptor,CESC
FGFR1,Uterus,-0.05111546076140557,-0.05815760241504285,34,1,floor_passing_receptor,UCEC|UCS
FGFR1,Pancreas,-0.04848815570700477,-0.0146282534083319,47,1,floor_passing_receptor,PAAD
FGFR1,Ovary/Fallopian Tube,-0.046483121571829975,0.0248967533062761,59,5,floor_passing_receptor,OV
FGFR1,Biliary Tract,-0.043992174618507275,-0.0356411794168046,35,1,floor_passing_receptor,CHOL
FGFR1,Skin,-0.04207662804211112,-0.00118935195868735,74,2,floor_passing_receptor,SKCM
FGFR1,Lymphoid,-0.03373903540476753,-0.024163379236002,93,0,floor_passing_receptor,
FGFR1,Esophagus/Stomach,-0.02889651956008172,0.0037331168369771,69,2,floor_passing_receptor,ESCA|STAD
FGFR1,Myeloid,-0.022975312498676004,-0.0172905510541273,42,0,floor_passing_receptor,
FGFR1,Bowel,-0.007029051363399839,0.0268273821854467,63,0,floor_passing_receptor,COAD|READ
FGFR1,Prostate,0.002512113949731901,0.025022061396722847,10,0,floor_passing_receptor,PRAD
FGFR1,Thyroid,0.03707157175844775,6.300597709082978e-05,11,0,floor_passing_receptor,THCA
FGFR2,Esophagus/Stomach,-0.1224524605300353,-0.0256017223114335,69,4,floor_passing_receptor,ESCA|STAD
FGFR2,Breast,-0.098874172898673,-0.0277682838855241,53,3,floor_passing_receptor,BRCA
FGFR2,Liver,-0.06825239507599135,-0.05647607869012465,24,0,floor_passing_receptor,LIHC
FGFR2,Peripheral Nervous System,-0.06083715815635005,-0.04065159697622775,44,0,floor_passing_receptor,PCPG
FGFR2,Uterus,-0.05769107889339275,-0.024449267123092353,34,1,floor_passing_receptor,UCEC|UCS
FGFR2,Bladder/Urinary Tract,-0.04155768111759864,-0.0439932991877504,34,1,floor_passing_receptor,BLCA
FGFR2,Biliary Tract,-0.033758330154981954,-0.0272520250337125,35,1,floor_passing_receptor,CHOL
FGFR2,Bowel,-0.03308605224212074,-0.0156453245344988,63,0,floor_passing_receptor,COAD|READ
FGFR2,Cervix,-0.03266324480582632,-0.03469654744332355,18,0,floor_passing_receptor,CESC
FGFR2,Lung,-0.03067217754649745,-0.00954260845691535,126,3,floor_passing_receptor,LUAD|LUSC
FGFR2,Soft Tissue,-0.029811548434298358,0.0026642383965012,45,1,floor_passing_receptor,SARC
FGFR2,Pancreas,-0.027908131953737793,-0.0358241029016649,47,0,floor_passing_receptor,PAAD
FGFR2,Lymphoid,-0.02611783488205077,-0.0136491421136847,93,0,floor_passing_receptor,
FGFR2,CNS/Brain,-0.021626762307928236,-0.00553112901553515,90,1,floor_passing_receptor,GBM|LGG
FGFR2,Ovary/Fallopian Tube,-0.015966086263072686,0.0007880340237974,59,1,floor_passing_receptor,OV
FGFR2,Head and Neck,-0.011001290298542729,-0.0127601186506076,77,0,floor_passing_receptor,HNSC
FGFR2,Bone,-0.007190987569565114,0.0003340473851907999,46,0,floor_passing_receptor,
FGFR2,Skin,-0.00534608874476027,0.0012072556896098,74,0,floor_passing_receptor,SKCM
FGFR2,Myeloid,0.0020719726912871287,0.0046211800276532,42,0,floor_passing_receptor,
FGFR2,Kidney,0.005495117978630217,0.04574884366774955,34,0,floor_passing_receptor,KIRC|KIRP|KICH
FGFR2,Pleura,0.011415905077144128,0.0174658025702906,21,0,floor_passing_receptor,MESO
FGFR2,Thyroid,0.016909800450728717,0.0001223475410154,11,0,floor_passing_receptor,THCA
FGFR2,Prostate,0.01744715284263438,0.0393839070078488,10,0,floor_passing_receptor,PRAD
FGFR2,Eye,0.028067199080424987,-0.0115569950313914,15,0,floor_passing_receptor,UVM
FGFR2,Testis,0.054325460611301446,0.0819502743755619,5,0,floor_passing_receptor,TGCT
FGFR3,Bladder/Urinary Tract,-0.028649530297541824,0.057127653925150096,34,3,floor_passing_receptor,BLCA
FGFR3,Lymphoid,0.011960398629331426,0.0694147563917586,93,3,floor_passing_receptor,
FGFR3,Pleura,0.030653323571996915,0.0548928109554378,21,0,floor_passing_receptor,MESO
FGFR3,CNS/Brain,0.04087703113467397,0.0363985462446971,90,0,floor_passing_receptor,GBM|LGG
FGFR3,Peripheral Nervous System,0.04419646690197418,0.06712551524720964,44,0,floor_passing_receptor,PCPG
FGFR3,Liver,0.04425936537531264,0.05289433665751495,24,0,floor_passing_receptor,LIHC
FGFR3,Pancreas,0.0462925842857473,0.0509611693674611,47,0,floor_passing_receptor,PAAD
FGFR3,Skin,0.05259766785083249,0.0916883519801221,74,0,floor_passing_receptor,SKCM
FGFR3,Bone,0.05541211652750461,0.0571927251215791,46,0,floor_passing_receptor,
FGFR3,Breast,0.0638116301625311,0.0731541268089765,53,0,floor_passing_receptor,BRCA
FGFR3,Soft Tissue,0.0688314881669915,0.0665207554048027,45,0,floor_passing_receptor,SARC
FGFR3,Lung,0.06949475365507199,0.07512747356169161,126,0,floor_passing_receptor,LUAD|LUSC
FGFR3,Kidney,0.0712239924173357,0.0614710466838853,34,0,floor_passing_receptor,KIRC|KIRP|KICH
FGFR3,Testis,0.0726409952399533,0.0211632102537684,5,0,floor_passing_receptor,TGCT
FGFR3,Esophagus/Stomach,0.07698927453850711,0.0611954331977979,69,0,floor_passing_receptor,ESCA|STAD
FGFR3,Bowel,0.07769028946542798,0.09058863911146,63,0,floor_passing_receptor,COAD|READ
FGFR3,Thyroid,0.08048439896190307,0.0571733096485114,11,0,floor_passing_receptor,THCA
FGFR3,Head and Neck,0.08843880557710607,0.0765752554361406,77,0,floor_passing_receptor,HNSC
FGFR3,Eye,0.09198435555489576,0.1091232922878862,15,0,floor_passing_receptor,UVM
FGFR3,Myeloid,0.09304632788769004,0.09534794890211229,42,0,floor_passing_receptor,
FGFR3,Ovary/Fallopian Tube,0.09980490698059784,0.1084109175126309,59,0,floor_passing_receptor,OV
FGFR3,Biliary Tract,0.10388625551485445,0.1055190311898325,35,0,floor_passing_receptor,CHOL
FGFR3,Uterus,0.10494404339979296,0.10332213674678606,34,0,floor_passing_receptor,UCEC|UCS
FGFR3,Cervix,0.11323152137292647,0.1194194499098931,18,0,floor_passing_receptor,CESC
FGFR3,Prostate,0.12465339932695733,0.1124939523909391,10,0,floor_passing_receptor,PRAD
FGFR4,Breast,-0.10300346425055341,-0.0231478383189787,53,3,floor_passing_receptor,BRCA
FGFR4,Testis,-0.021511070300582073,0.0355253683910599,5,0,floor_passing_receptor,TGCT
FGFR4,Soft Tissue,-0.006006853123373585,0.0212307631987461,45,2,floor_passing_receptor,SARC
FGFR4,Ovary/Fallopian Tube,-0.005261658499940185,0.0024437336674068,59,0,floor_passing_receptor,OV
FGFR4,Liver,-0.002940206237482923,0.07475008805618025,24,1,floor_passing_receptor,LIHC
FGFR4,Kidney,0.012609488632921011,0.0310759706684476,34,0,floor_passing_receptor,KIRC|KIRP|KICH
FGFR4,Lymphoid,0.022214363762672523,0.0215404557618966,93,0,floor_passing_receptor,
FGFR4,Bowel,0.02244156729009362,0.0085089928860929,63,0,floor_passing_receptor,COAD|READ
FGFR4,Pleura,0.03200757308439052,-0.0067856561509223,21,0,floor_passing_receptor,MESO
FGFR4,Eye,0.03276841900953323,0.0453465478457496,15,0,floor_passing_receptor,UVM
FGFR4,Biliary Tract,0.03605760684365706,0.0405823551669418,35,0,floor_passing_receptor,CHOL
FGFR4,Skin,0.036584987219667124,0.03985699367423905,74,0,floor_passing_receptor,SKCM
FGFR4,Head and Neck,0.03781246413276663,0.0217749578094725,77,0,floor_passing_receptor,HNSC
FGFR4,Lung,0.04239898890898483,0.04927230899089445,126,0,floor_passing_receptor,LUAD|LUSC
FGFR4,Esophagus/Stomach,0.049518603527975276,0.0433865135066233,69,1,floor_passing_receptor,ESCA|STAD
FGFR4,Cervix,0.050211416507806604,0.02775872661079085,18,0,floor_passing_receptor,CESC
FGFR4,Peripheral Nervous System,0.05092591104837174,0.05134239241553775,44,0,floor_passing_receptor,PCPG
FGFR4,CNS/Brain,0.05164517136615607,0.045398189667271605,90,0,floor_passing_receptor,GBM|LGG
FGFR4,Pancreas,0.05748788995873359,0.0774941767230462,47,0,floor_passing_receptor,PAAD
FGFR4,Bladder/Urinary Tract,0.0578060832692632,0.062240324939657796,34,0,floor_passing_receptor,BLCA
FGFR4,Thyroid,0.06575119077998681,0.0744583635282428,11,0,floor_passing_receptor,THCA
FGFR4,Myeloid,0.0661824369001568,0.054304474234943556,42,0,floor_passing_receptor,
FGFR4,Bone,0.07209826627472501,0.0861215647389849,46,0,floor_passing_receptor,
FGFR4,Prostate,0.07479323071362534,0.0768447982068039,10,0,floor_passing_receptor,PRAD
FGFR4,Uterus,0.08433987775671606,0.07797945558479225,34,0,floor_passing_receptor,UCEC|UCS
FLT1,Bladder/Urinary Tract,-0.03451072523978426,-0.00842731192716695,34,0,floor_passing_receptor,BLCA
FLT1,Esophagus/Stomach,-0.0228976216270884,-0.0309877899114223,69,0,floor_passing_receptor,ESCA|STAD
FLT1,CNS/Brain,-0.02276867591183177,-0.028785456384520597,90,0,floor_passing_receptor,GBM|LGG
FLT1,Cervix,-0.022649037280605824,-0.018203532468839802,18,0,floor_passing_receptor,CESC
FLT1,Bone,-0.015629050837313047,0.00267347317832375,46,0,floor_passing_receptor,
FLT1,Myeloid,-0.014484870872030079,-0.03583537013584555,42,0,floor_passing_receptor,
FLT1,Breast,-0.008967942864182054,-0.014868798883945,53,0,floor_passing_receptor,BRCA
FLT1,Lung,-0.008165230831320452,-0.012001778921331151,126,0,floor_passing_receptor,LUAD|LUSC
FLT1,Soft Tissue,-0.005184677121034486,-0.0009152461974674,45,0,floor_passing_receptor,SARC
FLT1,Pancreas,-0.000418194786332753,-0.0062406193370126,47,0,floor_passing_receptor,PAAD
FLT1,Head and Neck,0.00016146520227220751,-0.0130385183820306,77,0,floor_passing_receptor,HNSC
FLT1,Ovary/Fallopian Tube,0.00036090080955290414,0.0037698586940876,59,0,floor_passing_receptor,OV
FLT1,Biliary Tract,0.004048714279082067,0.016066496164368,35,0,floor_passing_receptor,CHOL
FLT1,Testis,0.0061143068216565205,-0.0423243177219222,5,0,floor_passing_receptor,TGCT
FLT1,Prostate,0.00850349980526625,0.0616889723175118,10,0,floor_passing_receptor,PRAD
FLT1,Skin,0.012406253626033193,0.01121541601373545,74,0,floor_passing_receptor,SKCM
FLT1,Liver,0.013896673629422701,0.007185594680652,24,0,floor_passing_receptor,LIHC
FLT1,Uterus,0.014077775541170158,0.0054966853414130995,34,0,floor_passing_receptor,UCEC|UCS
FLT1,Pleura,0.01665668353564557,0.0009296681368018,21,0,floor_passing_receptor,MESO
FLT1,Peripheral Nervous System,0.02063038798810364,0.01768626785572905,44,0,floor_passing_receptor,PCPG
FLT1,Eye,0.024308802549324056,0.0088006426853987,15,0,floor_passing_receptor,UVM
FLT1,Lymphoid,0.02677797212173034,0.0223002129394466,93,0,floor_passing_receptor,
FLT1,Kidney,0.030898116119936054,0.0065780135499129,34,0,floor_passing_receptor,KIRC|KIRP|KICH
FLT1,Bowel,0.03280630990303051,0.0453865787000382,63,0,floor_passing_receptor,COAD|READ
FLT1,Thyroid,0.040874629724386484,0.0338357609312913,11,0,floor_passing_receptor,THCA
FZD1,Bladder/Urinary Tract,0.005093365175016318,0.0202134616807765,34,0,floor_passing_receptor,BLCA
FZD1,Bone,0.015497456446561374,0.02497888681562365,46,0,floor_passing_receptor,
FZD1,Pleura,0.01838263001243681,0.0487008474251005,21,0,floor_passing_receptor,MESO
FZD1,Prostate,0.021161215679496102,0.0490779706068872,10,0,floor_passing_receptor,PRAD
FZD1,Uterus,0.02263663319402893,0.02795215721210475,34,0,floor_passing_receptor,UCEC|UCS
FZD1,Myeloid,0.026146982733497685,0.035701976964709295,42,0,floor_passing_receptor,
FZD1,Ovary/Fallopian Tube,0.026699845830280063,0.0225488600646006,59,0,floor_passing_receptor,OV
FZD1,CNS/Brain,0.029157907729983785,0.0054420332659835,90,0,floor_passing_receptor,GBM|LGG
FZD1,Liver,0.0293861907644445,0.0350719138664347,24,0,floor_passing_receptor,LIHC
FZD1,Lung,0.031259676181806334,0.04407272052663355,126,0,floor_passing_receptor,LUAD|LUSC
FZD1,Head and Neck,0.032125649847620424,0.0275365421706853,77,0,floor_passing_receptor,HNSC
FZD1,Pancreas,0.03308610652949067,0.0473018142984193,47,0,floor_passing_receptor,PAAD
FZD1,Eye,0.03400070016913259,0.0178028202295501,15,0,floor_passing_receptor,UVM
FZD1,Biliary Tract,0.04085286767939698,0.0523933042210766,35,0,floor_passing_receptor,CHOL
FZD1,Lymphoid,0.046933107246223446,0.0475686221135508,93,0,floor_passing_receptor,
FZD1,Skin,0.04840578695488929,0.0333779678881198,74,0,floor_passing_receptor,SKCM
FZD1,Peripheral Nervous System,0.05102992512962061,0.06559845427970726,44,0,floor_passing_receptor,PCPG
FZD1,Esophagus/Stomach,0.053671573501724044,0.063231308299902,69,0,floor_passing_receptor,ESCA|STAD
FZD1,Soft Tissue,0.05675188368948087,0.0341077291395012,45,0,floor_passing_receptor,SARC
FZD1,Breast,0.05758891564068808,0.0703789142854625,53,0,floor_passing_receptor,BRCA
FZD1,Thyroid,0.058822590764170075,0.0493682223996042,11,0,floor_passing_receptor,THCA
FZD1,Kidney,0.05948282191866217,0.050746498231863696,34,0,floor_passing_receptor,KIRC|KIRP|KICH
FZD1,Bowel,0.07271939436128277,0.0664546112617229,63,0,floor_passing_receptor,COAD|READ
FZD1,Cervix,0.08771408146493448,0.08287883510825905,18,0,floor_passing_receptor,CESC
FZD1,Testis,0.09790746523979037,0.0877175395858944,5,0,floor_passing_receptor,TGCT
FZD10,Testis,-0.0067530080923521,-0.0658617664475604,5,0,floor_passing_receptor,TGCT
FZD10,Peripheral Nervous System,0.020414681863490464,0.0319647752570296,44,1,floor_passing_receptor,PCPG
FZD10,Bone,0.02576278465244918,0.0414935874179521,46,0,floor_passing_receptor,
FZD10,Kidney,0.029070588504165523,0.054687773651086055,34,0,floor_passing_receptor,KIRC|KIRP|KICH
FZD10,Myeloid,0.03264269383855668,0.0293272478110102,42,0,floor_passing_receptor,
FZD10,Ovary/Fallopian Tube,0.033117835420791636,0.0257623776674215,59,0,floor_passing_receptor,OV
FZD10,Skin,0.043865390740820666,0.0570507985857796,74,0,floor_passing_receptor,SKCM
FZD10,Eye,0.04639159273799965,0.0425503004131181,15,0,floor_passing_receptor,UVM
FZD10,Bowel,0.04889040844467165,0.0384071526072298,63,0,floor_passing_receptor,COAD|READ
FZD10,Lymphoid,0.050763509025832196,0.0369550635194897,93,0,floor_passing_receptor,
FZD10,Breast,0.0543273641625066,0.0536148782617074,53,0,floor_passing_receptor,BRCA
FZD10,Esophagus/Stomach,0.05432991173257506,0.0662912603894842,69,0,floor_passing_receptor,ESCA|STAD
FZD10,Pleura,0.05522430491649409,0.0530031377883018,21,0,floor_passing_receptor,MESO
FZD10,Prostate,0.055697039172077176,0.0304087922022647,10,0,floor_passing_receptor,PRAD
FZD10,Liver,0.05940536863407934,0.048293983645924105,24,0,floor_passing_receptor,LIHC
FZD10,Thyroid,0.06020039438977904,0.0524241264234964,11,0,floor_passing_receptor,THCA
FZD10,Bladder/Urinary Tract,0.06136887225863964,0.06569080745976766,34,0,floor_passing_receptor,BLCA
FZD10,Head and Neck,0.06450775218114531,0.0639878082988395,77,0,floor_passing_receptor,HNSC
FZD10,Soft Tissue,0.06578539030564101,0.0447338076518553,45,0,floor_passing_receptor,SARC
FZD10,CNS/Brain,0.06621366618212779,0.050291671928787654,90,0,floor_passing_receptor,GBM|LGG
FZD10,Biliary Tract,0.06750948855983654,0.0705299900005631,35,0,floor_passing_receptor,CHOL
FZD10,Uterus,0.08026672020345631,0.0709433645644072,34,0,floor_passing_receptor,UCEC|UCS
FZD10,Lung,0.08787310882649473,0.08062465054763665,126,0,floor_passing_receptor,LUAD|LUSC
FZD10,Pancreas,0.08904125355108809,0.0870643198658631,47,0,floor_passing_receptor,PAAD
FZD10,Cervix,0.09605676521397695,0.1187535283560392,18,0,floor_passing_receptor,CESC
FZD2,Testis,-0.12354259941193643,-0.1096544221881292,5,0,floor_passing_receptor,TGCT
FZD2,Peripheral Nervous System,-0.11634665234208864,-0.12258396708921156,44,1,floor_passing_receptor,PCPG
FZD2,Bowel,-0.10593411141111393,-0.1137109797980404,63,0,floor_passing_receptor,COAD|READ
FZD2,Lymphoid,-0.0968541130252536,-0.0771623484980243,93,0,floor_passing_receptor,
FZD2,Pancreas,-0.09647555033595633,-0.0846470250815047,47,0,floor_passing_receptor,PAAD
FZD2,Breast,-0.09259165129908187,-0.0935966198183961,53,0,floor_passing_receptor,BRCA
FZD2,Myeloid,-0.08643403207275446,-0.08325108748281025,42,0,floor_passing_receptor,
FZD2,Esophagus/Stomach,-0.08180651671723013,-0.0790232496765493,69,0,floor_passing_receptor,ESCA|STAD
FZD2,Bladder/Urinary Tract,-0.0795781996715392,-0.0916177756674455,34,0,floor_passing_receptor,BLCA
FZD2,Liver,-0.0773992680756052,-0.0774819844260724,24,0,floor_passing_receptor,LIHC
FZD2,Skin,-0.07196065469834748,-0.07369468294046219,74,0,floor_passing_receptor,SKCM
FZD2,Thyroid,-0.06938918479704101,-0.0653243017714937,11,0,floor_passing_receptor,THCA
FZD2,Head and Neck,-0.0679491525153364,-0.0646581241482332,77,0,floor_passing_receptor,HNSC
FZD2,Lung,-0.06695511634933381,-0.06958153196116834,126,0,floor_passing_receptor,LUAD|LUSC
FZD2,Ovary/Fallopian Tube,-0.06685276928157609,-0.058743175804904,59,0,floor_passing_receptor,OV
FZD2,CNS/Brain,-0.065803382126511,-0.056553014170697705,90,0,floor_passing_receptor,GBM|LGG
FZD2,Pleura,-0.06159192123606084,-0.0544910330141744,21,0,floor_passing_receptor,MESO
FZD2,Kidney,-0.061274927597925084,-0.0417752090520966,34,0,floor_passing_receptor,KIRC|KIRP|KICH
FZD2,Eye,-0.05132643220145862,-0.0820099577802967,15,0,floor_passing_receptor,UVM
FZD2,Cervix,-0.045422065138966745,-0.050070348308942,18,0,floor_passing_receptor,CESC
FZD2,Prostate,-0.044149529989290906,-0.053416995060113145,10,0,floor_passing_receptor,PRAD
FZD2,Biliary Tract,-0.03973612815425732,-0.0388922400983767,35,0,floor_passing_receptor,CHOL
FZD2,Bone,-0.03789176762068371,-0.03079085932817095,46,0,floor_passing_receptor,
FZD2,Soft Tissue,-0.035235101296608055,-0.0450029779679461,45,0,floor_passing_receptor,SARC
FZD2,Uterus,-0.03269008017269798,-0.0687563882532205,34,0,floor_passing_receptor,UCEC|UCS
FZD3,Prostate,-0.06370776879648768,-0.049878092865815,10,0,floor_passing_receptor,PRAD
FZD3,Esophagus/Stomach,-0.040720132378973296,-0.0265180499237287,69,0,floor_passing_receptor,ESCA|STAD
FZD3,Bone,-0.03550738810595861,-0.03950154535456095,46,0,floor_passing_receptor,
FZD3,Kidney,-0.03353404006237859,-0.0257471008076347,34,0,floor_passing_receptor,KIRC|KIRP|KICH
FZD3,Head and Neck,-0.03231911879355182,-0.0283887964938319,77,0,floor_passing_receptor,HNSC
FZD3,Myeloid,-0.03163439047163934,-0.0207320863004403,42,0,floor_passing_receptor,
FZD3,Peripheral Nervous System,-0.029262786421427114,-0.02500668114417345,44,0,floor_passing_receptor,PCPG
FZD3,Uterus,-0.02673136780559229,-0.02057154974839745,34,0,floor_passing_receptor,UCEC|UCS
FZD3,CNS/Brain,-0.025878876257845202,-0.02444092919087355,90,0,floor_passing_receptor,GBM|LGG
FZD3,Thyroid,-0.023227479410927246,-0.0076488935298472,11,0,floor_passing_receptor,THCA
FZD3,Ovary/Fallopian Tube,-0.020845314903127646,-0.0114125919487911,59,0,floor_passing_receptor,OV
FZD3,Bladder/Urinary Tract,-0.01825174134589914,-0.0034226865887783003,34,0,floor_passing_receptor,BLCA
FZD3,Breast,-0.016589732183752474,-0.0097799975114072,53,0,floor_passing_receptor,BRCA
FZD3,Lung,-0.016248096677463894,-0.0144301726221474,126,0,floor_passing_receptor,LUAD|LUSC
FZD3,Pancreas,-0.015423690123452034,-0.0142770340573605,47,0,floor_passing_receptor,PAAD
FZD3,Pleura,-0.012409969728274774,-0.0132626251772628,21,0,floor_passing_receptor,MESO
FZD3,Biliary Tract,-0.010614893939880788,0.0073639191117262,35,0,floor_passing_receptor,CHOL
FZD3,Soft Tissue,-0.01011436690324841,-0.0008386892511941,45,0,floor_passing_receptor,SARC
FZD3,Cervix,-0.007980032005900174,-0.00497512054128581,18,0,floor_passing_receptor,CESC
FZD3,Liver,-0.0047653787704405115,0.0102500975780586,24,0,floor_passing_receptor,LIHC
FZD3,Skin,-0.0030878740269440117,-0.00293193253899655,74,0,floor_passing_receptor,SKCM
FZD3,Bowel,-0.0021323608023820673,0.0034581875752752,63,0,floor_passing_receptor,COAD|READ
FZD3,Lymphoid,-0.0016187049761817816,0.0067515316453776,93,0,floor_passing_receptor,
FZD3,Eye,0.0011469754880525068,0.0093174376674071,15,0,floor_passing_receptor,UVM
FZD3,Testis,0.0030408289632352188,-0.0149215703318884,5,0,floor_passing_receptor,TGCT
FZD4,Bladder/Urinary Tract,0.09548222759347555,0.1051534827299235,34,0,floor_passing_receptor,BLCA
FZD4,Cervix,0.0995005157864329,0.09908699369521286,18,0,floor_passing_receptor,CESC
FZD4,Soft Tissue,0.1008635345043477,0.1137483055428875,45,0,floor_passing_receptor,SARC
FZD4,Kidney,0.10181676743516037,0.12669710913784685,34,0,floor_passing_receptor,KIRC|KIRP|KICH
FZD4,Bowel,0.10464123254404302,0.1224507562207693,63,0,floor_passing_receptor,COAD|READ
FZD4,Prostate,0.10582285812458489,0.1015895523720392,10,0,floor_passing_receptor,PRAD
FZD4,Skin,0.1072635124856627,0.11667018145138425,74,1,floor_passing_receptor,SKCM
FZD4,Pleura,0.10809303141899858,0.1471675791296358,21,0,floor_passing_receptor,MESO
FZD4,Head and Neck,0.10947090727975013,0.1117009890648225,77,0,floor_passing_receptor,HNSC
FZD4,Eye,0.11423588723192263,0.1287391009763697,15,0,floor_passing_receptor,UVM
FZD4,Uterus,0.11466410748626504,0.104929091720788,34,0,floor_passing_receptor,UCEC|UCS
FZD4,CNS/Brain,0.11754703759717691,0.1209194358401614,90,0,floor_passing_receptor,GBM|LGG
FZD4,Breast,0.11977732676457485,0.1262753082611365,53,0,floor_passing_receptor,BRCA
FZD4,Ovary/Fallopian Tube,0.11985720199345898,0.1219254809942958,59,0,floor_passing_receptor,OV
FZD4,Liver,0.12035236580828822,0.11169544928418751,24,0,floor_passing_receptor,LIHC
FZD4,Thyroid,0.12043614691425276,0.1164037764976246,11,0,floor_passing_receptor,THCA
FZD4,Esophagus/Stomach,0.12403505971108068,0.1365287965997896,69,0,floor_passing_receptor,ESCA|STAD
FZD4,Biliary Tract,0.1296605410164345,0.1351934306568269,35,0,floor_passing_receptor,CHOL
FZD4,Pancreas,0.13126529067342727,0.1416395709072618,47,0,floor_passing_receptor,PAAD
FZD4,Lung,0.13780731856234454,0.1286841906654799,126,0,floor_passing_receptor,LUAD|LUSC
FZD4,Bone,0.1401857796497342,0.1332772243027543,46,0,floor_passing_receptor,
FZD4,Myeloid,0.1424093764041215,0.12738591994504744,42,0,floor_passing_receptor,
FZD4,Peripheral Nervous System,0.14682868059826815,0.1155142448487515,44,0,floor_passing_receptor,PCPG
FZD4,Lymphoid,0.14866361207228027,0.1414214025372337,93,0,floor_passing_receptor,
FZD4,Testis,0.16860637060212078,0.1317571830465533,5,0,floor_passing_receptor,TGCT
FZD5,Pancreas,-0.31654675249030684,-0.0826352611220546,47,9,floor_passing_receptor,PAAD
FZD5,Prostate,-0.0835130956760774,-0.0653639372460033,10,0,floor_passing_receptor,PRAD
FZD5,Bladder/Urinary Tract,-0.0811718715485815,-0.06690332540364965,34,0,floor_passing_receptor,BLCA
FZD5,Peripheral Nervous System,-0.07327725243659729,-0.0681472009931188,44,0,floor_passing_receptor,PCPG
FZD5,Biliary Tract,-0.0698690922821701,-0.0515656801065571,35,1,floor_passing_receptor,CHOL
FZD5,Lung,-0.06801736119903765,-0.046197074819359404,126,2,floor_passing_receptor,LUAD|LUSC
FZD5,Bone,-0.06318279711235646,-0.0733515567312549,46,0,floor_passing_receptor,
FZD5,Ovary/Fallopian Tube,-0.05814518551720854,-0.0589693783623507,59,1,floor_passing_receptor,OV
FZD5,Testis,-0.053320176404510776,-0.0644464291292069,5,0,floor_passing_receptor,TGCT
FZD5,CNS/Brain,-0.04993930590304404,-0.046801378732270055,90,0,floor_passing_receptor,GBM|LGG
FZD5,Bowel,-0.044332985824899813,-0.032397247924648,63,0,floor_passing_receptor,COAD|READ
FZD5,Esophagus/Stomach,-0.04029104736901009,-0.0254485489078359,69,1,floor_passing_receptor,ESCA|STAD
FZD5,Uterus,-0.03326007498384747,-0.0231398057204754,34,1,floor_passing_receptor,UCEC|UCS
FZD5,Kidney,-0.03246389341362244,-0.00365493198323705,34,0,floor_passing_receptor,KIRC|KIRP|KICH
FZD5,Breast,-0.03168429814679233,-0.0370306269250346,53,0,floor_passing_receptor,BRCA
FZD5,Myeloid,-0.028479769411447437,-0.025815579049384453,42,0,floor_passing_receptor,
FZD5,Soft Tissue,-0.023642772388804602,-0.0159017249090018,45,0,floor_passing_receptor,SARC
FZD5,Eye,-0.020649782933877522,-0.0169671590004813,15,0,floor_passing_receptor,UVM
FZD5,Skin,-0.01851050349906651,-0.020076275558664702,74,0,floor_passing_receptor,SKCM
FZD5,Lymphoid,-0.013366737173412201,-0.0212278226024351,93,0,floor_passing_receptor,
FZD5,Head and Neck,-0.0063308664589905445,-0.0145254836959204,77,0,floor_passing_receptor,HNSC
FZD5,Liver,-0.005474990303482498,0.01926404363147265,24,0,floor_passing_receptor,LIHC
FZD5,Thyroid,-0.005473092367663628,-0.0066435199873803,11,0,floor_passing_receptor,THCA
FZD5,Pleura,0.00224284394919003,0.0082906453668577,21,0,floor_passing_receptor,MESO
FZD5,Cervix,0.005062981793400512,-0.0072677756528746,18,0,floor_passing_receptor,CESC
FZD6,Lymphoid,0.10681345263041572,0.1205635927583266,93,0,floor_passing_receptor,
FZD6,Bladder/Urinary Tract,0.11312379759498328,0.114878952178356,34,0,floor_passing_receptor,BLCA
FZD6,CNS/Brain,0.12382245100947654,0.11475794986328715,90,0,floor_passing_receptor,GBM|LGG
FZD6,Cervix,0.12561420935693424,0.09947930309179284,18,0,floor_passing_receptor,CESC
FZD6,Breast,0.1278547299205675,0.119100109392507,53,0,floor_passing_receptor,BRCA
FZD6,Pleura,0.13050445353847723,0.1224083542110928,21,0,floor_passing_receptor,MESO
FZD6,Ovary/Fallopian Tube,0.13061696563976521,0.1252974658856492,59,0,floor_passing_receptor,OV
FZD6,Uterus,0.1323635478606022,0.1318762524632083,34,0,floor_passing_receptor,UCEC|UCS
FZD6,Pancreas,0.1377285480214584,0.1394366468672549,47,0,floor_passing_receptor,PAAD
FZD6,Skin,0.13877772022945728,0.1404259280435743,74,0,floor_passing_receptor,SKCM
FZD6,Myeloid,0.1400502192042319,0.13287384247097955,42,0,floor_passing_receptor,
FZD6,Eye,0.14207291392182206,0.1522735894238953,15,0,floor_passing_receptor,UVM
FZD6,Esophagus/Stomach,0.14234230808450124,0.138552910268885,69,0,floor_passing_receptor,ESCA|STAD
FZD6,Head and Neck,0.14280048688614588,0.1450837586857065,77,0,floor_passing_receptor,HNSC
FZD6,Liver,0.1431834725458158,0.14026225401421516,24,0,floor_passing_receptor,LIHC
FZD6,Thyroid,0.14396800154054132,0.1294714679048864,11,0,floor_passing_receptor,THCA
FZD6,Lung,0.14559208395162027,0.15274142215041087,126,0,floor_passing_receptor,LUAD|LUSC
FZD6,Kidney,0.14635012478361112,0.13574927263168018,34,0,floor_passing_receptor,KIRC|KIRP|KICH
FZD6,Bowel,0.1516415986186366,0.1580792051934708,63,0,floor_passing_receptor,COAD|READ
FZD6,Peripheral Nervous System,0.1557298458898212,0.14774840833125108,44,0,floor_passing_receptor,PCPG
FZD6,Biliary Tract,0.16035627853992435,0.1338757734062154,35,0,floor_passing_receptor,CHOL
FZD6,Bone,0.16371685046814097,0.1686646448283438,46,0,floor_passing_receptor,
FZD6,Soft Tissue,0.16542943162806756,0.1568392576671939,45,0,floor_passing_receptor,SARC
FZD6,Prostate,0.2116613875240554,0.16185981193017054,10,0,floor_passing_receptor,PRAD
FZD6,Testis,0.23737223024711115,0.2826661460386613,5,0,floor_passing_receptor,TGCT
FZD7,Lymphoid,0.044003657202326095,0.062984726523785,93,0,floor_passing_receptor,
FZD7,Pancreas,0.045693757599584356,0.0705075434318284,47,0,floor_passing_receptor,PAAD
FZD7,Ovary/Fallopian Tube,0.054781978369611344,0.0597257208368819,59,0,floor_passing_receptor,OV
FZD7,Liver,0.05966875702919879,0.049615716341879654,24,0,floor_passing_receptor,LIHC
FZD7,Thyroid,0.062192875605568826,0.0578432105184796,11,0,floor_passing_receptor,THCA
FZD7,Testis,0.06269248357817696,0.0982705900864943,5,0,floor_passing_receptor,TGCT
FZD7,Eye,0.06516700177596928,0.0921207487058629,15,0,floor_passing_receptor,UVM
FZD7,Peripheral Nervous System,0.0670636503793376,0.08426409913196059,44,0,floor_passing_receptor,PCPG
FZD7,CNS/Brain,0.06736459358607988,0.08203896843990491,90,0,floor_passing_receptor,GBM|LGG
FZD7,Bladder/Urinary Tract,0.07228271804100216,0.08117556658011045,34,0,floor_passing_receptor,BLCA
FZD7,Myeloid,0.07565841323080731,0.08575684657814525,42,0,floor_passing_receptor,
FZD7,Bone,0.07922738708586716,0.0731458162530913,46,0,floor_passing_receptor,
FZD7,Breast,0.0812878490564908,0.0658490052971106,53,0,floor_passing_receptor,BRCA
FZD7,Bowel,0.08177866329741178,0.0828898046145084,63,0,floor_passing_receptor,COAD|READ
FZD7,Lung,0.08598336438216758,0.09190820891521435,126,0,floor_passing_receptor,LUAD|LUSC
FZD7,Cervix,0.09160415965715424,0.0726635436079886,18,0,floor_passing_receptor,CESC
FZD7,Soft Tissue,0.09375670614938411,0.0995018169024848,45,0,floor_passing_receptor,SARC
FZD7,Prostate,0.09511080460312199,0.09414727310141624,10,0,floor_passing_receptor,PRAD
FZD7,Biliary Tract,0.09822735492469695,0.106808886190623,35,0,floor_passing_receptor,CHOL
FZD7,Skin,0.10065334780003334,0.10740129118318084,74,0,floor_passing_receptor,SKCM
FZD7,Uterus,0.10347893639836347,0.09014498106144575,34,0,floor_passing_receptor,UCEC|UCS
FZD7,Pleura,0.10960154867864488,0.1334984930184435,21,0,floor_passing_receptor,MESO
FZD7,Esophagus/Stomach,0.11200668160887957,0.1107208159168581,69,0,floor_passing_receptor,ESCA|STAD
FZD7,Head and Neck,0.11703098162679813,0.1363279975898845,77,0,floor_passing_receptor,HNSC
FZD7,Kidney,0.11854339964864502,0.1215246082262773,34,0,floor_passing_receptor,KIRC|KIRP|KICH
FZD8,Prostate,-0.09064364071346806,-0.05501829063474515,10,0,floor_passing_receptor,PRAD
FZD8,Ovary/Fallopian Tube,-0.08045538756253917,-0.0707054001030178,59,0,floor_passing_receptor,OV
FZD8,Pleura,-0.07792626343215905,-0.0821971584802896,21,0,floor_passing_receptor,MESO
FZD8,Breast,-0.07763559148526984,-0.0684481853987614,53,0,floor_passing_receptor,BRCA
FZD8,CNS/Brain,-0.05296707294726947,-0.0597956849457758,90,0,floor_passing_receptor,GBM|LGG
FZD8,Bladder/Urinary Tract,-0.05247806910209389,-0.04932992106182705,34,0,floor_passing_receptor,BLCA
FZD8,Lung,-0.051897270925010834,-0.0585080405929691,126,0,floor_passing_receptor,LUAD|LUSC
FZD8,Soft Tissue,-0.05174236280504767,-0.043680597096015,45,0,floor_passing_receptor,SARC
FZD8,Liver,-0.05018633093457511,-0.04661031472743335,24,0,floor_passing_receptor,LIHC
FZD8,Cervix,-0.04813351635535222,-0.0328557999338831,18,0,floor_passing_receptor,CESC
FZD8,Bone,-0.04722833620484872,-0.06266026836856185,46,0,floor_passing_receptor,
FZD8,Pancreas,-0.045508733248164665,-0.038746268858698,47,0,floor_passing_receptor,PAAD
FZD8,Bowel,-0.04378712728794063,-0.0535205685841351,63,0,floor_passing_receptor,COAD|READ
FZD8,Skin,-0.043258335831772965,-0.0400255902407679,74,0,floor_passing_receptor,SKCM
FZD8,Uterus,-0.043100516446071595,-0.038437572686397053,34,0,floor_passing_receptor,UCEC|UCS
FZD8,Peripheral Nervous System,-0.04208089835606615,-0.028880493269240547,44,0,floor_passing_receptor,PCPG
FZD8,Head and Neck,-0.03855594365464305,-0.0266609079341544,77,0,floor_passing_receptor,HNSC
FZD8,Biliary Tract,-0.0354196928298478,-0.0348631973825118,35,0,floor_passing_receptor,CHOL
FZD8,Myeloid,-0.03464260200877121,-0.02801891072407445,42,0,floor_passing_receptor,
FZD8,Kidney,-0.03202563109181178,-0.01615152333013355,34,0,floor_passing_receptor,KIRC|KIRP|KICH
FZD8,Esophagus/Stomach,-0.025224783808318007,-0.0161343112717976,69,0,floor_passing_receptor,ESCA|STAD
FZD8,Eye,-0.02223382776769774,-0.0395784764463941,15,0,floor_passing_receptor,UVM
FZD8,Lymphoid,-0.016019774203349584,-0.0079246481512245,93,0,floor_passing_receptor,
FZD8,Thyroid,-0.014997312092561004,-0.0229309563794709,11,0,floor_passing_receptor,THCA
FZD8,Testis,0.07123086815855292,0.0273976747830034,5,0,floor_passing_receptor,TGCT
FZD9,Bladder/Urinary Tract,-0.09703363068712367,-0.08073740116173725,34,0,floor_passing_receptor,BLCA
FZD9,Soft Tissue,-0.09553072133588193,-0.108104790445121,45,0,floor_passing_receptor,SARC
FZD9,Esophagus/Stomach,-0.09199407954883151,-0.0934038690977566,69,0,floor_passing_receptor,ESCA|STAD
FZD9,Peripheral Nervous System,-0.08879607913518107,-0.07984717511296505,44,1,floor_passing_receptor,PCPG
FZD9,Pancreas,-0.08704596168407479,-0.0786674223347762,47,0,floor_passing_receptor,PAAD
FZD9,CNS/Brain,-0.0822560867344553,-0.0832179028907195,90,0,floor_passing_receptor,GBM|LGG
FZD9,Bone,-0.07652338142491603,-0.07650626745480955,46,0,floor_passing_receptor,
FZD9,Myeloid,-0.07504444283214025,-0.06429994835925895,42,0,floor_passing_receptor,
FZD9,Pleura,-0.07159866295233203,-0.0714317844319727,21,0,floor_passing_receptor,MESO
FZD9,Ovary/Fallopian Tube,-0.06564866393043942,-0.0536370538252218,59,0,floor_passing_receptor,OV
FZD9,Lymphoid,-0.0621117199873545,-0.0611288819826283,93,0,floor_passing_receptor,
FZD9,Uterus,-0.06170982477392666,-0.06439437282961005,34,0,floor_passing_receptor,UCEC|UCS
FZD9,Cervix,-0.06076221657135868,-0.07588220407872455,18,0,floor_passing_receptor,CESC
FZD9,Head and Neck,-0.05541875787776578,-0.06316062423599,77,0,floor_passing_receptor,HNSC
FZD9,Kidney,-0.05093606290069356,-0.06321233844238745,34,0,floor_passing_receptor,KIRC|KIRP|KICH
FZD9,Lung,-0.050842961865446804,-0.06321671884693295,126,0,floor_passing_receptor,LUAD|LUSC
FZD9,Liver,-0.04707158927601491,-0.04143303128564525,24,0,floor_passing_receptor,LIHC
FZD9,Biliary Tract,-0.03683678190235574,-0.0467087465093667,35,0,floor_passing_receptor,CHOL
FZD9,Bowel,-0.03663648297085867,-0.0549694366421179,63,0,floor_passing_receptor,COAD|READ
FZD9,Eye,-0.03453590947156771,-0.0453677040898242,15,0,floor_passing_receptor,UVM
FZD9,Breast,-0.031919712105413646,-0.0174111907600475,53,0,floor_passing_receptor,BRCA
FZD9,Testis,-0.026155473559198915,-0.0431129458492735,5,0,floor_passing_receptor,TGCT
FZD9,Thyroid,-0.0181557024979309,-0.0472325287462435,11,0,floor_passing_receptor,THCA
FZD9,Skin,-0.017034624716125175,-0.01161972861079765,74,0,floor_passing_receptor,SKCM
FZD9,Prostate,-0.013053481674796075,-0.02944233488205695,10,0,floor_passing_receptor,PRAD
HAVCR2,Peripheral Nervous System,0.03525329799551119,0.0720784706884536,44,1,floor_passing_receptor,PCPG
HAVCR2,Lymphoid,0.037648192264659916,0.0350151032749272,93,0,floor_passing_receptor,
HAVCR2,Liver,0.045026246760044325,0.0436368984543721,24,0,floor_passing_receptor,LIHC
HAVCR2,Uterus,0.04583987841717597,0.048757785986522195,34,0,floor_passing_receptor,UCEC|UCS
HAVCR2,Soft Tissue,0.050915023128780115,0.0524081752824121,45,0,floor_passing_receptor,SARC
HAVCR2,Myeloid,0.05111563543594168,0.051765407699170554,42,0,floor_passing_receptor,
HAVCR2,Pancreas,0.054653101542152735,0.0447932529713358,47,0,floor_passing_receptor,PAAD
HAVCR2,Skin,0.05625548286447872,0.0586216062558538,74,0,floor_passing_receptor,SKCM
HAVCR2,Bowel,0.05902771873800046,0.067549728152047,63,0,floor_passing_receptor,COAD|READ
HAVCR2,Kidney,0.06024246336611621,0.06802870037826306,34,0,floor_passing_receptor,KIRC|KIRP|KICH
HAVCR2,Lung,0.06070691073940903,0.0627087705140287,126,0,floor_passing_receptor,LUAD|LUSC
HAVCR2,CNS/Brain,0.06496954216350423,0.0664731753704956,90,0,floor_passing_receptor,GBM|LGG
HAVCR2,Eye,0.06712835636739625,0.0644394805026421,15,0,floor_passing_receptor,UVM
HAVCR2,Esophagus/Stomach,0.06788422167316231,0.0646711924237999,69,0,floor_passing_receptor,ESCA|STAD
HAVCR2,Head and Neck,0.0690338625652034,0.0636604330437787,77,0,floor_passing_receptor,HNSC
HAVCR2,Bone,0.07183131690573547,0.08719157541672425,46,0,floor_passing_receptor,
HAVCR2,Prostate,0.07194844436802889,0.05756255434710825,10,0,floor_passing_receptor,PRAD
HAVCR2,Breast,0.0743489201757343,0.0797469954570853,53,0,floor_passing_receptor,BRCA
HAVCR2,Biliary Tract,0.07676944812976426,0.0752762463017423,35,0,floor_passing_receptor,CHOL
HAVCR2,Thyroid,0.07773754689680573,0.050341822483469,11,0,floor_passing_receptor,THCA
HAVCR2,Pleura,0.0816016961200809,0.0870638669341297,21,0,floor_passing_receptor,MESO
HAVCR2,Ovary/Fallopian Tube,0.08505731017170688,0.0806297455367437,59,0,floor_passing_receptor,OV
HAVCR2,Cervix,0.0919356663828092,0.0707366252887773,18,0,floor_passing_receptor,CESC
HAVCR2,Bladder/Urinary Tract,0.1133419482436923,0.1075935794424892,34,0,floor_passing_receptor,BLCA
HAVCR2,Testis,0.15594355766284534,0.1208456129273796,5,0,floor_passing_receptor,TGCT
IGF1R,Bone,-0.5695606282885618,-0.5173686580699557,46,24,floor_passing_receptor,
IGF1R,Peripheral Nervous System,-0.5208765978481321,-0.4842773704206189,44,22,floor_passing_receptor,PCPG
IGF1R,Pancreas,-0.4503460255615088,-0.4693818812555083,47,18,floor_passing_receptor,PAAD
IGF1R,Bowel,-0.4322081349433112,-0.3591916691143237,63,24,floor_passing_receptor,COAD|READ
IGF1R,Prostate,-0.4080231557969962,-0.3113992858650093,10,4,floor_passing_receptor,PRAD
IGF1R,Soft Tissue,-0.39515291641130923,-0.2985666616108046,45,12,floor_passing_receptor,SARC
IGF1R,Liver,-0.3829965850359492,-0.27023341020224895,24,7,floor_passing_receptor,LIHC
IGF1R,Biliary Tract,-0.3583575988931167,-0.3001516603719756,35,8,floor_passing_receptor,CHOL
IGF1R,Lung,-0.33800524516064506,-0.3199952681045895,126,26,floor_passing_receptor,LUAD|LUSC
IGF1R,Esophagus/Stomach,-0.3368923795589766,-0.2708496035013896,69,16,floor_passing_receptor,ESCA|STAD
IGF1R,Skin,-0.32485711397973605,-0.29134398891524493,74,20,floor_passing_receptor,SKCM
IGF1R,Bladder/Urinary Tract,-0.28994342170190307,-0.2195808847626792,34,6,floor_passing_receptor,BLCA
IGF1R,Head and Neck,-0.28347007942586255,-0.2074738009267029,77,11,floor_passing_receptor,HNSC
IGF1R,Testis,-0.2811850971645523,-0.2467358644298917,5,1,floor_passing_receptor,TGCT
IGF1R,Cervix,-0.28093952503869307,-0.20446438657993646,18,2,floor_passing_receptor,CESC
IGF1R,Pleura,-0.2778327047351613,-0.2580549586481276,21,2,floor_passing_receptor,MESO
IGF1R,Lymphoid,-0.27401203678901864,-0.2044625997873666,93,20,floor_passing_receptor,
IGF1R,Eye,-0.26299060596610097,-0.1399495725611803,15,3,floor_passing_receptor,UVM
IGF1R,Myeloid,-0.220692456288965,-0.19176255612722354,42,4,floor_passing_receptor,
IGF1R,CNS/Brain,-0.21621544049982344,-0.17355308397422858,90,9,floor_passing_receptor,GBM|LGG
IGF1R,Thyroid,-0.21154296019830984,-0.221903063753448,11,0,floor_passing_receptor,THCA
IGF1R,Ovary/Fallopian Tube,-0.20819798631365244,-0.1817087474626279,59,4,floor_passing_receptor,OV
IGF1R,Kidney,-0.20535924278098075,-0.1973072276138786,34,2,floor_passing_receptor,KIRC|KIRP|KICH
IGF1R,Breast,-0.1705637535338098,-0.1565410022981982,53,2,floor_passing_receptor,BRCA
IGF1R,Uterus,-0.1189228548018756,-0.09981136883242975,34,1,floor_passing_receptor,UCEC|UCS
IGF2R,Eye,0.034047781556866615,0.0242670971254544,15,0,floor_passing_receptor,UVM
IGF2R,Biliary Tract,0.036427364403845995,0.0351151561338071,35,0,floor_passing_receptor,CHOL
IGF2R,Pleura,0.0442413020211491,0.0515644598260868,21,0,floor_passing_receptor,MESO
IGF2R,Prostate,0.047362245407023267,0.0649021564891692,10,0,floor_passing_receptor,PRAD
IGF2R,Pancreas,0.05300809428427995,0.0467054007626356,47,0,floor_passing_receptor,PAAD
IGF2R,Kidney,0.05396450041363552,0.04565287314783115,34,0,floor_passing_receptor,KIRC|KIRP|KICH
IGF2R,Soft Tissue,0.07033243013475565,0.0919921954096307,45,0,floor_passing_receptor,SARC
IGF2R,Bone,0.07252608372316657,0.08216889811213715,46,0,floor_passing_receptor,
IGF2R,CNS/Brain,0.0735405780904027,0.06788488546807245,90,0,floor_passing_receptor,GBM|LGG
IGF2R,Lymphoid,0.07419732391156302,0.0546918353005091,93,0,floor_passing_receptor,
IGF2R,Uterus,0.07469484711023329,0.07487278144522205,34,0,floor_passing_receptor,UCEC|UCS
IGF2R,Thyroid,0.07715170823028117,0.0505052141065558,11,0,floor_passing_receptor,THCA
IGF2R,Head and Neck,0.07965248593645748,0.0892074284794184,77,0,floor_passing_receptor,HNSC
IGF2R,Bladder/Urinary Tract,0.08039774341832225,0.08674619066673656,34,0,floor_passing_receptor,BLCA
IGF2R,Myeloid,0.08846265558888378,0.0883772444617725,42,0,floor_passing_receptor,
IGF2R,Cervix,0.09015686745356918,0.11117748793974835,18,0,floor_passing_receptor,CESC
IGF2R,Lung,0.0917573811119458,0.08725551614568615,126,0,floor_passing_receptor,LUAD|LUSC
IGF2R,Testis,0.09428924708145181,0.0844905519860263,5,0,floor_passing_receptor,TGCT
IGF2R,Esophagus/Stomach,0.09442582824444597,0.0892213934192519,69,0,floor_passing_receptor,ESCA|STAD
IGF2R,Skin,0.09745660392407256,0.0957729628601962,74,0,floor_passing_receptor,SKCM
IGF2R,Bowel,0.09983615121182254,0.0932912448610641,63,0,floor_passing_receptor,COAD|READ
IGF2R,Liver,0.10062396359921859,0.09729332848324346,24,0,floor_passing_receptor,LIHC
IGF2R,Peripheral Nervous System,0.10528985481307122,0.1183275256514861,44,0,floor_passing_receptor,PCPG
IGF2R,Breast,0.11574813819699836,0.0802657957290429,53,0,floor_passing_receptor,BRCA
IGF2R,Ovary/Fallopian Tube,0.11724486528155634,0.1059997191527261,59,0,floor_passing_receptor,OV
IL17RB,Testis,-0.1398970585693115,-0.1198488550294113,5,0,floor_passing_receptor,TGCT
IL17RB,Uterus,-0.09975683803405241,-0.0943646122298406,34,0,floor_passing_receptor,UCEC|UCS
IL17RB,Myeloid,-0.09179909115991963,-0.10777078299569315,42,0,floor_passing_receptor,
IL17RB,Head and Neck,-0.0915386570866213,-0.0830384070767147,77,0,floor_passing_receptor,HNSC
IL17RB,Cervix,-0.08535103796049716,-0.088350846462715,18,0,floor_passing_receptor,CESC
IL17RB,Soft Tissue,-0.07604932719726737,-0.0787882621044847,45,0,floor_passing_receptor,SARC
IL17RB,Lymphoid,-0.07180493858285729,-0.0695008844485353,93,0,floor_passing_receptor,
IL17RB,Esophagus/Stomach,-0.0706995534410361,-0.0737019544851277,69,0,floor_passing_receptor,ESCA|STAD
IL17RB,Bowel,-0.0692937844270848,-0.0529165359756868,63,0,floor_passing_receptor,COAD|READ
IL17RB,Prostate,-0.06925926360964307,-0.0655690947931419,10,0,floor_passing_receptor,PRAD
IL17RB,Thyroid,-0.06792001516685095,-0.0617199520747841,11,0,floor_passing_receptor,THCA
IL17RB,Kidney,-0.06306440178237986,-0.05321971718798175,34,0,floor_passing_receptor,KIRC|KIRP|KICH
IL17RB,Breast,-0.06207914341505924,-0.0685653075665082,53,0,floor_passing_receptor,BRCA
IL17RB,Peripheral Nervous System,-0.06013816008958832,-0.04098288969344395,44,0,floor_passing_receptor,PCPG
IL17RB,CNS/Brain,-0.05865617214029537,-0.05166300456359945,90,0,floor_passing_receptor,GBM|LGG
IL17RB,Pleura,-0.05830356037973489,-0.060271971547353,21,0,floor_passing_receptor,MESO
IL17RB,Bone,-0.05791884142130135,-0.06268251979587355,46,0,floor_passing_receptor,
IL17RB,Bladder/Urinary Tract,-0.054597566674740194,-0.0689675231790568,34,0,floor_passing_receptor,BLCA
IL17RB,Eye,-0.054075079411738655,-0.0549014494151111,15,0,floor_passing_receptor,UVM
IL17RB,Skin,-0.046512401564666093,-0.041612661596074546,74,0,floor_passing_receptor,SKCM
IL17RB,Liver,-0.04122261182271634,-0.05056560560230035,24,0,floor_passing_receptor,LIHC
IL17RB,Pancreas,-0.040537466829567985,-0.0535022104926404,47,0,floor_passing_receptor,PAAD
IL17RB,Lung,-0.04008537786307289,-0.04386854798124605,126,0,floor_passing_receptor,LUAD|LUSC
IL17RB,Biliary Tract,-0.03740751721787533,-0.0498115214014037,35,0,floor_passing_receptor,CHOL
IL17RB,Ovary/Fallopian Tube,-0.034104177899700314,-0.0452609945926924,59,0,floor_passing_receptor,OV
IL6ST,Cervix,-0.1346370268343816,-0.10009420611311909,18,1,floor_passing_receptor,CESC
IL6ST,Lung,-0.10475012060739251,-0.07960866454796364,126,2,floor_passing_receptor,LUAD|LUSC
IL6ST,Bone,-0.09034955434430782,-0.06889631562750856,46,0,floor_passing_receptor,
IL6ST,Lymphoid,-0.0865644328474554,-0.0299611570145554,93,5,floor_passing_receptor,
IL6ST,Head and Neck,-0.08641698269137184,-0.0793330574908107,77,0,floor_passing_receptor,HNSC
IL6ST,Esophagus/Stomach,-0.08522144082455532,-0.0523787681745348,69,1,floor_passing_receptor,ESCA|STAD
IL6ST,Soft Tissue,-0.07774431773119922,-0.0767009869094966,45,0,floor_passing_receptor,SARC
IL6ST,Pleura,-0.05885458874757064,-0.0120871686660347,21,1,floor_passing_receptor,MESO
IL6ST,Pancreas,-0.058110694634071494,-0.063693694873903,47,1,floor_passing_receptor,PAAD
IL6ST,Uterus,-0.05791396753584284,-0.033269539896571,34,0,floor_passing_receptor,UCEC|UCS
IL6ST,Liver,-0.0569420873636334,-0.055750228115129946,24,0,floor_passing_receptor,LIHC
IL6ST,Myeloid,-0.056371229795438786,-0.048503514226782354,42,0,floor_passing_receptor,
IL6ST,Peripheral Nervous System,-0.052963243042495216,-0.0500270589943057,44,0,floor_passing_receptor,PCPG
IL6ST,Eye,-0.052449792616228216,-0.0533885687720159,15,0,floor_passing_receptor,UVM
IL6ST,CNS/Brain,-0.051573481271962644,-0.03902516693045275,90,0,floor_passing_receptor,GBM|LGG
IL6ST,Ovary/Fallopian Tube,-0.043292785815440875,-0.0507422398287714,59,0,floor_passing_receptor,OV
IL6ST,Thyroid,-0.03742988252837943,-0.0442617752192817,11,0,floor_passing_receptor,THCA
IL6ST,Prostate,-0.03625123431788637,-0.03347230891439105,10,0,floor_passing_receptor,PRAD
IL6ST,Breast,-0.031293602196236614,-0.0289920061389875,53,0,floor_passing_receptor,BRCA
IL6ST,Bowel,-0.023645909998545645,0.0065578803626674,63,0,floor_passing_receptor,COAD|READ
IL6ST,Biliary Tract,-0.022445463381466458,-0.0293454150584121,35,0,floor_passing_receptor,CHOL
IL6ST,Bladder/Urinary Tract,-0.01812261102559359,-0.029183318607704248,34,0,floor_passing_receptor,BLCA
IL6ST,Testis,-0.002093699236596064,-0.009542569144257,5,0,floor_passing_receptor,TGCT
IL6ST,Skin,0.0005182558820630598,-0.007358071634476351,74,0,floor_passing_receptor,SKCM
IL6ST,Kidney,0.03213219135999531,-0.002052490058420251,34,0,floor_passing_receptor,KIRC|KIRP|KICH
ITGA4,Pancreas,-0.17835662342602776,-0.1620845109667904,47,2,floor_passing_receptor,PAAD
ITGA4,Biliary Tract,-0.1516538404162206,-0.1359755721530909,35,0,floor_passing_receptor,CHOL
ITGA4,Prostate,-0.1349447636888127,-0.11705587048356055,10,0,floor_passing_receptor,PRAD
ITGA4,Uterus,-0.13221148974911331,-0.12423799036330305,34,0,floor_passing_receptor,UCEC|UCS
ITGA4,Eye,-0.12668508518743285,-0.1042907937711743,15,0,floor_passing_receptor,UVM
ITGA4,Kidney,-0.12131553144951586,-0.1162975518269393,34,0,floor_passing_receptor,KIRC|KIRP|KICH
ITGA4,Ovary/Fallopian Tube,-0.11972391314564974,-0.1290063480860066,59,0,floor_passing_receptor,OV
ITGA4,Cervix,-0.11611622530438656,-0.08346398986436285,18,0,floor_passing_receptor,CESC
ITGA4,Lung,-0.11478107583621192,-0.11134051379176535,126,0,floor_passing_receptor,LUAD|LUSC
ITGA4,Bowel,-0.11236609158534198,-0.1155141730281626,63,1,floor_passing_receptor,COAD|READ
ITGA4,Bladder/Urinary Tract,-0.11211024316126517,-0.11741834461725725,34,0,floor_passing_receptor,BLCA
ITGA4,Myeloid,-0.10949598612627158,-0.0946206984936904,42,0,floor_passing_receptor,
ITGA4,Bone,-0.10878688862917693,-0.09034583946630814,46,0,floor_passing_receptor,
ITGA4,Esophagus/Stomach,-0.10230201304623186,-0.1010067775786817,69,1,floor_passing_receptor,ESCA|STAD
ITGA4,Breast,-0.09107562211982245,-0.0660106096959463,53,0,floor_passing_receptor,BRCA
ITGA4,Peripheral Nervous System,-0.09032162012355925,-0.07562232945831325,44,1,floor_passing_receptor,PCPG
ITGA4,Thyroid,-0.08437382135139658,-0.1033621019397155,11,0,floor_passing_receptor,THCA
ITGA4,Liver,-0.08408026055657741,-0.062446981400586646,24,0,floor_passing_receptor,LIHC
ITGA4,CNS/Brain,-0.07729561947114623,-0.08004134866045526,90,1,floor_passing_receptor,GBM|LGG
ITGA4,Head and Neck,-0.0755307655984231,-0.0775015180036857,77,0,floor_passing_receptor,HNSC
ITGA4,Pleura,-0.0677377257288764,-0.0410729971092447,21,0,floor_passing_receptor,MESO
ITGA4,Lymphoid,-0.056006304327676434,-0.0530832256216863,93,0,floor_passing_receptor,
ITGA4,Skin,-0.04629190947087996,-0.03726147006708025,74,2,floor_passing_receptor,SKCM
ITGA4,Soft Tissue,-0.04015087230219587,-0.0697910743947744,45,0,floor_passing_receptor,SARC
ITGA4,Testis,-0.019208501965616357,-0.0569037086364608,5,0,floor_passing_receptor,TGCT
ITGA6,Prostate,-0.18123038662245256,-0.18149108263170186,10,0,floor_passing_receptor,PRAD
ITGA6,Pleura,-0.15227265785149285,-0.1429520984617864,21,0,floor_passing_receptor,MESO
ITGA6,CNS/Brain,-0.1510856620369755,-0.13954668782575896,90,1,floor_passing_receptor,GBM|LGG
ITGA6,Liver,-0.1504465505595473,-0.1520092660927363,24,0,floor_passing_receptor,LIHC
ITGA6,Myeloid,-0.14923364029027086,-0.13389606386346356,42,1,floor_passing_receptor,
ITGA6,Thyroid,-0.14401406083942578,-0.1475775351243199,11,0,floor_passing_receptor,THCA
ITGA6,Eye,-0.14085637197214113,-0.1593128707111832,15,0,floor_passing_receptor,UVM
ITGA6,Kidney,-0.1407416927501797,-0.1237292281405076,34,1,floor_passing_receptor,KIRC|KIRP|KICH
ITGA6,Breast,-0.13945474541294967,-0.1405684622790224,53,1,floor_passing_receptor,BRCA
ITGA6,Head and Neck,-0.13621977967605725,-0.1500367364738475,77,2,floor_passing_receptor,HNSC
ITGA6,Uterus,-0.1357949760962265,-0.16368941235041773,34,0,floor_passing_receptor,UCEC|UCS
ITGA6,Biliary Tract,-0.12996943190657456,-0.131744267329546,35,1,floor_passing_receptor,CHOL
ITGA6,Lung,-0.12990858930830965,-0.13278020846066416,126,0,floor_passing_receptor,LUAD|LUSC
ITGA6,Peripheral Nervous System,-0.12716284864449331,-0.13876760788461234,44,0,floor_passing_receptor,PCPG
ITGA6,Cervix,-0.12115801774607629,-0.12760943079165704,18,0,floor_passing_receptor,CESC
ITGA6,Ovary/Fallopian Tube,-0.11416446070170119,-0.1212541291709685,59,0,floor_passing_receptor,OV
ITGA6,Esophagus/Stomach,-0.11387373292122999,-0.1202995089854286,69,0,floor_passing_receptor,ESCA|STAD
ITGA6,Lymphoid,-0.1055602694549142,-0.1152427839931957,93,0,floor_passing_receptor,
ITGA6,Bone,-0.10446761437118955,-0.12249995288060535,46,0,floor_passing_receptor,
ITGA6,Pancreas,-0.09799740688737914,-0.0881615023787212,47,0,floor_passing_receptor,PAAD
ITGA6,Bladder/Urinary Tract,-0.09704682006555887,-0.09729811587063965,34,0,floor_passing_receptor,BLCA
ITGA6,Bowel,-0.09483060046732476,-0.1003714250815587,63,1,floor_passing_receptor,COAD|READ
ITGA6,Skin,-0.08854167738253121,-0.09795955746506985,74,0,floor_passing_receptor,SKCM
ITGA6,Soft Tissue,-0.0807173259632936,-0.0796363594858709,45,0,floor_passing_receptor,SARC
ITGA6,Testis,-0.010645946891449093,0.0655827002336288,5,0,floor_passing_receptor,TGCT
ITGAV,Kidney,-1.1269025436288065,-1.0310555869688947,34,32,floor_passing_receptor,KIRC|KIRP|KICH
ITGAV,Thyroid,-1.0848802199346743,-1.1265607750081807,11,11,floor_passing_receptor,THCA
ITGAV,Liver,-1.006365266253795,-1.0091544381950086,24,20,floor_passing_receptor,LIHC
ITGAV,CNS/Brain,-0.937368230265117,-0.9650072124965223,90,76,floor_passing_receptor,GBM|LGG
ITGAV,Skin,-0.884838096814898,-0.885777680641727,74,60,floor_passing_receptor,SKCM
ITGAV,Pleura,-0.8795501050851089,-0.8876697318423622,21,17,floor_passing_receptor,MESO
ITGAV,Soft Tissue,-0.8301206841136685,-0.758768098789375,45,37,floor_passing_receptor,SARC
ITGAV,Eye,-0.8181134781511509,-0.8170178407456762,15,11,floor_passing_receptor,UVM
ITGAV,Ovary/Fallopian Tube,-0.7389316509985516,-0.6797332169633055,59,41,floor_passing_receptor,OV
ITGAV,Uterus,-0.7063397564552347,-0.654768478860797,34,21,floor_passing_receptor,UCEC|UCS
ITGAV,Breast,-0.704628637373705,-0.6423530901194137,53,35,floor_passing_receptor,BRCA
ITGAV,Lung,-0.6918321813956898,-0.5899315807299814,126,69,floor_passing_receptor,LUAD|LUSC
ITGAV,Bladder/Urinary Tract,-0.69120903519737,-0.6106578900115077,34,20,floor_passing_receptor,BLCA
ITGAV,Pancreas,-0.6521377819648494,-0.5449477378565699,47,26,floor_passing_receptor,PAAD
ITGAV,Testis,-0.6354772075925803,-0.6461767936729627,5,4,floor_passing_receptor,TGCT
ITGAV,Biliary Tract,-0.5823359780514954,-0.5323232627543674,35,20,floor_passing_receptor,CHOL
ITGAV,Bone,-0.5743353480770729,-0.533249024141977,46,24,floor_passing_receptor,
ITGAV,Peripheral Nervous System,-0.5557212471872531,-0.4574436581850492,44,17,floor_passing_receptor,PCPG
ITGAV,Bowel,-0.5250183168291568,-0.4522545674163655,63,27,floor_passing_receptor,COAD|READ
ITGAV,Cervix,-0.44841353276331664,-0.316582684418821,18,5,floor_passing_receptor,CESC
ITGAV,Esophagus/Stomach,-0.41987781101524535,-0.3002240452843241,69,17,floor_passing_receptor,ESCA|STAD
ITGAV,Prostate,-0.41937598542834553,-0.2794516052845222,10,4,floor_passing_receptor,PRAD
ITGAV,Myeloid,-0.3272304277140789,-0.3298281364840181,42,5,floor_passing_receptor,
ITGAV,Head and Neck,-0.3100152369720972,-0.1969089366719651,77,13,floor_passing_receptor,HNSC
ITGAV,Lymphoid,-0.20665874563186587,-0.2113087164354668,93,2,floor_passing_receptor,
ITGB1,Head and Neck,-0.5645058526538606,-0.4820453854864459,77,37,floor_passing_receptor,HNSC
ITGB1,Prostate,-0.5553337171276339,-0.6851645030842645,10,6,floor_passing_receptor,PRAD
ITGB1,Biliary Tract,-0.44916026979786067,-0.447974657519024,35,15,floor_passing_receptor,CHOL
ITGB1,Pancreas,-0.3800040048874674,-0.3421030581831175,47,14,floor_passing_receptor,PAAD
ITGB1,Pleura,-0.3573619951226982,-0.2773666492541942,21,6,floor_passing_receptor,MESO
ITGB1,Esophagus/Stomach,-0.3547059171432908,-0.2973750419987597,69,19,floor_passing_receptor,ESCA|STAD
ITGB1,Bladder/Urinary Tract,-0.3025103917199143,-0.2523358362445499,34,8,floor_passing_receptor,BLCA
ITGB1,Uterus,-0.25641065704715116,-0.21387730560838744,34,4,floor_passing_receptor,UCEC|UCS
ITGB1,Ovary/Fallopian Tube,-0.24480155705488504,-0.1670467906572476,59,13,floor_passing_receptor,OV
ITGB1,Cervix,-0.21336144951970556,-0.09482185259892831,18,2,floor_passing_receptor,CESC
ITGB1,Soft Tissue,-0.18543157114295852,-0.1913261134002384,45,6,floor_passing_receptor,SARC
ITGB1,Bowel,-0.1850993169512879,-0.1268802355756397,63,10,floor_passing_receptor,COAD|READ
ITGB1,Lung,-0.18354116345184773,-0.1543500958427622,126,12,floor_passing_receptor,LUAD|LUSC
ITGB1,Liver,-0.17988611791003026,-0.17308819480962945,24,3,floor_passing_receptor,LIHC
ITGB1,Peripheral Nervous System,-0.17348830776282534,-0.11736304063244679,44,5,floor_passing_receptor,PCPG
ITGB1,Bone,-0.17006993078770885,-0.155797593634747,46,3,floor_passing_receptor,
ITGB1,Breast,-0.1644006012607591,-0.1565337061181355,53,5,floor_passing_receptor,BRCA
ITGB1,Skin,-0.1504664300784674,-0.07891450913148015,74,7,floor_passing_receptor,SKCM
ITGB1,Testis,-0.13638094273846618,0.0480939663860424,5,0,floor_passing_receptor,TGCT
ITGB1,Eye,-0.1310966657384793,-0.0758405235355854,15,1,floor_passing_receptor,UVM
ITGB1,CNS/Brain,-0.0935824582176241,-0.07514867843530995,90,3,floor_passing_receptor,GBM|LGG
ITGB1,Myeloid,-0.020978187949759097,-0.0190028737020429,42,0,floor_passing_receptor,
ITGB1,Lymphoid,-0.0024938510206288437,0.0045737091528016,93,0,floor_passing_receptor,
ITGB1,Kidney,0.04693425669804881,0.03793903749076935,34,2,floor_passing_receptor,KIRC|KIRP|KICH
ITGB1,Thyroid,0.14041570920191465,0.1302423249994619,11,0,floor_passing_receptor,THCA
ITGB3,Liver,-0.1645619564778116,-0.11621049811924815,24,2,floor_passing_receptor,LIHC
ITGB3,Kidney,-0.15345998873257108,-0.1094844504167165,34,4,floor_passing_receptor,KIRC|KIRP|KICH
ITGB3,Skin,-0.10052470942146816,-0.07471349833882579,74,3,floor_passing_receptor,SKCM
ITGB3,Ovary/Fallopian Tube,-0.08475679115799546,-0.0367171900958179,59,3,floor_passing_receptor,OV
ITGB3,Thyroid,-0.08154784151625433,-0.070817813022199,11,0,floor_passing_receptor,THCA
ITGB3,CNS/Brain,-0.07558604145207562,-0.0442446341206041,90,1,floor_passing_receptor,GBM|LGG
ITGB3,Bone,-0.06515444064398433,-0.06902870984046795,46,1,floor_passing_receptor,
ITGB3,Bladder/Urinary Tract,-0.05239223481356929,-0.02575441113163135,34,0,floor_passing_receptor,BLCA
ITGB3,Soft Tissue,-0.05134562612441314,-0.0133480512371765,45,2,floor_passing_receptor,SARC
ITGB3,Uterus,-0.04608555060439044,-0.01454362899051685,34,1,floor_passing_receptor,UCEC|UCS
ITGB3,Pleura,-0.0367808006389028,-0.0215251508251454,21,0,floor_passing_receptor,MESO
ITGB3,Breast,-0.035586191431907624,0.0038383120904113,53,1,floor_passing_receptor,BRCA
ITGB3,Lung,-0.03312559177277213,-0.02916349696530225,126,0,floor_passing_receptor,LUAD|LUSC
ITGB3,Myeloid,-0.02932520494085407,-0.0029675916669210005,42,1,floor_passing_receptor,
ITGB3,Peripheral Nervous System,-0.027511671488655468,-0.02142918754205975,44,0,floor_passing_receptor,PCPG
ITGB3,Esophagus/Stomach,-0.011559361063923858,-0.0074724249098519,69,0,floor_passing_receptor,ESCA|STAD
ITGB3,Cervix,-0.011320050352972936,0.02992271825562075,18,1,floor_passing_receptor,CESC
ITGB3,Prostate,-0.010705326172543148,0.0206521978404966,10,0,floor_passing_receptor,PRAD
ITGB3,Pancreas,-0.010067721824440585,0.0102288290253169,47,0,floor_passing_receptor,PAAD
ITGB3,Bowel,-0.0066699787760004636,-0.0020260763568483,63,0,floor_passing_receptor,COAD|READ
ITGB3,Lymphoid,-0.004291500009451742,-0.0080404012922112,93,0,floor_passing_receptor,
ITGB3,Head and Neck,0.0019778491206499716,0.0213604725350298,77,0,floor_passing_receptor,HNSC
ITGB3,Biliary Tract,0.004710972834059566,0.0156640949342033,35,0,floor_passing_receptor,CHOL
ITGB3,Eye,0.025418505208398008,0.0252305340780488,15,0,floor_passing_receptor,UVM
ITGB3,Testis,0.03445426794328274,0.057433653578281,5,0,floor_passing_receptor,TGCT
ITGB4,Peripheral Nervous System,-0.18158774287420557,-0.1698246102184769,44,0,floor_passing_receptor,PCPG
ITGB4,Lymphoid,-0.16877276493677382,-0.1671482630012035,93,1,floor_passing_receptor,
ITGB4,Bone,-0.16784869699620744,-0.14780964876252745,46,1,floor_passing_receptor,
ITGB4,Prostate,-0.16704760195094553,-0.12143128295028921,10,0,floor_passing_receptor,PRAD
ITGB4,Myeloid,-0.1560910283224626,-0.16500789858815365,42,0,floor_passing_receptor,
ITGB4,Breast,-0.15566071307714896,-0.1546142179484593,53,1,floor_passing_receptor,BRCA
ITGB4,Lung,-0.1462632538330926,-0.1408527203128192,126,0,floor_passing_receptor,LUAD|LUSC
ITGB4,Kidney,-0.14477204036150473,-0.13754035736220138,34,0,floor_passing_receptor,KIRC|KIRP|KICH
ITGB4,Cervix,-0.13393008885853785,-0.1392574609753504,18,0,floor_passing_receptor,CESC
ITGB4,Liver,-0.13295382209498152,-0.13097511392721078,24,0,floor_passing_receptor,LIHC
ITGB4,Thyroid,-0.1314935153221707,-0.1271520252394968,11,0,floor_passing_receptor,THCA
ITGB4,Skin,-0.1313529393016424,-0.1273666152180032,74,1,floor_passing_receptor,SKCM
ITGB4,Biliary Tract,-0.13093780452917173,-0.1226283353935871,35,0,floor_passing_receptor,CHOL
ITGB4,CNS/Brain,-0.12975732424086422,-0.1351143416222175,90,0,floor_passing_receptor,GBM|LGG
ITGB4,Ovary/Fallopian Tube,-0.12553869625077163,-0.1033637282328981,59,0,floor_passing_receptor,OV
ITGB4,Pancreas,-0.1194292127780871,-0.1034626284970598,47,0,floor_passing_receptor,PAAD
ITGB4,Pleura,-0.11922748132594096,-0.1313532283626725,21,0,floor_passing_receptor,MESO
ITGB4,Soft Tissue,-0.11917460193042165,-0.1329021112639888,45,0,floor_passing_receptor,SARC
ITGB4,Bowel,-0.1151827119431687,-0.1151293115346908,63,0,floor_passing_receptor,COAD|READ
ITGB4,Bladder/Urinary Tract,-0.11289421644044256,-0.12585181812189625,34,0,floor_passing_receptor,BLCA
ITGB4,Esophagus/Stomach,-0.11006352242655254,-0.1118135843914147,69,0,floor_passing_receptor,ESCA|STAD
ITGB4,Testis,-0.10846559564436238,-0.0795667297252699,5,0,floor_passing_receptor,TGCT
ITGB4,Uterus,-0.09698058516320607,-0.0744450309781495,34,0,floor_passing_receptor,UCEC|UCS
ITGB4,Head and Neck,-0.08575754753253383,-0.0991729307705562,77,0,floor_passing_receptor,HNSC
ITGB4,Eye,-0.08267228689376943,-0.0900187437151935,15,0,floor_passing_receptor,UVM
ITGB5,Eye,-0.7436265017740216,-0.7849401527353832,15,10,floor_passing_receptor,UVM
ITGB5,Pleura,-0.5840426395828624,-0.5062674313839729,21,11,floor_passing_receptor,MESO
ITGB5,Thyroid,-0.5560041106909138,-0.5485772666412844,11,8,floor_passing_receptor,THCA
ITGB5,CNS/Brain,-0.5284655490480611,-0.4702096191330484,90,39,floor_passing_receptor,GBM|LGG
ITGB5,Liver,-0.5077838221311696,-0.4046558459456139,24,11,floor_passing_receptor,LIHC
ITGB5,Breast,-0.4678987416184339,-0.3986311620676572,53,22,floor_passing_receptor,BRCA
ITGB5,Bladder/Urinary Tract,-0.4211090110126934,-0.3007266557852867,34,10,floor_passing_receptor,BLCA
ITGB5,Testis,-0.38124406422675206,-0.3739599010991664,5,1,floor_passing_receptor,TGCT
ITGB5,Pancreas,-0.37781795631389775,-0.3015648389839056,47,12,floor_passing_receptor,PAAD
ITGB5,Lung,-0.3772907688023774,-0.28771062581193685,126,36,floor_passing_receptor,LUAD|LUSC
ITGB5,Bowel,-0.3689123227157014,-0.3370457027218798,63,16,floor_passing_receptor,COAD|READ
ITGB5,Kidney,-0.3508925132425369,-0.3385155701280692,34,7,floor_passing_receptor,KIRC|KIRP|KICH
ITGB5,Soft Tissue,-0.3322088735782729,-0.262593325785436,45,10,floor_passing_receptor,SARC
ITGB5,Uterus,-0.3225736501243319,-0.2488686813875879,34,5,floor_passing_receptor,UCEC|UCS
ITGB5,Biliary Tract,-0.320647619281013,-0.1732787788341903,35,6,floor_passing_receptor,CHOL
ITGB5,Skin,-0.29771233508829986,-0.24943996960835543,74,11,floor_passing_receptor,SKCM
ITGB5,Bone,-0.276235424280778,-0.24579818017603408,46,5,floor_passing_receptor,
ITGB5,Ovary/Fallopian Tube,-0.24673337715111374,-0.18393911936671,59,11,floor_passing_receptor,OV
ITGB5,Esophagus/Stomach,-0.2354115672222025,-0.1415962001127735,69,14,floor_passing_receptor,ESCA|STAD
ITGB5,Cervix,-0.22988262002003365,-0.1664192850448185,18,4,floor_passing_receptor,CESC
ITGB5,Peripheral Nervous System,-0.22295077282160056,-0.1923034871782333,44,5,floor_passing_receptor,PCPG
ITGB5,Prostate,-0.19845978953790255,-0.16412266795037644,10,0,floor_passing_receptor,PRAD
ITGB5,Head and Neck,-0.12926019859389118,-0.0652918565332695,77,7,floor_passing_receptor,HNSC
ITGB5,Myeloid,-0.10870776948010227,-0.12259328428424801,42,1,floor_passing_receptor,
ITGB5,Lymphoid,-0.0604688338573336,-0.0458902635198086,93,0,floor_passing_receptor,
LIFR,Bone,-0.11309410350072939,-0.12502879221618785,46,0,floor_passing_receptor,
LIFR,Esophagus/Stomach,-0.09179108789761843,-0.0608174967946135,69,2,floor_passing_receptor,ESCA|STAD
LIFR,Prostate,-0.08959736100208528,-0.0808992254029282,10,0,floor_passing_receptor,PRAD
LIFR,Pleura,-0.08456118625560735,-0.0632753456739759,21,1,floor_passing_receptor,MESO
LIFR,Soft Tissue,-0.07250170731713286,-0.0613847709179869,45,0,floor_passing_receptor,SARC
LIFR,Liver,-0.059561109684446605,-0.05903409203868845,24,0,floor_passing_receptor,LIHC
LIFR,Pancreas,-0.057918399200722226,-0.0256703263658767,47,1,floor_passing_receptor,PAAD
LIFR,CNS/Brain,-0.0518215400468912,-0.04434596327297335,90,1,floor_passing_receptor,GBM|LGG
LIFR,Lung,-0.04824196109169829,-0.030767578387119153,126,2,floor_passing_receptor,LUAD|LUSC
LIFR,Biliary Tract,-0.04585844524231022,-0.0324078433935243,35,0,floor_passing_receptor,CHOL
LIFR,Peripheral Nervous System,-0.04529752325125498,-0.03294086633938525,44,1,floor_passing_receptor,PCPG
LIFR,Cervix,-0.042166178436723344,-0.016877536432061302,18,0,floor_passing_receptor,CESC
LIFR,Kidney,-0.04184194240974856,-0.04674032908202545,34,0,floor_passing_receptor,KIRC|KIRP|KICH
LIFR,Breast,-0.04176208191229599,-0.0373254539006111,53,0,floor_passing_receptor,BRCA
LIFR,Bladder/Urinary Tract,-0.04129134540044549,-0.04596547211069455,34,0,floor_passing_receptor,BLCA
LIFR,Uterus,-0.04103737487145254,-0.04451218553007165,34,0,floor_passing_receptor,UCEC|UCS
LIFR,Bowel,-0.03303586292514331,-0.0370660692288504,63,1,floor_passing_receptor,COAD|READ
LIFR,Eye,-0.031336420781974274,-0.0372131844400854,15,0,floor_passing_receptor,UVM
LIFR,Lymphoid,-0.0295096942087394,-0.0311954614151488,93,1,floor_passing_receptor,
LIFR,Thyroid,-0.025046900333160163,-0.0346512080028003,11,0,floor_passing_receptor,THCA
LIFR,Ovary/Fallopian Tube,-0.01437853560144557,-0.0081961228759742,59,0,floor_passing_receptor,OV
LIFR,Head and Neck,-0.0137452551606627,-0.0192211696243286,77,0,floor_passing_receptor,HNSC
LIFR,Myeloid,0.00473244926126447,0.02660372571750205,42,0,floor_passing_receptor,
LIFR,Skin,0.016376065302481622,-0.0076284337745561506,74,0,floor_passing_receptor,SKCM
LIFR,Testis,0.02588543039836848,0.0400295040432581,5,0,floor_passing_receptor,TGCT
LRP1,Eye,-0.2486891085960647,-0.2658450889696949,15,0,floor_passing_receptor,UVM
LRP1,Ovary/Fallopian Tube,-0.22780460233546615,-0.2188843139265341,59,2,floor_passing_receptor,OV
LRP1,Prostate,-0.21807992156187622,-0.2247770230074947,10,0,floor_passing_receptor,PRAD
LRP1,Testis,-0.21100081875191878,-0.2622516461275376,5,0,floor_passing_receptor,TGCT
LRP1,Bowel,-0.21059798968282117,-0.2158238146553314,63,2,floor_passing_receptor,COAD|READ
LRP1,Breast,-0.20934299674665868,-0.2246826880459781,53,0,floor_passing_receptor,BRCA
LRP1,Kidney,-0.1968883397516846,-0.15775563859801545,34,0,floor_passing_receptor,KIRC|KIRP|KICH
LRP1,Lymphoid,-0.1968535574474989,-0.2024422208666422,93,3,floor_passing_receptor,
LRP1,Bone,-0.1937969512123975,-0.20381356435663428,46,0,floor_passing_receptor,
LRP1,Myeloid,-0.1823633181106692,-0.19449628969309957,42,0,floor_passing_receptor,
LRP1,Biliary Tract,-0.17828271831261855,-0.1966120469257435,35,1,floor_passing_receptor,CHOL
LRP1,Peripheral Nervous System,-0.17782327179831844,-0.18918364676438654,44,2,floor_passing_receptor,PCPG
LRP1,Uterus,-0.17780171120864396,-0.164908816197389,34,0,floor_passing_receptor,UCEC|UCS
LRP1,CNS/Brain,-0.1770505646964272,-0.16368572251027455,90,1,floor_passing_receptor,GBM|LGG
LRP1,Skin,-0.17683172622540555,-0.1759623856047212,74,0,floor_passing_receptor,SKCM
LRP1,Lung,-0.17651954055845753,-0.1810708440769329,126,1,floor_passing_receptor,LUAD|LUSC
LRP1,Pancreas,-0.16755437516434168,-0.1977708238095752,47,0,floor_passing_receptor,PAAD
LRP1,Pleura,-0.16402027269533362,-0.1790206920791119,21,0,floor_passing_receptor,MESO
LRP1,Soft Tissue,-0.1596399600648535,-0.1587341804563363,45,0,floor_passing_receptor,SARC
LRP1,Esophagus/Stomach,-0.15360677987135674,-0.1532520307198813,69,0,floor_passing_receptor,ESCA|STAD
LRP1,Bladder/Urinary Tract,-0.15154247533035453,-0.14492300991390084,34,0,floor_passing_receptor,BLCA
LRP1,Cervix,-0.14764649539573368,-0.1422420786260201,18,0,floor_passing_receptor,CESC
LRP1,Thyroid,-0.13928412695721568,-0.1467383974968805,11,0,floor_passing_receptor,THCA
LRP1,Head and Neck,-0.12072702224241862,-0.143342546630554,77,0,floor_passing_receptor,HNSC
LRP1,Liver,-0.11414900746115224,-0.11838537862207565,24,0,floor_passing_receptor,LIHC
LRP5,Pancreas,-0.2533296904085603,-0.1958117622845822,47,4,floor_passing_receptor,PAAD
LRP5,Eye,-0.20390962828549636,-0.2182393080958774,15,0,floor_passing_receptor,UVM
LRP5,Lung,-0.19588368756010985,-0.17251051873294476,126,6,floor_passing_receptor,LUAD|LUSC
LRP5,Kidney,-0.19497341399871881,-0.1882796123930276,34,0,floor_passing_receptor,KIRC|KIRP|KICH
LRP5,Testis,-0.19000290983778903,-0.1162000410403381,5,0,floor_passing_receptor,TGCT
LRP5,Biliary Tract,-0.18656058002729778,-0.181017927554024,35,0,floor_passing_receptor,CHOL
LRP5,Peripheral Nervous System,-0.181668298063231,-0.17561759166798746,44,1,floor_passing_receptor,PCPG
LRP5,Head and Neck,-0.17162799304301843,-0.1623339798617472,77,1,floor_passing_receptor,HNSC
LRP5,Ovary/Fallopian Tube,-0.1652139640950537,-0.1687630963141862,59,0,floor_passing_receptor,OV
LRP5,Esophagus/Stomach,-0.16445497958093822,-0.1614671261774083,69,1,floor_passing_receptor,ESCA|STAD
LRP5,Uterus,-0.15686098917544,-0.13516537907151124,34,0,floor_passing_receptor,UCEC|UCS
LRP5,Lymphoid,-0.15475630138816296,-0.1626829153519271,93,1,floor_passing_receptor,
LRP5,Prostate,-0.15368648381722866,-0.14644973536004513,10,0,floor_passing_receptor,PRAD
LRP5,Bladder/Urinary Tract,-0.15355253272232983,-0.1537389040591163,34,0,floor_passing_receptor,BLCA
LRP5,Bone,-0.15197595363442798,-0.15807693587728794,46,0,floor_passing_receptor,
LRP5,Pleura,-0.14926685704782272,-0.1216466239501882,21,0,floor_passing_receptor,MESO
LRP5,CNS/Brain,-0.14916352775484026,-0.13216926741182805,90,0,floor_passing_receptor,GBM|LGG
LRP5,Thyroid,-0.14531578682953736,-0.1515752797294362,11,0,floor_passing_receptor,THCA
LRP5,Skin,-0.1422100941774518,-0.14006443623435105,74,1,floor_passing_receptor,SKCM
LRP5,Myeloid,-0.13981900689632132,-0.14364590243528697,42,0,floor_passing_receptor,
LRP5,Bowel,-0.13935836988122843,-0.1335329530752614,63,1,floor_passing_receptor,COAD|READ
LRP5,Cervix,-0.13931992118071584,-0.13440267220947255,18,0,floor_passing_receptor,CESC
LRP5,Liver,-0.13623419255258254,-0.13051929059627926,24,0,floor_passing_receptor,LIHC
LRP5,Breast,-0.13193766261436296,-0.1463311392864945,53,0,floor_passing_receptor,BRCA
LRP5,Soft Tissue,-0.12494875698974223,-0.1245924004189267,45,0,floor_passing_receptor,SARC
LRP6,Testis,-0.19266831395839842,-0.1978663701243393,5,0,floor_passing_receptor,TGCT
LRP6,Uterus,-0.013772170480848504,0.0090185869265665,34,0,floor_passing_receptor,UCEC|UCS
LRP6,Esophagus/Stomach,-0.012735716592711914,-0.0118366903701488,69,1,floor_passing_receptor,ESCA|STAD
LRP6,Thyroid,-0.011893103491540652,-0.0205597465869886,11,0,floor_passing_receptor,THCA
LRP6,Eye,-0.0073815136762966915,0.0165061245310242,15,0,floor_passing_receptor,UVM
LRP6,Prostate,-0.00480716716851713,-0.0130047625863359,10,0,floor_passing_receptor,PRAD
LRP6,Soft Tissue,-0.004195995025592738,0.0155385014853944,45,1,floor_passing_receptor,SARC
LRP6,Biliary Tract,-0.003657707892250299,-0.0187831896882381,35,0,floor_passing_receptor,CHOL
LRP6,Bone,0.0010650451423705163,-0.017390740984476398,46,0,floor_passing_receptor,
LRP6,Pancreas,0.0011720462792843207,0.017565730382126,47,1,floor_passing_receptor,PAAD
LRP6,Head and Neck,0.006230745988317872,0.0075208323062388,77,0,floor_passing_receptor,HNSC
LRP6,Lung,0.007631593376830352,0.01619471361335645,126,0,floor_passing_receptor,LUAD|LUSC
LRP6,Lymphoid,0.009689958596313511,0.0011977217221186,93,0,floor_passing_receptor,
LRP6,Cervix,0.015124271711385905,0.0197365180943681,18,0,floor_passing_receptor,CESC
LRP6,Myeloid,0.01701450213093381,0.02196735682522245,42,0,floor_passing_receptor,
LRP6,CNS/Brain,0.0221413768424977,0.0176308249944318,90,0,floor_passing_receptor,GBM|LGG
LRP6,Peripheral Nervous System,0.023399943931940927,0.014713631677996301,44,0,floor_passing_receptor,PCPG
LRP6,Pleura,0.026040359541067454,0.0353646427719082,21,0,floor_passing_receptor,MESO
LRP6,Bowel,0.029608877679488218,0.0333649938359822,63,1,floor_passing_receptor,COAD|READ
LRP6,Skin,0.03109915236246107,0.0424243373649482,74,0,floor_passing_receptor,SKCM
LRP6,Kidney,0.03308162004781407,0.018985411612935002,34,0,floor_passing_receptor,KIRC|KIRP|KICH
LRP6,Ovary/Fallopian Tube,0.03471563228050331,0.0334465150357726,59,0,floor_passing_receptor,OV
LRP6,Bladder/Urinary Tract,0.03814931843256084,0.02550825252330885,34,0,floor_passing_receptor,BLCA
LRP6,Breast,0.07185809179071738,0.0538971637661256,53,0,floor_passing_receptor,BRCA
LRP6,Liver,0.0745277307233095,0.06105232890535485,24,0,floor_passing_receptor,LIHC
MERTK,Bone,-0.18204000308971716,-0.1550791264414528,46,3,floor_passing_receptor,
MERTK,Eye,-0.17276815501487322,-0.1121097618547708,15,1,floor_passing_receptor,UVM
MERTK,Thyroid,-0.1583972383734102,-0.1966259933697941,11,0,floor_passing_receptor,THCA
MERTK,Uterus,-0.1409928636243529,-0.13816380632438674,34,0,floor_passing_receptor,UCEC|UCS
MERTK,Liver,-0.13958975169062451,-0.13123963999279895,24,0,floor_passing_receptor,LIHC
MERTK,Skin,-0.13039209904694501,-0.138126561148936,74,0,floor_passing_receptor,SKCM
MERTK,Head and Neck,-0.12876750982891824,-0.1296951718422547,77,0,floor_passing_receptor,HNSC
MERTK,Pancreas,-0.12577314290877503,-0.1237938242146156,47,0,floor_passing_receptor,PAAD
MERTK,Lung,-0.12205499775610816,-0.11530661699367835,126,0,floor_passing_receptor,LUAD|LUSC
MERTK,CNS/Brain,-0.12049752827430472,-0.1388250077512843,90,0,floor_passing_receptor,GBM|LGG
MERTK,Soft Tissue,-0.11743612983206878,-0.1223495919474552,45,0,floor_passing_receptor,SARC
MERTK,Breast,-0.11084670054639727,-0.0948621883636634,53,0,floor_passing_receptor,BRCA
MERTK,Ovary/Fallopian Tube,-0.10466168334509557,-0.1013718337764229,59,1,floor_passing_receptor,OV
MERTK,Bowel,-0.1024649209425078,-0.1098018148295943,63,1,floor_passing_receptor,COAD|READ
MERTK,Peripheral Nervous System,-0.09945783708553659,-0.12285582454312435,44,0,floor_passing_receptor,PCPG
MERTK,Esophagus/Stomach,-0.09501431361302669,-0.101335952884854,69,0,floor_passing_receptor,ESCA|STAD
MERTK,Lymphoid,-0.09254711098732318,-0.0924023338430664,93,1,floor_passing_receptor,
MERTK,Biliary Tract,-0.08711926456035043,-0.1078926446501052,35,0,floor_passing_receptor,CHOL
MERTK,Testis,-0.0856052649423915,-0.04849029351299,5,0,floor_passing_receptor,TGCT
MERTK,Myeloid,-0.08467751389835018,-0.06617438868052905,42,1,floor_passing_receptor,
MERTK,Pleura,-0.08414069834288333,-0.0521422326382708,21,0,floor_passing_receptor,MESO
MERTK,Bladder/Urinary Tract,-0.08346185116441159,-0.08492581633687035,34,0,floor_passing_receptor,BLCA
MERTK,Cervix,-0.08339825199740197,-0.0945581614781354,18,0,floor_passing_receptor,CESC
MERTK,Kidney,-0.06479682894014566,-0.07895959154263035,34,0,floor_passing_receptor,KIRC|KIRP|KICH
MERTK,Prostate,-0.049815293464570046,-0.0680347031451458,10,0,floor_passing_receptor,PRAD
NCL,Eye,-1.0945174902610924,-0.9952302666696096,15,15,floor_passing_receptor,UVM
NCL,Kidney,-1.056828739565282,-1.0110341825675047,34,34,floor_passing_receptor,KIRC|KIRP|KICH
NCL,Skin,-1.0521808614730621,-1.0017834495091762,74,73,floor_passing_receptor,SKCM
NCL,Pleura,-1.03252629740931,-1.0001200035272342,21,21,floor_passing_receptor,MESO
NCL,Thyroid,-1.0217056251586902,-1.0071994673106397,11,11,floor_passing_receptor,THCA
NCL,CNS/Brain,-1.0162063146645637,-0.9814943291944117,90,89,floor_passing_receptor,GBM|LGG
NCL,Biliary Tract,-1.0065816718307576,-0.9587016046959368,35,35,floor_passing_receptor,CHOL
NCL,Ovary/Fallopian Tube,-1.0059551093878165,-0.9960859854845948,59,59,floor_passing_receptor,OV
NCL,Soft Tissue,-0.976651638916907,-0.8990096203324031,45,45,floor_passing_receptor,SARC
NCL,Bowel,-0.9708025993439002,-0.951318742396582,63,63,floor_passing_receptor,COAD|READ
NCL,Prostate,-0.9524935036202538,-0.8944171226369786,10,10,floor_passing_receptor,PRAD
NCL,Pancreas,-0.9506481073612963,-0.9211540714003332,47,45,floor_passing_receptor,PAAD
NCL,Peripheral Nervous System,-0.9218948328968842,-0.8986088830187646,44,43,floor_passing_receptor,PCPG
NCL,Breast,-0.9117120408348877,-0.8868198527198115,53,52,floor_passing_receptor,BRCA
NCL,Lymphoid,-0.9110564630575213,-0.8795960829458672,93,93,floor_passing_receptor,
NCL,Bone,-0.9102009541653995,-0.867292824685246,46,46,floor_passing_receptor,
NCL,Bladder/Urinary Tract,-0.9090931618902067,-0.8709990256978482,34,34,floor_passing_receptor,BLCA
NCL,Uterus,-0.9013886337978918,-0.8304941956398151,34,33,floor_passing_receptor,UCEC|UCS
NCL,Lung,-0.8961565494901794,-0.9006554506945594,126,125,floor_passing_receptor,LUAD|LUSC
NCL,Liver,-0.8686094063108367,-0.8820453715219821,24,24,floor_passing_receptor,LIHC
NCL,Cervix,-0.8576738374158247,-0.8388561184069254,18,18,floor_passing_receptor,CESC
NCL,Esophagus/Stomach,-0.8522955411122773,-0.8895332024367342,69,63,floor_passing_receptor,ESCA|STAD
NCL,Myeloid,-0.8458059484971029,-0.8465054546760555,42,42,floor_passing_receptor,
NCL,Head and Neck,-0.839808806986688,-0.8336770075603039,77,71,floor_passing_receptor,HNSC
NCL,Testis,-0.8258466378235854,-0.9088783384621284,5,4,floor_passing_receptor,TGCT
NPR1,Prostate,-0.22200619113068393,-0.21749479418156448,10,0,floor_passing_receptor,PRAD
NPR1,Breast,-0.19308811114327185,-0.1788429473445393,53,1,floor_passing_receptor,BRCA
NPR1,Ovary/Fallopian Tube,-0.19231408577871603,-0.175952613095874,59,1,floor_passing_receptor,OV
NPR1,Skin,-0.18971057859787605,-0.1918302655126169,74,1,floor_passing_receptor,SKCM
NPR1,Bowel,-0.18835955646305388,-0.191396456314818,63,1,floor_passing_receptor,COAD|READ
NPR1,Cervix,-0.1853819467588845,-0.20759359156887036,18,0,floor_passing_receptor,CESC
NPR1,Lung,-0.18253247217191865,-0.1816283327425732,126,0,floor_passing_receptor,LUAD|LUSC
NPR1,Liver,-0.17853154044010253,-0.1752329670703247,24,0,floor_passing_receptor,LIHC
NPR1,Bladder/Urinary Tract,-0.17532864426620776,-0.1629245796622606,34,0,floor_passing_receptor,BLCA
NPR1,Esophagus/Stomach,-0.17504391675178924,-0.1733496596290099,69,0,floor_passing_receptor,ESCA|STAD
NPR1,Pancreas,-0.17280141384992706,-0.1691798948951799,47,0,floor_passing_receptor,PAAD
NPR1,Uterus,-0.17208882102297707,-0.1700205078447505,34,0,floor_passing_receptor,UCEC|UCS
NPR1,Peripheral Nervous System,-0.16334215150841871,-0.17351528336766414,44,1,floor_passing_receptor,PCPG
NPR1,Lymphoid,-0.16287385956665149,-0.1466606770013364,93,1,floor_passing_receptor,
NPR1,Thyroid,-0.1535156619728861,-0.1246320783251499,11,0,floor_passing_receptor,THCA
NPR1,CNS/Brain,-0.1511117897740397,-0.16015925156326885,90,0,floor_passing_receptor,GBM|LGG
NPR1,Head and Neck,-0.1468801952559191,-0.1505712316678437,77,0,floor_passing_receptor,HNSC
NPR1,Biliary Tract,-0.14681805603280862,-0.1350238627577348,35,0,floor_passing_receptor,CHOL
NPR1,Eye,-0.14584260561827314,-0.2009326168265566,15,0,floor_passing_receptor,UVM
NPR1,Kidney,-0.14574277346994108,-0.13084853552936432,34,0,floor_passing_receptor,KIRC|KIRP|KICH
NPR1,Myeloid,-0.1416588510333757,-0.1512233711252004,42,0,floor_passing_receptor,
NPR1,Pleura,-0.13778265299531461,-0.1288990555986057,21,0,floor_passing_receptor,MESO
NPR1,Bone,-0.1351860223176641,-0.14384448948385045,46,0,floor_passing_receptor,
NPR1,Soft Tissue,-0.12939238114009122,-0.1367549357057769,45,0,floor_passing_receptor,SARC
NPR1,Testis,-0.10010799874967591,-0.1696920922142136,5,0,floor_passing_receptor,TGCT
NRP1,Prostate,-0.03548673783111962,-0.02874890309117805,10,0,floor_passing_receptor,PRAD
NRP1,Esophagus/Stomach,-0.01620396005326478,-0.0151572905305377,69,0,floor_passing_receptor,ESCA|STAD
NRP1,Cervix,-0.009846558275379967,-0.00618839086648355,18,0,floor_passing_receptor,CESC
NRP1,Uterus,0.004393369715975367,-0.0163175387825009,34,0,floor_passing_receptor,UCEC|UCS
NRP1,Bowel,0.00562404910387482,-0.0181674733965157,63,0,floor_passing_receptor,COAD|READ
NRP1,Myeloid,0.007715484308202155,0.013533432697183451,42,0,floor_passing_receptor,
NRP1,Lymphoid,0.008924816516725246,-0.0089132446998325,93,0,floor_passing_receptor,
NRP1,Peripheral Nervous System,0.020825033966285666,0.00995848198442415,44,0,floor_passing_receptor,PCPG
NRP1,Testis,0.02302577780975578,0.0166574317737721,5,0,floor_passing_receptor,TGCT
NRP1,Breast,0.024946277345999437,0.0162446501746937,53,0,floor_passing_receptor,BRCA
NRP1,Pleura,0.028913132197888772,0.0116788940156686,21,0,floor_passing_receptor,MESO
NRP1,Bone,0.029009722821759065,0.0020033087367062,46,0,floor_passing_receptor,
NRP1,Head and Neck,0.029421490834583012,0.0270236728625229,77,0,floor_passing_receptor,HNSC
NRP1,Ovary/Fallopian Tube,0.030281241358871985,0.0176660382648017,59,0,floor_passing_receptor,OV
NRP1,Lung,0.04639358007136363,0.0222511513307231,126,0,floor_passing_receptor,LUAD|LUSC
NRP1,Soft Tissue,0.05093580917716925,0.0055177549813004,45,0,floor_passing_receptor,SARC
NRP1,Skin,0.05119658845440858,0.023882839269565248,74,0,floor_passing_receptor,SKCM
NRP1,Biliary Tract,0.0540935514246375,0.0692372398440984,35,0,floor_passing_receptor,CHOL
NRP1,Kidney,0.06343565775495932,0.04719037000566665,34,0,floor_passing_receptor,KIRC|KIRP|KICH
NRP1,Bladder/Urinary Tract,0.0763106323900906,0.0867212008889098,34,0,floor_passing_receptor,BLCA
NRP1,Thyroid,0.08828375626069634,0.110714808351917,11,0,floor_passing_receptor,THCA
NRP1,Liver,0.09627645887916464,0.0402064122604084,24,0,floor_passing_receptor,LIHC
NRP1,Pancreas,0.12458597143912323,0.064208498080194,47,0,floor_passing_receptor,PAAD
NRP1,CNS/Brain,0.13788185704115408,0.07441318776116555,90,0,floor_passing_receptor,GBM|LGG
NRP1,Eye,0.1713843106522014,0.0899188835661452,15,0,floor_passing_receptor,UVM
NRP2,Eye,-0.14188184282160807,-0.0776687715034095,15,1,floor_passing_receptor,UVM
NRP2,Lymphoid,-0.11044327344092549,-0.104455768916766,93,0,floor_passing_receptor,
NRP2,Prostate,-0.09951267102502914,-0.0758251710526762,10,0,floor_passing_receptor,PRAD
NRP2,Myeloid,-0.09250967350709594,-0.09109721800261669,42,0,floor_passing_receptor,
NRP2,Peripheral Nervous System,-0.08393048011493612,-0.09745614090697995,44,0,floor_passing_receptor,PCPG
NRP2,Testis,-0.08369988083215701,-0.0708620032954347,5,0,floor_passing_receptor,TGCT
NRP2,Lung,-0.06920931345028726,-0.0640873571353667,126,0,floor_passing_receptor,LUAD|LUSC
NRP2,Biliary Tract,-0.06846917146216869,-0.090652962425359,35,0,floor_passing_receptor,CHOL
NRP2,Bone,-0.06222025726356983,-0.09215432908864565,46,0,floor_passing_receptor,
NRP2,Cervix,-0.060280068376892496,-0.074868473249618,18,0,floor_passing_receptor,CESC
NRP2,Uterus,-0.05945156173237166,-0.0331387056081208,34,0,floor_passing_receptor,UCEC|UCS
NRP2,Breast,-0.05881534315143454,-0.0518587293683682,53,0,floor_passing_receptor,BRCA
NRP2,Soft Tissue,-0.055575109289363,-0.0659179081811403,45,0,floor_passing_receptor,SARC
NRP2,Bowel,-0.05351143385389764,-0.0664494050094404,63,0,floor_passing_receptor,COAD|READ
NRP2,Pancreas,-0.05153491987834833,-0.0514018289081585,47,0,floor_passing_receptor,PAAD
NRP2,Bladder/Urinary Tract,-0.04575551050086185,-0.07095149962771155,34,0,floor_passing_receptor,BLCA
NRP2,Skin,-0.03986867531895573,-0.045563485324699754,74,0,floor_passing_receptor,SKCM
NRP2,Thyroid,-0.028613041461112466,-0.0668504176522507,11,0,floor_passing_receptor,THCA
NRP2,Liver,-0.020002073061376652,-0.02722378918597675,24,0,floor_passing_receptor,LIHC
NRP2,Esophagus/Stomach,-0.01622417857048688,-0.0167538331434617,69,0,floor_passing_receptor,ESCA|STAD
NRP2,Pleura,-0.007990548114311425,0.00726877755439,21,0,floor_passing_receptor,MESO
NRP2,Kidney,-0.006779027046853144,-0.015653278690771898,34,0,floor_passing_receptor,KIRC|KIRP|KICH
NRP2,Ovary/Fallopian Tube,-0.0065727677135418005,-0.0286373335563802,59,0,floor_passing_receptor,OV
NRP2,Head and Neck,-0.003278125287433825,-0.0133467426918225,77,0,floor_passing_receptor,HNSC
NRP2,CNS/Brain,-0.0007245548281894932,-0.02810866434711945,90,0,floor_passing_receptor,GBM|LGG
NTRK1,Bladder/Urinary Tract,-0.0582049701425091,-0.050167742715681904,34,0,floor_passing_receptor,BLCA
NTRK1,Testis,-0.0559469011477544,-0.0630454384318767,5,0,floor_passing_receptor,TGCT
NTRK1,Kidney,-0.05241547036457517,-0.04969284917490725,34,0,floor_passing_receptor,KIRC|KIRP|KICH
NTRK1,Bowel,-0.04783750514798962,-0.0410031893039918,63,0,floor_passing_receptor,COAD|READ
NTRK1,Cervix,-0.04716379177649557,-0.0486204698794586,18,0,floor_passing_receptor,CESC
NTRK1,Pleura,-0.04203265478308592,-0.0501979593117669,21,0,floor_passing_receptor,MESO
NTRK1,Lung,-0.04035174486955637,-0.02964811769452195,126,1,floor_passing_receptor,LUAD|LUSC
NTRK1,Soft Tissue,-0.039465684847311666,-0.0405087073390637,45,0,floor_passing_receptor,SARC
NTRK1,Biliary Tract,-0.03867121609334938,-0.0301961883088849,35,0,floor_passing_receptor,CHOL
NTRK1,Ovary/Fallopian Tube,-0.03358553244986883,-0.0362841647957993,59,0,floor_passing_receptor,OV
NTRK1,Pancreas,-0.03301054960897628,-0.0332079242441743,47,0,floor_passing_receptor,PAAD
NTRK1,Lymphoid,-0.030919753545896978,-0.029627307757131,93,0,floor_passing_receptor,
NTRK1,Uterus,-0.029081770827398837,-0.018893750519099098,34,0,floor_passing_receptor,UCEC|UCS
NTRK1,Head and Neck,-0.027682777806421546,-0.0229773933009618,77,0,floor_passing_receptor,HNSC
NTRK1,Esophagus/Stomach,-0.026696558600964312,-0.0193947355754548,69,0,floor_passing_receptor,ESCA|STAD
NTRK1,CNS/Brain,-0.026486645336155412,-0.02682207783148795,90,0,floor_passing_receptor,GBM|LGG
NTRK1,Liver,-0.025915862593975676,-0.02195419079490135,24,0,floor_passing_receptor,LIHC
NTRK1,Skin,-0.01755548432643187,-0.00850607464767285,74,0,floor_passing_receptor,SKCM
NTRK1,Breast,-0.016991291264437297,-0.0208699919330891,53,0,floor_passing_receptor,BRCA
NTRK1,Myeloid,-0.014919279267765897,-0.02069869399262515,42,0,floor_passing_receptor,
NTRK1,Prostate,-0.011229952152041084,-0.018694730957982,10,0,floor_passing_receptor,PRAD
NTRK1,Bone,-0.008651360813390742,0.0111929648081232,46,0,floor_passing_receptor,
NTRK1,Peripheral Nervous System,-0.006568727707872679,0.00387814128474765,44,0,floor_passing_receptor,PCPG
NTRK1,Eye,-0.003946339408449898,-0.00358393704798,15,0,floor_passing_receptor,UVM
NTRK1,Thyroid,-0.002941398927455108,-0.0039702654067422,11,0,floor_passing_receptor,THCA
NTRK2,Liver,0.03303032507805743,0.0428176582060955,24,0,floor_passing_receptor,LIHC
NTRK2,Cervix,0.03958341944923927,0.0677929710567373,18,0,floor_passing_receptor,CESC
NTRK2,Uterus,0.04085136701907507,0.03410982599082875,34,0,floor_passing_receptor,UCEC|UCS
NTRK2,Bladder/Urinary Tract,0.042808319917699705,0.0551317553937865,34,0,floor_passing_receptor,BLCA
NTRK2,Thyroid,0.04975954255450092,0.0432029635995476,11,0,floor_passing_receptor,THCA
NTRK2,Head and Neck,0.050115575294645595,0.0489644958496671,77,0,floor_passing_receptor,HNSC
NTRK2,Eye,0.05216706086881984,0.0528911087139895,15,0,floor_passing_receptor,UVM
NTRK2,Biliary Tract,0.054257059972146325,0.0466398603327086,35,0,floor_passing_receptor,CHOL
NTRK2,Breast,0.05567048957117406,0.071331544132996,53,0,floor_passing_receptor,BRCA
NTRK2,Prostate,0.05867172607041593,0.07582151582479416,10,0,floor_passing_receptor,PRAD
NTRK2,Esophagus/Stomach,0.06724577897745111,0.0696178729111864,69,0,floor_passing_receptor,ESCA|STAD
NTRK2,Skin,0.06796698745102836,0.0578935642759252,74,0,floor_passing_receptor,SKCM
NTRK2,Lung,0.07220861203071671,0.08101939104506575,126,0,floor_passing_receptor,LUAD|LUSC
NTRK2,Pleura,0.07379873872935801,0.0724348249564308,21,0,floor_passing_receptor,MESO
NTRK2,Lymphoid,0.07491643524585635,0.0543385348644368,93,0,floor_passing_receptor,
NTRK2,Pancreas,0.07536037742600422,0.0685508683846429,47,0,floor_passing_receptor,PAAD
NTRK2,Bowel,0.0800757007455913,0.0930238490779174,63,0,floor_passing_receptor,COAD|READ
NTRK2,Soft Tissue,0.08294545670550774,0.0838753318659907,45,0,floor_passing_receptor,SARC
NTRK2,Kidney,0.0847281909710785,0.0938707755729026,34,0,floor_passing_receptor,KIRC|KIRP|KICH
NTRK2,Myeloid,0.09572304683031471,0.10276830334147245,42,0,floor_passing_receptor,
NTRK2,Peripheral Nervous System,0.0961114878335104,0.092530731789894,44,0,floor_passing_receptor,PCPG
NTRK2,CNS/Brain,0.09857085361804992,0.1026505227116018,90,0,floor_passing_receptor,GBM|LGG
NTRK2,Ovary/Fallopian Tube,0.10169284763060786,0.1001583051015267,59,0,floor_passing_receptor,OV
NTRK2,Bone,0.10865157362689404,0.1099116357836866,46,0,floor_passing_receptor,
NTRK2,Testis,0.11282494662770064,0.0978843460983251,5,0,floor_passing_receptor,TGCT
NTRK3,Peripheral Nervous System,-0.034341444138037504,-0.0288373816842305,44,0,floor_passing_receptor,PCPG
NTRK3,Liver,-0.02811196114602436,-0.0577746294331315,24,0,floor_passing_receptor,LIHC
NTRK3,Kidney,-0.02490120138000727,-0.01833998880430955,34,0,floor_passing_receptor,KIRC|KIRP|KICH
NTRK3,Bowel,-0.0246279583125506,-0.0242811148856692,63,0,floor_passing_receptor,COAD|READ
NTRK3,Eye,-0.023664419846489183,0.0122341581600704,15,0,floor_passing_receptor,UVM
NTRK3,Pancreas,-0.02155285915800538,-0.0131705073927235,47,0,floor_passing_receptor,PAAD
NTRK3,Skin,-0.020144873401073942,-0.004972782756987201,74,0,floor_passing_receptor,SKCM
NTRK3,Testis,-0.013923058541459702,0.0225237461523719,5,0,floor_passing_receptor,TGCT
NTRK3,Uterus,-0.013921439958833033,-0.0056658735732001,34,0,floor_passing_receptor,UCEC|UCS
NTRK3,Ovary/Fallopian Tube,-0.013685682673519032,-0.0238318371736023,59,0,floor_passing_receptor,OV
NTRK3,Biliary Tract,-0.008900615602327279,0.0182924332321893,35,0,floor_passing_receptor,CHOL
NTRK3,Breast,-0.0051239119181053045,-0.0072031783750278,53,0,floor_passing_receptor,BRCA
NTRK3,Soft Tissue,-0.004790474116067838,0.0026448535871549,45,0,floor_passing_receptor,SARC
NTRK3,CNS/Brain,-0.0041532943893091605,-0.00390863645746665,90,0,floor_passing_receptor,GBM|LGG
NTRK3,Bladder/Urinary Tract,-0.0013554245028731496,-0.004392099484834699,34,0,floor_passing_receptor,BLCA
NTRK3,Cervix,0.00286205175748338,-0.0050143934646413,18,0,floor_passing_receptor,CESC
NTRK3,Bone,0.0032641512835307534,0.0025102499392849,46,0,floor_passing_receptor,
NTRK3,Lung,0.007331449414689347,0.0014067433070388499,126,0,floor_passing_receptor,LUAD|LUSC
NTRK3,Esophagus/Stomach,0.009470262447351994,-6.206371678670335e-05,69,0,floor_passing_receptor,ESCA|STAD
NTRK3,Pleura,0.01250440494927604,0.0215190083014232,21,0,floor_passing_receptor,MESO
NTRK3,Lymphoid,0.02572030329467109,0.0162862896644822,93,0,floor_passing_receptor,
NTRK3,Myeloid,0.0325422724496795,0.03636723217521145,42,0,floor_passing_receptor,
NTRK3,Head and Neck,0.03736593874828279,0.0399345363938536,77,0,floor_passing_receptor,HNSC
NTRK3,Prostate,0.03843066296556229,0.03836141457844335,10,0,floor_passing_receptor,PRAD
NTRK3,Thyroid,0.046669326100296706,0.0281068295308297,11,0,floor_passing_receptor,THCA
PARD3,Kidney,-0.4513957691832458,-0.37739774766376244,34,12,floor_passing_receptor,KIRC|KIRP|KICH
PARD3,Ovary/Fallopian Tube,-0.38073427085196354,-0.3033859370793688,59,18,floor_passing_receptor,OV
PARD3,Liver,-0.2959838314100038,-0.17254369477817744,24,6,floor_passing_receptor,LIHC
PARD3,Uterus,-0.24454988868542724,-0.19143231314982145,34,7,floor_passing_receptor,UCEC|UCS
PARD3,Biliary Tract,-0.23962657147347152,-0.1961515995777261,35,6,floor_passing_receptor,CHOL
PARD3,Pleura,-0.17167981730710372,-0.1152979527799614,21,1,floor_passing_receptor,MESO
PARD3,Pancreas,-0.1668813153098826,-0.1467894040678892,47,3,floor_passing_receptor,PAAD
PARD3,Testis,-0.164029730325279,-0.0614413539323875,5,1,floor_passing_receptor,TGCT
PARD3,Bowel,-0.13883860470460974,-0.1023101271680432,63,5,floor_passing_receptor,COAD|READ
PARD3,Peripheral Nervous System,-0.12649313936096923,-0.10828716576644801,44,1,floor_passing_receptor,PCPG
PARD3,Lung,-0.12328822360646381,-0.1060690140692769,126,7,floor_passing_receptor,LUAD|LUSC
PARD3,Bladder/Urinary Tract,-0.1072856514208208,-0.0844910076394598,34,2,floor_passing_receptor,BLCA
PARD3,Prostate,-0.09854417299997219,-0.091335729778505,10,0,floor_passing_receptor,PRAD
PARD3,Bone,-0.08361805487439758,-0.0723505944076681,46,0,floor_passing_receptor,
PARD3,Esophagus/Stomach,-0.08216863584883373,-0.0679616332811803,69,3,floor_passing_receptor,ESCA|STAD
PARD3,Soft Tissue,-0.07182304894738455,-0.0445493385866395,45,0,floor_passing_receptor,SARC
PARD3,Breast,-0.06657284697301859,-0.0612399327202856,53,0,floor_passing_receptor,BRCA
PARD3,Cervix,-0.06442981533413392,-0.09497343776320485,18,0,floor_passing_receptor,CESC
PARD3,Lymphoid,-0.06028281931150674,-0.0655462260129333,93,0,floor_passing_receptor,
PARD3,Myeloid,-0.05900989625357536,-0.0737891153314017,42,0,floor_passing_receptor,
PARD3,Head and Neck,-0.05715774249787628,-0.0612037663180271,77,1,floor_passing_receptor,HNSC
PARD3,Eye,-0.05679676080278272,-0.0350367836556156,15,0,floor_passing_receptor,UVM
PARD3,Thyroid,-0.054678236399046225,-0.0785948289386366,11,0,floor_passing_receptor,THCA
PARD3,CNS/Brain,-0.05138293438199577,-0.0436529297101294,90,2,floor_passing_receptor,GBM|LGG
PARD3,Skin,-0.03943091029713332,-0.04158167330270365,74,0,floor_passing_receptor,SKCM
PDGFRB,Testis,-0.29888885267480036,-0.2788006150292743,5,0,floor_passing_receptor,TGCT
PDGFRB,Kidney,-0.24931391684799636,-0.24789857139549465,34,3,floor_passing_receptor,KIRC|KIRP|KICH
PDGFRB,CNS/Brain,-0.23368981642784262,-0.20792944295296084,90,8,floor_passing_receptor,GBM|LGG
PDGFRB,Peripheral Nervous System,-0.21340817216206373,-0.2065429460919072,44,1,floor_passing_receptor,PCPG
PDGFRB,Soft Tissue,-0.21024175750225094,-0.1795816238149008,45,1,floor_passing_receptor,SARC
PDGFRB,Pleura,-0.2045841495156409,-0.2057605421011933,21,0,floor_passing_receptor,MESO
PDGFRB,Bone,-0.19115275822670058,-0.14796733380879667,46,4,floor_passing_receptor,
PDGFRB,Eye,-0.18884103509304886,-0.2165270303359499,15,0,floor_passing_receptor,UVM
PDGFRB,Ovary/Fallopian Tube,-0.18492378778992438,-0.1735574148229451,59,1,floor_passing_receptor,OV
PDGFRB,Lymphoid,-0.1803970853222182,-0.1757650697834413,93,3,floor_passing_receptor,
PDGFRB,Liver,-0.16909610696936572,-0.15254702319729002,24,2,floor_passing_receptor,LIHC
PDGFRB,Breast,-0.1665170467034224,-0.1584657622345418,53,3,floor_passing_receptor,BRCA
PDGFRB,Thyroid,-0.16210327490185603,-0.1880052406418698,11,0,floor_passing_receptor,THCA
PDGFRB,Uterus,-0.16095650274270235,-0.1691260853674586,34,0,floor_passing_receptor,UCEC|UCS
PDGFRB,Skin,-0.15364175475584188,-0.16672555918600265,74,0,floor_passing_receptor,SKCM
PDGFRB,Head and Neck,-0.14787356893389264,-0.1446220878112493,77,2,floor_passing_receptor,HNSC
PDGFRB,Cervix,-0.14305803189005048,-0.13221692099708326,18,0,floor_passing_receptor,CESC
PDGFRB,Bladder/Urinary Tract,-0.13531744945584392,-0.12653543475843335,34,0,floor_passing_receptor,BLCA
PDGFRB,Myeloid,-0.13436994562726245,-0.11349051069335375,42,2,floor_passing_receptor,
PDGFRB,Prostate,-0.13036379822284105,-0.11746205287470494,10,0,floor_passing_receptor,PRAD
PDGFRB,Lung,-0.12424680778023772,-0.11218251367287524,126,2,floor_passing_receptor,LUAD|LUSC
PDGFRB,Bowel,-0.11812168279802274,-0.1328301797925354,63,0,floor_passing_receptor,COAD|READ
PDGFRB,Biliary Tract,-0.11290395898114743,-0.0989998114701218,35,0,floor_passing_receptor,CHOL
PDGFRB,Esophagus/Stomach,-0.10256885609734669,-0.1068437865913045,69,0,floor_passing_receptor,ESCA|STAD
PDGFRB,Pancreas,-0.07940685383753047,-0.082581486873746,47,0,floor_passing_receptor,PAAD
PLK1,Thyroid,-2.8970352548620113,-2.892162638597384,11,11,positive_control,THCA
PLK1,Breast,-2.8684860608504117,-2.8467330307629153,53,53,positive_control,BRCA
PLK1,Liver,-2.840068456161634,-2.7974210547979634,24,24,positive_control,LIHC
PLK1,Head and Neck,-2.830940261157065,-2.769283271973505,77,77,positive_control,HNSC
PLK1,Myeloid,-2.7875505474749027,-2.8208151373423815,42,42,positive_control,
PLK1,Uterus,-2.7847984140148863,-2.7971001091399916,34,34,positive_control,UCEC|UCS
PLK1,Lung,-2.7658905565592913,-2.7627314141879102,126,126,positive_control,LUAD|LUSC
PLK1,Pancreas,-2.7532288237376212,-2.711786958965458,47,47,positive_control,PAAD
PLK1,Esophagus/Stomach,-2.732793281470688,-2.676860111727878,69,69,positive_control,ESCA|STAD
PLK1,Prostate,-2.685350762800567,-2.4937474069551575,10,10,positive_control,PRAD
PLK1,Bowel,-2.6842205373520143,-2.667222807764539,63,62,positive_control,COAD|READ
PLK1,Ovary/Fallopian Tube,-2.676996307678677,-2.612770416689431,59,59,positive_control,OV
PLK1,Lymphoid,-2.6758483658409946,-2.7706460388051246,93,93,positive_control,
PLK1,Cervix,-2.661747393473111,-2.641210629836891,18,18,positive_control,CESC
PLK1,Peripheral Nervous System,-2.6562308728134605,-2.624795299530274,44,44,positive_control,PCPG
PLK1,Bone,-2.6420765455941866,-2.6433524807890945,46,46,positive_control,
PLK1,Soft Tissue,-2.6380896428726412,-2.6065659986102165,45,45,positive_control,SARC
PLK1,CNS/Brain,-2.6330144539519496,-2.71318392681197,90,90,positive_control,GBM|LGG
PLK1,Skin,-2.6102144392518607,-2.6431685270763707,74,74,positive_control,SKCM
PLK1,Bladder/Urinary Tract,-2.6050240905749034,-2.6484951931304272,34,34,positive_control,BLCA
PLK1,Biliary Tract,-2.5885342133419047,-2.5354061169455804,35,35,positive_control,CHOL
PLK1,Testis,-2.5438585568981997,-2.7420406718819357,5,5,positive_control,TGCT
PLK1,Eye,-2.4761803159041884,-2.453781908527208,15,15,positive_control,UVM
PLK1,Pleura,-2.466421593798533,-2.3765850951387093,21,21,positive_control,MESO
PLK1,Kidney,-2.3441712638774304,-2.3137838972127316,34,34,positive_control,KIRC|KIRP|KICH
PLXNA1,Testis,-0.04592274929360352,-0.0642680835601931,5,0,floor_passing_receptor,TGCT
PLXNA1,Peripheral Nervous System,-0.038248037268214866,-0.0365399088491943,44,0,floor_passing_receptor,PCPG
PLXNA1,Myeloid,-0.012373485871806195,-0.030424601486467952,42,0,floor_passing_receptor,
PLXNA1,Lung,-0.009123101778239934,-0.0163396832174106,126,0,floor_passing_receptor,LUAD|LUSC
PLXNA1,Bone,-0.008967968066466657,-0.017792117198846248,46,0,floor_passing_receptor,
PLXNA1,Esophagus/Stomach,-0.006477053914417919,-0.0337542525233728,69,0,floor_passing_receptor,ESCA|STAD
PLXNA1,Uterus,-0.0026643949125802592,-0.0062366569012179,34,0,floor_passing_receptor,UCEC|UCS
PLXNA1,Bowel,0.00022955576360456176,-0.0144849755492016,63,0,floor_passing_receptor,COAD|READ
PLXNA1,Cervix,0.0034949917563129504,-0.013595692170900401,18,0,floor_passing_receptor,CESC
PLXNA1,Ovary/Fallopian Tube,0.00371967460765653,0.0039298524261732,59,0,floor_passing_receptor,OV
PLXNA1,Breast,0.00500743800956348,-0.0137927814540997,53,0,floor_passing_receptor,BRCA
PLXNA1,Lymphoid,0.008553360291837316,-0.0085039051472976,93,0,floor_passing_receptor,
PLXNA1,Prostate,0.01085081835943825,-0.005359286955285649,10,0,floor_passing_receptor,PRAD
PLXNA1,Head and Neck,0.022694465159022036,0.0092713955555029,77,0,floor_passing_receptor,HNSC
PLXNA1,Biliary Tract,0.03091573934845515,0.0527583345137445,35,0,floor_passing_receptor,CHOL
PLXNA1,Thyroid,0.046348645741149726,0.0336178349422747,11,0,floor_passing_receptor,THCA
PLXNA1,Pleura,0.04640432852549403,0.051641527778082,21,0,floor_passing_receptor,MESO
PLXNA1,Skin,0.047261047247999094,0.0113087953569086,74,0,floor_passing_receptor,SKCM
PLXNA1,Kidney,0.04888243494357079,0.017949500962362648,34,0,floor_passing_receptor,KIRC|KIRP|KICH
PLXNA1,Soft Tissue,0.060525531604501706,0.0189014987871309,45,0,floor_passing_receptor,SARC
PLXNA1,Bladder/Urinary Tract,0.06068616007316012,0.049983655409394756,34,0,floor_passing_receptor,BLCA
PLXNA1,Liver,0.06987704243656424,0.016906553211093602,24,0,floor_passing_receptor,LIHC
PLXNA1,Pancreas,0.07977966810425155,0.0639014165624679,47,0,floor_passing_receptor,PAAD
PLXNA1,Eye,0.08482850760801476,0.047367220331223,15,0,floor_passing_receptor,UVM
PLXNA1,CNS/Brain,0.09736648784185288,0.0550993735679892,90,0,floor_passing_receptor,GBM|LGG
PLXNA2,Prostate,-0.1757850090947381,-0.17504446203329724,10,0,floor_passing_receptor,PRAD
PLXNA2,Testis,-0.14768420805389523,-0.2392404993346608,5,0,floor_passing_receptor,TGCT
PLXNA2,Peripheral Nervous System,-0.1398422275762998,-0.14393989552517694,44,0,floor_passing_receptor,PCPG
PLXNA2,Eye,-0.13901442414247586,-0.1732243537186101,15,0,floor_passing_receptor,UVM
PLXNA2,Thyroid,-0.1311066487669994,-0.1340122022058455,11,0,floor_passing_receptor,THCA
PLXNA2,Soft Tissue,-0.12303918887169786,-0.0975637571600941,45,1,floor_passing_receptor,SARC
PLXNA2,Biliary Tract,-0.1195468120485659,-0.1152858554349769,35,1,floor_passing_receptor,CHOL
PLXNA2,Lymphoid,-0.11856101313036495,-0.1123089412384166,93,0,floor_passing_receptor,
PLXNA2,Uterus,-0.11367701518065486,-0.12934956304666184,34,0,floor_passing_receptor,UCEC|UCS
PLXNA2,Myeloid,-0.11266592376199776,-0.10732801292182506,42,0,floor_passing_receptor,
PLXNA2,Bone,-0.10798762644204336,-0.11981622550064275,46,0,floor_passing_receptor,
PLXNA2,Lung,-0.10768446778356719,-0.1008462310063919,126,0,floor_passing_receptor,LUAD|LUSC
PLXNA2,Breast,-0.10599987554041819,-0.0992291583604148,53,0,floor_passing_receptor,BRCA
PLXNA2,Pancreas,-0.09992960879563483,-0.0903121195798622,47,0,floor_passing_receptor,PAAD
PLXNA2,Ovary/Fallopian Tube,-0.09757513141589437,-0.094078832988295,59,0,floor_passing_receptor,OV
PLXNA2,Cervix,-0.097101247016184,-0.10144983987964751,18,0,floor_passing_receptor,CESC
PLXNA2,Kidney,-0.0967783769948066,-0.11027226148495306,34,0,floor_passing_receptor,KIRC|KIRP|KICH
PLXNA2,Bladder/Urinary Tract,-0.09166847603873175,-0.0885252868392459,34,0,floor_passing_receptor,BLCA
PLXNA2,CNS/Brain,-0.08914930343767084,-0.09089260136968355,90,0,floor_passing_receptor,GBM|LGG
PLXNA2,Liver,-0.08747690022110449,-0.07225041697336496,24,0,floor_passing_receptor,LIHC
PLXNA2,Head and Neck,-0.08282519577377136,-0.0869305747605769,77,0,floor_passing_receptor,HNSC
PLXNA2,Skin,-0.07329397423597647,-0.0707764002808508,74,0,floor_passing_receptor,SKCM
PLXNA2,Esophagus/Stomach,-0.07174995265067613,-0.0871239710484372,69,0,floor_passing_receptor,ESCA|STAD
PLXNA2,Pleura,-0.07077708191355012,-0.08627335376234,21,0,floor_passing_receptor,MESO
PLXNA2,Bowel,-0.07017976200419192,-0.0724342974430599,63,0,floor_passing_receptor,COAD|READ
PLXNA3,Eye,-0.07425616231531558,-0.0502616786794106,15,0,floor_passing_receptor,UVM
PLXNA3,Pleura,-0.047968303567337,-0.0880309953519867,21,0,floor_passing_receptor,MESO
PLXNA3,Ovary/Fallopian Tube,-0.042953180137054243,-0.0266971164315046,59,0,floor_passing_receptor,OV
PLXNA3,Skin,-0.03917065090638834,-0.019006376580818052,74,0,floor_passing_receptor,SKCM
PLXNA3,Lymphoid,-0.03413528836618439,-0.0356544473098487,93,0,floor_passing_receptor,
PLXNA3,Myeloid,-0.03112273477095776,-0.034793745639020504,42,0,floor_passing_receptor,
PLXNA3,Bowel,-0.027467997513266416,-0.0221198857000294,63,0,floor_passing_receptor,COAD|READ
PLXNA3,Thyroid,-0.02461324732093414,-0.0328672847144159,11,0,floor_passing_receptor,THCA
PLXNA3,Biliary Tract,-0.0158943500466384,-0.0063670686316423,35,0,floor_passing_receptor,CHOL
PLXNA3,Lung,-0.015443971624270001,-0.0190535129107345,126,0,floor_passing_receptor,LUAD|LUSC
PLXNA3,Kidney,-0.013128768540630404,-0.0021166731877432,34,0,floor_passing_receptor,KIRC|KIRP|KICH
PLXNA3,Pancreas,-0.00671774201626341,0.0027344467794765,47,0,floor_passing_receptor,PAAD
PLXNA3,Testis,-0.005001356095472564,0.0307207291348509,5,0,floor_passing_receptor,TGCT
PLXNA3,Soft Tissue,-0.003864823379563762,-0.0112786491478163,45,0,floor_passing_receptor,SARC
PLXNA3,Peripheral Nervous System,-0.003271103918775255,-0.010206791386335099,44,0,floor_passing_receptor,PCPG
PLXNA3,CNS/Brain,-0.002505367391672149,0.0075532595149243,90,0,floor_passing_receptor,GBM|LGG
PLXNA3,Bone,-0.0018660320453345832,-0.00891145575341765,46,0,floor_passing_receptor,
PLXNA3,Prostate,-0.0014589130346184802,-0.0257874857030655,10,0,floor_passing_receptor,PRAD
PLXNA3,Bladder/Urinary Tract,0.0001847770899503596,0.0078690900501458,34,0,floor_passing_receptor,BLCA
PLXNA3,Breast,0.0019810863746674407,-0.012826383187832,53,0,floor_passing_receptor,BRCA
PLXNA3,Cervix,0.00204974648767624,0.0058159174250058,18,0,floor_passing_receptor,CESC
PLXNA3,Uterus,0.005848387795996692,-0.0007031384256972004,34,0,floor_passing_receptor,UCEC|UCS
PLXNA3,Head and Neck,0.01205981717661575,0.0101701165764257,77,0,floor_passing_receptor,HNSC
PLXNA3,Liver,0.015492332280707134,0.01055881567868055,24,0,floor_passing_receptor,LIHC
PLXNA3,Esophagus/Stomach,0.017883384193415328,0.0153830003397698,69,0,floor_passing_receptor,ESCA|STAD
PLXNA4,Peripheral Nervous System,0.026624963795049587,0.0360868908011314,44,0,floor_passing_receptor,PCPG
PLXNA4,Myeloid,0.04126406998286801,0.014353509521527499,42,0,floor_passing_receptor,
PLXNA4,Pleura,0.04958438920405873,0.0678880575847119,21,0,floor_passing_receptor,MESO
PLXNA4,Pancreas,0.05088432591164913,0.032325658538512,47,0,floor_passing_receptor,PAAD
PLXNA4,Lung,0.05140103328777052,0.047105501348946546,126,0,floor_passing_receptor,LUAD|LUSC
PLXNA4,Thyroid,0.053582773596174055,0.0473827337962547,11,0,floor_passing_receptor,THCA
PLXNA4,Prostate,0.05931803001706683,0.0915121831052066,10,0,floor_passing_receptor,PRAD
PLXNA4,Bone,0.0649796223540113,0.08652702673002255,46,0,floor_passing_receptor,
PLXNA4,Lymphoid,0.06646775550991059,0.0607377112169068,93,0,floor_passing_receptor,
PLXNA4,Liver,0.06767819448072286,0.0730925575609705,24,0,floor_passing_receptor,LIHC
PLXNA4,Eye,0.06821145592973658,0.0931298744315396,15,0,floor_passing_receptor,UVM
PLXNA4,Cervix,0.07065694318735904,0.08910002848110604,18,0,floor_passing_receptor,CESC
PLXNA4,Kidney,0.07850888512703039,0.06825910217379774,34,0,floor_passing_receptor,KIRC|KIRP|KICH
PLXNA4,Testis,0.07874507796615385,0.1104539229343395,5,0,floor_passing_receptor,TGCT
PLXNA4,Skin,0.08073715476811807,0.08398235198847845,74,0,floor_passing_receptor,SKCM
PLXNA4,CNS/Brain,0.08205691767251459,0.1108359204677106,90,1,floor_passing_receptor,GBM|LGG
PLXNA4,Soft Tissue,0.08559592597298465,0.0710195774865655,45,0,floor_passing_receptor,SARC
PLXNA4,Breast,0.0886718203518432,0.0934442175096462,53,0,floor_passing_receptor,BRCA
PLXNA4,Biliary Tract,0.09373692575771495,0.0883770641287454,35,0,floor_passing_receptor,CHOL
PLXNA4,Bowel,0.09594006093497559,0.0967107219740474,63,0,floor_passing_receptor,COAD|READ
PLXNA4,Bladder/Urinary Tract,0.09877286871582157,0.09732023729278236,34,0,floor_passing_receptor,BLCA
PLXNA4,Esophagus/Stomach,0.1016005965385677,0.0847293143872197,69,0,floor_passing_receptor,ESCA|STAD
PLXNA4,Uterus,0.10784744530119678,0.08680626624425636,34,0,floor_passing_receptor,UCEC|UCS
PLXNA4,Ovary/Fallopian Tube,0.1155797953966719,0.1167206383901584,59,0,floor_passing_receptor,OV
PLXNA4,Head and Neck,0.12739339093977217,0.1073100243685481,77,0,floor_passing_receptor,HNSC
POLR2B,Head and Neck,-2.4939292307408456,-2.50440898520893,77,77,positive_control,HNSC
POLR2B,Bone,-2.480601065690442,-2.5157235321631983,46,46,positive_control,
POLR2B,Cervix,-2.4756442884777217,-2.46517902124478,18,18,positive_control,CESC
POLR2B,Esophagus/Stomach,-2.4655317740830185,-2.4125237643945643,69,69,positive_control,ESCA|STAD
POLR2B,Lung,-2.460976640940787,-2.445677589338195,126,126,positive_control,LUAD|LUSC
POLR2B,Uterus,-2.4425806032038198,-2.4452007699671885,34,34,positive_control,UCEC|UCS
POLR2B,Bowel,-2.4343549045756014,-2.350773949645238,63,63,positive_control,COAD|READ
POLR2B,Peripheral Nervous System,-2.4339130052845146,-2.4525607669754574,44,44,positive_control,PCPG
POLR2B,Breast,-2.430374802655788,-2.4291225921313084,53,53,positive_control,BRCA
POLR2B,Bladder/Urinary Tract,-2.428354073268462,-2.434211340148564,34,34,positive_control,BLCA
POLR2B,Pancreas,-2.4252425272771654,-2.40582132801642,47,47,positive_control,PAAD
POLR2B,Eye,-2.421755540802576,-2.406443737740109,15,15,positive_control,UVM
POLR2B,Myeloid,-2.42024255923338,-2.397354778276748,42,42,positive_control,
POLR2B,Soft Tissue,-2.4188848256112006,-2.4483602221183287,45,45,positive_control,SARC
POLR2B,CNS/Brain,-2.4127432866002425,-2.412416405605817,90,90,positive_control,GBM|LGG
POLR2B,Prostate,-2.410120999269743,-2.386391775075748,10,10,positive_control,PRAD
POLR2B,Lymphoid,-2.409200774521923,-2.386258323602939,93,93,positive_control,
POLR2B,Thyroid,-2.3899501945989727,-2.42044921463408,11,11,positive_control,THCA
POLR2B,Skin,-2.378461837573531,-2.373660202465479,74,74,positive_control,SKCM
POLR2B,Pleura,-2.368334705260492,-2.299493659477093,21,21,positive_control,MESO
POLR2B,Kidney,-2.3417287250621763,-2.3141659234193734,34,34,positive_control,KIRC|KIRP|KICH
POLR2B,Biliary Tract,-2.3361819915975084,-2.33452653717868,35,35,positive_control,CHOL
POLR2B,Ovary/Fallopian Tube,-2.3254917799341976,-2.31232231473075,59,59,positive_control,OV
POLR2B,Liver,-2.296157120019693,-2.247134701180237,24,24,positive_control,LIHC
POLR2B,Testis,-1.965077479057531,-2.0060749048703177,5,5,positive_control,TGCT
POLR2D,Cervix,-2.0681162540341638,-2.1270811214295846,18,18,positive_control,CESC
POLR2D,Pancreas,-2.048127552834608,-1.9638068272691669,47,47,positive_control,PAAD
POLR2D,Breast,-2.045238790224768,-2.1104566553223396,53,53,positive_control,BRCA
POLR2D,Head and Neck,-2.030569431447535,-2.014319037701218,77,77,positive_control,HNSC
POLR2D,Esophagus/Stomach,-2.012410816676985,-1.9686445112844737,69,69,positive_control,ESCA|STAD
POLR2D,Testis,-1.9941841305566648,-2.0068669651578284,5,5,positive_control,TGCT
POLR2D,Thyroid,-1.9882071492680289,-2.010831386324312,11,11,positive_control,THCA
POLR2D,Biliary Tract,-1.964365908474474,-1.9213576728821635,35,35,positive_control,CHOL
POLR2D,Lung,-1.9621788919333591,-1.9244530818086942,126,126,positive_control,LUAD|LUSC
POLR2D,Bone,-1.9484525098970074,-1.956146448310636,46,46,positive_control,
POLR2D,Bladder/Urinary Tract,-1.9426929521027536,-1.9239116570977235,34,34,positive_control,BLCA
POLR2D,Bowel,-1.9373264960931058,-1.940837425540546,63,63,positive_control,COAD|READ
POLR2D,Prostate,-1.9324423751449267,-1.8873906993945542,10,10,positive_control,PRAD
POLR2D,Lymphoid,-1.9307134580472907,-1.9473938098590604,93,93,positive_control,
POLR2D,CNS/Brain,-1.9209471604500563,-1.9018732906551334,90,90,positive_control,GBM|LGG
POLR2D,Peripheral Nervous System,-1.910485892279697,-1.9237290907514124,44,44,positive_control,PCPG
POLR2D,Soft Tissue,-1.9086963925330465,-1.8995948116936372,45,45,positive_control,SARC
POLR2D,Ovary/Fallopian Tube,-1.9027178651022518,-1.8355702325923169,59,59,positive_control,OV
POLR2D,Myeloid,-1.8968069032197121,-1.8551717041751916,42,42,positive_control,
POLR2D,Skin,-1.886676727054907,-1.8546037363596795,74,74,positive_control,SKCM
POLR2D,Eye,-1.881962888755824,-1.800870802630988,15,15,positive_control,UVM
POLR2D,Kidney,-1.8683341883915534,-1.8652896139661974,34,34,positive_control,KIRC|KIRP|KICH
POLR2D,Uterus,-1.847309303771527,-1.7836169555556292,34,34,positive_control,UCEC|UCS
POLR2D,Liver,-1.8013125866229067,-1.8307413578256293,24,24,positive_control,LIHC
POLR2D,Pleura,-1.779641766654162,-1.7336228247545955,21,21,positive_control,MESO
PTPRC,Myeloid,-0.24588114384810889,-0.16427637790186628,8,1,floor_passing_receptor,
PTPRC,Head and Neck,-0.1702188053597852,-0.1699598783070615,37,0,floor_passing_receptor,HNSC
PTPRC,Bone,-0.16757611283974577,-0.1530069227071241,15,1,floor_passing_receptor,
PTPRC,Breast,-0.14975495532431637,-0.10511228359089435,26,1,floor_passing_receptor,BRCA
PTPRC,Uterus,-0.13758991255440056,-0.0845828075100151,8,0,floor_passing_receptor,UCEC|UCS
PTPRC,Esophagus/Stomach,-0.13641046812939747,-0.1563755203703364,39,0,floor_passing_receptor,ESCA|STAD
PTPRC,Peripheral Nervous System,-0.1143146842999679,-0.1369186064037185,18,0,floor_passing_receptor,PCPG
PTPRC,CNS/Brain,-0.10918655484388794,-0.1111108518752931,34,1,floor_passing_receptor,GBM|LGG
PTPRC,Lymphoid,-0.10917825411036473,-0.15353856538065075,14,0,floor_passing_receptor,
PTPRC,Bowel,-0.08798294890223471,-0.0755175334767076,31,0,floor_passing_receptor,COAD|READ
PTPRC,Lung,-0.08701104829528146,-0.0584177486529315,42,0,floor_passing_receptor,LUAD|LUSC
PTPRC,Skin,-0.07703166531814169,-0.0707581537411434,7,0,floor_passing_receptor,SKCM
PTPRC,Pancreas,-0.07368098202685852,-0.054029683502326,25,2,floor_passing_receptor,PAAD
PTPRC,Ovary/Fallopian Tube,-0.030974764240568792,-0.0187097308533423,28,0,floor_passing_receptor,OV
PTPRZ1,Eye,-0.20249208025776133,-0.181851742967771,15,1,floor_passing_receptor,UVM
PTPRZ1,Testis,-0.1939388524159178,-0.1865836255850158,5,0,floor_passing_receptor,TGCT
PTPRZ1,Prostate,-0.18924737401235608,-0.17993906156236178,10,0,floor_passing_receptor,PRAD
PTPRZ1,Skin,-0.1437612980045141,-0.11930028996473854,74,0,floor_passing_receptor,SKCM
PTPRZ1,Pleura,-0.14288093895377138,-0.1317151217449501,21,0,floor_passing_receptor,MESO
PTPRZ1,Bone,-0.14096178053686642,-0.12342652736282865,46,2,floor_passing_receptor,
PTPRZ1,Pancreas,-0.12986463268331425,-0.1342303689036448,47,0,floor_passing_receptor,PAAD
PTPRZ1,Kidney,-0.11993100728267828,-0.13173739721475491,34,0,floor_passing_receptor,KIRC|KIRP|KICH
PTPRZ1,Soft Tissue,-0.11762969965349855,-0.1295270473189178,45,0,floor_passing_receptor,SARC
PTPRZ1,Cervix,-0.11709843806954526,-0.1243185926015679,18,0,floor_passing_receptor,CESC
PTPRZ1,Lymphoid,-0.11682158613042357,-0.127114105501177,93,0,floor_passing_receptor,
PTPRZ1,Lung,-0.11315319279462488,-0.1196885328475426,126,0,floor_passing_receptor,LUAD|LUSC
PTPRZ1,CNS/Brain,-0.11302074052947218,-0.12247675202915864,90,1,floor_passing_receptor,GBM|LGG
PTPRZ1,Biliary Tract,-0.1110150252676374,-0.1224222585980203,35,1,floor_passing_receptor,CHOL
PTPRZ1,Uterus,-0.10967046285106717,-0.10082259873743205,34,0,floor_passing_receptor,UCEC|UCS
PTPRZ1,Myeloid,-0.10922949966284211,-0.11313339198571346,42,1,floor_passing_receptor,
PTPRZ1,Head and Neck,-0.10451626905477057,-0.1135584959227973,77,1,floor_passing_receptor,HNSC
PTPRZ1,Bowel,-0.10085033871845975,-0.1102394864075472,63,0,floor_passing_receptor,COAD|READ
PTPRZ1,Esophagus/Stomach,-0.09878386511664847,-0.0818295475404104,69,1,floor_passing_receptor,ESCA|STAD
PTPRZ1,Thyroid,-0.098479512886936,-0.1246423463542547,11,0,floor_passing_receptor,THCA
PTPRZ1,Breast,-0.09527613898329165,-0.0884740840401029,53,1,floor_passing_receptor,BRCA
PTPRZ1,Bladder/Urinary Tract,-0.08350467849004771,-0.10157247355945001,34,0,floor_passing_receptor,BLCA
PTPRZ1,Peripheral Nervous System,-0.07701465891518276,-0.07076615223745886,44,0,floor_passing_receptor,PCPG
PTPRZ1,Ovary/Fallopian Tube,-0.06184105533282181,-0.078437689400342,59,1,floor_passing_receptor,OV
PTPRZ1,Liver,-0.059148259283382444,-0.0418175255701444,24,0,floor_passing_receptor,LIHC
RPL3,Liver,-2.6760158587909473,-2.647386362836829,24,24,positive_control,LIHC
RPL3,Kidney,-2.643701929166285,-2.616056327035281,34,34,positive_control,KIRC|KIRP|KICH
RPL3,Thyroid,-2.6394224756629434,-2.59176257618564,11,11,positive_control,THCA
RPL3,Cervix,-2.629041528993428,-2.650749418882569,18,18,positive_control,CESC
RPL3,Eye,-2.6111122454396254,-2.5886145828451737,15,15,positive_control,UVM
RPL3,Ovary/Fallopian Tube,-2.60872161793287,-2.607994765091879,59,59,positive_control,OV
RPL3,Biliary Tract,-2.601797129164567,-2.566246734840207,35,35,positive_control,CHOL
RPL3,CNS/Brain,-2.5936243918420705,-2.5693169543352594,90,90,positive_control,GBM|LGG
RPL3,Uterus,-2.590597759026098,-2.533255039994004,34,34,positive_control,UCEC|UCS
RPL3,Soft Tissue,-2.572866970233216,-2.6050425360538365,45,45,positive_control,SARC
RPL3,Testis,-2.5573039352711397,-2.688648894531665,5,5,positive_control,TGCT
RPL3,Esophagus/Stomach,-2.5524715711892756,-2.5328483236638335,69,69,positive_control,ESCA|STAD
RPL3,Prostate,-2.5411454420482293,-2.568307488975643,10,10,positive_control,PRAD
RPL3,Breast,-2.534937624507548,-2.5175698227063172,53,53,positive_control,BRCA
RPL3,Peripheral Nervous System,-2.5217936457223113,-2.5524942177909136,44,44,positive_control,PCPG
RPL3,Head and Neck,-2.5182777192171266,-2.5014956809975866,77,77,positive_control,HNSC
RPL3,Lung,-2.5108246543580086,-2.5239430649842776,126,126,positive_control,LUAD|LUSC
RPL3,Bladder/Urinary Tract,-2.50383622276781,-2.490560437327974,34,34,positive_control,BLCA
RPL3,Pleura,-2.4953344428464725,-2.470603081232616,21,21,positive_control,MESO
RPL3,Bowel,-2.493914825522654,-2.5578766394170662,63,63,positive_control,COAD|READ
RPL3,Skin,-2.4690286613907033,-2.459435961521531,74,74,positive_control,SKCM
RPL3,Lymphoid,-2.4684166265930383,-2.452744231529718,93,93,positive_control,
RPL3,Myeloid,-2.4615365551421875,-2.4948050953746703,42,42,positive_control,
RPL3,Bone,-2.458088774999007,-2.4829653155027827,46,46,positive_control,
RPL3,Pancreas,-2.4555583621962143,-2.4407300298853594,47,47,positive_control,PAAD
RPL7,Prostate,-1.7514521695717924,-1.6357665265496018,10,10,positive_control,PRAD
RPL7,Kidney,-1.6965993089705584,-1.7207112847272938,34,34,positive_control,KIRC|KIRP|KICH
RPL7,Pleura,-1.6793424332346962,-1.604897794193455,21,21,positive_control,MESO
RPL7,Thyroid,-1.6561594003989868,-1.6666225162756254,11,11,positive_control,THCA
RPL7,Bowel,-1.6489991104108725,-1.5892471350910615,62,62,positive_control,COAD|READ
RPL7,Pancreas,-1.6428611267632103,-1.5925130004484689,47,47,positive_control,PAAD
RPL7,Esophagus/Stomach,-1.6387368718897029,-1.609414627212021,69,69,positive_control,ESCA|STAD
RPL7,Skin,-1.6386115836785242,-1.6843623252437043,72,72,positive_control,SKCM
RPL7,Bone,-1.6349141890579744,-1.5394270944879238,45,45,positive_control,
RPL7,Peripheral Nervous System,-1.6185080984962157,-1.646444976684377,43,43,positive_control,PCPG
RPL7,CNS/Brain,-1.6064157121959564,-1.5538567904256313,90,90,positive_control,GBM|LGG
RPL7,Eye,-1.5964820737065408,-1.5780773472432952,15,15,positive_control,UVM
RPL7,Lymphoid,-1.5866216585604433,-1.625444903448214,92,92,positive_control,
RPL7,Ovary/Fallopian Tube,-1.5699599074360329,-1.5892943289799215,59,59,positive_control,OV
RPL7,Lung,-1.5693869489124945,-1.5648897036934584,124,124,positive_control,LUAD|LUSC
RPL7,Head and Neck,-1.5669492971499104,-1.5232429569011654,75,75,positive_control,HNSC
RPL7,Myeloid,-1.5545108872980482,-1.5393517431298132,40,40,positive_control,
RPL7,Soft Tissue,-1.553107739287683,-1.558221082395442,43,43,positive_control,SARC
RPL7,Biliary Tract,-1.5401115093368851,-1.530480663915508,35,35,positive_control,CHOL
RPL7,Breast,-1.5099584436356732,-1.4930328915966116,53,53,positive_control,BRCA
RPL7,Bladder/Urinary Tract,-1.4751788114718714,-1.4089950138766234,34,34,positive_control,BLCA
RPL7,Uterus,-1.4532610351283983,-1.4441808457818173,34,34,positive_control,UCEC|UCS
RPL7,Liver,-1.3577785775449651,-1.3432159436861433,24,24,positive_control,LIHC
RPL7,Cervix,-1.3253513540369057,-1.3189917404281997,18,18,positive_control,CESC
SDC1,Eye,-0.19010869485224546,-0.2219369840698406,15,0,floor_passing_receptor,UVM
SDC1,Testis,-0.18746224725471322,-0.1841253446203217,5,0,floor_passing_receptor,TGCT
SDC1,Breast,-0.13966205082324482,-0.1491357032675726,53,0,floor_passing_receptor,BRCA
SDC1,Skin,-0.12999223610463245,-0.11806749892645771,74,1,floor_passing_receptor,SKCM
SDC1,Prostate,-0.1261320809556416,-0.04731909856240825,10,0,floor_passing_receptor,PRAD
SDC1,Lymphoid,-0.12284452869239841,-0.1495115677312808,93,3,floor_passing_receptor,
SDC1,Myeloid,-0.1206178744365322,-0.1415737022480854,42,1,floor_passing_receptor,
SDC1,Liver,-0.1193409419697668,-0.12387407661741964,24,0,floor_passing_receptor,LIHC
SDC1,Biliary Tract,-0.11044523016624648,-0.1291059743907337,35,0,floor_passing_receptor,CHOL
SDC1,Cervix,-0.10763580421937247,-0.11307282156393444,18,0,floor_passing_receptor,CESC
SDC1,Bowel,-0.09196672357949762,-0.0874307454785516,63,2,floor_passing_receptor,COAD|READ
SDC1,Pleura,-0.09135121003324986,-0.0829718502810696,21,0,floor_passing_receptor,MESO
SDC1,Thyroid,-0.0908615727943528,-0.1233888916079468,11,0,floor_passing_receptor,THCA
SDC1,CNS/Brain,-0.08826430422890352,-0.0909328119220039,90,0,floor_passing_receptor,GBM|LGG
SDC1,Ovary/Fallopian Tube,-0.08648368756358785,-0.0799849391950258,59,0,floor_passing_receptor,OV
SDC1,Pancreas,-0.08595522117927286,-0.0775898801687351,47,0,floor_passing_receptor,PAAD
SDC1,Peripheral Nervous System,-0.08446655373673967,-0.07030485282425586,44,0,floor_passing_receptor,PCPG
SDC1,Soft Tissue,-0.08333788905693638,-0.0885830471102319,45,0,floor_passing_receptor,SARC
SDC1,Kidney,-0.0810924502699351,-0.0381264891274897,34,0,floor_passing_receptor,KIRC|KIRP|KICH
SDC1,Lung,-0.07588146578699619,-0.07543873496216241,126,1,floor_passing_receptor,LUAD|LUSC
SDC1,Uterus,-0.0749692690662244,-0.10784435719882225,34,0,floor_passing_receptor,UCEC|UCS
SDC1,Bladder/Urinary Tract,-0.05247451923216844,-0.08235834550337005,34,1,floor_passing_receptor,BLCA
SDC1,Bone,-0.04610563272188431,-0.07274046586923799,46,0,floor_passing_receptor,
SDC1,Esophagus/Stomach,-0.027774109601094027,-0.0236235210006872,69,0,floor_passing_receptor,ESCA|STAD
SDC1,Head and Neck,-0.0038171673424206944,0.0201962007856868,77,0,floor_passing_receptor,HNSC
SDC2,Bone,-0.056493994470802285,-0.0552577552562448,46,0,floor_passing_receptor,
SDC2,Soft Tissue,-0.04454540340970426,-0.0348485609696593,45,0,floor_passing_receptor,SARC
SDC2,Peripheral Nervous System,-0.023252081541079616,-0.01704409298140645,44,0,floor_passing_receptor,PCPG
SDC2,Testis,-0.017135612122279164,0.0088391947481085,5,0,floor_passing_receptor,TGCT
SDC2,Liver,-0.011921383770483907,0.0031463931558617497,24,0,floor_passing_receptor,LIHC
SDC2,Bladder/Urinary Tract,-0.008043862899485667,-0.010425602287710799,34,0,floor_passing_receptor,BLCA
SDC2,CNS/Brain,-0.0068212804398157705,-0.00325828731002995,90,0,floor_passing_receptor,GBM|LGG
SDC2,Eye,-0.0034585363670217393,0.011616514428907,15,0,floor_passing_receptor,UVM
SDC2,Breast,-0.00285783628087358,0.0101071852568209,53,0,floor_passing_receptor,BRCA
SDC2,Uterus,-0.0013377151258813682,0.00445059095044935,34,0,floor_passing_receptor,UCEC|UCS
SDC2,Thyroid,-0.00024201864314721898,-0.0173882599917694,11,0,floor_passing_receptor,THCA
SDC2,Myeloid,0.0035360277670065184,0.00599885026531315,42,0,floor_passing_receptor,
SDC2,Skin,0.008072872865232495,0.00398998335716905,74,0,floor_passing_receptor,SKCM
SDC2,Lung,0.01531684171048751,0.01668861776116735,126,0,floor_passing_receptor,LUAD|LUSC
SDC2,Pancreas,0.020504219983824484,0.0096908528127928,47,0,floor_passing_receptor,PAAD
SDC2,Prostate,0.0227561631187629,0.03021696529526055,10,0,floor_passing_receptor,PRAD
SDC2,Head and Neck,0.025578108817606044,0.0290582086882673,77,0,floor_passing_receptor,HNSC
SDC2,Pleura,0.026501798696414395,0.0280127894281596,21,0,floor_passing_receptor,MESO
SDC2,Kidney,0.028816772151593298,0.00990395766488745,34,0,floor_passing_receptor,KIRC|KIRP|KICH
SDC2,Lymphoid,0.02996824263778576,0.0285408316892477,93,0,floor_passing_receptor,
SDC2,Cervix,0.03071273049208759,0.0259009980597006,18,0,floor_passing_receptor,CESC
SDC2,Esophagus/Stomach,0.035258380516503915,0.0373383761565271,69,0,floor_passing_receptor,ESCA|STAD
SDC2,Biliary Tract,0.04071092464635917,0.038340971667521,35,0,floor_passing_receptor,CHOL
SDC2,Bowel,0.044312802733732046,0.0465859375143414,63,0,floor_passing_receptor,COAD|READ
SDC2,Ovary/Fallopian Tube,0.060874479173988236,0.048215063780035,59,0,floor_passing_receptor,OV
SDC3,Testis,-0.2080514803127956,-0.1867017467423316,5,0,floor_passing_receptor,TGCT
SDC3,Prostate,-0.11568383028302147,-0.10655827371707605,10,0,floor_passing_receptor,PRAD
SDC3,Cervix,-0.11453878803271765,-0.12158525573979355,18,0,floor_passing_receptor,CESC
SDC3,Bladder/Urinary Tract,-0.1068297388030483,-0.10057695425629354,34,0,floor_passing_receptor,BLCA
SDC3,Eye,-0.10402187760395872,-0.0698112640076244,15,0,floor_passing_receptor,UVM
SDC3,Pleura,-0.09191956676701077,-0.0958992683846173,21,0,floor_passing_receptor,MESO
SDC3,Bone,-0.09081889176797592,-0.07241486999660365,46,0,floor_passing_receptor,
SDC3,Myeloid,-0.08641413704740189,-0.0706140844687153,42,1,floor_passing_receptor,
SDC3,Skin,-0.0839661156747377,-0.0853776950072701,74,0,floor_passing_receptor,SKCM
SDC3,Thyroid,-0.08183830090469969,-0.0614001209487668,11,0,floor_passing_receptor,THCA
SDC3,Peripheral Nervous System,-0.07684917210875189,-0.08592171696552794,44,0,floor_passing_receptor,PCPG
SDC3,Biliary Tract,-0.07626011838291553,-0.0609429609684006,35,0,floor_passing_receptor,CHOL
SDC3,Lymphoid,-0.07154648996467002,-0.0720764638541074,93,0,floor_passing_receptor,
SDC3,Head and Neck,-0.07096732269478116,-0.0708418019963918,77,0,floor_passing_receptor,HNSC
SDC3,Lung,-0.06663969531604952,-0.04475012749204045,126,1,floor_passing_receptor,LUAD|LUSC
SDC3,CNS/Brain,-0.06648896094717467,-0.07054989935481934,90,1,floor_passing_receptor,GBM|LGG
SDC3,Esophagus/Stomach,-0.06575380134179754,-0.06317943225753,69,0,floor_passing_receptor,ESCA|STAD
SDC3,Uterus,-0.06340810010729152,-0.06961404278987435,34,0,floor_passing_receptor,UCEC|UCS
SDC3,Pancreas,-0.06149764368220769,-0.0624625058474661,47,0,floor_passing_receptor,PAAD
SDC3,Bowel,-0.0557894509790227,-0.0693646576350189,63,0,floor_passing_receptor,COAD|READ
SDC3,Breast,-0.04299276302223566,-0.0518142658072878,53,0,floor_passing_receptor,BRCA
SDC3,Soft Tissue,-0.04167418467090188,-0.0767148931653559,45,0,floor_passing_receptor,SARC
SDC3,Liver,-0.03480561903584597,-0.009155930392046499,24,0,floor_passing_receptor,LIHC
SDC3,Ovary/Fallopian Tube,-0.011083736614330328,-0.0009664816908348,59,0,floor_passing_receptor,OV
SDC3,Kidney,0.018074749716454248,0.0191825729202525,34,0,floor_passing_receptor,KIRC|KIRP|KICH
SDC4,Bladder/Urinary Tract,-0.0326067374150311,-0.0318952213596478,34,0,floor_passing_receptor,BLCA
SDC4,CNS/Brain,-0.026141353766173568,-0.02369738560098595,90,0,floor_passing_receptor,GBM|LGG
SDC4,Ovary/Fallopian Tube,-0.02571343730862268,-0.001889510099934,59,0,floor_passing_receptor,OV
SDC4,Soft Tissue,-0.023114222470243348,-0.0190607492291177,45,0,floor_passing_receptor,SARC
SDC4,Uterus,-0.021972852224903344,-0.0055860979894511,34,0,floor_passing_receptor,UCEC|UCS
SDC4,Biliary Tract,-0.017201053736647706,-0.0243579051315102,35,0,floor_passing_receptor,CHOL
SDC4,Bone,-0.012840363106258907,-0.01012226536132825,46,0,floor_passing_receptor,
SDC4,Cervix,-0.009633993889675504,0.0082777042568593,18,0,floor_passing_receptor,CESC
SDC4,Pleura,-0.007511619595479536,0.0147975303219088,21,0,floor_passing_receptor,MESO
SDC4,Head and Neck,-0.003741304431225704,0.0170104599936768,77,0,floor_passing_receptor,HNSC
SDC4,Kidney,-3.9741175891749283e-05,0.00445521681666955,34,0,floor_passing_receptor,KIRC|KIRP|KICH
SDC4,Pancreas,0.002055776901668553,0.0107032177328365,47,0,floor_passing_receptor,PAAD
SDC4,Lung,0.0030386266545559264,0.00026377522919879986,126,0,floor_passing_receptor,LUAD|LUSC
SDC4,Skin,0.0038921507995171526,-0.0026821588770031997,74,0,floor_passing_receptor,SKCM
SDC4,Liver,0.004346714558675645,0.00642614477099105,24,0,floor_passing_receptor,LIHC
SDC4,Myeloid,0.006078236033342012,0.02238850476296305,42,0,floor_passing_receptor,
SDC4,Esophagus/Stomach,0.014557019199450977,0.0255949681854166,69,0,floor_passing_receptor,ESCA|STAD
SDC4,Peripheral Nervous System,0.017100251530882474,0.03176029644779795,44,0,floor_passing_receptor,PCPG
SDC4,Breast,0.02687851243039852,0.0287155994212229,53,0,floor_passing_receptor,BRCA
SDC4,Lymphoid,0.03216635791404295,0.0409899448984998,93,0,floor_passing_receptor,
SDC4,Eye,0.033036107533101676,0.0157055898488538,15,0,floor_passing_receptor,UVM
SDC4,Prostate,0.040986875081139205,0.04887285711697635,10,0,floor_passing_receptor,PRAD
SDC4,Thyroid,0.045197718765956345,0.0302863268551009,11,0,floor_passing_receptor,THCA
SDC4,Bowel,0.04943067357282145,0.0333031555033677,63,0,floor_passing_receptor,COAD|READ
SDC4,Testis,0.07321888119681694,0.1110751356591699,5,0,floor_passing_receptor,TGCT
SORT1,Uterus,-0.2780984538976099,-0.24445051261020534,34,2,floor_passing_receptor,UCEC|UCS
SORT1,Testis,-0.2427839395031426,-0.1435532988367986,5,1,floor_passing_receptor,TGCT
SORT1,Thyroid,-0.23831046791342206,-0.2311248962615506,11,0,floor_passing_receptor,THCA
SORT1,Bladder/Urinary Tract,-0.23451894130209022,-0.2056099175202764,34,0,floor_passing_receptor,BLCA
SORT1,Cervix,-0.23094936108092215,-0.2096521126465961,18,0,floor_passing_receptor,CESC
SORT1,Pleura,-0.2230997014295788,-0.199450783690998,21,1,floor_passing_receptor,MESO
SORT1,Skin,-0.21941261332191636,-0.23304885368193315,74,1,floor_passing_receptor,SKCM
SORT1,Ovary/Fallopian Tube,-0.21829981600859588,-0.2114726986125542,59,1,floor_passing_receptor,OV
SORT1,Head and Neck,-0.21737355444303608,-0.1982317491224573,77,4,floor_passing_receptor,HNSC
SORT1,Peripheral Nervous System,-0.2170651882628209,-0.186470598226018,44,2,floor_passing_receptor,PCPG
SORT1,Esophagus/Stomach,-0.21595731402188786,-0.1971883909952425,69,2,floor_passing_receptor,ESCA|STAD
SORT1,Lung,-0.21567102420234685,-0.20928204691688096,126,1,floor_passing_receptor,LUAD|LUSC
SORT1,Breast,-0.21282721261747622,-0.2147114222312126,53,1,floor_passing_receptor,BRCA
SORT1,Bowel,-0.21274832569621707,-0.1987961405567535,63,1,floor_passing_receptor,COAD|READ
SORT1,Kidney,-0.20902248377794302,-0.20444576704329254,34,0,floor_passing_receptor,KIRC|KIRP|KICH
SORT1,Eye,-0.198415772378219,-0.2292793759557476,15,0,floor_passing_receptor,UVM
SORT1,CNS/Brain,-0.1961345568236723,-0.19552229424164114,90,2,floor_passing_receptor,GBM|LGG
SORT1,Prostate,-0.1904589602514062,-0.1927539359857238,10,0,floor_passing_receptor,PRAD
SORT1,Bone,-0.18759674316055908,-0.17670019043881624,46,2,floor_passing_receptor,
SORT1,Pancreas,-0.1841183520886419,-0.1886456717280391,47,0,floor_passing_receptor,PAAD
SORT1,Soft Tissue,-0.17551039798929322,-0.1871158905645165,45,0,floor_passing_receptor,SARC
SORT1,Biliary Tract,-0.1740955506826399,-0.1676500418948886,35,1,floor_passing_receptor,CHOL
SORT1,Myeloid,-0.1725996670223279,-0.15856521843324933,42,0,floor_passing_receptor,
SORT1,Liver,-0.1700862839414353,-0.17356009851690735,24,0,floor_passing_receptor,LIHC
SORT1,Lymphoid,-0.16486804141048592,-0.1617034960072676,93,0,floor_passing_receptor,
TGFBR1,Pleura,-0.20355149238718181,-0.156201314615672,21,2,floor_passing_receptor,MESO
TGFBR1,CNS/Brain,-0.19820491206264562,-0.1679463956467765,90,12,floor_passing_receptor,GBM|LGG
TGFBR1,Prostate,-0.18643223559830754,-0.12624349347355335,10,1,floor_passing_receptor,PRAD
TGFBR1,Bladder/Urinary Tract,-0.18033733638663843,-0.15462775228320053,34,2,floor_passing_receptor,BLCA
TGFBR1,Esophagus/Stomach,-0.16982110001752612,-0.1221429295701192,69,7,floor_passing_receptor,ESCA|STAD
TGFBR1,Pancreas,-0.15436131350377322,-0.1052092483587818,47,6,floor_passing_receptor,PAAD
TGFBR1,Uterus,-0.1450980629392501,-0.1235319441547466,34,0,floor_passing_receptor,UCEC|UCS
TGFBR1,Testis,-0.13755650619676751,-0.2084037605761763,5,1,floor_passing_receptor,TGCT
TGFBR1,Peripheral Nervous System,-0.12841031395044314,-0.1283971047930124,44,2,floor_passing_receptor,PCPG
TGFBR1,Biliary Tract,-0.12369297683989873,-0.0763277704001665,35,2,floor_passing_receptor,CHOL
TGFBR1,Lymphoid,-0.11762765632605976,-0.0991905500452608,93,3,floor_passing_receptor,
TGFBR1,Kidney,-0.1117002255508066,-0.09614962788926401,34,1,floor_passing_receptor,KIRC|KIRP|KICH
TGFBR1,Soft Tissue,-0.1082450934243916,-0.1019993062191099,45,1,floor_passing_receptor,SARC
TGFBR1,Breast,-0.10221643335973941,-0.0814920062203188,53,4,floor_passing_receptor,BRCA
TGFBR1,Head and Neck,-0.10046201317686522,-0.0656592008770128,77,5,floor_passing_receptor,HNSC
TGFBR1,Lung,-0.09614842768790328,-0.09919091019778335,126,2,floor_passing_receptor,LUAD|LUSC
TGFBR1,Bone,-0.09155362045981742,-0.0811777537786724,46,0,floor_passing_receptor,
TGFBR1,Bowel,-0.0821256516930979,-0.0679503574071553,63,1,floor_passing_receptor,COAD|READ
TGFBR1,Thyroid,-0.08056529285092119,-0.113572145452159,11,0,floor_passing_receptor,THCA
TGFBR1,Myeloid,-0.07703249619090323,-0.051211471631718006,42,2,floor_passing_receptor,
TGFBR1,Eye,-0.053379207689684335,-0.0839099680847961,15,1,floor_passing_receptor,UVM
TGFBR1,Cervix,-0.0514738877349643,-0.02497462695753825,18,1,floor_passing_receptor,CESC
TGFBR1,Skin,-0.04793020784144214,-0.042286693567698846,74,3,floor_passing_receptor,SKCM
TGFBR1,Liver,-0.0016281326182780442,0.011317712005449801,24,0,floor_passing_receptor,LIHC
TGFBR1,Ovary/Fallopian Tube,-0.00020141334162540462,-0.0070400878348309,59,0,floor_passing_receptor,OV
TGFBR2,Pleura,-0.07161450150721056,0.0065141398596129,21,1,floor_passing_receptor,MESO
TGFBR2,CNS/Brain,-0.06401099509877389,-0.054404440892640196,90,2,floor_passing_receptor,GBM|LGG
TGFBR2,Bladder/Urinary Tract,-0.049462163870886866,-0.00577203552010805,34,1,floor_passing_receptor,BLCA
TGFBR2,Prostate,-0.04348606648677607,-0.0027570868084916,10,0,floor_passing_receptor,PRAD
TGFBR2,Bone,-0.03744426290892673,-0.0449205903015271,46,0,floor_passing_receptor,
TGFBR2,Pancreas,-0.025546236186331114,0.0151185788015893,47,1,floor_passing_receptor,PAAD
TGFBR2,Thyroid,-0.021299006811316218,-0.0208947103937265,11,0,floor_passing_receptor,THCA
TGFBR2,Biliary Tract,-0.020424800254650533,0.0141790345688434,35,0,floor_passing_receptor,CHOL
TGFBR2,Kidney,-0.01924480380307989,-0.02018984259964485,34,1,floor_passing_receptor,KIRC|KIRP|KICH
TGFBR2,Testis,-0.010415091668277993,0.0228588015618671,5,0,floor_passing_receptor,TGCT
TGFBR2,Peripheral Nervous System,-0.007468102554126105,-0.01348508652737855,44,0,floor_passing_receptor,PCPG
TGFBR2,Eye,-0.006388250152961261,0.0084555030230206,15,0,floor_passing_receptor,UVM
TGFBR2,Lymphoid,-0.0062576324687084635,0.0128757264637488,93,0,floor_passing_receptor,
TGFBR2,Esophagus/Stomach,-0.005431123009272219,0.0209543559006418,69,4,floor_passing_receptor,ESCA|STAD
TGFBR2,Soft Tissue,0.0047518123121416496,0.0102355523602669,45,0,floor_passing_receptor,SARC
TGFBR2,Head and Neck,0.012888033141845454,0.0236589283178596,77,2,floor_passing_receptor,HNSC
TGFBR2,Skin,0.02649634305636463,0.022896171692183102,74,0,floor_passing_receptor,SKCM
TGFBR2,Lung,0.029319219218991558,0.0277411257567796,126,0,floor_passing_receptor,LUAD|LUSC
TGFBR2,Breast,0.038237724856828144,0.0442985462023485,53,0,floor_passing_receptor,BRCA
TGFBR2,Cervix,0.038889802921690864,0.060266876014357554,18,0,floor_passing_receptor,CESC
TGFBR2,Uterus,0.044540849738533526,0.03485188504129,34,0,floor_passing_receptor,UCEC|UCS
TGFBR2,Myeloid,0.04613540400861811,0.02962026360413935,42,0,floor_passing_receptor,
TGFBR2,Ovary/Fallopian Tube,0.06383364518550831,0.0352606368997968,59,0,floor_passing_receptor,OV
TGFBR2,Bowel,0.06484065699201032,0.0882135450726673,63,1,floor_passing_receptor,COAD|READ
TGFBR2,Liver,0.06819817498711463,0.06220516759761185,24,0,floor_passing_receptor,LIHC
TNFRSF12A,Pleura,-0.1160600096581436,-0.1007060343715884,21,0,floor_passing_receptor,MESO
TNFRSF12A,Soft Tissue,-0.10455109844693829,-0.0990773038791352,45,1,floor_passing_receptor,SARC
TNFRSF12A,CNS/Brain,-0.10431031243810383,-0.09048146305726501,90,1,floor_passing_receptor,GBM|LGG
TNFRSF12A,Skin,-0.10333458756862175,-0.06713318331693725,74,2,floor_passing_receptor,SKCM
TNFRSF12A,Thyroid,-0.08834546408050889,-0.0504254140620751,11,0,floor_passing_receptor,THCA
TNFRSF12A,Eye,-0.08666635826907719,-0.0916751124352887,15,0,floor_passing_receptor,UVM
TNFRSF12A,Kidney,-0.0812866400772968,-0.10094656559631254,34,0,floor_passing_receptor,KIRC|KIRP|KICH
TNFRSF12A,Prostate,-0.07480370958014212,-0.0665759176049795,10,0,floor_passing_receptor,PRAD
TNFRSF12A,Bone,-0.07435094276423804,-0.0617911243359198,46,0,floor_passing_receptor,
TNFRSF12A,Ovary/Fallopian Tube,-0.07258575433303226,-0.0667728165690718,59,0,floor_passing_receptor,OV
TNFRSF12A,Bladder/Urinary Tract,-0.05994441727580264,-0.0602828484603291,34,0,floor_passing_receptor,BLCA
TNFRSF12A,Biliary Tract,-0.05782652675178932,-0.0435683443354892,35,0,floor_passing_receptor,CHOL
TNFRSF12A,Lymphoid,-0.055285723984015316,-0.0470778495110778,93,0,floor_passing_receptor,
TNFRSF12A,Peripheral Nervous System,-0.049577165177442255,-0.0540843411117548,44,0,floor_passing_receptor,PCPG
TNFRSF12A,Uterus,-0.042054345684235196,-0.04773091898708175,34,1,floor_passing_receptor,UCEC|UCS
TNFRSF12A,Lung,-0.037545915236907625,-0.04007196191618945,126,0,floor_passing_receptor,LUAD|LUSC
TNFRSF12A,Liver,-0.03678945245197512,-0.0344696956600637,24,0,floor_passing_receptor,LIHC
TNFRSF12A,Cervix,-0.03634115340262724,-0.03654455866656505,18,0,floor_passing_receptor,CESC
TNFRSF12A,Esophagus/Stomach,-0.03211711385559069,-0.0304519869584375,69,0,floor_passing_receptor,ESCA|STAD
TNFRSF12A,Pancreas,-0.022907949996879628,-0.0266049364678739,47,0,floor_passing_receptor,PAAD
TNFRSF12A,Breast,-0.01983066328330357,-0.007657689417104,53,0,floor_passing_receptor,BRCA
TNFRSF12A,Myeloid,-0.019384246658962368,0.01066731812467755,42,0,floor_passing_receptor,
TNFRSF12A,Bowel,-0.012101800723178352,-0.0174722449213831,63,0,floor_passing_receptor,COAD|READ
TNFRSF12A,Head and Neck,-0.0006989927493746392,0.0025749043728622,77,0,floor_passing_receptor,HNSC
TNFRSF12A,Testis,0.07547693690882404,0.0821864499355825,5,0,floor_passing_receptor,TGCT
TNFRSF1A,Skin,0.05770362628148199,0.06384379293089734,74,0,floor_passing_receptor,SKCM
TNFRSF1A,Testis,0.07241328161674468,0.1053527455561069,5,0,floor_passing_receptor,TGCT
TNFRSF1A,Bladder/Urinary Tract,0.0740318813115975,0.05336624073147555,34,0,floor_passing_receptor,BLCA
TNFRSF1A,Soft Tissue,0.08638092065868044,0.073225297532558,45,0,floor_passing_receptor,SARC
TNFRSF1A,Biliary Tract,0.09103221621569385,0.097902447770987,35,0,floor_passing_receptor,CHOL
TNFRSF1A,Eye,0.0929060455796836,0.0585685272413333,15,0,floor_passing_receptor,UVM
TNFRSF1A,Cervix,0.10607162354850616,0.10455839624744105,18,0,floor_passing_receptor,CESC
TNFRSF1A,Lymphoid,0.10703877614383966,0.1073838273656508,93,0,floor_passing_receptor,
TNFRSF1A,Prostate,0.10994964035156127,0.0711263798602323,10,0,floor_passing_receptor,PRAD
TNFRSF1A,Uterus,0.11031296174395379,0.13084746750465265,34,0,floor_passing_receptor,UCEC|UCS
TNFRSF1A,Head and Neck,0.11229580426530178,0.1025936406222862,77,0,floor_passing_receptor,HNSC
TNFRSF1A,Kidney,0.11735556494951209,0.10281887177961485,34,0,floor_passing_receptor,KIRC|KIRP|KICH
TNFRSF1A,CNS/Brain,0.12216268030026207,0.1146087387863155,90,0,floor_passing_receptor,GBM|LGG
TNFRSF1A,Esophagus/Stomach,0.12708557391567396,0.1263364799240637,69,0,floor_passing_receptor,ESCA|STAD
TNFRSF1A,Bone,0.12763003290906666,0.13839369662955187,46,0,floor_passing_receptor,
TNFRSF1A,Liver,0.13165602771743581,0.13099457260301375,24,0,floor_passing_receptor,LIHC
TNFRSF1A,Ovary/Fallopian Tube,0.13508902895281638,0.1165550909703398,59,0,floor_passing_receptor,OV
TNFRSF1A,Breast,0.1371284794464133,0.1032572886649338,53,0,floor_passing_receptor,BRCA
TNFRSF1A,Bowel,0.1378602231531855,0.1377869522511542,63,0,floor_passing_receptor,COAD|READ
TNFRSF1A,Lung,0.13834912146902784,0.1364420597236831,126,0,floor_passing_receptor,LUAD|LUSC
TNFRSF1A,Pleura,0.1393817533174977,0.155106339090503,21,0,floor_passing_receptor,MESO
TNFRSF1A,Pancreas,0.14130594740298208,0.1251372039377151,47,0,floor_passing_receptor,PAAD
TNFRSF1A,Thyroid,0.14338433628788236,0.1734158161969511,11,0,floor_passing_receptor,THCA
TNFRSF1A,Peripheral Nervous System,0.14942888735261783,0.13801580462124113,44,0,floor_passing_receptor,PCPG
TNFRSF1A,Myeloid,0.16780448137709333,0.16399518071991476,42,0,floor_passing_receptor,
TNFRSF1B,Liver,-0.043814527331842656,-0.03278813425792845,24,0,floor_passing_receptor,LIHC
TNFRSF1B,Uterus,-0.042920017126591575,-0.03104684874934615,34,0,floor_passing_receptor,UCEC|UCS
TNFRSF1B,Pancreas,-0.039246004774390254,-0.038913602081941,47,0,floor_passing_receptor,PAAD
TNFRSF1B,Thyroid,-0.0347422220353797,-0.0354496759627902,11,0,floor_passing_receptor,THCA
TNFRSF1B,Bone,-0.02775948805736916,-0.0069852924659187,46,0,floor_passing_receptor,
TNFRSF1B,Kidney,-0.02285145384488066,-0.01847822669422975,34,0,floor_passing_receptor,KIRC|KIRP|KICH
TNFRSF1B,Lung,-0.01768510528507513,-0.01143704540258985,126,0,floor_passing_receptor,LUAD|LUSC
TNFRSF1B,Bowel,-0.017341596115032314,-0.0227909364305111,63,0,floor_passing_receptor,COAD|READ
TNFRSF1B,Biliary Tract,-0.014763796186416498,-0.0160417520510843,35,0,floor_passing_receptor,CHOL
TNFRSF1B,Myeloid,-0.011042484324896447,-0.01507821639595815,42,0,floor_passing_receptor,
TNFRSF1B,Lymphoid,-0.006999026661974861,-0.003842587149365,93,0,floor_passing_receptor,
TNFRSF1B,Ovary/Fallopian Tube,-0.005600021526030641,-0.005932245041339,59,0,floor_passing_receptor,OV
TNFRSF1B,CNS/Brain,-0.0019484291543319795,0.00127314394631425,90,0,floor_passing_receptor,GBM|LGG
TNFRSF1B,Esophagus/Stomach,0.0030244399540573044,-0.0035526584105416,69,0,floor_passing_receptor,ESCA|STAD
TNFRSF1B,Prostate,0.00329102825288922,-0.00371666430443265,10,0,floor_passing_receptor,PRAD
TNFRSF1B,Bladder/Urinary Tract,0.0044710883762159054,0.0105256276008944,34,0,floor_passing_receptor,BLCA
TNFRSF1B,Head and Neck,0.009244154045124256,0.0092246581981307,77,0,floor_passing_receptor,HNSC
TNFRSF1B,Soft Tissue,0.016359687669891303,0.0144193970149006,45,0,floor_passing_receptor,SARC
TNFRSF1B,Pleura,0.0176868908641397,0.0265363893917142,21,0,floor_passing_receptor,MESO
TNFRSF1B,Skin,0.017689804673341313,0.0042767725653812,74,0,floor_passing_receptor,SKCM
TNFRSF1B,Peripheral Nervous System,0.01837809347733234,0.0155481562016778,44,0,floor_passing_receptor,PCPG
TNFRSF1B,Breast,0.023891760779172405,0.0158188099415701,53,0,floor_passing_receptor,BRCA
TNFRSF1B,Cervix,0.027976131370121893,0.025884106260733748,18,0,floor_passing_receptor,CESC
TNFRSF1B,Eye,0.05384264267869208,0.0577541622036575,15,0,floor_passing_receptor,UVM
TNFRSF1B,Testis,0.06526866644988634,0.0647708542788354,5,0,floor_passing_receptor,TGCT
TYRO3,Peripheral Nervous System,-0.33812246807132806,-0.3209950767105203,44,7,floor_passing_receptor,PCPG
TYRO3,Lung,-0.32924871172644826,-0.3218693943315011,126,16,floor_passing_receptor,LUAD|LUSC
TYRO3,Skin,-0.32073447816315886,-0.2980367415099932,74,10,floor_passing_receptor,SKCM
TYRO3,Head and Neck,-0.31997876075270604,-0.3058803953133169,77,8,floor_passing_receptor,HNSC
TYRO3,Lymphoid,-0.31428526074096025,-0.2864549033064081,93,9,floor_passing_receptor,
TYRO3,Bowel,-0.3112894418583763,-0.3061811880888082,63,6,floor_passing_receptor,COAD|READ
TYRO3,Myeloid,-0.30971907791952463,-0.32216601587297783,42,2,floor_passing_receptor,
TYRO3,Ovary/Fallopian Tube,-0.3022025387868618,-0.3074667192280459,59,5,floor_passing_receptor,OV
TYRO3,Bladder/Urinary Tract,-0.29658116074919066,-0.27984923362777414,34,4,floor_passing_receptor,BLCA
TYRO3,Pancreas,-0.29085439047364275,-0.283342754876759,47,3,floor_passing_receptor,PAAD
TYRO3,Prostate,-0.2778882105660966,-0.27512747223302364,10,0,floor_passing_receptor,PRAD
TYRO3,Cervix,-0.275462904577654,-0.2518982676913988,18,1,floor_passing_receptor,CESC
TYRO3,Breast,-0.27454337593959977,-0.2756608829445451,53,3,floor_passing_receptor,BRCA
TYRO3,Thyroid,-0.273743318922531,-0.2833428501715195,11,0,floor_passing_receptor,THCA
TYRO3,Bone,-0.27191525760974,-0.2643816498206135,46,3,floor_passing_receptor,
TYRO3,Eye,-0.2678592180992911,-0.284757654311329,15,1,floor_passing_receptor,UVM
TYRO3,CNS/Brain,-0.26613824173953576,-0.2541034072021523,90,4,floor_passing_receptor,GBM|LGG
TYRO3,Pleura,-0.26525722285969666,-0.2941038615609131,21,0,floor_passing_receptor,MESO
TYRO3,Kidney,-0.2629988018223445,-0.24413006877454493,34,2,floor_passing_receptor,KIRC|KIRP|KICH
TYRO3,Biliary Tract,-0.2591442286076678,-0.2476147891184501,35,0,floor_passing_receptor,CHOL
TYRO3,Soft Tissue,-0.2579060851760639,-0.2802401085842053,45,2,floor_passing_receptor,SARC
TYRO3,Uterus,-0.2528496220212969,-0.24462364318472585,34,2,floor_passing_receptor,UCEC|UCS
TYRO3,Liver,-0.24725968830035858,-0.23825056051258045,24,0,floor_passing_receptor,LIHC
TYRO3,Esophagus/Stomach,-0.24478409339021512,-0.2650288376962953,69,1,floor_passing_receptor,ESCA|STAD
TYRO3,Testis,-0.20948522692277322,-0.1967792702189797,5,0,floor_passing_receptor,TGCT
