gene,gencodeId,tissue,median_tpm
NPPA,ENSG00000175206.10,Adipose_Subcutaneous,3.16234
NPPA,ENSG00000175206.10,Adipose_Visceral_Omentum,3.2261599999999997
NPPA,ENSG00000175206.10,Adrenal_Gland,1.8096700000000001
NPPA,ENSG00000175206.10,Artery_Aorta,3.0533900000000003
NPPA,ENSG00000175206.10,Artery_Coronary,3.87549
NPPA,ENSG00000175206.10,Artery_Tibial,3.06324
NPPA,ENSG00000175206.10,Bladder,1.34215
NPPA,ENSG00000175206.10,Brain_Amygdala,2.71046
NPPA,ENSG00000175206.10,Brain_Anterior_cingulate_cortex_BA24,4.46617
NPPA,ENSG00000175206.10,Brain_Caudate_basal_ganglia,1.30805
NPPA,ENSG00000175206.10,Brain_Cerebellar_Hemisphere,1.90481
NPPA,ENSG00000175206.10,Brain_Cerebellum,2.46287
NPPA,ENSG00000175206.10,Brain_Cortex,5.81626
NPPA,ENSG00000175206.10,Brain_Frontal_Cortex_BA9,5.01574
NPPA,ENSG00000175206.10,Brain_Hippocampus,2.5184599999999997
NPPA,ENSG00000175206.10,Brain_Hypothalamus,1.8979700000000002
NPPA,ENSG00000175206.10,Brain_Nucleus_accumbens_basal_ganglia,1.35135
NPPA,ENSG00000175206.10,Brain_Putamen_basal_ganglia,0.8994139999999999
NPPA,ENSG00000175206.10,Brain_Spinal_cord_cervical_c-1,1.96512
NPPA,ENSG00000175206.10,Brain_Substantia_nigra,1.4724700000000002
NPPA,ENSG00000175206.10,Breast_Mammary_Tissue,3.19861
NPPA,ENSG00000175206.10,Cells_Cultured_fibroblasts,0.7265729999999999
NPPA,ENSG00000175206.10,Cells_EBV-transformed_lymphocytes,2.2944400000000003
NPPA,ENSG00000175206.10,Cervix_Ectocervix,1.82339
NPPA,ENSG00000175206.10,Cervix_Endocervix,2.2711900000000003
NPPA,ENSG00000175206.10,Colon_Sigmoid,3.68698
NPPA,ENSG00000175206.10,Colon_Transverse,2.18633
NPPA,ENSG00000175206.10,Esophagus_Gastroesophageal_Junction,3.47591
NPPA,ENSG00000175206.10,Esophagus_Mucosa,1.53579
NPPA,ENSG00000175206.10,Esophagus_Muscularis,3.5949199999999997
NPPA,ENSG00000175206.10,Fallopian_Tube,2.0292
NPPA,ENSG00000175206.10,Heart_Atrial_Appendage,28754.0
NPPA,ENSG00000175206.10,Heart_Left_Ventricle,35.8109
NPPA,ENSG00000175206.10,Kidney_Cortex,1.1989100000000001
NPPA,ENSG00000175206.10,Kidney_Medulla,0.552606
NPPA,ENSG00000175206.10,Liver,1.3644
NPPA,ENSG00000175206.10,Lung,4.65875
NPPA,ENSG00000175206.10,Minor_Salivary_Gland,1.96328
NPPA,ENSG00000175206.10,Muscle_Skeletal,2.34266
NPPA,ENSG00000175206.10,Nerve_Tibial,3.96895
NPPA,ENSG00000175206.10,Ovary,2.82401
NPPA,ENSG00000175206.10,Pancreas,1.00593
NPPA,ENSG00000175206.10,Pituitary,5.93242
NPPA,ENSG00000175206.10,Prostate,5.27877
NPPA,ENSG00000175206.10,Skin_Not_Sun_Exposed_Suprapubic,3.3183
NPPA,ENSG00000175206.10,Skin_Sun_Exposed_Lower_leg,3.23948
NPPA,ENSG00000175206.10,Small_Intestine_Terminal_Ileum,2.9834
NPPA,ENSG00000175206.10,Spleen,3.63131
NPPA,ENSG00000175206.10,Stomach,1.5039799999999999
NPPA,ENSG00000175206.10,Testis,13.3073
NPPA,ENSG00000175206.10,Thyroid,3.5482699999999996
NPPA,ENSG00000175206.10,Uterus,3.28948
NPPA,ENSG00000175206.10,Vagina,3.66395
NPPA,ENSG00000175206.10,Whole_Blood,1.6892599999999998
NPPB,ENSG00000120937.8,Adipose_Subcutaneous,0.301944
NPPB,ENSG00000120937.8,Adipose_Visceral_Omentum,0.46993599999999996
NPPB,ENSG00000120937.8,Adrenal_Gland,0.158882
NPPB,ENSG00000120937.8,Artery_Aorta,0.644777
NPPB,ENSG00000120937.8,Artery_Coronary,0.726931
NPPB,ENSG00000120937.8,Artery_Tibial,0.535076
NPPB,ENSG00000120937.8,Bladder,0.0
NPPB,ENSG00000120937.8,Brain_Amygdala,0.22417399999999998
NPPB,ENSG00000120937.8,Brain_Anterior_cingulate_cortex_BA24,0.262975
NPPB,ENSG00000120937.8,Brain_Caudate_basal_ganglia,1.9586299999999999
NPPB,ENSG00000120937.8,Brain_Cerebellar_Hemisphere,0.60935
NPPB,ENSG00000120937.8,Brain_Cerebellum,0.6645260000000001
NPPB,ENSG00000120937.8,Brain_Cortex,0.364192
NPPB,ENSG00000120937.8,Brain_Frontal_Cortex_BA9,0.276804
NPPB,ENSG00000120937.8,Brain_Hippocampus,0.25402600000000003
NPPB,ENSG00000120937.8,Brain_Hypothalamus,0.598387
NPPB,ENSG00000120937.8,Brain_Nucleus_accumbens_basal_ganglia,8.12829
NPPB,ENSG00000120937.8,Brain_Putamen_basal_ganglia,2.32384
NPPB,ENSG00000120937.8,Brain_Spinal_cord_cervical_c-1,0.389542
NPPB,ENSG00000120937.8,Brain_Substantia_nigra,0.257143
NPPB,ENSG00000120937.8,Breast_Mammary_Tissue,0.29967
NPPB,ENSG00000120937.8,Cells_Cultured_fibroblasts,0.0
NPPB,ENSG00000120937.8,Cells_EBV-transformed_lymphocytes,0.120796
NPPB,ENSG00000120937.8,Cervix_Ectocervix,0.085275
NPPB,ENSG00000120937.8,Cervix_Endocervix,0.197042
NPPB,ENSG00000120937.8,Colon_Sigmoid,0.325281
NPPB,ENSG00000120937.8,Colon_Transverse,0.15002100000000002
NPPB,ENSG00000120937.8,Esophagus_Gastroesophageal_Junction,0.34707899999999997
NPPB,ENSG00000120937.8,Esophagus_Mucosa,0.0895663
NPPB,ENSG00000120937.8,Esophagus_Muscularis,0.246071
NPPB,ENSG00000120937.8,Fallopian_Tube,0.14807
NPPB,ENSG00000120937.8,Heart_Atrial_Appendage,1639.56
NPPB,ENSG00000120937.8,Heart_Left_Ventricle,26.7743
NPPB,ENSG00000120937.8,Kidney_Cortex,0.113773
NPPB,ENSG00000120937.8,Kidney_Medulla,0.0
NPPB,ENSG00000120937.8,Liver,0.114646
NPPB,ENSG00000120937.8,Lung,0.316623
NPPB,ENSG00000120937.8,Minor_Salivary_Gland,0.149231
NPPB,ENSG00000120937.8,Muscle_Skeletal,0.226661
NPPB,ENSG00000120937.8,Nerve_Tibial,0.5430699999999999
NPPB,ENSG00000120937.8,Ovary,0.308606
NPPB,ENSG00000120937.8,Pancreas,0.137337
NPPB,ENSG00000120937.8,Pituitary,0.514502
NPPB,ENSG00000120937.8,Prostate,0.214641
NPPB,ENSG00000120937.8,Skin_Not_Sun_Exposed_Suprapubic,0.327214
NPPB,ENSG00000120937.8,Skin_Sun_Exposed_Lower_leg,0.284321
NPPB,ENSG00000120937.8,Small_Intestine_Terminal_Ileum,0.151366
NPPB,ENSG00000120937.8,Spleen,0.12098199999999999
NPPB,ENSG00000120937.8,Stomach,0.398435
NPPB,ENSG00000120937.8,Testis,0.583287
NPPB,ENSG00000120937.8,Thyroid,0.326008
NPPB,ENSG00000120937.8,Uterus,0.42758900000000005
NPPB,ENSG00000120937.8,Vagina,0.30778
NPPB,ENSG00000120937.8,Whole_Blood,0.09597710000000001
AGT,ENSG00000135744.7,Adipose_Subcutaneous,7.42255
AGT,ENSG00000135744.7,Adipose_Visceral_Omentum,14.0063
AGT,ENSG00000135744.7,Adrenal_Gland,19.1442
AGT,ENSG00000135744.7,Artery_Aorta,60.8654
AGT,ENSG00000135744.7,Artery_Coronary,102.48899999999999
AGT,ENSG00000135744.7,Artery_Tibial,60.5178
AGT,ENSG00000135744.7,Bladder,3.43154
AGT,ENSG00000135744.7,Brain_Amygdala,207.47799999999998
AGT,ENSG00000135744.7,Brain_Anterior_cingulate_cortex_BA24,154.757
AGT,ENSG00000135744.7,Brain_Caudate_basal_ganglia,227.56099999999998
AGT,ENSG00000135744.7,Brain_Cerebellar_Hemisphere,314.361
AGT,ENSG00000135744.7,Brain_Cerebellum,274.635
AGT,ENSG00000135744.7,Brain_Cortex,187.17
AGT,ENSG00000135744.7,Brain_Frontal_Cortex_BA9,156.14600000000002
AGT,ENSG00000135744.7,Brain_Hippocampus,133.694
AGT,ENSG00000135744.7,Brain_Hypothalamus,111.51299999999999
AGT,ENSG00000135744.7,Brain_Nucleus_accumbens_basal_ganglia,125.948
AGT,ENSG00000135744.7,Brain_Putamen_basal_ganglia,216.332
AGT,ENSG00000135744.7,Brain_Spinal_cord_cervical_c-1,104.723
AGT,ENSG00000135744.7,Brain_Substantia_nigra,177.537
AGT,ENSG00000135744.7,Breast_Mammary_Tissue,4.61016
AGT,ENSG00000135744.7,Cells_Cultured_fibroblasts,0.869152
AGT,ENSG00000135744.7,Cells_EBV-transformed_lymphocytes,0.15193800000000002
AGT,ENSG00000135744.7,Cervix_Ectocervix,19.789
AGT,ENSG00000135744.7,Cervix_Endocervix,8.640080000000001
AGT,ENSG00000135744.7,Colon_Sigmoid,5.3543400000000005
AGT,ENSG00000135744.7,Colon_Transverse,6.59162
AGT,ENSG00000135744.7,Esophagus_Gastroesophageal_Junction,10.7216
AGT,ENSG00000135744.7,Esophagus_Mucosa,1.21984
AGT,ENSG00000135744.7,Esophagus_Muscularis,12.6952
AGT,ENSG00000135744.7,Fallopian_Tube,10.9731
AGT,ENSG00000135744.7,Heart_Atrial_Appendage,138.197
AGT,ENSG00000135744.7,Heart_Left_Ventricle,76.1076
AGT,ENSG00000135744.7,Kidney_Cortex,28.7566
AGT,ENSG00000135744.7,Kidney_Medulla,17.4583
AGT,ENSG00000135744.7,Liver,1007.43
AGT,ENSG00000135744.7,Lung,8.22461
AGT,ENSG00000135744.7,Minor_Salivary_Gland,5.54074
AGT,ENSG00000135744.7,Muscle_Skeletal,28.3251
AGT,ENSG00000135744.7,Nerve_Tibial,22.3813
AGT,ENSG00000135744.7,Ovary,4.60661
AGT,ENSG00000135744.7,Pancreas,4.10149
AGT,ENSG00000135744.7,Pituitary,27.320999999999998
AGT,ENSG00000135744.7,Prostate,19.0343
AGT,ENSG00000135744.7,Skin_Not_Sun_Exposed_Suprapubic,1.16362
AGT,ENSG00000135744.7,Skin_Sun_Exposed_Lower_leg,2.3187
AGT,ENSG00000135744.7,Small_Intestine_Terminal_Ileum,13.5974
AGT,ENSG00000135744.7,Spleen,0.398593
AGT,ENSG00000135744.7,Stomach,4.600619999999999
AGT,ENSG00000135744.7,Testis,10.2313
AGT,ENSG00000135744.7,Thyroid,25.1792
AGT,ENSG00000135744.7,Uterus,4.56268
AGT,ENSG00000135744.7,Vagina,5.61785
AGT,ENSG00000135744.7,Whole_Blood,0.19056800000000002
GDF6,ENSG00000156466.9,Adipose_Subcutaneous,0.8895780000000001
GDF6,ENSG00000156466.9,Adipose_Visceral_Omentum,2.17742
GDF6,ENSG00000156466.9,Adrenal_Gland,0.0729858
GDF6,ENSG00000156466.9,Artery_Aorta,1.9491599999999998
GDF6,ENSG00000156466.9,Artery_Coronary,2.1726799999999997
GDF6,ENSG00000156466.9,Artery_Tibial,0.98595
GDF6,ENSG00000156466.9,Bladder,1.35247
GDF6,ENSG00000156466.9,Brain_Amygdala,0.647361
GDF6,ENSG00000156466.9,Brain_Anterior_cingulate_cortex_BA24,0.522003
GDF6,ENSG00000156466.9,Brain_Caudate_basal_ganglia,0.21325300000000003
GDF6,ENSG00000156466.9,Brain_Cerebellar_Hemisphere,0.121099
GDF6,ENSG00000156466.9,Brain_Cerebellum,0.0926796
GDF6,ENSG00000156466.9,Brain_Cortex,0.302964
GDF6,ENSG00000156466.9,Brain_Frontal_Cortex_BA9,0.445917
GDF6,ENSG00000156466.9,Brain_Hippocampus,0.365352
GDF6,ENSG00000156466.9,Brain_Hypothalamus,0.539153
GDF6,ENSG00000156466.9,Brain_Nucleus_accumbens_basal_ganglia,0.263903
GDF6,ENSG00000156466.9,Brain_Putamen_basal_ganglia,0.138624
GDF6,ENSG00000156466.9,Brain_Spinal_cord_cervical_c-1,0.184549
GDF6,ENSG00000156466.9,Brain_Substantia_nigra,0.42602399999999996
GDF6,ENSG00000156466.9,Breast_Mammary_Tissue,0.5354300000000001
GDF6,ENSG00000156466.9,Cells_Cultured_fibroblasts,2.6811700000000003
GDF6,ENSG00000156466.9,Cells_EBV-transformed_lymphocytes,0.0
GDF6,ENSG00000156466.9,Cervix_Ectocervix,0.199371
GDF6,ENSG00000156466.9,Cervix_Endocervix,0.7036720000000001
GDF6,ENSG00000156466.9,Colon_Sigmoid,1.3486799999999999
GDF6,ENSG00000156466.9,Colon_Transverse,0.588105
GDF6,ENSG00000156466.9,Esophagus_Gastroesophageal_Junction,1.40911
GDF6,ENSG00000156466.9,Esophagus_Mucosa,0.232875
GDF6,ENSG00000156466.9,Esophagus_Muscularis,1.33197
GDF6,ENSG00000156466.9,Fallopian_Tube,1.26047
GDF6,ENSG00000156466.9,Heart_Atrial_Appendage,2.46325
GDF6,ENSG00000156466.9,Heart_Left_Ventricle,0.184529
GDF6,ENSG00000156466.9,Kidney_Cortex,0.099335
GDF6,ENSG00000156466.9,Kidney_Medulla,0.060561699999999996
GDF6,ENSG00000156466.9,Liver,0.15166500000000002
GDF6,ENSG00000156466.9,Lung,0.256339
GDF6,ENSG00000156466.9,Minor_Salivary_Gland,0.0412392
GDF6,ENSG00000156466.9,Muscle_Skeletal,0.029003700000000004
GDF6,ENSG00000156466.9,Nerve_Tibial,0.880396
GDF6,ENSG00000156466.9,Ovary,0.135897
GDF6,ENSG00000156466.9,Pancreas,0.381132
GDF6,ENSG00000156466.9,Pituitary,0.130025
GDF6,ENSG00000156466.9,Prostate,0.456733
GDF6,ENSG00000156466.9,Skin_Not_Sun_Exposed_Suprapubic,0.071768
GDF6,ENSG00000156466.9,Skin_Sun_Exposed_Lower_leg,0.0731188
GDF6,ENSG00000156466.9,Small_Intestine_Terminal_Ileum,1.2156200000000001
GDF6,ENSG00000156466.9,Spleen,0.07296010000000001
GDF6,ENSG00000156466.9,Stomach,0.624251
GDF6,ENSG00000156466.9,Testis,1.55905
GDF6,ENSG00000156466.9,Thyroid,1.48167
GDF6,ENSG00000156466.9,Uterus,2.57514
GDF6,ENSG00000156466.9,Vagina,1.52319
GDF6,ENSG00000156466.9,Whole_Blood,0.0
POSTN,ENSG00000133110.14,Adipose_Subcutaneous,69.3257
POSTN,ENSG00000133110.14,Adipose_Visceral_Omentum,50.0089
POSTN,ENSG00000133110.14,Adrenal_Gland,2.71624
POSTN,ENSG00000133110.14,Artery_Aorta,117.15899999999999
POSTN,ENSG00000133110.14,Artery_Coronary,102.34899999999999
POSTN,ENSG00000133110.14,Artery_Tibial,90.1738
POSTN,ENSG00000133110.14,Bladder,23.4872
POSTN,ENSG00000133110.14,Brain_Amygdala,0.151538
POSTN,ENSG00000133110.14,Brain_Anterior_cingulate_cortex_BA24,0.16328800000000002
POSTN,ENSG00000133110.14,Brain_Caudate_basal_ganglia,0.039767500000000004
POSTN,ENSG00000133110.14,Brain_Cerebellar_Hemisphere,0.0493795
POSTN,ENSG00000133110.14,Brain_Cerebellum,0.0880906
POSTN,ENSG00000133110.14,Brain_Cortex,0.47458900000000004
POSTN,ENSG00000133110.14,Brain_Frontal_Cortex_BA9,0.513305
POSTN,ENSG00000133110.14,Brain_Hippocampus,0.300077
POSTN,ENSG00000133110.14,Brain_Hypothalamus,0.116401
POSTN,ENSG00000133110.14,Brain_Nucleus_accumbens_basal_ganglia,0.0491635
POSTN,ENSG00000133110.14,Brain_Putamen_basal_ganglia,0.0356273
POSTN,ENSG00000133110.14,Brain_Spinal_cord_cervical_c-1,0.135407
POSTN,ENSG00000133110.14,Brain_Substantia_nigra,0.0540937
POSTN,ENSG00000133110.14,Breast_Mammary_Tissue,42.2055
POSTN,ENSG00000133110.14,Cells_Cultured_fibroblasts,58.3735
POSTN,ENSG00000133110.14,Cells_EBV-transformed_lymphocytes,0.0841056
POSTN,ENSG00000133110.14,Cervix_Ectocervix,18.0974
POSTN,ENSG00000133110.14,Cervix_Endocervix,16.4129
POSTN,ENSG00000133110.14,Colon_Sigmoid,26.691999999999997
POSTN,ENSG00000133110.14,Colon_Transverse,31.5427
POSTN,ENSG00000133110.14,Esophagus_Gastroesophageal_Junction,27.8792
POSTN,ENSG00000133110.14,Esophagus_Mucosa,5.50559
POSTN,ENSG00000133110.14,Esophagus_Muscularis,25.4947
POSTN,ENSG00000133110.14,Fallopian_Tube,40.2042
POSTN,ENSG00000133110.14,Heart_Atrial_Appendage,31.294
POSTN,ENSG00000133110.14,Heart_Left_Ventricle,3.7969199999999996
POSTN,ENSG00000133110.14,Kidney_Cortex,13.9899
POSTN,ENSG00000133110.14,Kidney_Medulla,2.01543
POSTN,ENSG00000133110.14,Liver,0.657032
POSTN,ENSG00000133110.14,Lung,28.0841
POSTN,ENSG00000133110.14,Minor_Salivary_Gland,10.1223
POSTN,ENSG00000133110.14,Muscle_Skeletal,4.26772
POSTN,ENSG00000133110.14,Nerve_Tibial,30.2479
POSTN,ENSG00000133110.14,Ovary,1.99225
POSTN,ENSG00000133110.14,Pancreas,0.640732
POSTN,ENSG00000133110.14,Pituitary,2.35716
POSTN,ENSG00000133110.14,Prostate,8.01458
POSTN,ENSG00000133110.14,Skin_Not_Sun_Exposed_Suprapubic,67.1924
POSTN,ENSG00000133110.14,Skin_Sun_Exposed_Lower_leg,68.3831
POSTN,ENSG00000133110.14,Small_Intestine_Terminal_Ileum,12.5476
POSTN,ENSG00000133110.14,Spleen,0.268786
POSTN,ENSG00000133110.14,Stomach,41.898
POSTN,ENSG00000133110.14,Testis,3.41514
POSTN,ENSG00000133110.14,Thyroid,18.8794
POSTN,ENSG00000133110.14,Uterus,29.5523
POSTN,ENSG00000133110.14,Vagina,9.43468
POSTN,ENSG00000133110.14,Whole_Blood,0.07568480000000001
FGF1,ENSG00000113578.17,Adipose_Subcutaneous,3.78473
FGF1,ENSG00000113578.17,Adipose_Visceral_Omentum,11.4784
FGF1,ENSG00000113578.17,Adrenal_Gland,0.405977
FGF1,ENSG00000113578.17,Artery_Aorta,24.6879
FGF1,ENSG00000113578.17,Artery_Coronary,30.6621
FGF1,ENSG00000113578.17,Artery_Tibial,17.1577
FGF1,ENSG00000113578.17,Bladder,0.46298
FGF1,ENSG00000113578.17,Brain_Amygdala,105.28399999999999
FGF1,ENSG00000113578.17,Brain_Anterior_cingulate_cortex_BA24,46.1198
FGF1,ENSG00000113578.17,Brain_Caudate_basal_ganglia,86.8496
FGF1,ENSG00000113578.17,Brain_Cerebellar_Hemisphere,38.5057
FGF1,ENSG00000113578.17,Brain_Cerebellum,40.3298
FGF1,ENSG00000113578.17,Brain_Cortex,43.4235
FGF1,ENSG00000113578.17,Brain_Frontal_Cortex_BA9,47.5265
FGF1,ENSG00000113578.17,Brain_Hippocampus,109.568
FGF1,ENSG00000113578.17,Brain_Hypothalamus,95.2491
FGF1,ENSG00000113578.17,Brain_Nucleus_accumbens_basal_ganglia,56.4993
FGF1,ENSG00000113578.17,Brain_Putamen_basal_ganglia,102.986
FGF1,ENSG00000113578.17,Brain_Spinal_cord_cervical_c-1,225.99099999999999
FGF1,ENSG00000113578.17,Brain_Substantia_nigra,167.248
FGF1,ENSG00000113578.17,Breast_Mammary_Tissue,4.29301
FGF1,ENSG00000113578.17,Cells_Cultured_fibroblasts,8.31275
FGF1,ENSG00000113578.17,Cells_EBV-transformed_lymphocytes,0.0559336
FGF1,ENSG00000113578.17,Cervix_Ectocervix,1.07402
FGF1,ENSG00000113578.17,Cervix_Endocervix,0.873326
FGF1,ENSG00000113578.17,Colon_Sigmoid,2.67916
FGF1,ENSG00000113578.17,Colon_Transverse,0.912467
FGF1,ENSG00000113578.17,Esophagus_Gastroesophageal_Junction,1.97062
FGF1,ENSG00000113578.17,Esophagus_Mucosa,0.9012040000000001
FGF1,ENSG00000113578.17,Esophagus_Muscularis,2.30933
FGF1,ENSG00000113578.17,Fallopian_Tube,0.99908
FGF1,ENSG00000113578.17,Heart_Atrial_Appendage,9.02414
FGF1,ENSG00000113578.17,Heart_Left_Ventricle,9.50512
FGF1,ENSG00000113578.17,Kidney_Cortex,37.9563
FGF1,ENSG00000113578.17,Kidney_Medulla,8.99564
FGF1,ENSG00000113578.17,Liver,0.230046
FGF1,ENSG00000113578.17,Lung,1.53912
FGF1,ENSG00000113578.17,Minor_Salivary_Gland,2.76321
FGF1,ENSG00000113578.17,Muscle_Skeletal,0.71645
FGF1,ENSG00000113578.17,Nerve_Tibial,122.208
FGF1,ENSG00000113578.17,Ovary,0.44749700000000003
FGF1,ENSG00000113578.17,Pancreas,0.141204
FGF1,ENSG00000113578.17,Pituitary,8.029689999999999
FGF1,ENSG00000113578.17,Prostate,1.28718
FGF1,ENSG00000113578.17,Skin_Not_Sun_Exposed_Suprapubic,0.835498
FGF1,ENSG00000113578.17,Skin_Sun_Exposed_Lower_leg,0.852899
FGF1,ENSG00000113578.17,Small_Intestine_Terminal_Ileum,0.48817
FGF1,ENSG00000113578.17,Spleen,1.9062599999999998
FGF1,ENSG00000113578.17,Stomach,0.333955
FGF1,ENSG00000113578.17,Testis,1.32281
FGF1,ENSG00000113578.17,Thyroid,2.29332
FGF1,ENSG00000113578.17,Uterus,1.4683
FGF1,ENSG00000113578.17,Vagina,0.833275
FGF1,ENSG00000113578.17,Whole_Blood,0.0466193
PROS1,ENSG00000184500.14,Adipose_Subcutaneous,50.6253
PROS1,ENSG00000184500.14,Adipose_Visceral_Omentum,40.5307
PROS1,ENSG00000184500.14,Adrenal_Gland,10.5623
PROS1,ENSG00000184500.14,Artery_Aorta,164.188
PROS1,ENSG00000184500.14,Artery_Coronary,94.2278
PROS1,ENSG00000184500.14,Artery_Tibial,59.391000000000005
PROS1,ENSG00000184500.14,Bladder,21.3602
PROS1,ENSG00000184500.14,Brain_Amygdala,3.95535
PROS1,ENSG00000184500.14,Brain_Anterior_cingulate_cortex_BA24,3.91325
PROS1,ENSG00000184500.14,Brain_Caudate_basal_ganglia,5.496
PROS1,ENSG00000184500.14,Brain_Cerebellar_Hemisphere,1.61913
PROS1,ENSG00000184500.14,Brain_Cerebellum,1.59368
PROS1,ENSG00000184500.14,Brain_Cortex,3.5503
PROS1,ENSG00000184500.14,Brain_Frontal_Cortex_BA9,4.24559
PROS1,ENSG00000184500.14,Brain_Hippocampus,4.59825
PROS1,ENSG00000184500.14,Brain_Hypothalamus,5.80471
PROS1,ENSG00000184500.14,Brain_Nucleus_accumbens_basal_ganglia,5.2507
PROS1,ENSG00000184500.14,Brain_Putamen_basal_ganglia,4.02792
PROS1,ENSG00000184500.14,Brain_Spinal_cord_cervical_c-1,6.4737800000000005
PROS1,ENSG00000184500.14,Brain_Substantia_nigra,4.18631
PROS1,ENSG00000184500.14,Breast_Mammary_Tissue,39.5535
PROS1,ENSG00000184500.14,Cells_Cultured_fibroblasts,65.111
PROS1,ENSG00000184500.14,Cells_EBV-transformed_lymphocytes,0.11433299999999999
PROS1,ENSG00000184500.14,Cervix_Ectocervix,25.7289
PROS1,ENSG00000184500.14,Cervix_Endocervix,32.3583
PROS1,ENSG00000184500.14,Colon_Sigmoid,22.4587
PROS1,ENSG00000184500.14,Colon_Transverse,16.6587
PROS1,ENSG00000184500.14,Esophagus_Gastroesophageal_Junction,35.9018
PROS1,ENSG00000184500.14,Esophagus_Mucosa,14.5755
PROS1,ENSG00000184500.14,Esophagus_Muscularis,35.2461
PROS1,ENSG00000184500.14,Fallopian_Tube,39.4315
PROS1,ENSG00000184500.14,Heart_Atrial_Appendage,41.4488
PROS1,ENSG00000184500.14,Heart_Left_Ventricle,16.7417
PROS1,ENSG00000184500.14,Kidney_Cortex,17.2628
PROS1,ENSG00000184500.14,Kidney_Medulla,13.2726
PROS1,ENSG00000184500.14,Liver,83.2325
PROS1,ENSG00000184500.14,Lung,42.6549
PROS1,ENSG00000184500.14,Minor_Salivary_Gland,17.7363
PROS1,ENSG00000184500.14,Muscle_Skeletal,2.9184400000000004
PROS1,ENSG00000184500.14,Nerve_Tibial,167.53099999999998
PROS1,ENSG00000184500.14,Ovary,48.8307
PROS1,ENSG00000184500.14,Pancreas,3.14284
PROS1,ENSG00000184500.14,Pituitary,12.675999999999998
PROS1,ENSG00000184500.14,Prostate,14.0802
PROS1,ENSG00000184500.14,Skin_Not_Sun_Exposed_Suprapubic,22.4541
PROS1,ENSG00000184500.14,Skin_Sun_Exposed_Lower_leg,31.248
PROS1,ENSG00000184500.14,Small_Intestine_Terminal_Ileum,20.059
PROS1,ENSG00000184500.14,Spleen,14.9879
PROS1,ENSG00000184500.14,Stomach,7.65791
PROS1,ENSG00000184500.14,Testis,7.8815800000000005
PROS1,ENSG00000184500.14,Thyroid,32.7928
PROS1,ENSG00000184500.14,Uterus,31.1867
PROS1,ENSG00000184500.14,Vagina,26.4423
PROS1,ENSG00000184500.14,Whole_Blood,0.7525930000000001
PDGFD,ENSG00000170962.12,Adipose_Subcutaneous,31.2564
PDGFD,ENSG00000170962.12,Adipose_Visceral_Omentum,21.3645
PDGFD,ENSG00000170962.12,Adrenal_Gland,111.01899999999999
PDGFD,ENSG00000170962.12,Artery_Aorta,132.077
PDGFD,ENSG00000170962.12,Artery_Coronary,69.5455
PDGFD,ENSG00000170962.12,Artery_Tibial,31.9338
PDGFD,ENSG00000170962.12,Bladder,10.6761
PDGFD,ENSG00000170962.12,Brain_Amygdala,0.706244
PDGFD,ENSG00000170962.12,Brain_Anterior_cingulate_cortex_BA24,0.792876
PDGFD,ENSG00000170962.12,Brain_Caudate_basal_ganglia,1.36474
PDGFD,ENSG00000170962.12,Brain_Cerebellar_Hemisphere,0.195331
PDGFD,ENSG00000170962.12,Brain_Cerebellum,0.21657800000000002
PDGFD,ENSG00000170962.12,Brain_Cortex,0.972607
PDGFD,ENSG00000170962.12,Brain_Frontal_Cortex_BA9,0.979434
PDGFD,ENSG00000170962.12,Brain_Hippocampus,0.421962
PDGFD,ENSG00000170962.12,Brain_Hypothalamus,2.01472
PDGFD,ENSG00000170962.12,Brain_Nucleus_accumbens_basal_ganglia,0.836044
PDGFD,ENSG00000170962.12,Brain_Putamen_basal_ganglia,1.03884
PDGFD,ENSG00000170962.12,Brain_Spinal_cord_cervical_c-1,0.712296
PDGFD,ENSG00000170962.12,Brain_Substantia_nigra,0.203544
PDGFD,ENSG00000170962.12,Breast_Mammary_Tissue,26.8331
PDGFD,ENSG00000170962.12,Cells_Cultured_fibroblasts,10.6754
PDGFD,ENSG00000170962.12,Cells_EBV-transformed_lymphocytes,0.187124
PDGFD,ENSG00000170962.12,Cervix_Ectocervix,20.1895
PDGFD,ENSG00000170962.12,Cervix_Endocervix,14.4932
PDGFD,ENSG00000170962.12,Colon_Sigmoid,6.30735
PDGFD,ENSG00000170962.12,Colon_Transverse,5.67047
PDGFD,ENSG00000170962.12,Esophagus_Gastroesophageal_Junction,7.483510000000001
PDGFD,ENSG00000170962.12,Esophagus_Mucosa,0.983344
PDGFD,ENSG00000170962.12,Esophagus_Muscularis,3.62425
PDGFD,ENSG00000170962.12,Fallopian_Tube,11.1711
PDGFD,ENSG00000170962.12,Heart_Atrial_Appendage,15.1553
PDGFD,ENSG00000170962.12,Heart_Left_Ventricle,7.118589999999999
PDGFD,ENSG00000170962.12,Kidney_Cortex,4.22112
PDGFD,ENSG00000170962.12,Kidney_Medulla,4.9589300000000005
PDGFD,ENSG00000170962.12,Liver,0.830297
PDGFD,ENSG00000170962.12,Lung,3.94219
PDGFD,ENSG00000170962.12,Minor_Salivary_Gland,12.565
PDGFD,ENSG00000170962.12,Muscle_Skeletal,0.919959
PDGFD,ENSG00000170962.12,Nerve_Tibial,25.7714
PDGFD,ENSG00000170962.12,Ovary,80.168
PDGFD,ENSG00000170962.12,Pancreas,11.3536
PDGFD,ENSG00000170962.12,Pituitary,24.1982
PDGFD,ENSG00000170962.12,Prostate,9.90761
PDGFD,ENSG00000170962.12,Skin_Not_Sun_Exposed_Suprapubic,6.39157
PDGFD,ENSG00000170962.12,Skin_Sun_Exposed_Lower_leg,11.5612
PDGFD,ENSG00000170962.12,Small_Intestine_Terminal_Ileum,3.8310400000000002
PDGFD,ENSG00000170962.12,Spleen,2.52507
PDGFD,ENSG00000170962.12,Stomach,12.1653
PDGFD,ENSG00000170962.12,Testis,3.0491900000000003
PDGFD,ENSG00000170962.12,Thyroid,40.1276
PDGFD,ENSG00000170962.12,Uterus,13.5349
PDGFD,ENSG00000170962.12,Vagina,26.7793
PDGFD,ENSG00000170962.12,Whole_Blood,1.16452
IGF2,ENSG00000167244.18,Adipose_Subcutaneous,66.2048
IGF2,ENSG00000167244.18,Adipose_Visceral_Omentum,103.166
IGF2,ENSG00000167244.18,Adrenal_Gland,29.7511
IGF2,ENSG00000167244.18,Artery_Aorta,13.5256
IGF2,ENSG00000167244.18,Artery_Coronary,27.916
IGF2,ENSG00000167244.18,Artery_Tibial,39.4475
IGF2,ENSG00000167244.18,Bladder,27.6031
IGF2,ENSG00000167244.18,Brain_Amygdala,2.25272
IGF2,ENSG00000167244.18,Brain_Anterior_cingulate_cortex_BA24,2.39982
IGF2,ENSG00000167244.18,Brain_Caudate_basal_ganglia,3.9689400000000004
IGF2,ENSG00000167244.18,Brain_Cerebellar_Hemisphere,1.63683
IGF2,ENSG00000167244.18,Brain_Cerebellum,2.07166
IGF2,ENSG00000167244.18,Brain_Cortex,2.2287
IGF2,ENSG00000167244.18,Brain_Frontal_Cortex_BA9,2.18605
IGF2,ENSG00000167244.18,Brain_Hippocampus,2.93807
IGF2,ENSG00000167244.18,Brain_Hypothalamus,3.6471400000000003
IGF2,ENSG00000167244.18,Brain_Nucleus_accumbens_basal_ganglia,2.96264
IGF2,ENSG00000167244.18,Brain_Putamen_basal_ganglia,3.9447400000000004
IGF2,ENSG00000167244.18,Brain_Spinal_cord_cervical_c-1,6.70613
IGF2,ENSG00000167244.18,Brain_Substantia_nigra,4.35521
IGF2,ENSG00000167244.18,Breast_Mammary_Tissue,47.8364
IGF2,ENSG00000167244.18,Cells_Cultured_fibroblasts,20.6429
IGF2,ENSG00000167244.18,Cells_EBV-transformed_lymphocytes,0.0988314
IGF2,ENSG00000167244.18,Cervix_Ectocervix,58.1908
IGF2,ENSG00000167244.18,Cervix_Endocervix,74.2122
IGF2,ENSG00000167244.18,Colon_Sigmoid,23.3714
IGF2,ENSG00000167244.18,Colon_Transverse,9.71786
IGF2,ENSG00000167244.18,Esophagus_Gastroesophageal_Junction,24.4316
IGF2,ENSG00000167244.18,Esophagus_Mucosa,5.77211
IGF2,ENSG00000167244.18,Esophagus_Muscularis,22.6569
IGF2,ENSG00000167244.18,Fallopian_Tube,96.7206
IGF2,ENSG00000167244.18,Heart_Atrial_Appendage,29.7408
IGF2,ENSG00000167244.18,Heart_Left_Ventricle,29.1739
IGF2,ENSG00000167244.18,Kidney_Cortex,9.6899
IGF2,ENSG00000167244.18,Kidney_Medulla,31.3255
IGF2,ENSG00000167244.18,Liver,83.4802
IGF2,ENSG00000167244.18,Lung,9.20434
IGF2,ENSG00000167244.18,Minor_Salivary_Gland,9.86379
IGF2,ENSG00000167244.18,Muscle_Skeletal,22.1921
IGF2,ENSG00000167244.18,Nerve_Tibial,89.3937
IGF2,ENSG00000167244.18,Ovary,52.3836
IGF2,ENSG00000167244.18,Pancreas,3.2314
IGF2,ENSG00000167244.18,Pituitary,25.5379
IGF2,ENSG00000167244.18,Prostate,12.7671
IGF2,ENSG00000167244.18,Skin_Not_Sun_Exposed_Suprapubic,4.7695
IGF2,ENSG00000167244.18,Skin_Sun_Exposed_Lower_leg,8.62364
IGF2,ENSG00000167244.18,Small_Intestine_Terminal_Ileum,8.671669999999999
IGF2,ENSG00000167244.18,Spleen,6.70212
IGF2,ENSG00000167244.18,Stomach,4.2588
IGF2,ENSG00000167244.18,Testis,18.7601
IGF2,ENSG00000167244.18,Thyroid,17.5045
IGF2,ENSG00000167244.18,Uterus,60.5744
IGF2,ENSG00000167244.18,Vagina,24.465999999999998
IGF2,ENSG00000167244.18,Whole_Blood,0.340654
INHBA,ENSG00000122641.10,Adipose_Subcutaneous,1.00767
INHBA,ENSG00000122641.10,Adipose_Visceral_Omentum,0.5276390000000001
INHBA,ENSG00000122641.10,Adrenal_Gland,0.5399109999999999
INHBA,ENSG00000122641.10,Artery_Aorta,19.3257
INHBA,ENSG00000122641.10,Artery_Coronary,17.729
INHBA,ENSG00000122641.10,Artery_Tibial,21.2235
INHBA,ENSG00000122641.10,Bladder,0.807492
INHBA,ENSG00000122641.10,Brain_Amygdala,0.274517
INHBA,ENSG00000122641.10,Brain_Anterior_cingulate_cortex_BA24,0.264928
INHBA,ENSG00000122641.10,Brain_Caudate_basal_ganglia,0.6191439999999999
INHBA,ENSG00000122641.10,Brain_Cerebellar_Hemisphere,0.195857
INHBA,ENSG00000122641.10,Brain_Cerebellum,0.220298
INHBA,ENSG00000122641.10,Brain_Cortex,0.208308
INHBA,ENSG00000122641.10,Brain_Frontal_Cortex_BA9,0.319936
INHBA,ENSG00000122641.10,Brain_Hippocampus,0.301071
INHBA,ENSG00000122641.10,Brain_Hypothalamus,0.397294
INHBA,ENSG00000122641.10,Brain_Nucleus_accumbens_basal_ganglia,0.638533
INHBA,ENSG00000122641.10,Brain_Putamen_basal_ganglia,0.5550350000000001
INHBA,ENSG00000122641.10,Brain_Spinal_cord_cervical_c-1,0.9000940000000001
INHBA,ENSG00000122641.10,Brain_Substantia_nigra,0.299322
INHBA,ENSG00000122641.10,Breast_Mammary_Tissue,1.01747
INHBA,ENSG00000122641.10,Cells_Cultured_fibroblasts,17.0604
INHBA,ENSG00000122641.10,Cells_EBV-transformed_lymphocytes,0.160736
INHBA,ENSG00000122641.10,Cervix_Ectocervix,1.11733
INHBA,ENSG00000122641.10,Cervix_Endocervix,1.8144200000000001
INHBA,ENSG00000122641.10,Colon_Sigmoid,0.9538139999999999
INHBA,ENSG00000122641.10,Colon_Transverse,0.27465500000000004
INHBA,ENSG00000122641.10,Esophagus_Gastroesophageal_Junction,7.2045
INHBA,ENSG00000122641.10,Esophagus_Mucosa,0.42392299999999994
INHBA,ENSG00000122641.10,Esophagus_Muscularis,7.78883
INHBA,ENSG00000122641.10,Fallopian_Tube,1.35445
INHBA,ENSG00000122641.10,Heart_Atrial_Appendage,1.8747
INHBA,ENSG00000122641.10,Heart_Left_Ventricle,0.379085
INHBA,ENSG00000122641.10,Kidney_Cortex,0.506008
INHBA,ENSG00000122641.10,Kidney_Medulla,2.17162
INHBA,ENSG00000122641.10,Liver,2.17683
INHBA,ENSG00000122641.10,Lung,8.31837
INHBA,ENSG00000122641.10,Minor_Salivary_Gland,3.28556
INHBA,ENSG00000122641.10,Muscle_Skeletal,0.174554
INHBA,ENSG00000122641.10,Nerve_Tibial,4.62899
INHBA,ENSG00000122641.10,Ovary,3.3404199999999995
INHBA,ENSG00000122641.10,Pancreas,0.123672
INHBA,ENSG00000122641.10,Pituitary,0.440453
INHBA,ENSG00000122641.10,Prostate,1.54531
INHBA,ENSG00000122641.10,Skin_Not_Sun_Exposed_Suprapubic,1.8132700000000002
INHBA,ENSG00000122641.10,Skin_Sun_Exposed_Lower_leg,2.3359400000000003
INHBA,ENSG00000122641.10,Small_Intestine_Terminal_Ileum,0.53022
INHBA,ENSG00000122641.10,Spleen,0.186353
INHBA,ENSG00000122641.10,Stomach,0.313134
INHBA,ENSG00000122641.10,Testis,1.1053
INHBA,ENSG00000122641.10,Thyroid,1.2483799999999998
INHBA,ENSG00000122641.10,Uterus,4.44382
INHBA,ENSG00000122641.10,Vagina,1.26116
INHBA,ENSG00000122641.10,Whole_Blood,0.129451
VEGFB,ENSG00000173511.9,Adipose_Subcutaneous,337.64300000000003
VEGFB,ENSG00000173511.9,Adipose_Visceral_Omentum,283.876
VEGFB,ENSG00000173511.9,Adrenal_Gland,105.053
VEGFB,ENSG00000173511.9,Artery_Aorta,295.142
VEGFB,ENSG00000173511.9,Artery_Coronary,293.778
VEGFB,ENSG00000173511.9,Artery_Tibial,288.276
VEGFB,ENSG00000173511.9,Bladder,190.15900000000002
VEGFB,ENSG00000173511.9,Brain_Amygdala,101.926
VEGFB,ENSG00000173511.9,Brain_Anterior_cingulate_cortex_BA24,108.75399999999999
VEGFB,ENSG00000173511.9,Brain_Caudate_basal_ganglia,87.9631
VEGFB,ENSG00000173511.9,Brain_Cerebellar_Hemisphere,57.1184
VEGFB,ENSG00000173511.9,Brain_Cerebellum,71.4918
VEGFB,ENSG00000173511.9,Brain_Cortex,106.564
VEGFB,ENSG00000173511.9,Brain_Frontal_Cortex_BA9,98.5005
VEGFB,ENSG00000173511.9,Brain_Hippocampus,84.5922
VEGFB,ENSG00000173511.9,Brain_Hypothalamus,121.90299999999999
VEGFB,ENSG00000173511.9,Brain_Nucleus_accumbens_basal_ganglia,97.9586
VEGFB,ENSG00000173511.9,Brain_Putamen_basal_ganglia,82.7856
VEGFB,ENSG00000173511.9,Brain_Spinal_cord_cervical_c-1,91.1778
VEGFB,ENSG00000173511.9,Brain_Substantia_nigra,113.396
VEGFB,ENSG00000173511.9,Breast_Mammary_Tissue,203.88099999999997
VEGFB,ENSG00000173511.9,Cells_Cultured_fibroblasts,104.527
VEGFB,ENSG00000173511.9,Cells_EBV-transformed_lymphocytes,109.454
VEGFB,ENSG00000173511.9,Cervix_Ectocervix,220.00900000000001
VEGFB,ENSG00000173511.9,Cervix_Endocervix,235.997
VEGFB,ENSG00000173511.9,Colon_Sigmoid,239.463
VEGFB,ENSG00000173511.9,Colon_Transverse,110.751
VEGFB,ENSG00000173511.9,Esophagus_Gastroesophageal_Junction,199.625
VEGFB,ENSG00000173511.9,Esophagus_Mucosa,62.2582
VEGFB,ENSG00000173511.9,Esophagus_Muscularis,183.99
VEGFB,ENSG00000173511.9,Fallopian_Tube,162.45600000000002
VEGFB,ENSG00000173511.9,Heart_Atrial_Appendage,191.93900000000002
VEGFB,ENSG00000173511.9,Heart_Left_Ventricle,123.04
VEGFB,ENSG00000173511.9,Kidney_Cortex,78.8867
VEGFB,ENSG00000173511.9,Kidney_Medulla,87.7029
VEGFB,ENSG00000173511.9,Liver,24.9657
VEGFB,ENSG00000173511.9,Lung,155.898
VEGFB,ENSG00000173511.9,Minor_Salivary_Gland,82.9136
VEGFB,ENSG00000173511.9,Muscle_Skeletal,85.038
VEGFB,ENSG00000173511.9,Nerve_Tibial,182.801
VEGFB,ENSG00000173511.9,Ovary,164.118
VEGFB,ENSG00000173511.9,Pancreas,54.6588
VEGFB,ENSG00000173511.9,Pituitary,192.53
VEGFB,ENSG00000173511.9,Prostate,161.015
VEGFB,ENSG00000173511.9,Skin_Not_Sun_Exposed_Suprapubic,110.64399999999999
VEGFB,ENSG00000173511.9,Skin_Sun_Exposed_Lower_leg,126.7
VEGFB,ENSG00000173511.9,Small_Intestine_Terminal_Ileum,84.9995
VEGFB,ENSG00000173511.9,Spleen,97.9763
VEGFB,ENSG00000173511.9,Stomach,95.6295
VEGFB,ENSG00000173511.9,Testis,38.071
VEGFB,ENSG00000173511.9,Thyroid,179.97099999999998
VEGFB,ENSG00000173511.9,Uterus,193.99900000000002
VEGFB,ENSG00000173511.9,Vagina,130.592
VEGFB,ENSG00000173511.9,Whole_Blood,17.0869
TNF,ENSG00000232810.3,Adipose_Subcutaneous,0.245964
TNF,ENSG00000232810.3,Adipose_Visceral_Omentum,1.0557
TNF,ENSG00000232810.3,Adrenal_Gland,0.742848
TNF,ENSG00000232810.3,Artery_Aorta,0.538432
TNF,ENSG00000232810.3,Artery_Coronary,0.5403180000000001
TNF,ENSG00000232810.3,Artery_Tibial,0.09315930000000001
TNF,ENSG00000232810.3,Bladder,0.255521
TNF,ENSG00000232810.3,Brain_Amygdala,0.0921465
TNF,ENSG00000232810.3,Brain_Anterior_cingulate_cortex_BA24,0.064928
TNF,ENSG00000232810.3,Brain_Caudate_basal_ganglia,0.11058499999999999
TNF,ENSG00000232810.3,Brain_Cerebellar_Hemisphere,0.0811046
TNF,ENSG00000232810.3,Brain_Cerebellum,0.0751091
TNF,ENSG00000232810.3,Brain_Cortex,0.107208
TNF,ENSG00000232810.3,Brain_Frontal_Cortex_BA9,0.0973311
TNF,ENSG00000232810.3,Brain_Hippocampus,0.10687999999999999
TNF,ENSG00000232810.3,Brain_Hypothalamus,0.09014889999999999
TNF,ENSG00000232810.3,Brain_Nucleus_accumbens_basal_ganglia,0.0948527
TNF,ENSG00000232810.3,Brain_Putamen_basal_ganglia,0.0973808
TNF,ENSG00000232810.3,Brain_Spinal_cord_cervical_c-1,0.20851999999999998
TNF,ENSG00000232810.3,Brain_Substantia_nigra,0.175496
TNF,ENSG00000232810.3,Breast_Mammary_Tissue,0.516196
TNF,ENSG00000232810.3,Cells_Cultured_fibroblasts,0.129002
TNF,ENSG00000232810.3,Cells_EBV-transformed_lymphocytes,133.014
TNF,ENSG00000232810.3,Cervix_Ectocervix,0.135166
TNF,ENSG00000232810.3,Cervix_Endocervix,0.0934448
TNF,ENSG00000232810.3,Colon_Sigmoid,0.49720200000000003
TNF,ENSG00000232810.3,Colon_Transverse,0.757424
TNF,ENSG00000232810.3,Esophagus_Gastroesophageal_Junction,0.333264
TNF,ENSG00000232810.3,Esophagus_Mucosa,0.697906
TNF,ENSG00000232810.3,Esophagus_Muscularis,0.396716
TNF,ENSG00000232810.3,Fallopian_Tube,0.45486099999999996
TNF,ENSG00000232810.3,Heart_Atrial_Appendage,0.34479699999999996
TNF,ENSG00000232810.3,Heart_Left_Ventricle,0.432489
TNF,ENSG00000232810.3,Kidney_Cortex,0.8566469999999999
TNF,ENSG00000232810.3,Kidney_Medulla,0.863079
TNF,ENSG00000232810.3,Liver,0.304562
TNF,ENSG00000232810.3,Lung,2.68089
TNF,ENSG00000232810.3,Minor_Salivary_Gland,0.35176999999999997
TNF,ENSG00000232810.3,Muscle_Skeletal,0.079664
TNF,ENSG00000232810.3,Nerve_Tibial,0.113436
TNF,ENSG00000232810.3,Ovary,0.11084100000000001
TNF,ENSG00000232810.3,Pancreas,0.134426
TNF,ENSG00000232810.3,Pituitary,0.23106999999999997
TNF,ENSG00000232810.3,Prostate,0.251783
TNF,ENSG00000232810.3,Skin_Not_Sun_Exposed_Suprapubic,1.6811599999999998
TNF,ENSG00000232810.3,Skin_Sun_Exposed_Lower_leg,1.23204
TNF,ENSG00000232810.3,Small_Intestine_Terminal_Ileum,2.02127
TNF,ENSG00000232810.3,Spleen,8.95982
TNF,ENSG00000232810.3,Stomach,0.39238
TNF,ENSG00000232810.3,Testis,0.173506
TNF,ENSG00000232810.3,Thyroid,0.275485
TNF,ENSG00000232810.3,Uterus,0.22765700000000003
TNF,ENSG00000232810.3,Vagina,0.251793
TNF,ENSG00000232810.3,Whole_Blood,4.5664
IGF1,ENSG00000017427.15,Adipose_Subcutaneous,19.6635
IGF1,ENSG00000017427.15,Adipose_Visceral_Omentum,29.4372
IGF1,ENSG00000017427.15,Adrenal_Gland,3.3679699999999997
IGF1,ENSG00000017427.15,Artery_Aorta,6.27683
IGF1,ENSG00000017427.15,Artery_Coronary,23.1226
IGF1,ENSG00000017427.15,Artery_Tibial,10.6598
IGF1,ENSG00000017427.15,Bladder,10.8598
IGF1,ENSG00000017427.15,Brain_Amygdala,0.23938099999999998
IGF1,ENSG00000017427.15,Brain_Anterior_cingulate_cortex_BA24,0.286364
IGF1,ENSG00000017427.15,Brain_Caudate_basal_ganglia,0.242842
IGF1,ENSG00000017427.15,Brain_Cerebellar_Hemisphere,0.17217000000000002
IGF1,ENSG00000017427.15,Brain_Cerebellum,0.349537
IGF1,ENSG00000017427.15,Brain_Cortex,0.23049099999999997
IGF1,ENSG00000017427.15,Brain_Frontal_Cortex_BA9,0.27829499999999996
IGF1,ENSG00000017427.15,Brain_Hippocampus,0.30897600000000003
IGF1,ENSG00000017427.15,Brain_Hypothalamus,0.395352
IGF1,ENSG00000017427.15,Brain_Nucleus_accumbens_basal_ganglia,0.168638
IGF1,ENSG00000017427.15,Brain_Putamen_basal_ganglia,0.16250699999999998
IGF1,ENSG00000017427.15,Brain_Spinal_cord_cervical_c-1,0.55115
IGF1,ENSG00000017427.15,Brain_Substantia_nigra,0.322369
IGF1,ENSG00000017427.15,Breast_Mammary_Tissue,26.1292
IGF1,ENSG00000017427.15,Cells_Cultured_fibroblasts,0.0447994
IGF1,ENSG00000017427.15,Cells_EBV-transformed_lymphocytes,14.241
IGF1,ENSG00000017427.15,Cervix_Ectocervix,41.1533
IGF1,ENSG00000017427.15,Cervix_Endocervix,46.6588
IGF1,ENSG00000017427.15,Colon_Sigmoid,4.78302
IGF1,ENSG00000017427.15,Colon_Transverse,3.0270799999999998
IGF1,ENSG00000017427.15,Esophagus_Gastroesophageal_Junction,11.1711
IGF1,ENSG00000017427.15,Esophagus_Mucosa,1.6893599999999998
IGF1,ENSG00000017427.15,Esophagus_Muscularis,9.98222
IGF1,ENSG00000017427.15,Fallopian_Tube,13.6169
IGF1,ENSG00000017427.15,Heart_Atrial_Appendage,4.8623400000000006
IGF1,ENSG00000017427.15,Heart_Left_Ventricle,1.47343
IGF1,ENSG00000017427.15,Kidney_Cortex,0.6354449999999999
IGF1,ENSG00000017427.15,Kidney_Medulla,0.258495
IGF1,ENSG00000017427.15,Liver,13.8385
IGF1,ENSG00000017427.15,Lung,8.10972
IGF1,ENSG00000017427.15,Minor_Salivary_Gland,5.3381300000000005
IGF1,ENSG00000017427.15,Muscle_Skeletal,2.48539
IGF1,ENSG00000017427.15,Nerve_Tibial,14.2892
IGF1,ENSG00000017427.15,Ovary,6.04509
IGF1,ENSG00000017427.15,Pancreas,1.08769
IGF1,ENSG00000017427.15,Pituitary,0.591827
IGF1,ENSG00000017427.15,Prostate,26.2997
IGF1,ENSG00000017427.15,Skin_Not_Sun_Exposed_Suprapubic,2.70483
IGF1,ENSG00000017427.15,Skin_Sun_Exposed_Lower_leg,2.64003
IGF1,ENSG00000017427.15,Small_Intestine_Terminal_Ileum,2.89698
IGF1,ENSG00000017427.15,Spleen,2.4917700000000003
IGF1,ENSG00000017427.15,Stomach,2.49218
IGF1,ENSG00000017427.15,Testis,4.86163
IGF1,ENSG00000017427.15,Thyroid,18.9747
IGF1,ENSG00000017427.15,Uterus,19.9833
IGF1,ENSG00000017427.15,Vagina,17.2427
IGF1,ENSG00000017427.15,Whole_Blood,0.06741799999999999
HBEGF,ENSG00000113070.7,Adipose_Subcutaneous,48.2142
HBEGF,ENSG00000113070.7,Adipose_Visceral_Omentum,101.95200000000001
HBEGF,ENSG00000113070.7,Adrenal_Gland,5.87081
HBEGF,ENSG00000113070.7,Artery_Aorta,25.2948
HBEGF,ENSG00000113070.7,Artery_Coronary,27.0594
HBEGF,ENSG00000113070.7,Artery_Tibial,15.6195
HBEGF,ENSG00000113070.7,Bladder,15.7783
HBEGF,ENSG00000113070.7,Brain_Amygdala,7.569160000000001
HBEGF,ENSG00000113070.7,Brain_Anterior_cingulate_cortex_BA24,6.35029
HBEGF,ENSG00000113070.7,Brain_Caudate_basal_ganglia,8.44196
HBEGF,ENSG00000113070.7,Brain_Cerebellar_Hemisphere,21.8385
HBEGF,ENSG00000113070.7,Brain_Cerebellum,22.0141
HBEGF,ENSG00000113070.7,Brain_Cortex,8.31072
HBEGF,ENSG00000113070.7,Brain_Frontal_Cortex_BA9,7.88743
HBEGF,ENSG00000113070.7,Brain_Hippocampus,10.8552
HBEGF,ENSG00000113070.7,Brain_Hypothalamus,11.1711
HBEGF,ENSG00000113070.7,Brain_Nucleus_accumbens_basal_ganglia,7.35186
HBEGF,ENSG00000113070.7,Brain_Putamen_basal_ganglia,8.66697
HBEGF,ENSG00000113070.7,Brain_Spinal_cord_cervical_c-1,29.7258
HBEGF,ENSG00000113070.7,Brain_Substantia_nigra,12.7952
HBEGF,ENSG00000113070.7,Breast_Mammary_Tissue,34.8805
HBEGF,ENSG00000113070.7,Cells_Cultured_fibroblasts,2.52768
HBEGF,ENSG00000113070.7,Cells_EBV-transformed_lymphocytes,1.7115599999999997
HBEGF,ENSG00000113070.7,Cervix_Ectocervix,14.0704
HBEGF,ENSG00000113070.7,Cervix_Endocervix,11.2952
HBEGF,ENSG00000113070.7,Colon_Sigmoid,18.3003
HBEGF,ENSG00000113070.7,Colon_Transverse,11.7633
HBEGF,ENSG00000113070.7,Esophagus_Gastroesophageal_Junction,13.9143
HBEGF,ENSG00000113070.7,Esophagus_Mucosa,33.1065
HBEGF,ENSG00000113070.7,Esophagus_Muscularis,12.4234
HBEGF,ENSG00000113070.7,Fallopian_Tube,26.9186
HBEGF,ENSG00000113070.7,Heart_Atrial_Appendage,23.7109
HBEGF,ENSG00000113070.7,Heart_Left_Ventricle,16.3475
HBEGF,ENSG00000113070.7,Kidney_Cortex,8.22556
HBEGF,ENSG00000113070.7,Kidney_Medulla,14.2176
HBEGF,ENSG00000113070.7,Liver,1.71325
HBEGF,ENSG00000113070.7,Lung,69.39
HBEGF,ENSG00000113070.7,Minor_Salivary_Gland,15.2127
HBEGF,ENSG00000113070.7,Muscle_Skeletal,15.5338
HBEGF,ENSG00000113070.7,Nerve_Tibial,65.6087
HBEGF,ENSG00000113070.7,Ovary,6.86561
HBEGF,ENSG00000113070.7,Pancreas,2.17362
HBEGF,ENSG00000113070.7,Pituitary,15.8501
HBEGF,ENSG00000113070.7,Prostate,19.7449
HBEGF,ENSG00000113070.7,Skin_Not_Sun_Exposed_Suprapubic,24.7102
HBEGF,ENSG00000113070.7,Skin_Sun_Exposed_Lower_leg,17.7587
HBEGF,ENSG00000113070.7,Small_Intestine_Terminal_Ileum,10.862
HBEGF,ENSG00000113070.7,Spleen,9.150789999999999
HBEGF,ENSG00000113070.7,Stomach,30.545
HBEGF,ENSG00000113070.7,Testis,13.2415
HBEGF,ENSG00000113070.7,Thyroid,26.2341
HBEGF,ENSG00000113070.7,Uterus,19.1577
HBEGF,ENSG00000113070.7,Vagina,28.6132
HBEGF,ENSG00000113070.7,Whole_Blood,4.4747900000000005
TGFB3,ENSG00000119699.7,Adipose_Subcutaneous,15.3864
TGFB3,ENSG00000119699.7,Adipose_Visceral_Omentum,31.4478
TGFB3,ENSG00000119699.7,Adrenal_Gland,16.0509
TGFB3,ENSG00000119699.7,Artery_Aorta,40.5254
TGFB3,ENSG00000119699.7,Artery_Coronary,39.3357
TGFB3,ENSG00000119699.7,Artery_Tibial,40.4152
TGFB3,ENSG00000119699.7,Bladder,24.2582
TGFB3,ENSG00000119699.7,Brain_Amygdala,16.7012
TGFB3,ENSG00000119699.7,Brain_Anterior_cingulate_cortex_BA24,7.82535
TGFB3,ENSG00000119699.7,Brain_Caudate_basal_ganglia,9.61514
TGFB3,ENSG00000119699.7,Brain_Cerebellar_Hemisphere,7.2722
TGFB3,ENSG00000119699.7,Brain_Cerebellum,8.054839999999999
TGFB3,ENSG00000119699.7,Brain_Cortex,8.548689999999999
TGFB3,ENSG00000119699.7,Brain_Frontal_Cortex_BA9,8.1588
TGFB3,ENSG00000119699.7,Brain_Hippocampus,18.8536
TGFB3,ENSG00000119699.7,Brain_Hypothalamus,11.689
TGFB3,ENSG00000119699.7,Brain_Nucleus_accumbens_basal_ganglia,7.371460000000001
TGFB3,ENSG00000119699.7,Brain_Putamen_basal_ganglia,14.5505
TGFB3,ENSG00000119699.7,Brain_Spinal_cord_cervical_c-1,31.3964
TGFB3,ENSG00000119699.7,Brain_Substantia_nigra,26.4303
TGFB3,ENSG00000119699.7,Breast_Mammary_Tissue,24.445999999999998
TGFB3,ENSG00000119699.7,Cells_Cultured_fibroblasts,3.8877300000000004
TGFB3,ENSG00000119699.7,Cells_EBV-transformed_lymphocytes,1.23306
TGFB3,ENSG00000119699.7,Cervix_Ectocervix,57.7616
TGFB3,ENSG00000119699.7,Cervix_Endocervix,77.7597
TGFB3,ENSG00000119699.7,Colon_Sigmoid,18.1228
TGFB3,ENSG00000119699.7,Colon_Transverse,6.8028699999999995
TGFB3,ENSG00000119699.7,Esophagus_Gastroesophageal_Junction,16.0831
TGFB3,ENSG00000119699.7,Esophagus_Mucosa,6.13579
TGFB3,ENSG00000119699.7,Esophagus_Muscularis,14.8378
TGFB3,ENSG00000119699.7,Fallopian_Tube,25.3333
TGFB3,ENSG00000119699.7,Heart_Atrial_Appendage,21.2575
TGFB3,ENSG00000119699.7,Heart_Left_Ventricle,8.8324
TGFB3,ENSG00000119699.7,Kidney_Cortex,8.56885
TGFB3,ENSG00000119699.7,Kidney_Medulla,10.4893
TGFB3,ENSG00000119699.7,Liver,6.08782
TGFB3,ENSG00000119699.7,Lung,28.649
TGFB3,ENSG00000119699.7,Minor_Salivary_Gland,13.4004
TGFB3,ENSG00000119699.7,Muscle_Skeletal,18.3086
TGFB3,ENSG00000119699.7,Nerve_Tibial,11.165
TGFB3,ENSG00000119699.7,Ovary,12.9358
TGFB3,ENSG00000119699.7,Pancreas,13.63
TGFB3,ENSG00000119699.7,Pituitary,14.7652
TGFB3,ENSG00000119699.7,Prostate,67.7684
TGFB3,ENSG00000119699.7,Skin_Not_Sun_Exposed_Suprapubic,6.21894
TGFB3,ENSG00000119699.7,Skin_Sun_Exposed_Lower_leg,6.715489999999999
TGFB3,ENSG00000119699.7,Small_Intestine_Terminal_Ileum,8.74333
TGFB3,ENSG00000119699.7,Spleen,7.21203
TGFB3,ENSG00000119699.7,Stomach,15.1558
TGFB3,ENSG00000119699.7,Testis,9.56098
TGFB3,ENSG00000119699.7,Thyroid,22.52
TGFB3,ENSG00000119699.7,Uterus,46.4904
TGFB3,ENSG00000119699.7,Vagina,25.0384
TGFB3,ENSG00000119699.7,Whole_Blood,0.581542
CTF1,ENSG00000150281.6,Adipose_Subcutaneous,10.6411
CTF1,ENSG00000150281.6,Adipose_Visceral_Omentum,10.6046
CTF1,ENSG00000150281.6,Adrenal_Gland,11.8108
CTF1,ENSG00000150281.6,Artery_Aorta,24.9173
CTF1,ENSG00000150281.6,Artery_Coronary,18.6256
CTF1,ENSG00000150281.6,Artery_Tibial,28.7574
CTF1,ENSG00000150281.6,Bladder,27.2895
CTF1,ENSG00000150281.6,Brain_Amygdala,4.35124
CTF1,ENSG00000150281.6,Brain_Anterior_cingulate_cortex_BA24,4.51579
CTF1,ENSG00000150281.6,Brain_Caudate_basal_ganglia,5.4769
CTF1,ENSG00000150281.6,Brain_Cerebellar_Hemisphere,1.72668
CTF1,ENSG00000150281.6,Brain_Cerebellum,2.56374
CTF1,ENSG00000150281.6,Brain_Cortex,4.22931
CTF1,ENSG00000150281.6,Brain_Frontal_Cortex_BA9,3.6963
CTF1,ENSG00000150281.6,Brain_Hippocampus,3.5793699999999995
CTF1,ENSG00000150281.6,Brain_Hypothalamus,3.7645699999999995
CTF1,ENSG00000150281.6,Brain_Nucleus_accumbens_basal_ganglia,6.30591
CTF1,ENSG00000150281.6,Brain_Putamen_basal_ganglia,4.550590000000001
CTF1,ENSG00000150281.6,Brain_Spinal_cord_cervical_c-1,3.1852
CTF1,ENSG00000150281.6,Brain_Substantia_nigra,4.069
CTF1,ENSG00000150281.6,Breast_Mammary_Tissue,12.3047
CTF1,ENSG00000150281.6,Cells_Cultured_fibroblasts,11.4628
CTF1,ENSG00000150281.6,Cells_EBV-transformed_lymphocytes,0.465871
CTF1,ENSG00000150281.6,Cervix_Ectocervix,39.122
CTF1,ENSG00000150281.6,Cervix_Endocervix,34.2192
CTF1,ENSG00000150281.6,Colon_Sigmoid,24.0768
CTF1,ENSG00000150281.6,Colon_Transverse,8.20953
CTF1,ENSG00000150281.6,Esophagus_Gastroesophageal_Junction,25.0684
CTF1,ENSG00000150281.6,Esophagus_Mucosa,7.63138
CTF1,ENSG00000150281.6,Esophagus_Muscularis,26.1654
CTF1,ENSG00000150281.6,Fallopian_Tube,25.38
CTF1,ENSG00000150281.6,Heart_Atrial_Appendage,12.0586
CTF1,ENSG00000150281.6,Heart_Left_Ventricle,9.65339
CTF1,ENSG00000150281.6,Kidney_Cortex,6.6971
CTF1,ENSG00000150281.6,Kidney_Medulla,11.2632
CTF1,ENSG00000150281.6,Liver,0.7440319999999999
CTF1,ENSG00000150281.6,Lung,15.352
CTF1,ENSG00000150281.6,Minor_Salivary_Gland,9.06451
CTF1,ENSG00000150281.6,Muscle_Skeletal,9.61935
CTF1,ENSG00000150281.6,Nerve_Tibial,25.7704
CTF1,ENSG00000150281.6,Ovary,36.9722
CTF1,ENSG00000150281.6,Pancreas,2.28993
CTF1,ENSG00000150281.6,Pituitary,8.88177
CTF1,ENSG00000150281.6,Prostate,22.9526
CTF1,ENSG00000150281.6,Skin_Not_Sun_Exposed_Suprapubic,4.33796
CTF1,ENSG00000150281.6,Skin_Sun_Exposed_Lower_leg,4.66097
CTF1,ENSG00000150281.6,Small_Intestine_Terminal_Ileum,4.52416
CTF1,ENSG00000150281.6,Spleen,2.80326
CTF1,ENSG00000150281.6,Stomach,6.79105
CTF1,ENSG00000150281.6,Testis,7.89733
CTF1,ENSG00000150281.6,Thyroid,18.9938
CTF1,ENSG00000150281.6,Uterus,42.8473
CTF1,ENSG00000150281.6,Vagina,17.6627
CTF1,ENSG00000150281.6,Whole_Blood,0.47905
PTN,ENSG00000105894.11,Adipose_Subcutaneous,1.8318400000000001
PTN,ENSG00000105894.11,Adipose_Visceral_Omentum,30.976
PTN,ENSG00000105894.11,Adrenal_Gland,4.67203
PTN,ENSG00000105894.11,Artery_Aorta,29.2753
PTN,ENSG00000105894.11,Artery_Coronary,38.6063
PTN,ENSG00000105894.11,Artery_Tibial,18.4598
PTN,ENSG00000105894.11,Bladder,32.3174
PTN,ENSG00000105894.11,Brain_Amygdala,176.989
PTN,ENSG00000105894.11,Brain_Anterior_cingulate_cortex_BA24,219.137
PTN,ENSG00000105894.11,Brain_Caudate_basal_ganglia,148.762
PTN,ENSG00000105894.11,Brain_Cerebellar_Hemisphere,135.746
PTN,ENSG00000105894.11,Brain_Cerebellum,191.264
PTN,ENSG00000105894.11,Brain_Cortex,175.378
PTN,ENSG00000105894.11,Brain_Frontal_Cortex_BA9,187.18200000000002
PTN,ENSG00000105894.11,Brain_Hippocampus,151.862
PTN,ENSG00000105894.11,Brain_Hypothalamus,122.052
PTN,ENSG00000105894.11,Brain_Nucleus_accumbens_basal_ganglia,172.66099999999997
PTN,ENSG00000105894.11,Brain_Putamen_basal_ganglia,129.202
PTN,ENSG00000105894.11,Brain_Spinal_cord_cervical_c-1,106.374
PTN,ENSG00000105894.11,Brain_Substantia_nigra,118.522
PTN,ENSG00000105894.11,Breast_Mammary_Tissue,24.522
PTN,ENSG00000105894.11,Cells_Cultured_fibroblasts,3.99497
PTN,ENSG00000105894.11,Cells_EBV-transformed_lymphocytes,0.189977
PTN,ENSG00000105894.11,Cervix_Ectocervix,195.99
PTN,ENSG00000105894.11,Cervix_Endocervix,152.202
PTN,ENSG00000105894.11,Colon_Sigmoid,53.8519
PTN,ENSG00000105894.11,Colon_Transverse,16.8212
PTN,ENSG00000105894.11,Esophagus_Gastroesophageal_Junction,18.4401
PTN,ENSG00000105894.11,Esophagus_Mucosa,87.4866
PTN,ENSG00000105894.11,Esophagus_Muscularis,12.5288
PTN,ENSG00000105894.11,Fallopian_Tube,13.6107
PTN,ENSG00000105894.11,Heart_Atrial_Appendage,43.6454
PTN,ENSG00000105894.11,Heart_Left_Ventricle,16.0399
PTN,ENSG00000105894.11,Kidney_Cortex,14.3161
PTN,ENSG00000105894.11,Kidney_Medulla,35.7054
PTN,ENSG00000105894.11,Liver,1.96417
PTN,ENSG00000105894.11,Lung,25.6917
PTN,ENSG00000105894.11,Minor_Salivary_Gland,22.191999999999997
PTN,ENSG00000105894.11,Muscle_Skeletal,0.832408
PTN,ENSG00000105894.11,Nerve_Tibial,25.7467
PTN,ENSG00000105894.11,Ovary,13.9619
PTN,ENSG00000105894.11,Pancreas,1.52986
PTN,ENSG00000105894.11,Pituitary,234.136
PTN,ENSG00000105894.11,Prostate,116.78
PTN,ENSG00000105894.11,Skin_Not_Sun_Exposed_Suprapubic,9.08204
PTN,ENSG00000105894.11,Skin_Sun_Exposed_Lower_leg,8.598889999999999
PTN,ENSG00000105894.11,Small_Intestine_Terminal_Ileum,5.38727
PTN,ENSG00000105894.11,Spleen,18.6916
PTN,ENSG00000105894.11,Stomach,6.770560000000001
PTN,ENSG00000105894.11,Testis,77.3516
PTN,ENSG00000105894.11,Thyroid,35.0502
PTN,ENSG00000105894.11,Uterus,115.445
PTN,ENSG00000105894.11,Vagina,102.439
PTN,ENSG00000105894.11,Whole_Blood,0.0975478
CXCL9,ENSG00000138755.5,Adipose_Subcutaneous,3.72301
CXCL9,ENSG00000138755.5,Adipose_Visceral_Omentum,1.59589
CXCL9,ENSG00000138755.5,Adrenal_Gland,0.20895999999999998
CXCL9,ENSG00000138755.5,Artery_Aorta,2.53978
CXCL9,ENSG00000138755.5,Artery_Coronary,2.63847
CXCL9,ENSG00000138755.5,Artery_Tibial,1.57345
CXCL9,ENSG00000138755.5,Bladder,0.9411940000000001
CXCL9,ENSG00000138755.5,Brain_Amygdala,0.07949550000000001
CXCL9,ENSG00000138755.5,Brain_Anterior_cingulate_cortex_BA24,0.0347173
CXCL9,ENSG00000138755.5,Brain_Caudate_basal_ganglia,0.0823216
CXCL9,ENSG00000138755.5,Brain_Cerebellar_Hemisphere,0.0413883
CXCL9,ENSG00000138755.5,Brain_Cerebellum,0.04115069999999999
CXCL9,ENSG00000138755.5,Brain_Cortex,0.038442800000000006
CXCL9,ENSG00000138755.5,Brain_Frontal_Cortex_BA9,0.0343528
CXCL9,ENSG00000138755.5,Brain_Hippocampus,0.109023
CXCL9,ENSG00000138755.5,Brain_Hypothalamus,0.09408810000000001
CXCL9,ENSG00000138755.5,Brain_Nucleus_accumbens_basal_ganglia,0.0607643
CXCL9,ENSG00000138755.5,Brain_Putamen_basal_ganglia,0.0794819
CXCL9,ENSG00000138755.5,Brain_Spinal_cord_cervical_c-1,0.376569
CXCL9,ENSG00000138755.5,Brain_Substantia_nigra,0.11764300000000001
CXCL9,ENSG00000138755.5,Breast_Mammary_Tissue,1.33534
CXCL9,ENSG00000138755.5,Cells_Cultured_fibroblasts,0.0
CXCL9,ENSG00000138755.5,Cells_EBV-transformed_lymphocytes,0.285979
CXCL9,ENSG00000138755.5,Cervix_Ectocervix,1.2401799999999998
CXCL9,ENSG00000138755.5,Cervix_Endocervix,1.9248299999999998
CXCL9,ENSG00000138755.5,Colon_Sigmoid,0.402253
CXCL9,ENSG00000138755.5,Colon_Transverse,1.06725
CXCL9,ENSG00000138755.5,Esophagus_Gastroesophageal_Junction,0.45315600000000006
CXCL9,ENSG00000138755.5,Esophagus_Mucosa,0.7051350000000001
CXCL9,ENSG00000138755.5,Esophagus_Muscularis,0.435749
CXCL9,ENSG00000138755.5,Fallopian_Tube,0.39800100000000005
CXCL9,ENSG00000138755.5,Heart_Atrial_Appendage,0.792208
CXCL9,ENSG00000138755.5,Heart_Left_Ventricle,0.341292
CXCL9,ENSG00000138755.5,Kidney_Cortex,1.3588
CXCL9,ENSG00000138755.5,Kidney_Medulla,1.6439599999999999
CXCL9,ENSG00000138755.5,Liver,0.931666
CXCL9,ENSG00000138755.5,Lung,9.0081
CXCL9,ENSG00000138755.5,Minor_Salivary_Gland,1.5710899999999999
CXCL9,ENSG00000138755.5,Muscle_Skeletal,0.307868
CXCL9,ENSG00000138755.5,Nerve_Tibial,1.00745
CXCL9,ENSG00000138755.5,Ovary,0.20856999999999998
CXCL9,ENSG00000138755.5,Pancreas,0.185224
CXCL9,ENSG00000138755.5,Pituitary,0.924632
CXCL9,ENSG00000138755.5,Prostate,1.50101
CXCL9,ENSG00000138755.5,Skin_Not_Sun_Exposed_Suprapubic,0.400951
CXCL9,ENSG00000138755.5,Skin_Sun_Exposed_Lower_leg,0.697379
CXCL9,ENSG00000138755.5,Small_Intestine_Terminal_Ileum,4.40762
CXCL9,ENSG00000138755.5,Spleen,5.959
CXCL9,ENSG00000138755.5,Stomach,0.559685
CXCL9,ENSG00000138755.5,Testis,3.59634
CXCL9,ENSG00000138755.5,Thyroid,4.54684
CXCL9,ENSG00000138755.5,Uterus,0.46533199999999997
CXCL9,ENSG00000138755.5,Vagina,1.26168
CXCL9,ENSG00000138755.5,Whole_Blood,0.108625
CCL3,ENSG00000277632.1,Adipose_Subcutaneous,4.23674
CCL3,ENSG00000277632.1,Adipose_Visceral_Omentum,14.2767
CCL3,ENSG00000277632.1,Adrenal_Gland,2.63476
CCL3,ENSG00000277632.1,Artery_Aorta,8.28583
CCL3,ENSG00000277632.1,Artery_Coronary,5.46645
CCL3,ENSG00000277632.1,Artery_Tibial,1.32752
CCL3,ENSG00000277632.1,Bladder,2.7246599999999996
CCL3,ENSG00000277632.1,Brain_Amygdala,0.698588
CCL3,ENSG00000277632.1,Brain_Anterior_cingulate_cortex_BA24,0.705553
CCL3,ENSG00000277632.1,Brain_Caudate_basal_ganglia,0.8726729999999999
CCL3,ENSG00000277632.1,Brain_Cerebellar_Hemisphere,0.34825
CCL3,ENSG00000277632.1,Brain_Cerebellum,0.36991599999999997
CCL3,ENSG00000277632.1,Brain_Cortex,0.9059590000000001
CCL3,ENSG00000277632.1,Brain_Frontal_Cortex_BA9,0.840304
CCL3,ENSG00000277632.1,Brain_Hippocampus,1.294
CCL3,ENSG00000277632.1,Brain_Hypothalamus,0.497154
CCL3,ENSG00000277632.1,Brain_Nucleus_accumbens_basal_ganglia,0.694288
CCL3,ENSG00000277632.1,Brain_Putamen_basal_ganglia,0.7593979999999999
CCL3,ENSG00000277632.1,Brain_Spinal_cord_cervical_c-1,2.39819
CCL3,ENSG00000277632.1,Brain_Substantia_nigra,1.50597
CCL3,ENSG00000277632.1,Breast_Mammary_Tissue,4.42172
CCL3,ENSG00000277632.1,Cells_Cultured_fibroblasts,0.0
CCL3,ENSG00000277632.1,Cells_EBV-transformed_lymphocytes,462.725
CCL3,ENSG00000277632.1,Cervix_Ectocervix,1.4460899999999999
CCL3,ENSG00000277632.1,Cervix_Endocervix,2.13658
CCL3,ENSG00000277632.1,Colon_Sigmoid,1.1769100000000001
CCL3,ENSG00000277632.1,Colon_Transverse,2.1733599999999997
CCL3,ENSG00000277632.1,Esophagus_Gastroesophageal_Junction,0.783788
CCL3,ENSG00000277632.1,Esophagus_Mucosa,0.5798949999999999
CCL3,ENSG00000277632.1,Esophagus_Muscularis,0.7902
CCL3,ENSG00000277632.1,Fallopian_Tube,4.64171
CCL3,ENSG00000277632.1,Heart_Atrial_Appendage,1.8334700000000002
CCL3,ENSG00000277632.1,Heart_Left_Ventricle,0.41766499999999995
CCL3,ENSG00000277632.1,Kidney_Cortex,1.7985799999999998
CCL3,ENSG00000277632.1,Kidney_Medulla,5.88696
CCL3,ENSG00000277632.1,Liver,4.97288
CCL3,ENSG00000277632.1,Lung,25.3659
CCL3,ENSG00000277632.1,Minor_Salivary_Gland,3.7777
CCL3,ENSG00000277632.1,Muscle_Skeletal,0.27109
CCL3,ENSG00000277632.1,Nerve_Tibial,2.67615
CCL3,ENSG00000277632.1,Ovary,1.2171
CCL3,ENSG00000277632.1,Pancreas,0.40289
CCL3,ENSG00000277632.1,Pituitary,1.49345
CCL3,ENSG00000277632.1,Prostate,2.0859099999999997
CCL3,ENSG00000277632.1,Skin_Not_Sun_Exposed_Suprapubic,0.7845
CCL3,ENSG00000277632.1,Skin_Sun_Exposed_Lower_leg,0.703574
CCL3,ENSG00000277632.1,Small_Intestine_Terminal_Ileum,4.0439300000000005
CCL3,ENSG00000277632.1,Spleen,57.8138
CCL3,ENSG00000277632.1,Stomach,1.56584
CCL3,ENSG00000277632.1,Testis,1.01896
CCL3,ENSG00000277632.1,Thyroid,2.26099
CCL3,ENSG00000277632.1,Uterus,1.3948
CCL3,ENSG00000277632.1,Vagina,1.7966099999999998
CCL3,ENSG00000277632.1,Whole_Blood,45.7656
GAS6,ENSG00000183087.14,Adipose_Subcutaneous,221.56799999999998
GAS6,ENSG00000183087.14,Adipose_Visceral_Omentum,236.558
GAS6,ENSG00000183087.14,Adrenal_Gland,56.9076
GAS6,ENSG00000183087.14,Artery_Aorta,1650.91
GAS6,ENSG00000183087.14,Artery_Coronary,644.849
GAS6,ENSG00000183087.14,Artery_Tibial,542.617
GAS6,ENSG00000183087.14,Bladder,295.274
GAS6,ENSG00000183087.14,Brain_Amygdala,28.5449
GAS6,ENSG00000183087.14,Brain_Anterior_cingulate_cortex_BA24,40.3062
GAS6,ENSG00000183087.14,Brain_Caudate_basal_ganglia,40.1279
GAS6,ENSG00000183087.14,Brain_Cerebellar_Hemisphere,62.5606
GAS6,ENSG00000183087.14,Brain_Cerebellum,73.4995
GAS6,ENSG00000183087.14,Brain_Cortex,60.022
GAS6,ENSG00000183087.14,Brain_Frontal_Cortex_BA9,58.1544
GAS6,ENSG00000183087.14,Brain_Hippocampus,35.0981
GAS6,ENSG00000183087.14,Brain_Hypothalamus,58.6191
GAS6,ENSG00000183087.14,Brain_Nucleus_accumbens_basal_ganglia,40.4035
GAS6,ENSG00000183087.14,Brain_Putamen_basal_ganglia,36.789
GAS6,ENSG00000183087.14,Brain_Spinal_cord_cervical_c-1,35.8957
GAS6,ENSG00000183087.14,Brain_Substantia_nigra,46.3346
GAS6,ENSG00000183087.14,Breast_Mammary_Tissue,186.27599999999998
GAS6,ENSG00000183087.14,Cells_Cultured_fibroblasts,810.758
GAS6,ENSG00000183087.14,Cells_EBV-transformed_lymphocytes,2.9138599999999997
GAS6,ENSG00000183087.14,Cervix_Ectocervix,635.188
GAS6,ENSG00000183087.14,Cervix_Endocervix,484.648
GAS6,ENSG00000183087.14,Colon_Sigmoid,124.294
GAS6,ENSG00000183087.14,Colon_Transverse,136.915
GAS6,ENSG00000183087.14,Esophagus_Gastroesophageal_Junction,325.166
GAS6,ENSG00000183087.14,Esophagus_Mucosa,100.21600000000001
GAS6,ENSG00000183087.14,Esophagus_Muscularis,427.50800000000004
GAS6,ENSG00000183087.14,Fallopian_Tube,476.535
GAS6,ENSG00000183087.14,Heart_Atrial_Appendage,159.996
GAS6,ENSG00000183087.14,Heart_Left_Ventricle,137.127
GAS6,ENSG00000183087.14,Kidney_Cortex,93.0704
GAS6,ENSG00000183087.14,Kidney_Medulla,100.52799999999999
GAS6,ENSG00000183087.14,Liver,43.4853
GAS6,ENSG00000183087.14,Lung,253.24599999999998
GAS6,ENSG00000183087.14,Minor_Salivary_Gland,172.49900000000002
GAS6,ENSG00000183087.14,Muscle_Skeletal,84.5161
GAS6,ENSG00000183087.14,Nerve_Tibial,436.977
GAS6,ENSG00000183087.14,Ovary,326.769
GAS6,ENSG00000183087.14,Pancreas,50.2901
GAS6,ENSG00000183087.14,Pituitary,154.77200000000002
GAS6,ENSG00000183087.14,Prostate,271.01099999999997
GAS6,ENSG00000183087.14,Skin_Not_Sun_Exposed_Suprapubic,247.82
GAS6,ENSG00000183087.14,Skin_Sun_Exposed_Lower_leg,250.67700000000002
GAS6,ENSG00000183087.14,Small_Intestine_Terminal_Ileum,105.917
GAS6,ENSG00000183087.14,Spleen,72.4579
GAS6,ENSG00000183087.14,Stomach,117.28399999999999
GAS6,ENSG00000183087.14,Testis,217.676
GAS6,ENSG00000183087.14,Thyroid,300.151
GAS6,ENSG00000183087.14,Uterus,515.9730000000001
GAS6,ENSG00000183087.14,Vagina,421.19199999999995
GAS6,ENSG00000183087.14,Whole_Blood,5.02628
IL17B,ENSG00000127743.5,Adipose_Subcutaneous,1.40181
IL17B,ENSG00000127743.5,Adipose_Visceral_Omentum,0.385675
IL17B,ENSG00000127743.5,Adrenal_Gland,1.8295
IL17B,ENSG00000127743.5,Artery_Aorta,10.6551
IL17B,ENSG00000127743.5,Artery_Coronary,4.1991
IL17B,ENSG00000127743.5,Artery_Tibial,14.190999999999999
IL17B,ENSG00000127743.5,Bladder,1.62657
IL17B,ENSG00000127743.5,Brain_Amygdala,0.0555941
IL17B,ENSG00000127743.5,Brain_Anterior_cingulate_cortex_BA24,0.0719287
IL17B,ENSG00000127743.5,Brain_Caudate_basal_ganglia,0.051019800000000004
IL17B,ENSG00000127743.5,Brain_Cerebellar_Hemisphere,0.49483599999999994
IL17B,ENSG00000127743.5,Brain_Cerebellum,0.475231
IL17B,ENSG00000127743.5,Brain_Cortex,0.116533
IL17B,ENSG00000127743.5,Brain_Frontal_Cortex_BA9,0.0953842
IL17B,ENSG00000127743.5,Brain_Hippocampus,0.089943
IL17B,ENSG00000127743.5,Brain_Hypothalamus,0.116862
IL17B,ENSG00000127743.5,Brain_Nucleus_accumbens_basal_ganglia,0.0732161
IL17B,ENSG00000127743.5,Brain_Putamen_basal_ganglia,0.047330699999999996
IL17B,ENSG00000127743.5,Brain_Spinal_cord_cervical_c-1,0.160217
IL17B,ENSG00000127743.5,Brain_Substantia_nigra,0.127379
IL17B,ENSG00000127743.5,Breast_Mammary_Tissue,1.67303
IL17B,ENSG00000127743.5,Cells_Cultured_fibroblasts,0.142278
IL17B,ENSG00000127743.5,Cells_EBV-transformed_lymphocytes,0.08109730000000001
IL17B,ENSG00000127743.5,Cervix_Ectocervix,2.3541
IL17B,ENSG00000127743.5,Cervix_Endocervix,3.0562400000000003
IL17B,ENSG00000127743.5,Colon_Sigmoid,3.37068
IL17B,ENSG00000127743.5,Colon_Transverse,1.3836
IL17B,ENSG00000127743.5,Esophagus_Gastroesophageal_Junction,3.6142
IL17B,ENSG00000127743.5,Esophagus_Mucosa,0.706434
IL17B,ENSG00000127743.5,Esophagus_Muscularis,4.321000000000001
IL17B,ENSG00000127743.5,Fallopian_Tube,1.12963
IL17B,ENSG00000127743.5,Heart_Atrial_Appendage,0.5716140000000001
IL17B,ENSG00000127743.5,Heart_Left_Ventricle,0.0984478
IL17B,ENSG00000127743.5,Kidney_Cortex,0.44892299999999996
IL17B,ENSG00000127743.5,Kidney_Medulla,0.817587
IL17B,ENSG00000127743.5,Liver,0.0
IL17B,ENSG00000127743.5,Lung,0.510389
IL17B,ENSG00000127743.5,Minor_Salivary_Gland,0.840383
IL17B,ENSG00000127743.5,Muscle_Skeletal,0.141132
IL17B,ENSG00000127743.5,Nerve_Tibial,48.0105
IL17B,ENSG00000127743.5,Ovary,0.561992
IL17B,ENSG00000127743.5,Pancreas,0.024070599999999998
IL17B,ENSG00000127743.5,Pituitary,0.0932338
IL17B,ENSG00000127743.5,Prostate,2.3909700000000003
IL17B,ENSG00000127743.5,Skin_Not_Sun_Exposed_Suprapubic,0.633835
IL17B,ENSG00000127743.5,Skin_Sun_Exposed_Lower_leg,1.07047
IL17B,ENSG00000127743.5,Small_Intestine_Terminal_Ileum,1.05382
IL17B,ENSG00000127743.5,Spleen,0.503328
IL17B,ENSG00000127743.5,Stomach,0.43871499999999997
IL17B,ENSG00000127743.5,Testis,5.47051
IL17B,ENSG00000127743.5,Thyroid,0.233575
IL17B,ENSG00000127743.5,Uterus,3.60946
IL17B,ENSG00000127743.5,Vagina,0.912176
IL17B,ENSG00000127743.5,Whole_Blood,0.0737868
GDF10,ENSG00000266524.2,Adipose_Subcutaneous,18.1782
GDF10,ENSG00000266524.2,Adipose_Visceral_Omentum,2.15178
GDF10,ENSG00000266524.2,Adrenal_Gland,1.3353700000000002
GDF10,ENSG00000266524.2,Artery_Aorta,9.775039999999999
GDF10,ENSG00000266524.2,Artery_Coronary,8.29688
GDF10,ENSG00000266524.2,Artery_Tibial,14.7353
GDF10,ENSG00000266524.2,Bladder,2.4471700000000003
GDF10,ENSG00000266524.2,Brain_Amygdala,2.1996
GDF10,ENSG00000266524.2,Brain_Anterior_cingulate_cortex_BA24,4.0554
GDF10,ENSG00000266524.2,Brain_Caudate_basal_ganglia,6.2580800000000005
GDF10,ENSG00000266524.2,Brain_Cerebellar_Hemisphere,4.85648
GDF10,ENSG00000266524.2,Brain_Cerebellum,12.2365
GDF10,ENSG00000266524.2,Brain_Cortex,5.07453
GDF10,ENSG00000266524.2,Brain_Frontal_Cortex_BA9,5.6825
GDF10,ENSG00000266524.2,Brain_Hippocampus,3.21728
GDF10,ENSG00000266524.2,Brain_Hypothalamus,2.72759
GDF10,ENSG00000266524.2,Brain_Nucleus_accumbens_basal_ganglia,3.2149099999999997
GDF10,ENSG00000266524.2,Brain_Putamen_basal_ganglia,4.84163
GDF10,ENSG00000266524.2,Brain_Spinal_cord_cervical_c-1,0.789482
GDF10,ENSG00000266524.2,Brain_Substantia_nigra,2.4342099999999998
GDF10,ENSG00000266524.2,Breast_Mammary_Tissue,13.3739
GDF10,ENSG00000266524.2,Cells_Cultured_fibroblasts,0.0
GDF10,ENSG00000266524.2,Cells_EBV-transformed_lymphocytes,0.023090299999999998
GDF10,ENSG00000266524.2,Cervix_Ectocervix,5.20726
GDF10,ENSG00000266524.2,Cervix_Endocervix,3.5502599999999997
GDF10,ENSG00000266524.2,Colon_Sigmoid,3.60028
GDF10,ENSG00000266524.2,Colon_Transverse,1.7637200000000002
GDF10,ENSG00000266524.2,Esophagus_Gastroesophageal_Junction,14.1498
GDF10,ENSG00000266524.2,Esophagus_Mucosa,2.24948
GDF10,ENSG00000266524.2,Esophagus_Muscularis,15.3482
GDF10,ENSG00000266524.2,Fallopian_Tube,2.34155
GDF10,ENSG00000266524.2,Heart_Atrial_Appendage,3.205
GDF10,ENSG00000266524.2,Heart_Left_Ventricle,0.31366700000000003
GDF10,ENSG00000266524.2,Kidney_Cortex,0.09396610000000001
GDF10,ENSG00000266524.2,Kidney_Medulla,0.109929
GDF10,ENSG00000266524.2,Liver,0.08493669999999999
GDF10,ENSG00000266524.2,Lung,33.4051
GDF10,ENSG00000266524.2,Minor_Salivary_Gland,11.3321
GDF10,ENSG00000266524.2,Muscle_Skeletal,0.5401239999999999
GDF10,ENSG00000266524.2,Nerve_Tibial,33.0244
GDF10,ENSG00000266524.2,Ovary,0.45484600000000003
GDF10,ENSG00000266524.2,Pancreas,8.47103
GDF10,ENSG00000266524.2,Pituitary,0.790663
GDF10,ENSG00000266524.2,Prostate,1.7251900000000002
GDF10,ENSG00000266524.2,Skin_Not_Sun_Exposed_Suprapubic,1.8677099999999998
GDF10,ENSG00000266524.2,Skin_Sun_Exposed_Lower_leg,3.9117
GDF10,ENSG00000266524.2,Small_Intestine_Terminal_Ileum,0.746854
GDF10,ENSG00000266524.2,Spleen,0.141352
GDF10,ENSG00000266524.2,Stomach,1.08532
GDF10,ENSG00000266524.2,Testis,17.3625
GDF10,ENSG00000266524.2,Thyroid,19.7106
GDF10,ENSG00000266524.2,Uterus,2.8230299999999997
GDF10,ENSG00000266524.2,Vagina,2.52809
GDF10,ENSG00000266524.2,Whole_Blood,0.027328700000000004
BMP6,ENSG00000153162.8,Adipose_Subcutaneous,29.7384
BMP6,ENSG00000153162.8,Adipose_Visceral_Omentum,20.9501
BMP6,ENSG00000153162.8,Adrenal_Gland,4.30805
BMP6,ENSG00000153162.8,Artery_Aorta,5.57369
BMP6,ENSG00000153162.8,Artery_Coronary,7.075010000000001
BMP6,ENSG00000153162.8,Artery_Tibial,12.8691
BMP6,ENSG00000153162.8,Bladder,4.4089
BMP6,ENSG00000153162.8,Brain_Amygdala,2.24451
BMP6,ENSG00000153162.8,Brain_Anterior_cingulate_cortex_BA24,2.06861
BMP6,ENSG00000153162.8,Brain_Caudate_basal_ganglia,4.11562
BMP6,ENSG00000153162.8,Brain_Cerebellar_Hemisphere,1.2275
BMP6,ENSG00000153162.8,Brain_Cerebellum,1.66165
BMP6,ENSG00000153162.8,Brain_Cortex,2.5426900000000003
BMP6,ENSG00000153162.8,Brain_Frontal_Cortex_BA9,2.17797
BMP6,ENSG00000153162.8,Brain_Hippocampus,2.52668
BMP6,ENSG00000153162.8,Brain_Hypothalamus,2.55235
BMP6,ENSG00000153162.8,Brain_Nucleus_accumbens_basal_ganglia,4.41475
BMP6,ENSG00000153162.8,Brain_Putamen_basal_ganglia,3.6398099999999998
BMP6,ENSG00000153162.8,Brain_Spinal_cord_cervical_c-1,3.30186
BMP6,ENSG00000153162.8,Brain_Substantia_nigra,2.92578
BMP6,ENSG00000153162.8,Breast_Mammary_Tissue,20.2728
BMP6,ENSG00000153162.8,Cells_Cultured_fibroblasts,1.28063
BMP6,ENSG00000153162.8,Cells_EBV-transformed_lymphocytes,0.7446510000000001
BMP6,ENSG00000153162.8,Cervix_Ectocervix,4.78982
BMP6,ENSG00000153162.8,Cervix_Endocervix,8.16963
BMP6,ENSG00000153162.8,Colon_Sigmoid,3.73165
BMP6,ENSG00000153162.8,Colon_Transverse,4.71353
BMP6,ENSG00000153162.8,Esophagus_Gastroesophageal_Junction,4.38589
BMP6,ENSG00000153162.8,Esophagus_Mucosa,2.06624
BMP6,ENSG00000153162.8,Esophagus_Muscularis,4.67895
BMP6,ENSG00000153162.8,Fallopian_Tube,5.29546
BMP6,ENSG00000153162.8,Heart_Atrial_Appendage,4.05766
BMP6,ENSG00000153162.8,Heart_Left_Ventricle,1.6230200000000001
BMP6,ENSG00000153162.8,Kidney_Cortex,3.06985
BMP6,ENSG00000153162.8,Kidney_Medulla,27.6016
BMP6,ENSG00000153162.8,Liver,0.585234
BMP6,ENSG00000153162.8,Lung,15.8288
BMP6,ENSG00000153162.8,Minor_Salivary_Gland,3.6977
BMP6,ENSG00000153162.8,Muscle_Skeletal,2.25028
BMP6,ENSG00000153162.8,Nerve_Tibial,11.0188
BMP6,ENSG00000153162.8,Ovary,14.0357
BMP6,ENSG00000153162.8,Pancreas,0.308229
BMP6,ENSG00000153162.8,Pituitary,8.787519999999999
BMP6,ENSG00000153162.8,Prostate,5.03518
BMP6,ENSG00000153162.8,Skin_Not_Sun_Exposed_Suprapubic,3.9639
BMP6,ENSG00000153162.8,Skin_Sun_Exposed_Lower_leg,5.8965
BMP6,ENSG00000153162.8,Small_Intestine_Terminal_Ileum,3.9113
BMP6,ENSG00000153162.8,Spleen,5.779380000000001
BMP6,ENSG00000153162.8,Stomach,3.64416
BMP6,ENSG00000153162.8,Testis,5.44658
BMP6,ENSG00000153162.8,Thyroid,3.2126200000000003
BMP6,ENSG00000153162.8,Uterus,7.499389999999999
BMP6,ENSG00000153162.8,Vagina,4.94649
BMP6,ENSG00000153162.8,Whole_Blood,2.0644
NTF3,ENSG00000185652.11,Adipose_Subcutaneous,2.5573200000000003
NTF3,ENSG00000185652.11,Adipose_Visceral_Omentum,1.44116
NTF3,ENSG00000185652.11,Adrenal_Gland,0.298645
NTF3,ENSG00000185652.11,Artery_Aorta,19.167
NTF3,ENSG00000185652.11,Artery_Coronary,16.8315
NTF3,ENSG00000185652.11,Artery_Tibial,24.0783
NTF3,ENSG00000185652.11,Bladder,4.9453
NTF3,ENSG00000185652.11,Brain_Amygdala,0.0387419
NTF3,ENSG00000185652.11,Brain_Anterior_cingulate_cortex_BA24,0.0634419
NTF3,ENSG00000185652.11,Brain_Caudate_basal_ganglia,0.0246555
NTF3,ENSG00000185652.11,Brain_Cerebellar_Hemisphere,5.63212
NTF3,ENSG00000185652.11,Brain_Cerebellum,4.89015
NTF3,ENSG00000185652.11,Brain_Cortex,0.0675798
NTF3,ENSG00000185652.11,Brain_Frontal_Cortex_BA9,0.072554
NTF3,ENSG00000185652.11,Brain_Hippocampus,0.148876
NTF3,ENSG00000185652.11,Brain_Hypothalamus,0.07197460000000001
NTF3,ENSG00000185652.11,Brain_Nucleus_accumbens_basal_ganglia,0.0239585
NTF3,ENSG00000185652.11,Brain_Putamen_basal_ganglia,0.0279106
NTF3,ENSG00000185652.11,Brain_Spinal_cord_cervical_c-1,0.07880880000000001
NTF3,ENSG00000185652.11,Brain_Substantia_nigra,0.0257309
NTF3,ENSG00000185652.11,Breast_Mammary_Tissue,1.8696599999999999
NTF3,ENSG00000185652.11,Cells_Cultured_fibroblasts,0.011164700000000001
NTF3,ENSG00000185652.11,Cells_EBV-transformed_lymphocytes,0.00799735
NTF3,ENSG00000185652.11,Cervix_Ectocervix,6.70833
NTF3,ENSG00000185652.11,Cervix_Endocervix,4.44624
NTF3,ENSG00000185652.11,Colon_Sigmoid,1.08692
NTF3,ENSG00000185652.11,Colon_Transverse,0.9579719999999999
NTF3,ENSG00000185652.11,Esophagus_Gastroesophageal_Junction,0.7639130000000001
NTF3,ENSG00000185652.11,Esophagus_Mucosa,1.58341
NTF3,ENSG00000185652.11,Esophagus_Muscularis,0.39803099999999997
NTF3,ENSG00000185652.11,Fallopian_Tube,2.33185
NTF3,ENSG00000185652.11,Heart_Atrial_Appendage,1.0641
NTF3,ENSG00000185652.11,Heart_Left_Ventricle,0.381643
NTF3,ENSG00000185652.11,Kidney_Cortex,0.88015
NTF3,ENSG00000185652.11,Kidney_Medulla,1.59845
NTF3,ENSG00000185652.11,Liver,2.03607
NTF3,ENSG00000185652.11,Lung,1.2619
NTF3,ENSG00000185652.11,Minor_Salivary_Gland,2.03898
NTF3,ENSG00000185652.11,Muscle_Skeletal,0.47858100000000003
NTF3,ENSG00000185652.11,Nerve_Tibial,3.6005800000000003
NTF3,ENSG00000185652.11,Ovary,8.78477
NTF3,ENSG00000185652.11,Pancreas,0.06300650000000001
NTF3,ENSG00000185652.11,Pituitary,0.939865
NTF3,ENSG00000185652.11,Prostate,2.93722
NTF3,ENSG00000185652.11,Skin_Not_Sun_Exposed_Suprapubic,1.47022
NTF3,ENSG00000185652.11,Skin_Sun_Exposed_Lower_leg,2.33561
NTF3,ENSG00000185652.11,Small_Intestine_Terminal_Ileum,1.2424899999999999
NTF3,ENSG00000185652.11,Spleen,1.9818200000000001
NTF3,ENSG00000185652.11,Stomach,1.25105
NTF3,ENSG00000185652.11,Testis,0.966276
NTF3,ENSG00000185652.11,Thyroid,0.782129
NTF3,ENSG00000185652.11,Uterus,2.34543
NTF3,ENSG00000185652.11,Vagina,5.45654
NTF3,ENSG00000185652.11,Whole_Blood,0.0
LGALS9,ENSG00000168961.16,Adipose_Subcutaneous,26.8373
LGALS9,ENSG00000168961.16,Adipose_Visceral_Omentum,24.1925
LGALS9,ENSG00000168961.16,Adrenal_Gland,13.0479
LGALS9,ENSG00000168961.16,Artery_Aorta,13.3737
LGALS9,ENSG00000168961.16,Artery_Coronary,18.9079
LGALS9,ENSG00000168961.16,Artery_Tibial,6.78227
LGALS9,ENSG00000168961.16,Bladder,15.7057
LGALS9,ENSG00000168961.16,Brain_Amygdala,4.5484
LGALS9,ENSG00000168961.16,Brain_Anterior_cingulate_cortex_BA24,3.28965
LGALS9,ENSG00000168961.16,Brain_Caudate_basal_ganglia,4.3673
LGALS9,ENSG00000168961.16,Brain_Cerebellar_Hemisphere,2.31517
LGALS9,ENSG00000168961.16,Brain_Cerebellum,2.6772
LGALS9,ENSG00000168961.16,Brain_Cortex,3.92305
LGALS9,ENSG00000168961.16,Brain_Frontal_Cortex_BA9,3.25621
LGALS9,ENSG00000168961.16,Brain_Hippocampus,5.00171
LGALS9,ENSG00000168961.16,Brain_Hypothalamus,5.81581
LGALS9,ENSG00000168961.16,Brain_Nucleus_accumbens_basal_ganglia,3.9003400000000004
LGALS9,ENSG00000168961.16,Brain_Putamen_basal_ganglia,4.1779
LGALS9,ENSG00000168961.16,Brain_Spinal_cord_cervical_c-1,16.7724
LGALS9,ENSG00000168961.16,Brain_Substantia_nigra,8.533439999999999
LGALS9,ENSG00000168961.16,Breast_Mammary_Tissue,18.8226
LGALS9,ENSG00000168961.16,Cells_Cultured_fibroblasts,0.7037399999999999
LGALS9,ENSG00000168961.16,Cells_EBV-transformed_lymphocytes,125.07600000000001
LGALS9,ENSG00000168961.16,Cervix_Ectocervix,10.4863
LGALS9,ENSG00000168961.16,Cervix_Endocervix,18.142
LGALS9,ENSG00000168961.16,Colon_Sigmoid,9.9401
LGALS9,ENSG00000168961.16,Colon_Transverse,82.1449
LGALS9,ENSG00000168961.16,Esophagus_Gastroesophageal_Junction,9.67517
LGALS9,ENSG00000168961.16,Esophagus_Mucosa,15.6599
LGALS9,ENSG00000168961.16,Esophagus_Muscularis,9.8105
LGALS9,ENSG00000168961.16,Fallopian_Tube,13.1972
LGALS9,ENSG00000168961.16,Heart_Atrial_Appendage,7.316089999999999
LGALS9,ENSG00000168961.16,Heart_Left_Ventricle,5.69222
LGALS9,ENSG00000168961.16,Kidney_Cortex,5.56736
LGALS9,ENSG00000168961.16,Kidney_Medulla,9.001719999999999
LGALS9,ENSG00000168961.16,Liver,3.15341
LGALS9,ENSG00000168961.16,Lung,52.8566
LGALS9,ENSG00000168961.16,Minor_Salivary_Gland,14.9522
LGALS9,ENSG00000168961.16,Muscle_Skeletal,2.11622
LGALS9,ENSG00000168961.16,Nerve_Tibial,18.2263
LGALS9,ENSG00000168961.16,Ovary,10.9172
LGALS9,ENSG00000168961.16,Pancreas,5.34169
LGALS9,ENSG00000168961.16,Pituitary,6.33131
LGALS9,ENSG00000168961.16,Prostate,13.8171
LGALS9,ENSG00000168961.16,Skin_Not_Sun_Exposed_Suprapubic,7.07835
LGALS9,ENSG00000168961.16,Skin_Sun_Exposed_Lower_leg,8.551210000000001
LGALS9,ENSG00000168961.16,Small_Intestine_Terminal_Ileum,52.2542
LGALS9,ENSG00000168961.16,Spleen,112.988
LGALS9,ENSG00000168961.16,Stomach,41.1188
LGALS9,ENSG00000168961.16,Testis,6.571110000000001
LGALS9,ENSG00000168961.16,Thyroid,12.7199
LGALS9,ENSG00000168961.16,Uterus,11.7124
LGALS9,ENSG00000168961.16,Vagina,11.960999999999999
LGALS9,ENSG00000168961.16,Whole_Blood,67.7692
SEMA3B,ENSG00000012171.19,Adipose_Subcutaneous,22.6553
SEMA3B,ENSG00000012171.19,Adipose_Visceral_Omentum,44.6474
SEMA3B,ENSG00000012171.19,Adrenal_Gland,239.43
SEMA3B,ENSG00000012171.19,Artery_Aorta,56.1903
SEMA3B,ENSG00000012171.19,Artery_Coronary,48.7599
SEMA3B,ENSG00000012171.19,Artery_Tibial,30.3832
SEMA3B,ENSG00000012171.19,Bladder,33.4827
SEMA3B,ENSG00000012171.19,Brain_Amygdala,38.6726
SEMA3B,ENSG00000012171.19,Brain_Anterior_cingulate_cortex_BA24,20.9253
SEMA3B,ENSG00000012171.19,Brain_Caudate_basal_ganglia,45.2114
SEMA3B,ENSG00000012171.19,Brain_Cerebellar_Hemisphere,17.3248
SEMA3B,ENSG00000012171.19,Brain_Cerebellum,24.4664
SEMA3B,ENSG00000012171.19,Brain_Cortex,38.9562
SEMA3B,ENSG00000012171.19,Brain_Frontal_Cortex_BA9,30.8633
SEMA3B,ENSG00000012171.19,Brain_Hippocampus,64.3979
SEMA3B,ENSG00000012171.19,Brain_Hypothalamus,36.6654
SEMA3B,ENSG00000012171.19,Brain_Nucleus_accumbens_basal_ganglia,20.6401
SEMA3B,ENSG00000012171.19,Brain_Putamen_basal_ganglia,63.3778
SEMA3B,ENSG00000012171.19,Brain_Spinal_cord_cervical_c-1,184.477
SEMA3B,ENSG00000012171.19,Brain_Substantia_nigra,75.3695
SEMA3B,ENSG00000012171.19,Breast_Mammary_Tissue,28.1923
SEMA3B,ENSG00000012171.19,Cells_Cultured_fibroblasts,8.674760000000001
SEMA3B,ENSG00000012171.19,Cells_EBV-transformed_lymphocytes,0.6242260000000001
SEMA3B,ENSG00000012171.19,Cervix_Ectocervix,98.656
SEMA3B,ENSG00000012171.19,Cervix_Endocervix,109.654
SEMA3B,ENSG00000012171.19,Colon_Sigmoid,82.9977
SEMA3B,ENSG00000012171.19,Colon_Transverse,57.8371
SEMA3B,ENSG00000012171.19,Esophagus_Gastroesophageal_Junction,76.4873
SEMA3B,ENSG00000012171.19,Esophagus_Mucosa,10.806
SEMA3B,ENSG00000012171.19,Esophagus_Muscularis,73.5081
SEMA3B,ENSG00000012171.19,Fallopian_Tube,85.2514
SEMA3B,ENSG00000012171.19,Heart_Atrial_Appendage,33.0118
SEMA3B,ENSG00000012171.19,Heart_Left_Ventricle,12.0738
SEMA3B,ENSG00000012171.19,Kidney_Cortex,69.571
SEMA3B,ENSG00000012171.19,Kidney_Medulla,50.7547
SEMA3B,ENSG00000012171.19,Liver,3.5774199999999996
SEMA3B,ENSG00000012171.19,Lung,99.6064
SEMA3B,ENSG00000012171.19,Minor_Salivary_Gland,20.8085
SEMA3B,ENSG00000012171.19,Muscle_Skeletal,3.67412
SEMA3B,ENSG00000012171.19,Nerve_Tibial,621.573
SEMA3B,ENSG00000012171.19,Ovary,55.1506
SEMA3B,ENSG00000012171.19,Pancreas,29.3298
SEMA3B,ENSG00000012171.19,Pituitary,12.9072
SEMA3B,ENSG00000012171.19,Prostate,62.1973
SEMA3B,ENSG00000012171.19,Skin_Not_Sun_Exposed_Suprapubic,10.6324
SEMA3B,ENSG00000012171.19,Skin_Sun_Exposed_Lower_leg,10.7009
SEMA3B,ENSG00000012171.19,Small_Intestine_Terminal_Ileum,81.7475
SEMA3B,ENSG00000012171.19,Spleen,7.535139999999999
SEMA3B,ENSG00000012171.19,Stomach,67.8389
SEMA3B,ENSG00000012171.19,Testis,31.0693
SEMA3B,ENSG00000012171.19,Thyroid,56.4078
SEMA3B,ENSG00000012171.19,Uterus,103.334
SEMA3B,ENSG00000012171.19,Vagina,63.9801
SEMA3B,ENSG00000012171.19,Whole_Blood,0.9229129999999999
WNT9A,ENSG00000143816.7,Adipose_Subcutaneous,2.7709099999999998
WNT9A,ENSG00000143816.7,Adipose_Visceral_Omentum,4.53955
WNT9A,ENSG00000143816.7,Adrenal_Gland,1.86989
WNT9A,ENSG00000143816.7,Artery_Aorta,2.3324
WNT9A,ENSG00000143816.7,Artery_Coronary,1.88937
WNT9A,ENSG00000143816.7,Artery_Tibial,1.53351
WNT9A,ENSG00000143816.7,Bladder,8.13332
WNT9A,ENSG00000143816.7,Brain_Amygdala,0.6109060000000001
WNT9A,ENSG00000143816.7,Brain_Anterior_cingulate_cortex_BA24,0.996108
WNT9A,ENSG00000143816.7,Brain_Caudate_basal_ganglia,0.224005
WNT9A,ENSG00000143816.7,Brain_Cerebellar_Hemisphere,2.73806
WNT9A,ENSG00000143816.7,Brain_Cerebellum,3.14396
WNT9A,ENSG00000143816.7,Brain_Cortex,0.939801
WNT9A,ENSG00000143816.7,Brain_Frontal_Cortex_BA9,1.02061
WNT9A,ENSG00000143816.7,Brain_Hippocampus,0.597295
WNT9A,ENSG00000143816.7,Brain_Hypothalamus,1.09664
WNT9A,ENSG00000143816.7,Brain_Nucleus_accumbens_basal_ganglia,0.13462000000000002
WNT9A,ENSG00000143816.7,Brain_Putamen_basal_ganglia,0.162276
WNT9A,ENSG00000143816.7,Brain_Spinal_cord_cervical_c-1,0.733484
WNT9A,ENSG00000143816.7,Brain_Substantia_nigra,0.6085520000000001
WNT9A,ENSG00000143816.7,Breast_Mammary_Tissue,4.870480000000001
WNT9A,ENSG00000143816.7,Cells_Cultured_fibroblasts,0.574706
WNT9A,ENSG00000143816.7,Cells_EBV-transformed_lymphocytes,0.0686802
WNT9A,ENSG00000143816.7,Cervix_Ectocervix,7.734839999999999
WNT9A,ENSG00000143816.7,Cervix_Endocervix,7.3292
WNT9A,ENSG00000143816.7,Colon_Sigmoid,31.6071
WNT9A,ENSG00000143816.7,Colon_Transverse,9.71747
WNT9A,ENSG00000143816.7,Esophagus_Gastroesophageal_Junction,16.1359
WNT9A,ENSG00000143816.7,Esophagus_Mucosa,7.61448
WNT9A,ENSG00000143816.7,Esophagus_Muscularis,19.3282
WNT9A,ENSG00000143816.7,Fallopian_Tube,13.7895
WNT9A,ENSG00000143816.7,Heart_Atrial_Appendage,1.54473
WNT9A,ENSG00000143816.7,Heart_Left_Ventricle,2.02165
WNT9A,ENSG00000143816.7,Kidney_Cortex,0.751559
WNT9A,ENSG00000143816.7,Kidney_Medulla,0.557417
WNT9A,ENSG00000143816.7,Liver,0.148069
WNT9A,ENSG00000143816.7,Lung,8.65206
WNT9A,ENSG00000143816.7,Minor_Salivary_Gland,4.03503
WNT9A,ENSG00000143816.7,Muscle_Skeletal,17.4627
WNT9A,ENSG00000143816.7,Nerve_Tibial,13.4482
WNT9A,ENSG00000143816.7,Ovary,19.9367
WNT9A,ENSG00000143816.7,Pancreas,1.94166
WNT9A,ENSG00000143816.7,Pituitary,5.698119999999999
WNT9A,ENSG00000143816.7,Prostate,4.51894
WNT9A,ENSG00000143816.7,Skin_Not_Sun_Exposed_Suprapubic,1.88579
WNT9A,ENSG00000143816.7,Skin_Sun_Exposed_Lower_leg,2.01706
WNT9A,ENSG00000143816.7,Small_Intestine_Terminal_Ileum,4.710369999999999
WNT9A,ENSG00000143816.7,Spleen,1.8634
WNT9A,ENSG00000143816.7,Stomach,3.53585
WNT9A,ENSG00000143816.7,Testis,3.7964800000000003
WNT9A,ENSG00000143816.7,Thyroid,4.91826
WNT9A,ENSG00000143816.7,Uterus,15.7221
WNT9A,ENSG00000143816.7,Vagina,7.3918800000000005
WNT9A,ENSG00000143816.7,Whole_Blood,0.0353435
GRN,ENSG00000030582.17,Adipose_Subcutaneous,189.899
GRN,ENSG00000030582.17,Adipose_Visceral_Omentum,160.33
GRN,ENSG00000030582.17,Adrenal_Gland,116.125
GRN,ENSG00000030582.17,Artery_Aorta,188.922
GRN,ENSG00000030582.17,Artery_Coronary,166.645
GRN,ENSG00000030582.17,Artery_Tibial,130.458
GRN,ENSG00000030582.17,Bladder,144.346
GRN,ENSG00000030582.17,Brain_Amygdala,17.984
GRN,ENSG00000030582.17,Brain_Anterior_cingulate_cortex_BA24,17.9164
GRN,ENSG00000030582.17,Brain_Caudate_basal_ganglia,20.6402
GRN,ENSG00000030582.17,Brain_Cerebellar_Hemisphere,28.1351
GRN,ENSG00000030582.17,Brain_Cerebellum,29.8619
GRN,ENSG00000030582.17,Brain_Cortex,23.3786
GRN,ENSG00000030582.17,Brain_Frontal_Cortex_BA9,24.7505
GRN,ENSG00000030582.17,Brain_Hippocampus,18.3096
GRN,ENSG00000030582.17,Brain_Hypothalamus,29.7425
GRN,ENSG00000030582.17,Brain_Nucleus_accumbens_basal_ganglia,21.8683
GRN,ENSG00000030582.17,Brain_Putamen_basal_ganglia,20.2806
GRN,ENSG00000030582.17,Brain_Spinal_cord_cervical_c-1,47.8883
GRN,ENSG00000030582.17,Brain_Substantia_nigra,25.6475
GRN,ENSG00000030582.17,Breast_Mammary_Tissue,146.16899999999998
GRN,ENSG00000030582.17,Cells_Cultured_fibroblasts,292.526
GRN,ENSG00000030582.17,Cells_EBV-transformed_lymphocytes,218.548
GRN,ENSG00000030582.17,Cervix_Ectocervix,128.091
GRN,ENSG00000030582.17,Cervix_Endocervix,155.207
GRN,ENSG00000030582.17,Colon_Sigmoid,129.379
GRN,ENSG00000030582.17,Colon_Transverse,178.512
GRN,ENSG00000030582.17,Esophagus_Gastroesophageal_Junction,115.544
GRN,ENSG00000030582.17,Esophagus_Mucosa,503.843
GRN,ENSG00000030582.17,Esophagus_Muscularis,111.522
GRN,ENSG00000030582.17,Fallopian_Tube,119.64200000000001
GRN,ENSG00000030582.17,Heart_Atrial_Appendage,84.97200000000001
GRN,ENSG00000030582.17,Heart_Left_Ventricle,55.9925
GRN,ENSG00000030582.17,Kidney_Cortex,85.5273
GRN,ENSG00000030582.17,Kidney_Medulla,105.751
GRN,ENSG00000030582.17,Liver,40.1041
GRN,ENSG00000030582.17,Lung,354.749
GRN,ENSG00000030582.17,Minor_Salivary_Gland,253.003
GRN,ENSG00000030582.17,Muscle_Skeletal,31.8044
GRN,ENSG00000030582.17,Nerve_Tibial,140.235
GRN,ENSG00000030582.17,Ovary,103.088
GRN,ENSG00000030582.17,Pancreas,39.4858
GRN,ENSG00000030582.17,Pituitary,99.4312
GRN,ENSG00000030582.17,Prostate,131.904
GRN,ENSG00000030582.17,Skin_Not_Sun_Exposed_Suprapubic,195.838
GRN,ENSG00000030582.17,Skin_Sun_Exposed_Lower_leg,213.767
GRN,ENSG00000030582.17,Small_Intestine_Terminal_Ileum,193.563
GRN,ENSG00000030582.17,Spleen,384.35900000000004
GRN,ENSG00000030582.17,Stomach,103.316
GRN,ENSG00000030582.17,Testis,83.7199
GRN,ENSG00000030582.17,Thyroid,189.90400000000002
GRN,ENSG00000030582.17,Uterus,146.18
GRN,ENSG00000030582.17,Vagina,250.593
GRN,ENSG00000030582.17,Whole_Blood,300.905
CCL5,ENSG00000271503.5,Adipose_Subcutaneous,8.21239
CCL5,ENSG00000271503.5,Adipose_Visceral_Omentum,16.6876
CCL5,ENSG00000271503.5,Adrenal_Gland,3.59959
CCL5,ENSG00000271503.5,Artery_Aorta,10.5669
CCL5,ENSG00000271503.5,Artery_Coronary,9.41031
CCL5,ENSG00000271503.5,Artery_Tibial,2.7572
CCL5,ENSG00000271503.5,Bladder,6.5258199999999995
CCL5,ENSG00000271503.5,Brain_Amygdala,1.04021
CCL5,ENSG00000271503.5,Brain_Anterior_cingulate_cortex_BA24,0.617645
CCL5,ENSG00000271503.5,Brain_Caudate_basal_ganglia,0.941315
CCL5,ENSG00000271503.5,Brain_Cerebellar_Hemisphere,0.570297
CCL5,ENSG00000271503.5,Brain_Cerebellum,0.5625060000000001
CCL5,ENSG00000271503.5,Brain_Cortex,0.624413
CCL5,ENSG00000271503.5,Brain_Frontal_Cortex_BA9,0.536121
CCL5,ENSG00000271503.5,Brain_Hippocampus,1.1702700000000001
CCL5,ENSG00000271503.5,Brain_Hypothalamus,1.84526
CCL5,ENSG00000271503.5,Brain_Nucleus_accumbens_basal_ganglia,0.753786
CCL5,ENSG00000271503.5,Brain_Putamen_basal_ganglia,1.03564
CCL5,ENSG00000271503.5,Brain_Spinal_cord_cervical_c-1,8.31306
CCL5,ENSG00000271503.5,Brain_Substantia_nigra,2.25769
CCL5,ENSG00000271503.5,Breast_Mammary_Tissue,7.48503
CCL5,ENSG00000271503.5,Cells_Cultured_fibroblasts,0.102756
CCL5,ENSG00000271503.5,Cells_EBV-transformed_lymphocytes,56.9949
CCL5,ENSG00000271503.5,Cervix_Ectocervix,8.1852
CCL5,ENSG00000271503.5,Cervix_Endocervix,13.1582
CCL5,ENSG00000271503.5,Colon_Sigmoid,2.80321
CCL5,ENSG00000271503.5,Colon_Transverse,12.5155
CCL5,ENSG00000271503.5,Esophagus_Gastroesophageal_Junction,3.5847
CCL5,ENSG00000271503.5,Esophagus_Mucosa,5.9488199999999996
CCL5,ENSG00000271503.5,Esophagus_Muscularis,4.07215
CCL5,ENSG00000271503.5,Fallopian_Tube,15.2917
CCL5,ENSG00000271503.5,Heart_Atrial_Appendage,2.925
CCL5,ENSG00000271503.5,Heart_Left_Ventricle,1.03151
CCL5,ENSG00000271503.5,Kidney_Cortex,3.89756
CCL5,ENSG00000271503.5,Kidney_Medulla,3.1522799999999997
CCL5,ENSG00000271503.5,Liver,7.1573199999999995
CCL5,ENSG00000271503.5,Lung,48.7983
CCL5,ENSG00000271503.5,Minor_Salivary_Gland,8.156360000000001
CCL5,ENSG00000271503.5,Muscle_Skeletal,0.691246
CCL5,ENSG00000271503.5,Nerve_Tibial,6.34499
CCL5,ENSG00000271503.5,Ovary,2.59629
CCL5,ENSG00000271503.5,Pancreas,1.57375
CCL5,ENSG00000271503.5,Pituitary,4.6294
CCL5,ENSG00000271503.5,Prostate,12.4367
CCL5,ENSG00000271503.5,Skin_Not_Sun_Exposed_Suprapubic,2.20756
CCL5,ENSG00000271503.5,Skin_Sun_Exposed_Lower_leg,2.1598599999999997
CCL5,ENSG00000271503.5,Small_Intestine_Terminal_Ileum,48.4633
CCL5,ENSG00000271503.5,Spleen,135.836
CCL5,ENSG00000271503.5,Stomach,13.2519
CCL5,ENSG00000271503.5,Testis,1.17682
CCL5,ENSG00000271503.5,Thyroid,13.2826
CCL5,ENSG00000271503.5,Uterus,8.684989999999999
CCL5,ENSG00000271503.5,Vagina,11.7961
CCL5,ENSG00000271503.5,Whole_Blood,221.113
GZMA,ENSG00000145649.7,Adipose_Subcutaneous,4.36249
GZMA,ENSG00000145649.7,Adipose_Visceral_Omentum,5.6087
GZMA,ENSG00000145649.7,Adrenal_Gland,1.18572
GZMA,ENSG00000145649.7,Artery_Aorta,3.6534800000000005
GZMA,ENSG00000145649.7,Artery_Coronary,3.6741300000000003
GZMA,ENSG00000145649.7,Artery_Tibial,0.9713309999999999
GZMA,ENSG00000145649.7,Bladder,2.87419
GZMA,ENSG00000145649.7,Brain_Amygdala,0.374305
GZMA,ENSG00000145649.7,Brain_Anterior_cingulate_cortex_BA24,0.218763
GZMA,ENSG00000145649.7,Brain_Caudate_basal_ganglia,0.343564
GZMA,ENSG00000145649.7,Brain_Cerebellar_Hemisphere,0.17835
GZMA,ENSG00000145649.7,Brain_Cerebellum,0.184845
GZMA,ENSG00000145649.7,Brain_Cortex,0.214729
GZMA,ENSG00000145649.7,Brain_Frontal_Cortex_BA9,0.251542
GZMA,ENSG00000145649.7,Brain_Hippocampus,0.403516
GZMA,ENSG00000145649.7,Brain_Hypothalamus,0.534036
GZMA,ENSG00000145649.7,Brain_Nucleus_accumbens_basal_ganglia,0.26304
GZMA,ENSG00000145649.7,Brain_Putamen_basal_ganglia,0.386746
GZMA,ENSG00000145649.7,Brain_Spinal_cord_cervical_c-1,1.8404
GZMA,ENSG00000145649.7,Brain_Substantia_nigra,0.672305
GZMA,ENSG00000145649.7,Breast_Mammary_Tissue,2.9714099999999997
GZMA,ENSG00000145649.7,Cells_Cultured_fibroblasts,0.0
GZMA,ENSG00000145649.7,Cells_EBV-transformed_lymphocytes,0.20667600000000003
GZMA,ENSG00000145649.7,Cervix_Ectocervix,5.54373
GZMA,ENSG00000145649.7,Cervix_Endocervix,7.0719
GZMA,ENSG00000145649.7,Colon_Sigmoid,1.0054
GZMA,ENSG00000145649.7,Colon_Transverse,4.43736
GZMA,ENSG00000145649.7,Esophagus_Gastroesophageal_Junction,1.11837
GZMA,ENSG00000145649.7,Esophagus_Mucosa,2.52175
GZMA,ENSG00000145649.7,Esophagus_Muscularis,1.19589
GZMA,ENSG00000145649.7,Fallopian_Tube,4.67288
GZMA,ENSG00000145649.7,Heart_Atrial_Appendage,0.975893
GZMA,ENSG00000145649.7,Heart_Left_Ventricle,0.418
GZMA,ENSG00000145649.7,Kidney_Cortex,1.05759
GZMA,ENSG00000145649.7,Kidney_Medulla,1.35483
GZMA,ENSG00000145649.7,Liver,2.90897
GZMA,ENSG00000145649.7,Lung,15.638
GZMA,ENSG00000145649.7,Minor_Salivary_Gland,2.5659799999999997
GZMA,ENSG00000145649.7,Muscle_Skeletal,0.311109
GZMA,ENSG00000145649.7,Nerve_Tibial,2.88159
GZMA,ENSG00000145649.7,Ovary,1.02315
GZMA,ENSG00000145649.7,Pancreas,0.500384
GZMA,ENSG00000145649.7,Pituitary,1.3639
GZMA,ENSG00000145649.7,Prostate,2.87451
GZMA,ENSG00000145649.7,Skin_Not_Sun_Exposed_Suprapubic,0.667168
GZMA,ENSG00000145649.7,Skin_Sun_Exposed_Lower_leg,0.807236
GZMA,ENSG00000145649.7,Small_Intestine_Terminal_Ileum,12.8424
GZMA,ENSG00000145649.7,Spleen,67.3196
GZMA,ENSG00000145649.7,Stomach,3.3831900000000004
GZMA,ENSG00000145649.7,Testis,1.4161700000000002
GZMA,ENSG00000145649.7,Thyroid,3.49404
GZMA,ENSG00000145649.7,Uterus,3.3543199999999995
GZMA,ENSG00000145649.7,Vagina,3.8633599999999997
GZMA,ENSG00000145649.7,Whole_Blood,40.2677
CCL4,ENSG00000275302.1,Adipose_Subcutaneous,4.02781
CCL4,ENSG00000275302.1,Adipose_Visceral_Omentum,17.0617
CCL4,ENSG00000275302.1,Adrenal_Gland,3.96885
CCL4,ENSG00000275302.1,Artery_Aorta,8.88942
CCL4,ENSG00000275302.1,Artery_Coronary,7.98572
CCL4,ENSG00000275302.1,Artery_Tibial,1.71038
CCL4,ENSG00000275302.1,Bladder,6.99335
CCL4,ENSG00000275302.1,Brain_Amygdala,0.680824
CCL4,ENSG00000275302.1,Brain_Anterior_cingulate_cortex_BA24,0.503625
CCL4,ENSG00000275302.1,Brain_Caudate_basal_ganglia,0.689449
CCL4,ENSG00000275302.1,Brain_Cerebellar_Hemisphere,0.33476500000000003
CCL4,ENSG00000275302.1,Brain_Cerebellum,0.32423
CCL4,ENSG00000275302.1,Brain_Cortex,0.611176
CCL4,ENSG00000275302.1,Brain_Frontal_Cortex_BA9,0.5243979999999999
CCL4,ENSG00000275302.1,Brain_Hippocampus,0.9349459999999999
CCL4,ENSG00000275302.1,Brain_Hypothalamus,0.771099
CCL4,ENSG00000275302.1,Brain_Nucleus_accumbens_basal_ganglia,0.5585399999999999
CCL4,ENSG00000275302.1,Brain_Putamen_basal_ganglia,0.599542
CCL4,ENSG00000275302.1,Brain_Spinal_cord_cervical_c-1,4.11634
CCL4,ENSG00000275302.1,Brain_Substantia_nigra,1.23117
CCL4,ENSG00000275302.1,Breast_Mammary_Tissue,4.60077
CCL4,ENSG00000275302.1,Cells_Cultured_fibroblasts,0.0
CCL4,ENSG00000275302.1,Cells_EBV-transformed_lymphocytes,199.898
CCL4,ENSG00000275302.1,Cervix_Ectocervix,4.9285
CCL4,ENSG00000275302.1,Cervix_Endocervix,9.03955
CCL4,ENSG00000275302.1,Colon_Sigmoid,1.81505
CCL4,ENSG00000275302.1,Colon_Transverse,3.8583300000000005
CCL4,ENSG00000275302.1,Esophagus_Gastroesophageal_Junction,2.0948700000000002
CCL4,ENSG00000275302.1,Esophagus_Mucosa,2.29062
CCL4,ENSG00000275302.1,Esophagus_Muscularis,2.28456
CCL4,ENSG00000275302.1,Fallopian_Tube,11.4463
CCL4,ENSG00000275302.1,Heart_Atrial_Appendage,2.26874
CCL4,ENSG00000275302.1,Heart_Left_Ventricle,0.597553
CCL4,ENSG00000275302.1,Kidney_Cortex,2.4763900000000003
CCL4,ENSG00000275302.1,Kidney_Medulla,4.173
CCL4,ENSG00000275302.1,Liver,5.44638
CCL4,ENSG00000275302.1,Lung,30.7683
CCL4,ENSG00000275302.1,Minor_Salivary_Gland,4.95349
CCL4,ENSG00000275302.1,Muscle_Skeletal,0.39556399999999997
CCL4,ENSG00000275302.1,Nerve_Tibial,4.98693
CCL4,ENSG00000275302.1,Ovary,2.20605
CCL4,ENSG00000275302.1,Pancreas,0.978852
CCL4,ENSG00000275302.1,Pituitary,2.46583
CCL4,ENSG00000275302.1,Prostate,6.2682
CCL4,ENSG00000275302.1,Skin_Not_Sun_Exposed_Suprapubic,0.9580209999999999
CCL4,ENSG00000275302.1,Skin_Sun_Exposed_Lower_leg,0.856857
CCL4,ENSG00000275302.1,Small_Intestine_Terminal_Ileum,12.7415
CCL4,ENSG00000275302.1,Spleen,86.6688
CCL4,ENSG00000275302.1,Stomach,5.75241
CCL4,ENSG00000275302.1,Testis,4.92324
CCL4,ENSG00000275302.1,Thyroid,6.36241
CCL4,ENSG00000275302.1,Uterus,4.59281
CCL4,ENSG00000275302.1,Vagina,6.562410000000001
CCL4,ENSG00000275302.1,Whole_Blood,55.3964
BMP4,ENSG00000125378.15,Adipose_Subcutaneous,12.7901
BMP4,ENSG00000125378.15,Adipose_Visceral_Omentum,11.6866
BMP4,ENSG00000125378.15,Adrenal_Gland,9.38032
BMP4,ENSG00000125378.15,Artery_Aorta,16.1224
BMP4,ENSG00000125378.15,Artery_Coronary,16.0633
BMP4,ENSG00000125378.15,Artery_Tibial,14.5459
BMP4,ENSG00000125378.15,Bladder,23.4124
BMP4,ENSG00000125378.15,Brain_Amygdala,0.392881
BMP4,ENSG00000125378.15,Brain_Anterior_cingulate_cortex_BA24,0.620983
BMP4,ENSG00000125378.15,Brain_Caudate_basal_ganglia,0.49135
BMP4,ENSG00000125378.15,Brain_Cerebellar_Hemisphere,6.69568
BMP4,ENSG00000125378.15,Brain_Cerebellum,6.24364
BMP4,ENSG00000125378.15,Brain_Cortex,1.84555
BMP4,ENSG00000125378.15,Brain_Frontal_Cortex_BA9,2.03286
BMP4,ENSG00000125378.15,Brain_Hippocampus,0.660098
BMP4,ENSG00000125378.15,Brain_Hypothalamus,0.7030029999999999
BMP4,ENSG00000125378.15,Brain_Nucleus_accumbens_basal_ganglia,0.47813
BMP4,ENSG00000125378.15,Brain_Putamen_basal_ganglia,0.395388
BMP4,ENSG00000125378.15,Brain_Spinal_cord_cervical_c-1,0.9543010000000001
BMP4,ENSG00000125378.15,Brain_Substantia_nigra,0.575108
BMP4,ENSG00000125378.15,Breast_Mammary_Tissue,13.3444
BMP4,ENSG00000125378.15,Cells_Cultured_fibroblasts,0.484572
BMP4,ENSG00000125378.15,Cells_EBV-transformed_lymphocytes,0.173318
BMP4,ENSG00000125378.15,Cervix_Ectocervix,18.3572
BMP4,ENSG00000125378.15,Cervix_Endocervix,18.6932
BMP4,ENSG00000125378.15,Colon_Sigmoid,14.6644
BMP4,ENSG00000125378.15,Colon_Transverse,14.9016
BMP4,ENSG00000125378.15,Esophagus_Gastroesophageal_Junction,18.8174
BMP4,ENSG00000125378.15,Esophagus_Mucosa,5.60131
BMP4,ENSG00000125378.15,Esophagus_Muscularis,12.1085
BMP4,ENSG00000125378.15,Fallopian_Tube,15.6289
BMP4,ENSG00000125378.15,Heart_Atrial_Appendage,6.48653
BMP4,ENSG00000125378.15,Heart_Left_Ventricle,3.7276800000000003
BMP4,ENSG00000125378.15,Kidney_Cortex,3.13778
BMP4,ENSG00000125378.15,Kidney_Medulla,5.820790000000001
BMP4,ENSG00000125378.15,Liver,1.3658299999999999
BMP4,ENSG00000125378.15,Lung,9.97997
BMP4,ENSG00000125378.15,Minor_Salivary_Gland,8.86868
BMP4,ENSG00000125378.15,Muscle_Skeletal,3.22155
BMP4,ENSG00000125378.15,Nerve_Tibial,9.811739999999999
BMP4,ENSG00000125378.15,Ovary,16.6281
BMP4,ENSG00000125378.15,Pancreas,1.1308200000000002
BMP4,ENSG00000125378.15,Pituitary,2.43876
BMP4,ENSG00000125378.15,Prostate,21.9714
BMP4,ENSG00000125378.15,Skin_Not_Sun_Exposed_Suprapubic,12.6735
BMP4,ENSG00000125378.15,Skin_Sun_Exposed_Lower_leg,14.6124
BMP4,ENSG00000125378.15,Small_Intestine_Terminal_Ileum,15.2657
BMP4,ENSG00000125378.15,Spleen,3.45506
BMP4,ENSG00000125378.15,Stomach,13.0
BMP4,ENSG00000125378.15,Testis,2.57863
BMP4,ENSG00000125378.15,Thyroid,10.235
BMP4,ENSG00000125378.15,Uterus,10.9607
BMP4,ENSG00000125378.15,Vagina,25.8978
BMP4,ENSG00000125378.15,Whole_Blood,0.0426686
TNFSF12,ENSG00000239697.10,Adipose_Subcutaneous,94.2897
TNFSF12,ENSG00000239697.10,Adipose_Visceral_Omentum,72.5422
TNFSF12,ENSG00000239697.10,Adrenal_Gland,39.4418
TNFSF12,ENSG00000239697.10,Artery_Aorta,173.141
TNFSF12,ENSG00000239697.10,Artery_Coronary,152.204
TNFSF12,ENSG00000239697.10,Artery_Tibial,157.203
TNFSF12,ENSG00000239697.10,Bladder,99.4679
TNFSF12,ENSG00000239697.10,Brain_Amygdala,42.2885
TNFSF12,ENSG00000239697.10,Brain_Anterior_cingulate_cortex_BA24,51.1053
TNFSF12,ENSG00000239697.10,Brain_Caudate_basal_ganglia,35.6925
TNFSF12,ENSG00000239697.10,Brain_Cerebellar_Hemisphere,63.403
TNFSF12,ENSG00000239697.10,Brain_Cerebellum,60.0123
TNFSF12,ENSG00000239697.10,Brain_Cortex,52.5599
TNFSF12,ENSG00000239697.10,Brain_Frontal_Cortex_BA9,56.6973
TNFSF12,ENSG00000239697.10,Brain_Hippocampus,31.2612
TNFSF12,ENSG00000239697.10,Brain_Hypothalamus,31.4291
TNFSF12,ENSG00000239697.10,Brain_Nucleus_accumbens_basal_ganglia,37.222
TNFSF12,ENSG00000239697.10,Brain_Putamen_basal_ganglia,30.3298
TNFSF12,ENSG00000239697.10,Brain_Spinal_cord_cervical_c-1,27.0095
TNFSF12,ENSG00000239697.10,Brain_Substantia_nigra,31.0027
TNFSF12,ENSG00000239697.10,Breast_Mammary_Tissue,73.7629
TNFSF12,ENSG00000239697.10,Cells_Cultured_fibroblasts,31.997
TNFSF12,ENSG00000239697.10,Cells_EBV-transformed_lymphocytes,14.0279
TNFSF12,ENSG00000239697.10,Cervix_Ectocervix,99.8782
TNFSF12,ENSG00000239697.10,Cervix_Endocervix,95.6853
TNFSF12,ENSG00000239697.10,Colon_Sigmoid,134.789
TNFSF12,ENSG00000239697.10,Colon_Transverse,52.4481
TNFSF12,ENSG00000239697.10,Esophagus_Gastroesophageal_Junction,138.138
TNFSF12,ENSG00000239697.10,Esophagus_Mucosa,19.2412
TNFSF12,ENSG00000239697.10,Esophagus_Muscularis,139.111
TNFSF12,ENSG00000239697.10,Fallopian_Tube,102.421
TNFSF12,ENSG00000239697.10,Heart_Atrial_Appendage,36.4719
TNFSF12,ENSG00000239697.10,Heart_Left_Ventricle,21.5386
TNFSF12,ENSG00000239697.10,Kidney_Cortex,30.684
TNFSF12,ENSG00000239697.10,Kidney_Medulla,29.2825
TNFSF12,ENSG00000239697.10,Liver,11.6694
TNFSF12,ENSG00000239697.10,Lung,88.1064
TNFSF12,ENSG00000239697.10,Minor_Salivary_Gland,31.1115
TNFSF12,ENSG00000239697.10,Muscle_Skeletal,12.1885
TNFSF12,ENSG00000239697.10,Nerve_Tibial,109.20200000000001
TNFSF12,ENSG00000239697.10,Ovary,93.3647
TNFSF12,ENSG00000239697.10,Pancreas,16.2521
TNFSF12,ENSG00000239697.10,Pituitary,29.5908
TNFSF12,ENSG00000239697.10,Prostate,72.8764
TNFSF12,ENSG00000239697.10,Skin_Not_Sun_Exposed_Suprapubic,25.5903
TNFSF12,ENSG00000239697.10,Skin_Sun_Exposed_Lower_leg,33.1944
TNFSF12,ENSG00000239697.10,Small_Intestine_Terminal_Ileum,47.1323
TNFSF12,ENSG00000239697.10,Spleen,72.7248
TNFSF12,ENSG00000239697.10,Stomach,32.2978
TNFSF12,ENSG00000239697.10,Testis,12.5914
TNFSF12,ENSG00000239697.10,Thyroid,54.5057
TNFSF12,ENSG00000239697.10,Uterus,101.63799999999999
TNFSF12,ENSG00000239697.10,Vagina,60.0714
TNFSF12,ENSG00000239697.10,Whole_Blood,26.4857
MDK,ENSG00000110492.15,Adipose_Subcutaneous,24.0583
MDK,ENSG00000110492.15,Adipose_Visceral_Omentum,20.2521
MDK,ENSG00000110492.15,Adrenal_Gland,47.2146
MDK,ENSG00000110492.15,Artery_Aorta,10.7193
MDK,ENSG00000110492.15,Artery_Coronary,15.9755
MDK,ENSG00000110492.15,Artery_Tibial,8.62068
MDK,ENSG00000110492.15,Bladder,30.1293
MDK,ENSG00000110492.15,Brain_Amygdala,7.44232
MDK,ENSG00000110492.15,Brain_Anterior_cingulate_cortex_BA24,8.533560000000001
MDK,ENSG00000110492.15,Brain_Caudate_basal_ganglia,5.6860800000000005
MDK,ENSG00000110492.15,Brain_Cerebellar_Hemisphere,12.039000000000001
MDK,ENSG00000110492.15,Brain_Cerebellum,20.3117
MDK,ENSG00000110492.15,Brain_Cortex,8.79438
MDK,ENSG00000110492.15,Brain_Frontal_Cortex_BA9,7.73937
MDK,ENSG00000110492.15,Brain_Hippocampus,5.56625
MDK,ENSG00000110492.15,Brain_Hypothalamus,13.6286
MDK,ENSG00000110492.15,Brain_Nucleus_accumbens_basal_ganglia,10.1968
MDK,ENSG00000110492.15,Brain_Putamen_basal_ganglia,5.57935
MDK,ENSG00000110492.15,Brain_Spinal_cord_cervical_c-1,8.77922
MDK,ENSG00000110492.15,Brain_Substantia_nigra,9.07863
MDK,ENSG00000110492.15,Breast_Mammary_Tissue,47.8949
MDK,ENSG00000110492.15,Cells_Cultured_fibroblasts,19.8701
MDK,ENSG00000110492.15,Cells_EBV-transformed_lymphocytes,3.7517300000000002
MDK,ENSG00000110492.15,Cervix_Ectocervix,321.08799999999997
MDK,ENSG00000110492.15,Cervix_Endocervix,345.43
MDK,ENSG00000110492.15,Colon_Sigmoid,25.7164
MDK,ENSG00000110492.15,Colon_Transverse,32.4268
MDK,ENSG00000110492.15,Esophagus_Gastroesophageal_Junction,12.2908
MDK,ENSG00000110492.15,Esophagus_Mucosa,18.137
MDK,ENSG00000110492.15,Esophagus_Muscularis,11.0415
MDK,ENSG00000110492.15,Fallopian_Tube,147.746
MDK,ENSG00000110492.15,Heart_Atrial_Appendage,10.1845
MDK,ENSG00000110492.15,Heart_Left_Ventricle,2.65604
MDK,ENSG00000110492.15,Kidney_Cortex,6.28383
MDK,ENSG00000110492.15,Kidney_Medulla,15.2751
MDK,ENSG00000110492.15,Liver,1.80633
MDK,ENSG00000110492.15,Lung,30.1302
MDK,ENSG00000110492.15,Minor_Salivary_Gland,73.0428
MDK,ENSG00000110492.15,Muscle_Skeletal,1.85838
MDK,ENSG00000110492.15,Nerve_Tibial,114.24
MDK,ENSG00000110492.15,Ovary,399.49800000000005
MDK,ENSG00000110492.15,Pancreas,5.87792
MDK,ENSG00000110492.15,Pituitary,223.19099999999997
MDK,ENSG00000110492.15,Prostate,87.9144
MDK,ENSG00000110492.15,Skin_Not_Sun_Exposed_Suprapubic,10.2703
MDK,ENSG00000110492.15,Skin_Sun_Exposed_Lower_leg,13.5647
MDK,ENSG00000110492.15,Small_Intestine_Terminal_Ileum,48.9653
MDK,ENSG00000110492.15,Spleen,25.1307
MDK,ENSG00000110492.15,Stomach,18.3027
MDK,ENSG00000110492.15,Testis,16.9054
MDK,ENSG00000110492.15,Thyroid,19.3921
MDK,ENSG00000110492.15,Uterus,145.375
MDK,ENSG00000110492.15,Vagina,64.3092
MDK,ENSG00000110492.15,Whole_Blood,1.02203
TGFB2,ENSG00000092969.11,Adipose_Subcutaneous,2.3972700000000002
TGFB2,ENSG00000092969.11,Adipose_Visceral_Omentum,2.56023
TGFB2,ENSG00000092969.11,Adrenal_Gland,0.850419
TGFB2,ENSG00000092969.11,Artery_Aorta,7.73681
TGFB2,ENSG00000092969.11,Artery_Coronary,7.6191699999999996
TGFB2,ENSG00000092969.11,Artery_Tibial,7.400339999999999
TGFB2,ENSG00000092969.11,Bladder,4.3845
TGFB2,ENSG00000092969.11,Brain_Amygdala,4.437869999999999
TGFB2,ENSG00000092969.11,Brain_Anterior_cingulate_cortex_BA24,5.47199
TGFB2,ENSG00000092969.11,Brain_Caudate_basal_ganglia,5.109430000000001
TGFB2,ENSG00000092969.11,Brain_Cerebellar_Hemisphere,1.28582
TGFB2,ENSG00000092969.11,Brain_Cerebellum,2.54144
TGFB2,ENSG00000092969.11,Brain_Cortex,6.11129
TGFB2,ENSG00000092969.11,Brain_Frontal_Cortex_BA9,6.50087
TGFB2,ENSG00000092969.11,Brain_Hippocampus,3.2754
TGFB2,ENSG00000092969.11,Brain_Hypothalamus,2.4456700000000002
TGFB2,ENSG00000092969.11,Brain_Nucleus_accumbens_basal_ganglia,4.19539
TGFB2,ENSG00000092969.11,Brain_Putamen_basal_ganglia,3.44847
TGFB2,ENSG00000092969.11,Brain_Spinal_cord_cervical_c-1,2.1848799999999997
TGFB2,ENSG00000092969.11,Brain_Substantia_nigra,1.9382700000000002
TGFB2,ENSG00000092969.11,Breast_Mammary_Tissue,4.39012
TGFB2,ENSG00000092969.11,Cells_Cultured_fibroblasts,1.91383
TGFB2,ENSG00000092969.11,Cells_EBV-transformed_lymphocytes,0.08255
TGFB2,ENSG00000092969.11,Cervix_Ectocervix,14.9228
TGFB2,ENSG00000092969.11,Cervix_Endocervix,12.2566
TGFB2,ENSG00000092969.11,Colon_Sigmoid,4.97812
TGFB2,ENSG00000092969.11,Colon_Transverse,1.60439
TGFB2,ENSG00000092969.11,Esophagus_Gastroesophageal_Junction,2.7707900000000003
TGFB2,ENSG00000092969.11,Esophagus_Mucosa,0.770265
TGFB2,ENSG00000092969.11,Esophagus_Muscularis,3.17813
TGFB2,ENSG00000092969.11,Fallopian_Tube,5.84434
TGFB2,ENSG00000092969.11,Heart_Atrial_Appendage,1.9111599999999997
TGFB2,ENSG00000092969.11,Heart_Left_Ventricle,0.735503
TGFB2,ENSG00000092969.11,Kidney_Cortex,0.724132
TGFB2,ENSG00000092969.11,Kidney_Medulla,1.68272
TGFB2,ENSG00000092969.11,Liver,0.198487
TGFB2,ENSG00000092969.11,Lung,7.720960000000001
TGFB2,ENSG00000092969.11,Minor_Salivary_Gland,15.0134
TGFB2,ENSG00000092969.11,Muscle_Skeletal,2.1810400000000003
TGFB2,ENSG00000092969.11,Nerve_Tibial,5.22052
TGFB2,ENSG00000092969.11,Ovary,7.423760000000001
TGFB2,ENSG00000092969.11,Pancreas,1.0684200000000001
TGFB2,ENSG00000092969.11,Pituitary,2.36266
TGFB2,ENSG00000092969.11,Prostate,10.2184
TGFB2,ENSG00000092969.11,Skin_Not_Sun_Exposed_Suprapubic,2.02955
TGFB2,ENSG00000092969.11,Skin_Sun_Exposed_Lower_leg,2.6518
TGFB2,ENSG00000092969.11,Small_Intestine_Terminal_Ileum,0.723206
TGFB2,ENSG00000092969.11,Spleen,1.2575100000000001
TGFB2,ENSG00000092969.11,Stomach,1.58176
TGFB2,ENSG00000092969.11,Testis,1.88113
TGFB2,ENSG00000092969.11,Thyroid,4.29659
TGFB2,ENSG00000092969.11,Uterus,6.18963
TGFB2,ENSG00000092969.11,Vagina,7.119269999999999
TGFB2,ENSG00000092969.11,Whole_Blood,0.0177084
WNT10B,ENSG00000169884.13,Adipose_Subcutaneous,0.8370709999999999
WNT10B,ENSG00000169884.13,Adipose_Visceral_Omentum,1.4018700000000002
WNT10B,ENSG00000169884.13,Adrenal_Gland,0.202766
WNT10B,ENSG00000169884.13,Artery_Aorta,0.799555
WNT10B,ENSG00000169884.13,Artery_Coronary,1.10489
WNT10B,ENSG00000169884.13,Artery_Tibial,0.244774
WNT10B,ENSG00000169884.13,Bladder,1.67957
WNT10B,ENSG00000169884.13,Brain_Amygdala,13.8837
WNT10B,ENSG00000169884.13,Brain_Anterior_cingulate_cortex_BA24,21.3343
WNT10B,ENSG00000169884.13,Brain_Caudate_basal_ganglia,17.5521
WNT10B,ENSG00000169884.13,Brain_Cerebellar_Hemisphere,0.148625
WNT10B,ENSG00000169884.13,Brain_Cerebellum,0.21734499999999998
WNT10B,ENSG00000169884.13,Brain_Cortex,29.0099
WNT10B,ENSG00000169884.13,Brain_Frontal_Cortex_BA9,26.8252
WNT10B,ENSG00000169884.13,Brain_Hippocampus,9.08473
WNT10B,ENSG00000169884.13,Brain_Hypothalamus,7.29528
WNT10B,ENSG00000169884.13,Brain_Nucleus_accumbens_basal_ganglia,36.1422
WNT10B,ENSG00000169884.13,Brain_Putamen_basal_ganglia,13.7101
WNT10B,ENSG00000169884.13,Brain_Spinal_cord_cervical_c-1,1.04186
WNT10B,ENSG00000169884.13,Brain_Substantia_nigra,2.55071
WNT10B,ENSG00000169884.13,Breast_Mammary_Tissue,0.862029
WNT10B,ENSG00000169884.13,Cells_Cultured_fibroblasts,0.10169
WNT10B,ENSG00000169884.13,Cells_EBV-transformed_lymphocytes,0.823111
WNT10B,ENSG00000169884.13,Cervix_Ectocervix,0.815967
WNT10B,ENSG00000169884.13,Cervix_Endocervix,0.852917
WNT10B,ENSG00000169884.13,Colon_Sigmoid,0.525295
WNT10B,ENSG00000169884.13,Colon_Transverse,1.33962
WNT10B,ENSG00000169884.13,Esophagus_Gastroesophageal_Junction,1.2844799999999998
WNT10B,ENSG00000169884.13,Esophagus_Mucosa,1.55134
WNT10B,ENSG00000169884.13,Esophagus_Muscularis,1.22442
WNT10B,ENSG00000169884.13,Fallopian_Tube,2.05208
WNT10B,ENSG00000169884.13,Heart_Atrial_Appendage,0.830641
WNT10B,ENSG00000169884.13,Heart_Left_Ventricle,0.16438599999999998
WNT10B,ENSG00000169884.13,Kidney_Cortex,0.227082
WNT10B,ENSG00000169884.13,Kidney_Medulla,0.43484399999999995
WNT10B,ENSG00000169884.13,Liver,0.16818699999999998
WNT10B,ENSG00000169884.13,Lung,1.7657
WNT10B,ENSG00000169884.13,Minor_Salivary_Gland,1.0537299999999998
WNT10B,ENSG00000169884.13,Muscle_Skeletal,0.141286
WNT10B,ENSG00000169884.13,Nerve_Tibial,2.70357
WNT10B,ENSG00000169884.13,Ovary,0.20640799999999998
WNT10B,ENSG00000169884.13,Pancreas,0.14939000000000002
WNT10B,ENSG00000169884.13,Pituitary,3.78265
WNT10B,ENSG00000169884.13,Prostate,1.2251299999999998
WNT10B,ENSG00000169884.13,Skin_Not_Sun_Exposed_Suprapubic,4.00504
WNT10B,ENSG00000169884.13,Skin_Sun_Exposed_Lower_leg,2.9241599999999996
WNT10B,ENSG00000169884.13,Small_Intestine_Terminal_Ileum,4.58363
WNT10B,ENSG00000169884.13,Spleen,5.39236
WNT10B,ENSG00000169884.13,Stomach,1.06376
WNT10B,ENSG00000169884.13,Testis,6.09497
WNT10B,ENSG00000169884.13,Thyroid,1.4983600000000001
WNT10B,ENSG00000169884.13,Uterus,0.49370600000000003
WNT10B,ENSG00000169884.13,Vagina,1.2992
WNT10B,ENSG00000169884.13,Whole_Blood,1.79371
NRG1,ENSG00000157168.18,Adipose_Subcutaneous,0.0406776
NRG1,ENSG00000157168.18,Adipose_Visceral_Omentum,0.07340139999999999
NRG1,ENSG00000157168.18,Adrenal_Gland,0.19831400000000002
NRG1,ENSG00000157168.18,Artery_Aorta,0.278522
NRG1,ENSG00000157168.18,Artery_Coronary,0.827987
NRG1,ENSG00000157168.18,Artery_Tibial,0.197526
NRG1,ENSG00000157168.18,Bladder,0.958599
NRG1,ENSG00000157168.18,Brain_Amygdala,0.358242
NRG1,ENSG00000157168.18,Brain_Anterior_cingulate_cortex_BA24,0.7162229999999999
NRG1,ENSG00000157168.18,Brain_Caudate_basal_ganglia,0.431012
NRG1,ENSG00000157168.18,Brain_Cerebellar_Hemisphere,1.2273399999999999
NRG1,ENSG00000157168.18,Brain_Cerebellum,1.34219
NRG1,ENSG00000157168.18,Brain_Cortex,0.8281360000000001
NRG1,ENSG00000157168.18,Brain_Frontal_Cortex_BA9,1.38726
NRG1,ENSG00000157168.18,Brain_Hippocampus,0.25090999999999997
NRG1,ENSG00000157168.18,Brain_Hypothalamus,1.9877099999999999
NRG1,ENSG00000157168.18,Brain_Nucleus_accumbens_basal_ganglia,0.332227
NRG1,ENSG00000157168.18,Brain_Putamen_basal_ganglia,0.25065
NRG1,ENSG00000157168.18,Brain_Spinal_cord_cervical_c-1,0.272124
NRG1,ENSG00000157168.18,Brain_Substantia_nigra,0.421509
NRG1,ENSG00000157168.18,Breast_Mammary_Tissue,1.2765600000000001
NRG1,ENSG00000157168.18,Cells_Cultured_fibroblasts,1.8730799999999999
NRG1,ENSG00000157168.18,Cells_EBV-transformed_lymphocytes,0.00389043
NRG1,ENSG00000157168.18,Cervix_Ectocervix,3.4229199999999995
NRG1,ENSG00000157168.18,Cervix_Endocervix,5.05339
NRG1,ENSG00000157168.18,Colon_Sigmoid,0.341935
NRG1,ENSG00000157168.18,Colon_Transverse,0.9971969999999999
NRG1,ENSG00000157168.18,Esophagus_Gastroesophageal_Junction,0.1046
NRG1,ENSG00000157168.18,Esophagus_Mucosa,0.9211809999999999
NRG1,ENSG00000157168.18,Esophagus_Muscularis,0.112311
NRG1,ENSG00000157168.18,Fallopian_Tube,0.30180999999999997
NRG1,ENSG00000157168.18,Heart_Atrial_Appendage,0.442168
NRG1,ENSG00000157168.18,Heart_Left_Ventricle,0.0254574
NRG1,ENSG00000157168.18,Kidney_Cortex,1.19746
NRG1,ENSG00000157168.18,Kidney_Medulla,1.1908
NRG1,ENSG00000157168.18,Liver,1.00514
NRG1,ENSG00000157168.18,Lung,1.80833
NRG1,ENSG00000157168.18,Minor_Salivary_Gland,1.25714
NRG1,ENSG00000157168.18,Muscle_Skeletal,0.00635429
NRG1,ENSG00000157168.18,Nerve_Tibial,2.2250900000000002
NRG1,ENSG00000157168.18,Ovary,0.691026
NRG1,ENSG00000157168.18,Pancreas,0.066361
NRG1,ENSG00000157168.18,Pituitary,2.24661
NRG1,ENSG00000157168.18,Prostate,1.59286
NRG1,ENSG00000157168.18,Skin_Not_Sun_Exposed_Suprapubic,2.88573
NRG1,ENSG00000157168.18,Skin_Sun_Exposed_Lower_leg,2.5621099999999997
NRG1,ENSG00000157168.18,Small_Intestine_Terminal_Ileum,1.06254
NRG1,ENSG00000157168.18,Spleen,0.48076800000000003
NRG1,ENSG00000157168.18,Stomach,0.317447
NRG1,ENSG00000157168.18,Testis,2.34743
NRG1,ENSG00000157168.18,Thyroid,4.0918
NRG1,ENSG00000157168.18,Uterus,0.225282
NRG1,ENSG00000157168.18,Vagina,2.00562
NRG1,ENSG00000157168.18,Whole_Blood,0.445579
CX3CL1,ENSG00000006210.6,Adipose_Subcutaneous,57.3384
CX3CL1,ENSG00000006210.6,Adipose_Visceral_Omentum,37.0746
CX3CL1,ENSG00000006210.6,Adrenal_Gland,3.10698
CX3CL1,ENSG00000006210.6,Artery_Aorta,71.3665
CX3CL1,ENSG00000006210.6,Artery_Coronary,57.9269
CX3CL1,ENSG00000006210.6,Artery_Tibial,63.2051
CX3CL1,ENSG00000006210.6,Bladder,36.4714
CX3CL1,ENSG00000006210.6,Brain_Amygdala,15.5786
CX3CL1,ENSG00000006210.6,Brain_Anterior_cingulate_cortex_BA24,26.0616
CX3CL1,ENSG00000006210.6,Brain_Caudate_basal_ganglia,26.3225
CX3CL1,ENSG00000006210.6,Brain_Cerebellar_Hemisphere,6.29575
CX3CL1,ENSG00000006210.6,Brain_Cerebellum,9.15392
CX3CL1,ENSG00000006210.6,Brain_Cortex,42.4238
CX3CL1,ENSG00000006210.6,Brain_Frontal_Cortex_BA9,46.3354
CX3CL1,ENSG00000006210.6,Brain_Hippocampus,20.4215
CX3CL1,ENSG00000006210.6,Brain_Hypothalamus,20.0751
CX3CL1,ENSG00000006210.6,Brain_Nucleus_accumbens_basal_ganglia,29.7766
CX3CL1,ENSG00000006210.6,Brain_Putamen_basal_ganglia,23.7034
CX3CL1,ENSG00000006210.6,Brain_Spinal_cord_cervical_c-1,8.33923
CX3CL1,ENSG00000006210.6,Brain_Substantia_nigra,10.7208
CX3CL1,ENSG00000006210.6,Breast_Mammary_Tissue,74.2722
CX3CL1,ENSG00000006210.6,Cells_Cultured_fibroblasts,0.117781
CX3CL1,ENSG00000006210.6,Cells_EBV-transformed_lymphocytes,0.38703000000000004
CX3CL1,ENSG00000006210.6,Cervix_Ectocervix,22.6219
CX3CL1,ENSG00000006210.6,Cervix_Endocervix,22.1092
CX3CL1,ENSG00000006210.6,Colon_Sigmoid,13.4825
CX3CL1,ENSG00000006210.6,Colon_Transverse,7.46042
CX3CL1,ENSG00000006210.6,Esophagus_Gastroesophageal_Junction,24.3815
CX3CL1,ENSG00000006210.6,Esophagus_Mucosa,8.9181
CX3CL1,ENSG00000006210.6,Esophagus_Muscularis,26.0055
CX3CL1,ENSG00000006210.6,Fallopian_Tube,22.456999999999997
CX3CL1,ENSG00000006210.6,Heart_Atrial_Appendage,9.486239999999999
CX3CL1,ENSG00000006210.6,Heart_Left_Ventricle,8.86921
CX3CL1,ENSG00000006210.6,Kidney_Cortex,18.6902
CX3CL1,ENSG00000006210.6,Kidney_Medulla,34.8925
CX3CL1,ENSG00000006210.6,Liver,4.80605
CX3CL1,ENSG00000006210.6,Lung,76.911
CX3CL1,ENSG00000006210.6,Minor_Salivary_Gland,52.6259
CX3CL1,ENSG00000006210.6,Muscle_Skeletal,5.10227
CX3CL1,ENSG00000006210.6,Nerve_Tibial,25.1952
CX3CL1,ENSG00000006210.6,Ovary,5.50937
CX3CL1,ENSG00000006210.6,Pancreas,4.36032
CX3CL1,ENSG00000006210.6,Pituitary,9.18838
CX3CL1,ENSG00000006210.6,Prostate,45.3503
CX3CL1,ENSG00000006210.6,Skin_Not_Sun_Exposed_Suprapubic,13.2756
CX3CL1,ENSG00000006210.6,Skin_Sun_Exposed_Lower_leg,23.725
CX3CL1,ENSG00000006210.6,Small_Intestine_Terminal_Ileum,10.0445
CX3CL1,ENSG00000006210.6,Spleen,1.23851
CX3CL1,ENSG00000006210.6,Stomach,8.18954
CX3CL1,ENSG00000006210.6,Testis,6.5919300000000005
CX3CL1,ENSG00000006210.6,Thyroid,33.5245
CX3CL1,ENSG00000006210.6,Uterus,21.4476
CX3CL1,ENSG00000006210.6,Vagina,17.3508
CX3CL1,ENSG00000006210.6,Whole_Blood,0.0793808
IL16,ENSG00000172349.17,Adipose_Subcutaneous,14.1534
IL16,ENSG00000172349.17,Adipose_Visceral_Omentum,13.5786
IL16,ENSG00000172349.17,Adrenal_Gland,2.4104799999999997
IL16,ENSG00000172349.17,Artery_Aorta,4.21788
IL16,ENSG00000172349.17,Artery_Coronary,10.3425
IL16,ENSG00000172349.17,Artery_Tibial,6.5153099999999995
IL16,ENSG00000172349.17,Bladder,10.8625
IL16,ENSG00000172349.17,Brain_Amygdala,0.596326
IL16,ENSG00000172349.17,Brain_Anterior_cingulate_cortex_BA24,0.46619099999999997
IL16,ENSG00000172349.17,Brain_Caudate_basal_ganglia,0.798387
IL16,ENSG00000172349.17,Brain_Cerebellar_Hemisphere,64.2644
IL16,ENSG00000172349.17,Brain_Cerebellum,65.5574
IL16,ENSG00000172349.17,Brain_Cortex,0.614583
IL16,ENSG00000172349.17,Brain_Frontal_Cortex_BA9,0.594825
IL16,ENSG00000172349.17,Brain_Hippocampus,0.674298
IL16,ENSG00000172349.17,Brain_Hypothalamus,1.09461
IL16,ENSG00000172349.17,Brain_Nucleus_accumbens_basal_ganglia,0.708133
IL16,ENSG00000172349.17,Brain_Putamen_basal_ganglia,0.519806
IL16,ENSG00000172349.17,Brain_Spinal_cord_cervical_c-1,2.46199
IL16,ENSG00000172349.17,Brain_Substantia_nigra,0.9311219999999999
IL16,ENSG00000172349.17,Breast_Mammary_Tissue,12.6935
IL16,ENSG00000172349.17,Cells_Cultured_fibroblasts,1.73773
IL16,ENSG00000172349.17,Cells_EBV-transformed_lymphocytes,53.9753
IL16,ENSG00000172349.17,Cervix_Ectocervix,10.5809
IL16,ENSG00000172349.17,Cervix_Endocervix,12.9018
IL16,ENSG00000172349.17,Colon_Sigmoid,4.35297
IL16,ENSG00000172349.17,Colon_Transverse,5.6077
IL16,ENSG00000172349.17,Esophagus_Gastroesophageal_Junction,11.1072
IL16,ENSG00000172349.17,Esophagus_Mucosa,3.97194
IL16,ENSG00000172349.17,Esophagus_Muscularis,8.39827
IL16,ENSG00000172349.17,Fallopian_Tube,19.0275
IL16,ENSG00000172349.17,Heart_Atrial_Appendage,2.3026
IL16,ENSG00000172349.17,Heart_Left_Ventricle,1.0576299999999998
IL16,ENSG00000172349.17,Kidney_Cortex,0.88828
IL16,ENSG00000172349.17,Kidney_Medulla,0.9427139999999999
IL16,ENSG00000172349.17,Liver,1.35866
IL16,ENSG00000172349.17,Lung,22.0199
IL16,ENSG00000172349.17,Minor_Salivary_Gland,8.503689999999999
IL16,ENSG00000172349.17,Muscle_Skeletal,1.13943
IL16,ENSG00000172349.17,Nerve_Tibial,32.9799
IL16,ENSG00000172349.17,Ovary,5.034009999999999
IL16,ENSG00000172349.17,Pancreas,0.79018
IL16,ENSG00000172349.17,Pituitary,1.48692
IL16,ENSG00000172349.17,Prostate,4.7245800000000004
IL16,ENSG00000172349.17,Skin_Not_Sun_Exposed_Suprapubic,9.68946
IL16,ENSG00000172349.17,Skin_Sun_Exposed_Lower_leg,10.5936
IL16,ENSG00000172349.17,Small_Intestine_Terminal_Ileum,14.8826
IL16,ENSG00000172349.17,Spleen,42.4507
IL16,ENSG00000172349.17,Stomach,4.41043
IL16,ENSG00000172349.17,Testis,5.34474
IL16,ENSG00000172349.17,Thyroid,5.84216
IL16,ENSG00000172349.17,Uterus,11.9724
IL16,ENSG00000172349.17,Vagina,10.3537
IL16,ENSG00000172349.17,Whole_Blood,38.7198
MSTN,ENSG00000138379.4,Adipose_Subcutaneous,0.858678
MSTN,ENSG00000138379.4,Adipose_Visceral_Omentum,0.585711
MSTN,ENSG00000138379.4,Adrenal_Gland,1.3673600000000001
MSTN,ENSG00000138379.4,Artery_Aorta,1.46414
MSTN,ENSG00000138379.4,Artery_Coronary,0.819874
MSTN,ENSG00000138379.4,Artery_Tibial,0.587055
MSTN,ENSG00000138379.4,Bladder,0.375699
MSTN,ENSG00000138379.4,Brain_Amygdala,0.720417
MSTN,ENSG00000138379.4,Brain_Anterior_cingulate_cortex_BA24,0.670566
MSTN,ENSG00000138379.4,Brain_Caudate_basal_ganglia,0.61225
MSTN,ENSG00000138379.4,Brain_Cerebellar_Hemisphere,1.24522
MSTN,ENSG00000138379.4,Brain_Cerebellum,1.6671099999999999
MSTN,ENSG00000138379.4,Brain_Cortex,0.734309
MSTN,ENSG00000138379.4,Brain_Frontal_Cortex_BA9,0.644332
MSTN,ENSG00000138379.4,Brain_Hippocampus,0.675288
MSTN,ENSG00000138379.4,Brain_Hypothalamus,0.866765
MSTN,ENSG00000138379.4,Brain_Nucleus_accumbens_basal_ganglia,0.695114
MSTN,ENSG00000138379.4,Brain_Putamen_basal_ganglia,0.428063
MSTN,ENSG00000138379.4,Brain_Spinal_cord_cervical_c-1,0.47628100000000007
MSTN,ENSG00000138379.4,Brain_Substantia_nigra,0.609642
MSTN,ENSG00000138379.4,Breast_Mammary_Tissue,0.722403
MSTN,ENSG00000138379.4,Cells_Cultured_fibroblasts,1.5303200000000001
MSTN,ENSG00000138379.4,Cells_EBV-transformed_lymphocytes,0.0764461
MSTN,ENSG00000138379.4,Cervix_Ectocervix,3.8796800000000005
MSTN,ENSG00000138379.4,Cervix_Endocervix,2.46833
MSTN,ENSG00000138379.4,Colon_Sigmoid,0.9571860000000001
MSTN,ENSG00000138379.4,Colon_Transverse,0.373571
MSTN,ENSG00000138379.4,Esophagus_Gastroesophageal_Junction,0.6265470000000001
MSTN,ENSG00000138379.4,Esophagus_Mucosa,0.21472
MSTN,ENSG00000138379.4,Esophagus_Muscularis,0.636013
MSTN,ENSG00000138379.4,Fallopian_Tube,0.8735850000000001
MSTN,ENSG00000138379.4,Heart_Atrial_Appendage,0.263835
MSTN,ENSG00000138379.4,Heart_Left_Ventricle,0.088146
MSTN,ENSG00000138379.4,Kidney_Cortex,0.517808
MSTN,ENSG00000138379.4,Kidney_Medulla,0.432019
MSTN,ENSG00000138379.4,Liver,0.114875
MSTN,ENSG00000138379.4,Lung,0.515494
MSTN,ENSG00000138379.4,Minor_Salivary_Gland,0.453531
MSTN,ENSG00000138379.4,Muscle_Skeletal,1.28769
MSTN,ENSG00000138379.4,Nerve_Tibial,1.68613
MSTN,ENSG00000138379.4,Ovary,0.922218
MSTN,ENSG00000138379.4,Pancreas,0.166998
MSTN,ENSG00000138379.4,Pituitary,1.3206200000000001
MSTN,ENSG00000138379.4,Prostate,0.734817
MSTN,ENSG00000138379.4,Skin_Not_Sun_Exposed_Suprapubic,0.575101
MSTN,ENSG00000138379.4,Skin_Sun_Exposed_Lower_leg,0.566395
MSTN,ENSG00000138379.4,Small_Intestine_Terminal_Ileum,0.370581
MSTN,ENSG00000138379.4,Spleen,0.34677199999999997
MSTN,ENSG00000138379.4,Stomach,0.26305500000000004
MSTN,ENSG00000138379.4,Testis,0.737318
MSTN,ENSG00000138379.4,Thyroid,0.9242030000000001
MSTN,ENSG00000138379.4,Uterus,1.0494
MSTN,ENSG00000138379.4,Vagina,0.918853
MSTN,ENSG00000138379.4,Whole_Blood,0.0
GDF9,ENSG00000164404.8,Adipose_Subcutaneous,0.588
GDF9,ENSG00000164404.8,Adipose_Visceral_Omentum,0.30034
GDF9,ENSG00000164404.8,Adrenal_Gland,0.740688
GDF9,ENSG00000164404.8,Artery_Aorta,0.570551
GDF9,ENSG00000164404.8,Artery_Coronary,0.589813
GDF9,ENSG00000164404.8,Artery_Tibial,0.576091
GDF9,ENSG00000164404.8,Bladder,0.92415
GDF9,ENSG00000164404.8,Brain_Amygdala,0.776601
GDF9,ENSG00000164404.8,Brain_Anterior_cingulate_cortex_BA24,0.834118
GDF9,ENSG00000164404.8,Brain_Caudate_basal_ganglia,1.05217
GDF9,ENSG00000164404.8,Brain_Cerebellar_Hemisphere,0.791661
GDF9,ENSG00000164404.8,Brain_Cerebellum,0.831793
GDF9,ENSG00000164404.8,Brain_Cortex,1.0658299999999998
GDF9,ENSG00000164404.8,Brain_Frontal_Cortex_BA9,0.962643
GDF9,ENSG00000164404.8,Brain_Hippocampus,0.679545
GDF9,ENSG00000164404.8,Brain_Hypothalamus,1.07766
GDF9,ENSG00000164404.8,Brain_Nucleus_accumbens_basal_ganglia,1.35763
GDF9,ENSG00000164404.8,Brain_Putamen_basal_ganglia,0.816092
GDF9,ENSG00000164404.8,Brain_Spinal_cord_cervical_c-1,0.884526
GDF9,ENSG00000164404.8,Brain_Substantia_nigra,0.800692
GDF9,ENSG00000164404.8,Breast_Mammary_Tissue,0.645231
GDF9,ENSG00000164404.8,Cells_Cultured_fibroblasts,0.380305
GDF9,ENSG00000164404.8,Cells_EBV-transformed_lymphocytes,0.81294
GDF9,ENSG00000164404.8,Cervix_Ectocervix,0.507991
GDF9,ENSG00000164404.8,Cervix_Endocervix,0.72996
GDF9,ENSG00000164404.8,Colon_Sigmoid,0.540313
GDF9,ENSG00000164404.8,Colon_Transverse,0.40289
GDF9,ENSG00000164404.8,Esophagus_Gastroesophageal_Junction,0.44449700000000003
GDF9,ENSG00000164404.8,Esophagus_Mucosa,0.42299899999999996
GDF9,ENSG00000164404.8,Esophagus_Muscularis,0.491842
GDF9,ENSG00000164404.8,Fallopian_Tube,0.576846
GDF9,ENSG00000164404.8,Heart_Atrial_Appendage,0.17188900000000001
GDF9,ENSG00000164404.8,Heart_Left_Ventricle,0.14913099999999999
GDF9,ENSG00000164404.8,Kidney_Cortex,0.573361
GDF9,ENSG00000164404.8,Kidney_Medulla,1.45976
GDF9,ENSG00000164404.8,Liver,0.319329
GDF9,ENSG00000164404.8,Lung,0.438104
GDF9,ENSG00000164404.8,Minor_Salivary_Gland,0.649982
GDF9,ENSG00000164404.8,Muscle_Skeletal,0.407773
GDF9,ENSG00000164404.8,Nerve_Tibial,1.12913
GDF9,ENSG00000164404.8,Ovary,0.641411
GDF9,ENSG00000164404.8,Pancreas,0.552683
GDF9,ENSG00000164404.8,Pituitary,2.62311
GDF9,ENSG00000164404.8,Prostate,0.9225709999999999
GDF9,ENSG00000164404.8,Skin_Not_Sun_Exposed_Suprapubic,0.9567540000000001
GDF9,ENSG00000164404.8,Skin_Sun_Exposed_Lower_leg,1.12857
GDF9,ENSG00000164404.8,Small_Intestine_Terminal_Ileum,0.48706499999999997
GDF9,ENSG00000164404.8,Spleen,0.611459
GDF9,ENSG00000164404.8,Stomach,0.801313
GDF9,ENSG00000164404.8,Testis,16.8525
GDF9,ENSG00000164404.8,Thyroid,1.3309
GDF9,ENSG00000164404.8,Uterus,0.577353
GDF9,ENSG00000164404.8,Vagina,0.549717
GDF9,ENSG00000164404.8,Whole_Blood,0.06848220000000001
GDF15,ENSG00000130513.6,Adipose_Subcutaneous,10.9435
GDF15,ENSG00000130513.6,Adipose_Visceral_Omentum,7.28907
GDF15,ENSG00000130513.6,Adrenal_Gland,4.4115400000000005
GDF15,ENSG00000130513.6,Artery_Aorta,15.4162
GDF15,ENSG00000130513.6,Artery_Coronary,4.059130000000001
GDF15,ENSG00000130513.6,Artery_Tibial,8.89325
GDF15,ENSG00000130513.6,Bladder,62.0941
GDF15,ENSG00000130513.6,Brain_Amygdala,0.341934
GDF15,ENSG00000130513.6,Brain_Anterior_cingulate_cortex_BA24,0.335215
GDF15,ENSG00000130513.6,Brain_Caudate_basal_ganglia,0.49574700000000005
GDF15,ENSG00000130513.6,Brain_Cerebellar_Hemisphere,0.345932
GDF15,ENSG00000130513.6,Brain_Cerebellum,0.5276770000000001
GDF15,ENSG00000130513.6,Brain_Cortex,0.440665
GDF15,ENSG00000130513.6,Brain_Frontal_Cortex_BA9,0.353051
GDF15,ENSG00000130513.6,Brain_Hippocampus,0.48785500000000004
GDF15,ENSG00000130513.6,Brain_Hypothalamus,0.48424799999999996
GDF15,ENSG00000130513.6,Brain_Nucleus_accumbens_basal_ganglia,0.481425
GDF15,ENSG00000130513.6,Brain_Putamen_basal_ganglia,0.5422859999999999
GDF15,ENSG00000130513.6,Brain_Spinal_cord_cervical_c-1,1.22555
GDF15,ENSG00000130513.6,Brain_Substantia_nigra,0.641517
GDF15,ENSG00000130513.6,Breast_Mammary_Tissue,9.0782
GDF15,ENSG00000130513.6,Cells_Cultured_fibroblasts,23.8185
GDF15,ENSG00000130513.6,Cells_EBV-transformed_lymphocytes,8.16513
GDF15,ENSG00000130513.6,Cervix_Ectocervix,5.50537
GDF15,ENSG00000130513.6,Cervix_Endocervix,13.2832
GDF15,ENSG00000130513.6,Colon_Sigmoid,3.6552599999999997
GDF15,ENSG00000130513.6,Colon_Transverse,10.161
GDF15,ENSG00000130513.6,Esophagus_Gastroesophageal_Junction,2.7682700000000002
GDF15,ENSG00000130513.6,Esophagus_Mucosa,1.56375
GDF15,ENSG00000130513.6,Esophagus_Muscularis,2.31371
GDF15,ENSG00000130513.6,Fallopian_Tube,4.52693
GDF15,ENSG00000130513.6,Heart_Atrial_Appendage,0.761368
GDF15,ENSG00000130513.6,Heart_Left_Ventricle,0.42167899999999997
GDF15,ENSG00000130513.6,Kidney_Cortex,120.115
GDF15,ENSG00000130513.6,Kidney_Medulla,118.13
GDF15,ENSG00000130513.6,Liver,7.280010000000001
GDF15,ENSG00000130513.6,Lung,30.6649
GDF15,ENSG00000130513.6,Minor_Salivary_Gland,7.6879100000000005
GDF15,ENSG00000130513.6,Muscle_Skeletal,0.8845139999999999
GDF15,ENSG00000130513.6,Nerve_Tibial,6.216559999999999
GDF15,ENSG00000130513.6,Ovary,3.03112
GDF15,ENSG00000130513.6,Pancreas,29.8722
GDF15,ENSG00000130513.6,Pituitary,8.1767
GDF15,ENSG00000130513.6,Prostate,51.2666
GDF15,ENSG00000130513.6,Skin_Not_Sun_Exposed_Suprapubic,1.14723
GDF15,ENSG00000130513.6,Skin_Sun_Exposed_Lower_leg,2.31155
GDF15,ENSG00000130513.6,Small_Intestine_Terminal_Ileum,5.33829
GDF15,ENSG00000130513.6,Spleen,4.19411
GDF15,ENSG00000130513.6,Stomach,28.9271
GDF15,ENSG00000130513.6,Testis,1.27843
GDF15,ENSG00000130513.6,Thyroid,7.088610000000001
GDF15,ENSG00000130513.6,Uterus,4.02254
GDF15,ENSG00000130513.6,Vagina,5.53861
GDF15,ENSG00000130513.6,Whole_Blood,0.975825
