gene,gene_symbol,log2FC_discovery,fdr_discovery,log2FC_validation,fdr_validation,direction,combined_z,min_abs_log2FC
ENSG00000164694,FNDC1,1.6884529500774237,1.0921373587286127e-11,2.943464445770429,1.6327049812601853e-93,up,20.24463505245826,1.6884529500774237
ENSG00000112562,SMOC2,1.4063635951138131,5.7005627518463736e-08,1.8143507074056981,1.8168442070026972e-100,up,19.655308062334676,1.4063635951138131
ENSG00000162998,FRZB,1.8895498261186283,5.545267095489235e-09,2.1732399754847718,5.797318268553644e-86,up,18.803105377900323,1.8895498261186283
ENSG00000164946,FREM1,1.303733660332426,3.2301506204205845e-09,1.8214016975733724,1.7766537957855946e-81,up,18.484140339828716,1.303733660332426
ENSG00000106483,SFRP4,2.847990874371248,2.1177458667312096e-08,3.4538015099650696,1.5686184120995544e-83,up,18.404093780010484,2.847990874371248
ENSG00000196821,C6orf106,-0.9794348999815716,4.1157476614574705e-20,-0.5663032800991407,8.700463663779317e-54,down,-18.3830194355532,0.5663032800991407
ENSG00000233485,RP3-467K16.2,0.6365227366078677,4.889658317994718e-07,3.5218921240234593,3.6301227352640114e-85,up,18.092790228165416,0.6365227366078677
ENSG00000123243,ITIH5,1.286806647198691,2.6914475129472968e-11,1.4272486157896287,1.1605516465160162e-69,up,18.05841151816215,1.286806647198691
ENSG00000139329,LUM,2.01625850479976,4.523313111618901e-09,1.9615549026289951,1.7303819976637947e-70,up,17.467060760670442,1.9615549026289951
ENSG00000175356,SCUBE2,1.6978594955015303,2.0808705426074532e-07,2.1768392697701815,7.366820461012105e-75,up,17.32980204604713,1.6978594955015303
ENSG00000205795,CYS1,1.028292859242802,8.744058608839965e-10,1.6972462938405493,3.5534185386883706e-66,up,17.27081757481036,1.028292859242802
ENSG00000100095,SEZ6L,0.8263481009403244,8.995108526376115e-05,3.563744634759995,3.6301227352640114e-85,up,17.22894101889489,0.8263481009403244
ENSG00000169385,RNASE2,-1.3210195847035162,6.227245599675238e-09,-3.1459025254908917,8.924752699754454e-68,down,-17.161189998226725,1.3210195847035162
ENSG00000197616,MYH6,-0.6121767823924571,1.9972237396598533e-07,-2.754250439568039,2.0063695749580335e-72,down,-17.113275466572983,0.6121767823924571
ENSG00000179954,SSC5D,1.510789568902959,2.3410374572615414e-08,2.0016709462947855,4.463586200680871e-68,up,17.009205210919145,1.510789568902959
ENSG00000132561,MATN2,1.1942945893967856,4.737573545689271e-08,1.3776220036394424,4.463586200680871e-68,up,16.912177745089505,1.1942945893967856
ENSG00000075413,MARK3,-0.7077612660425021,1.4112032604478809e-05,-0.8951058419343091,1.0547477578830015e-77,down,-16.91138006481831,0.7077612660425021
ENSG00000198624,CCDC69,-1.162056844077722,1.7743639961542386e-16,-0.6353500424193489,1.0745092119280658e-45,down,-16.83340641860797,0.6353500424193489
ENSG00000197299,BLM,-1.4973218126153325,7.832117902336407e-07,-2.0175110458111,9.23958518671614e-70,down,-16.65886619907883,1.4973218126153325
ENSG00000165449,SLC16A9,1.6437559043107282,3.909767881064828e-11,1.7805374574367272,1.684889295593668e-55,up,16.611913328930616,1.6437559043107282
ENSG00000124713,GNMT,-1.5278308430921723,4.013748341362361e-11,-2.517527798552208,4.362885832034368e-54,down,-16.45720484314022,1.5278308430921723
ENSG00000166482,MFAP4,1.3984006168089274,3.470653671335441e-06,1.6124778503566022,1.0947098939260296e-69,up,16.41363851577434,1.3984006168089274
ENSG00000016391,CHDH,-1.5113692276005488,2.648366963375662e-11,-1.5303536470215813,9.760965643002465e-53,down,-16.36994605289374,1.5113692276005488
ENSG00000182197,EXT1,0.9105235515444458,2.0548039802784396e-07,0.8122473954103823,1.7331878259764173e-64,up,16.348594497155954,0.8122473954103823
ENSG00000143768,LEFTY2,1.1266685904851557,1.567064102690381e-06,2.763525601895506,1.219632360336697e-67,up,16.345397832306304,1.1266685904851557
ENSG00000175220,ARHGAP1,0.8049731577957226,1.1610868067049707e-09,0.6945445092447637,1.3787457924728348e-56,up,16.281141627584606,0.6945445092447637
ENSG00000139289,PHLDA1,1.8699924736600857,4.3660136963193324e-08,1.5957849465263445,1.211087291379027e-60,up,16.19486164018138,1.5957849465263445
ENSG00000166033,HTRA1,1.0136997643676673,3.999228053460938e-09,1.0077189914623743,8.388432557129868e-57,up,16.1338799098134,1.0077189914623743
ENSG00000155659,VSIG4,-1.2023352497366377,9.83756970629104e-05,-1.985548346522291,1.4578003978263525e-72,down,-16.11745331779351,1.2023352497366377
ENSG00000181195,PENK,2.3960518716630124,3.666758607674998e-06,3.2981844314658586,2.1935323739753862e-66,up,16.085930483140274,2.3960518716630124
ENSG00000142748,FCN3,-1.4796281514771437,2.364355816610721e-06,-2.4802183265041204,2.4916269839375484e-65,down,-16.053199402461704,1.4796281514771437
ENSG00000177575,CD163,-1.1079951182293653,0.007493832850632312,-2.514174311062515,3.187803534711066e-82,down,-16.037195934671796,1.1079951182293653
ENSG00000101825,MXRA5,1.8232934119066857,3.515675879904541e-07,2.659273560147084,6.381445610394267e-62,up,16.017803292336612,1.8232934119066857
ENSG00000105894,PTN,1.5022799106898648,4.613805529857027e-08,1.517089585844392,6.956545168679155e-59,up,16.010870609216887,1.5022799106898648
ENSG00000184007,PTP4A2,-0.6217543167786055,3.375226467780467e-11,-0.5234398487471825,1.165183793369347e-49,down,-16.004564328339658,0.5234398487471825
ENSG00000213694,S1PR3,-0.8691063773310111,3.3510121013802237e-06,-1.3394132825421152,1.1004677881572192e-64,down,-15.935330611954294,0.8691063773310111
ENSG00000136436,CALCOCO2,-0.7659387771111864,1.3572261344232649e-08,-0.7316965657750056,4.0065521630962247e-56,down,-15.89876603991749,0.7316965657750056
ENSG00000267577,CTD-2587H24.5,1.630209716071487,3.152459134748474e-09,2.1766586831516754,4.4731780009367315e-54,up,15.887505566161263,1.630209716071487
ENSG00000145861,C1QTNF2,0.7638320825853813,2.9838574588650387e-06,1.6999508792646856,4.917287893630314e-63,up,15.793158821733673,0.7638320825853813
ENSG00000106819,ASPN,1.75013492226872,6.497627137976626e-06,2.1151871819004735,2.6960587637303026e-64,up,15.789252890890348,1.75013492226872
ENSG00000237686,RP5-1120P11.1,0.933202912536285,1.8520823178583785e-11,1.4045861329495228,9.387847818006211e-46,up,15.634464551970423,0.933202912536285
ENSG00000265542,RP11-60A24.3,-1.22040802271958,0.0004951642340086504,-2.4517960039550726,1.7742327267337793e-70,down,-15.611880595400601,1.22040802271958
ENSG00000111684,LPCAT3,-0.5724869723136935,3.877456668328263e-06,-0.8002488324421378,2.1630641854552246e-61,down,-15.589687706786188,0.5724869723136935
ENSG00000143595,AQP10,0.5144909133951163,1.9350009216710176e-07,2.2466742553477888,1.2918507992539368e-56,up,15.571461128678205,0.5144909133951163
ENSG00000246985,SOCS2-AS1,1.1858683235962044,6.756815984366085e-10,1.0258081093597826,8.632987034108502e-48,up,15.401155783848823,1.0258081093597826
ENSG00000152086,TUBA3E,-1.66820809588312,0.0006914914845239845,-2.9698956560971546,6.973620863478807e-69,down,-15.390456949836416,1.66820809588312
ENSG00000103415,HMOX2,-0.8786316263241682,5.404385065712613e-12,-0.9531567919505924,2.6724544312168286e-42,down,-15.374862568496061,0.8786316263241682
ENSG00000171385,KCND3,-0.8256698597328919,2.9509082146658004e-07,-1.1026483379769634,6.81820010230698e-55,down,-15.328298283169458,0.8256698597328919
ENSG00000129116,PALLD,-0.9977076456666779,5.4821226356406575e-11,-1.0945028312012093,1.883603323249322e-44,down,-15.325995311235099,0.9977076456666779
ENSG00000260186,RP11-481J2.2,-1.4172664482829829,1.708529890326837e-05,-2.4288714082556973,4.0279622274940055e-61,down,-15.319257560455236,1.4172664482829829
ENSG00000035862,TIMP2,1.0109208718094183,8.10990500758256e-09,0.6924525397443994,8.709574437082726e-50,up,15.28992464423822,0.6924525397443994
ENSG00000272016,RP11-215G15.5,1.3169622844423612,4.359238394947814e-09,1.2209089081859235,7.719967234463244e-49,up,15.266424138854186,1.2209089081859235
ENSG00000118777,ABCG2,1.661153635542934,5.3990268510049904e-11,1.3640213091367381,8.902652740789724e-44,up,15.250463885028863,1.3640213091367381
ENSG00000169436,COL22A1,0.7562397307703643,0.003396705460680445,3.4493672564935007,6.286693177313724e-71,up,15.23635355463009,0.7562397307703643
ENSG00000186298,PPP1CC,-0.7309176500957603,1.0921373587286127e-11,-0.6103475356053446,7.429146396095876e-42,down,-15.231004879312641,0.6103475356053446
ENSG00000075886,TUBA3D,-1.603061999007622,0.0006605931536761567,-2.916113740654153,7.723615908517053e-67,down,-15.201767713361791,1.603061999007622
ENSG00000198830,HMGN2,0.941493834232113,2.257869515676119e-10,0.736292438478405,9.909641898335567e-44,up,15.066869783338324,0.736292438478405
ENSG00000166086,JAM3,0.8557910738853548,6.673255395206919e-11,0.4262628667749336,5.2938565895215996e-42,up,15.003517731826323,0.4262628667749336
ENSG00000056736,IL17RB,-0.8988755981099491,2.7576679879885167e-11,-1.6860115017948638,9.211764824675227e-41,down,-14.982750894709113,0.8988755981099491
ENSG00000164530,PI16,2.9546089603436823,1.62815866536079e-10,1.8597994634199861,1.0369844897921902e-42,up,14.981695699513773,1.8597994634199861
ENSG00000110492,MDK,1.5163783028033315,6.523341646610516e-10,2.021669352430336,5.061700876410734e-44,up,14.968739194334505,1.5163783028033315
ENSG00000187955,COL14A1,2.1633968702463577,1.4470164483024789e-08,1.6827463506018694,1.3631452056220168e-47,up,14.962445970825303,1.6827463506018694
ENSG00000198768,APCDD1L,0.5735305718478233,0.002832293760621393,3.1158043926455785,3.0711791717774845e-67,up,14.92146326169684,0.5735305718478233
ENSG00000133687,TMTC1,-0.78047590452757,2.1409206813565982e-05,-1.3258379963909166,1.6636926000869973e-57,down,-14.916750151322905,0.78047590452757
ENSG00000181019,NQO1,-1.5743642606333457,5.643211973918438e-14,-1.216461052537623,1.0711373424726478e-34,down,-14.89931408523542,1.216461052537623
ENSG00000129009,ISLR,1.432875040438158,1.9806008094762673e-08,1.8337521367642453,2.028404392215606e-47,up,14.89846297347882,1.432875040438158
ENSG00000100206,DMC1,0.873295289682204,3.249791425324784e-05,1.4456362996995105,1.207322257205104e-57,up,14.8601886977781,0.873295289682204
ENSG00000115107,STEAP3,-0.7752730319891233,9.071735187899908e-09,-0.9478642275337043,4.960978789563484e-46,down,-14.846563322278227,0.7752730319891233
ENSG00000144857,BOC,1.1779342485939566,1.6559588048705221e-07,1.083521158872042,4.156837022387573e-49,up,14.787751020416955,1.083521158872042
ENSG00000095587,TLL2,0.5683529905250361,0.0026381972756085175,1.6738384713958305,1.2320266459424363e-65,up,14.780412872712647,0.5683529905250361
ENSG00000138356,AOX1,-0.9705772503088997,0.003001230090230691,-2.575597334743204,9.015346758444937e-66,down,-14.764016061661934,0.9705772503088997
ENSG00000233098,RP11-344E13.3,0.8110001391601437,0.005856344144066005,2.397786053963085,3.0711791717774845e-67,up,14.747878570469267,0.8110001391601437
ENSG00000163145,C1QTNF7,0.5692976421918619,0.004507043349125468,1.7221776675078762,1.6447903175135973e-66,up,14.742574618053633,0.5692976421918619
ENSG00000114631,PODXL2,0.7873878267276447,1.1112249497805497e-08,1.1840399700707083,6.35558305419965e-45,up,14.692038966483715,0.7873878267276447
ENSG00000120820,GLT8D2,0.8124993521028596,4.917423675370176e-07,0.9436581563989842,1.3742977206906332e-49,up,14.678814958870554,0.8124993521028596
ENSG00000084636,COL16A1,1.4727488747324082,8.097832381521806e-09,1.4847752837697186,2.024881436472706e-44,up,14.674603647933719,1.4727488747324082
ENSG00000162881,OXER1,0.7572326596293361,2.650292692748709e-07,1.7610082059518213,1.0774946239484237e-48,up,14.6712230620704,0.7572326596293361
ENSG00000004139,SARM1,0.8516251276247297,4.97328211129616e-11,0.4644313905081592,1.054197253063791e-38,up,14.642705559453915,0.4644313905081592
ENSG00000113108,APBB3,0.8978804548371386,4.6139561205169105e-12,0.6535490074497464,3.162932295562308e-36,up,14.638598788340312,0.6535490074497464
ENSG00000168077,SCARA3,0.7989516555571544,0.00028370109360929975,1.4416673387385746,2.3912744439401403e-59,up,14.634028011970118,0.7989516555571544
ENSG00000100418,DESI1,-0.8364470821837918,8.40135682079022e-13,-0.4326568179292724,1.4011214900325081e-34,down,-14.608665170757478,0.4326568179292724
ENSG00000106809,OGN,1.7583218297879875,2.450042929737189e-07,1.8577780641513457,1.586422457887473e-47,up,14.551317549836817,1.7583218297879875
ENSG00000130592,LSP1,1.2631483783918633,7.238167453412182e-06,1.7610963997541056,2.8257592860217403e-52,up,14.549057004622492,1.2631483783918633
ENSG00000142920,ADC,0.8752353648797416,0.0013499568671727713,1.3922384774806156,1.9179739395315917e-61,up,14.524917728437913,0.8752353648797416
ENSG00000120910,PPP3CC,-0.4899395854131571,0.0423610486001276,-0.634564374820459,6.561645417919256e-70,down,-14.459995876809458,0.4899395854131571
ENSG00000150281,CTF1,1.137692786165213,8.138689211741415e-15,0.9606201247005987,7.598510418840697e-30,up,14.434847962193825,0.9606201247005987
ENSG00000133800,LYVE1,-0.983163311744077,0.0013033619370204027,-1.9202141438883111,2.0412568364275588e-60,down,-14.427701743421919,0.983163311744077
ENSG00000121005,CRISPLD1,1.3190547361144578,4.0738065539660886e-05,2.5340353477675386,7.721234586862391e-54,up,14.423968497433135,1.3190547361144578
ENSG00000071242,RPS6KA2,-0.6329973022698878,6.573397651356564e-09,-0.6615437668752343,4.535699957540604e-42,down,-14.421478553268727,0.6329973022698878
ENSG00000139410,SDSL,1.5929978445561634,1.0080965625606868e-14,1.4723219431162575,5.786516215567696e-30,up,14.42016627092962,1.4723219431162575
ENSG00000140459,CYP11A1,0.8338752494114302,4.097379425157846e-06,1.638585872196791,4.557401794574248e-50,up,14.40062556503754,0.8338752494114302
ENSG00000248309,MEF2C-AS1,0.6855211012418301,2.2643246754226384e-06,0.9750808195038857,4.780676229408069e-49,up,14.381214472104782,0.6855211012418301
ENSG00000011105,TSPAN9,0.8205572509434305,3.3534317783824516e-07,0.8838434044680287,2.159427782155973e-46,up,14.374640011786804,0.8205572509434305
ENSG00000100105,PATZ1,0.5149491699578954,1.1499785504581131e-07,0.4831765676777762,6.393894915907214e-45,up,14.359989651711922,0.4831765676777762
ENSG00000144034,TPRKB,-0.7526863884861639,3.034715539636834e-10,-0.6453008853175078,5.309022629157727e-38,down,-14.323154165708011,0.6453008853175078
ENSG00000179136,LINC00670,0.7913784276403186,2.7686716695235213e-06,1.6714193959235997,1.2407838666256793e-48,up,14.302072023045097,0.7913784276403186
ENSG00000180773,SLC36A4,-0.6815983428156875,5.793631443145615e-07,-0.9552219566849961,1.758705550839546e-46,down,-14.301856309957792,0.6815983428156875
ENSG00000134247,PTGFRN,1.0740979107716861,1.4742232489209146e-08,0.6620081763635765,5.348462182396956e-42,up,14.300817282322761,0.6620081763635765
ENSG00000183801,OLFML1,0.5728799587682046,0.003206599290408721,1.2182064075856893,4.732599293949218e-61,up,14.286805685358244,0.5728799587682046
ENSG00000118898,PPL,-0.9095116812371722,3.2301506204205845e-09,-1.037375136628352,4.035828617322028e-40,down,-14.281693244848741,0.9095116812371722
ENSG00000182667,NTM,0.6532755569854904,0.0032717978392878795,1.69275602736167,5.29392817563296e-61,up,14.276527566622788,0.6532755569854904
ENSG00000074219,TEAD2,-0.7482598147370167,4.150146194486629e-11,-0.47056637666039675,1.4163129025031884e-35,down,-14.27133473022739,0.47056637666039675
ENSG00000162434,JAK1,-0.7168999029343561,4.493517786389023e-10,-0.6527383364354251,8.904437723181112e-38,down,-14.250307678253796,0.6527383364354251
ENSG00000106236,NPTX2,-0.7092873665777933,0.013417804561519349,-2.5800327169908988,2.6960587637303026e-64,down,-14.247982433409625,0.7092873665777933
ENSG00000254636,ARMS2,0.49741294304793227,0.0006028811625815578,2.678131103508272,1.5670819728173532e-56,up,14.196356916795372,0.49741294304793227
ENSG00000149575,SCN2B,0.7690828923184766,5.735789771666673e-05,1.4135999263134709,3.1034101504126196e-52,up,14.191896362681605,0.7690828923184766
ENSG00000128045,RASL11B,1.4731106766351676,1.2056002840204247e-05,1.5487408391331579,1.1931286443232619e-49,up,14.177366542773168,1.4731106766351676
ENSG00000143740,SNAP47,1.35672528304786,2.921753174262767e-10,0.8983999717473655,1.5538503787554942e-36,up,14.140975593879514,0.8983999717473655
ENSG00000179300,ZCCHC5,0.6412227382901692,2.656073643953026e-05,2.0872051003584646,1.8748735008823535e-50,up,14.136408578172867,0.6412227382901692
ENSG00000232110,RP11-149I23.3,1.7477193950593095,4.97328211129616e-11,1.817746781420384,1.0117255505809202e-34,up,14.133153732686704,1.7477193950593095
ENSG00000180999,C1orf105,-2.1024118044970583,2.250358478882754e-09,-1.9980115929762696,2.226159630038637e-38,down,-14.120349195378264,1.9980115929762696
ENSG00000112182,BACH2,0.4144377951858921,2.0004984010111522e-06,0.9868700980238808,1.752688738246644e-46,up,14.109282144862112,0.4144377951858921
ENSG00000230102,RP11-407B7.1,0.99277680279839,1.726807328897259e-08,1.5691692883882322,1.4449532384102258e-40,up,14.104281602238787,0.99277680279839
ENSG00000244734,HBB,2.6387274194862322,2.0091335119775802e-07,3.3001890208139963,3.4693251275306706e-43,up,14.073765494755827,2.6387274194862322
ENSG00000156475,PPP2R2B,0.8408555580600834,0.0010978043831277368,2.0954720939821283,1.701085750806e-56,up,14.06830802458729,0.8408555580600834
ENSG00000179639,FCER1A,0.711229495794717,0.004201514023370184,2.782311659664538,2.3912744439401403e-59,up,14.055029834646058,0.711229495794717
ENSG00000246100,LINC00900,0.5159361293420709,0.00032785657210463527,1.4699213861396812,6.952295106842405e-54,up,14.042198837984193,0.5159361293420709
ENSG00000229246,RP11-521J24.1,1.131418410124598,2.634609480821064e-06,2.230246664605076,4.960978789563484e-46,up,14.012840896376215,1.131418410124598
ENSG00000160469,BRSK1,1.190583694862187,1.466684920080899e-09,1.076563744137234,4.8938451657211775e-37,up,13.997071430579021,1.076563744137234
ENSG00000149633,KIAA1755,1.0585148251573213,0.00021447278853509348,1.6071166191287345,1.2001702251089348e-52,up,13.991766171647809,1.0585148251573213
ENSG00000105835,NAMPT,-1.5513888998621188,6.673255395206919e-11,-1.117039873640338,5.267286702455181e-34,down,-13.98725792887743,1.117039873640338
ENSG00000123572,NRK,0.6664564705716404,0.0016197393590087707,1.6662518421997958,1.977425408194361e-56,up,13.974593256894346,0.6664564705716404
ENSG00000166343,MSS51,1.2391017945484848,2.8911763328184743e-08,1.1856375441628788,8.337919767561055e-40,up,13.940175330357645,1.1856375441628788
ENSG00000115290,GRB14,-1.161696010789505,2.3603415868913675e-06,-1.1107863293243152,3.490887889889584e-45,down,-13.932580483010616,1.1107863293243152
ENSG00000182179,UBA7,0.594737552272458,0.0003312619087145327,0.8978955519238677,1.4902287953810677e-52,up,13.897512008936756,0.594737552272458
ENSG00000158023,WDR66,0.9326881901677634,7.530936685280757e-06,1.1923518773940185,1.9007956004404968e-46,up,13.891759313072901,0.9326881901677634
ENSG00000113916,BCL6,-0.5053725870546173,0.007376871011173469,-0.9506472679855398,4.771887648761278e-59,down,-13.885076934920795,0.5053725870546173
ENSG00000172458,IL17D,0.8318716286621874,7.625804972818833e-06,1.4992651913043311,3.703847236326531e-46,up,13.85609727197664,0.8318716286621874
ENSG00000143942,CHAC2,-0.4816250538255242,3.279629473600875e-05,-1.3952678327668677,2.8516118750531476e-48,down,-13.852014569229965,0.4816250538255242
ENSG00000162241,SLC25A45,0.8323779641323527,6.166040994240547e-09,0.888191458110742,3.477518477744587e-37,up,13.821964929161835,0.8323779641323527
ENSG00000128606,LRRC17,1.0550450441098496,0.00011279566764898527,1.5286484786815033,1.2652167512300032e-49,up,13.782510140853837,1.0550450441098496
ENSG00000103528,SYT17,0.344067273265425,0.008634978755910783,1.374318755569887,2.2540458663534894e-58,up,13.77763995091974,0.344067273265425
ENSG00000260807,RP11-161M6.2,1.1791857154121754,4.393572958642393e-08,1.5239516725147129,6.55152624649078e-39,up,13.772598401949104,1.1791857154121754
ENSG00000106624,AEBP1,1.9526686902731334,1.2516283662999627e-06,1.6761199711578108,5.843124909357819e-43,up,13.770768425357394,1.6761199711578108
ENSG00000162882,HAAO,1.0176431471677558,2.597265965945528e-06,1.5446790219038005,6.782814130223795e-44,up,13.766260174653167,1.0176431471677558
ENSG00000151468,CCDC3,1.1542606079829054,2.9102507066674146e-06,1.0805493317542993,7.884301921916711e-44,up,13.739774873506251,1.0805493317542993
ENSG00000156219,ART3,-1.0114747041310763,6.86009556529959e-07,-1.1358438635956962,7.630193057148354e-42,down,-13.72832343307951,1.0114747041310763
ENSG00000004468,CD38,-0.6303129868592728,0.0002373179624973644,-1.4848851188927692,3.276791435908376e-50,down,-13.708403337102391,0.6303129868592728
ENSG00000235217,TSPY26P,0.46084207915857184,2.936095453199166e-08,0.7162118948948418,7.179971192303534e-38,up,13.695604286626436,0.46084207915857184
ENSG00000188257,PLA2G2A,-2.5758998369867956,3.9399242924877767e-07,-2.545726364942721,1.170874756398634e-40,down,-13.666547815780842,2.545726364942721
ENSG00000198756,COLGALT2,0.7969041875733852,1.6359831975092892e-06,0.8156784949971732,3.321322879816788e-42,up,13.636661465280925,0.7969041875733852
ENSG00000110400,PVRL1,-0.7742670451798768,3.926770864740071e-06,-1.0204408878576705,3.0856627270086457e-43,down,-13.62031635311968,0.7742670451798768
ENSG00000113657,DPYSL3,0.8686995351556013,0.00018204742194136096,0.9930714209113986,6.604464970223498e-49,up,13.611901224108788,0.8686995351556013
ENSG00000186466,AQP7P1,-0.9229617147815445,7.276087700996885e-08,-1.088253489437869,3.08211634631135e-38,down,-13.611498492568229,0.9229617147815445
ENSG00000223764,RP11-54O7.3,0.7109010708183919,0.00017666652844049917,2.3461518232795595,7.719967234463244e-49,up,13.6095368996223,0.7109010708183919
ENSG00000135318,NT5E,0.8383823903544289,0.0002906822528580082,1.2547785515160361,1.6623029454724165e-49,up,13.589233453875961,0.8383823903544289
ENSG00000249087,C1orf213,1.169882859381368,3.034715539636834e-10,0.7130796242963783,3.324563748793104e-32,up,13.557132102605403,0.7130796242963783
ENSG00000271833,RP11-356B19.11,0.9053987003232036,2.369538749531062e-07,1.2452046750390922,3.7900868030557753e-39,up,13.55583640042489,0.9053987003232036
ENSG00000198033,TUBA3C,-0.5281146406201435,0.001954649290638938,-2.7259908154251864,8.492747143687235e-53,down,-13.552962497824256,0.5281146406201435
ENSG00000085063,CD59,-0.3861490716644825,1.601738077307579e-05,-0.5066692170363382,1.5430127443680465e-44,down,-13.544080222487946,0.3861490716644825
ENSG00000143387,CTSK,0.9656045295826156,0.00010112064125142321,1.1384829568481543,2.612999779714242e-47,up,13.5411390835803,0.9656045295826156
ENSG00000171885,AQP4,-1.9434901966739055,2.634104219187476e-09,-2.4837930104767896,4.5807067190957136e-34,down,-13.536439114692904,1.9434901966739055
ENSG00000167371,PRRT2,0.6992471469953108,0.00028197911722781574,1.465800252416464,6.254754865721416e-49,up,13.531388993912678,0.6992471469953108
ENSG00000159640,ACE,1.056676290934882,0.0006181187692462795,1.9899119191108061,2.9015633630834383e-50,up,13.525987020559807,1.056676290934882
ENSG00000005513,SOX8,0.8642609531273043,2.088259351425551e-07,1.3425030250326742,1.1114213498452716e-38,up,13.517629898084074,0.8642609531273043
ENSG00000196405,EVL,0.8173596645242066,9.610334554817013e-09,0.7079509155393365,3.0359032061044656e-35,up,13.510187873853527,0.7079509155393365
ENSG00000165511,C10orf25,0.30762010611697366,0.0004914300362067885,0.7751562251321369,1.2006626409700397e-49,up,13.502146404645275,0.30762010611697366
ENSG00000237928,RP4-668G5.1,0.6587897463836858,0.00024491393483602356,2.0152008932010443,2.1131138174840774e-48,up,13.498105816210995,0.6587897463836858
ENSG00000114654,EFCC1,0.7543903329149485,8.459473615192842e-06,1.469154256583605,3.364623963356145e-43,up,13.491478811717716,0.7543903329149485
ENSG00000129244,ATP1B2,0.4818794310025928,0.004132432226234285,1.2939537143924353,1.3110819571668632e-53,up,13.4646999710495,0.4818794310025928
ENSG00000162383,SLC1A7,0.668671838336022,0.0068997645274893665,2.931117689052093,1.0040621782934805e-54,up,13.45626390932782,0.668671838336022
ENSG00000187922,LCN10,-1.0790888686586393,0.018172290824689345,-2.995443532806572,3.896164550162117e-57,down,-13.453038843664476,1.0790888686586393
ENSG00000214548,MEG3,1.2360277418336103,1.3408609268092646e-09,0.8753774719476323,1.04093149530684e-32,up,13.441413410071826,0.8753774719476323
ENSG00000119147,C2orf40,1.1938646523591716,2.3417857019973393e-05,1.6287795646472896,3.569720633410888e-44,up,13.437816072838046,1.1938646523591716
ENSG00000120837,NFYB,-0.8426036245163226,7.544388884677352e-09,-0.5658124838335632,2.9778477120833275e-34,down,-13.412016609544967,0.5658124838335632
ENSG00000134046,MBD2,-0.4394868535063116,2.2779870678423364e-06,-0.47256774368992355,1.0743219588420776e-40,down,-13.399325787310529,0.4394868535063116
ENSG00000273237,CTB-119C2.1,-0.9859074142514087,3.674975670696745e-09,-0.9435375744222048,3.284436684325147e-33,down,-13.369738429297154,0.9435375744222048
ENSG00000161570,CCL5,1.0092021625221508,0.0007260841885184544,2.173724082870581,3.656609510875782e-49,up,13.368804436134274,1.0092021625221508
ENSG00000163082,SGPP2,-1.482349705952052,1.9779265010518773e-05,-2.398181033215502,2.365644987216205e-43,down,-13.367821492647286,1.482349705952052
ENSG00000197852,FAM212B,-0.439413459343048,0.03591806792607208,-0.9964519101396545,3.2440027208923855e-58,down,-13.362293891417428,0.439413459343048
ENSG00000232480,RP11-224O19.2,1.1423518407252595,2.7878600108170658e-06,2.1908292482608203,1.5087377972497852e-40,up,13.349078358950281,1.1423518407252595
ENSG00000171533,MAP6,0.48646931609215804,4.368030342653175e-05,0.6123211951368118,2.781908652329216e-44,up,13.342015909001962,0.48646931609215804
ENSG00000138311,ZNF365,0.43797971129534474,0.00015132901042906282,2.1526499614784815,4.490149792061319e-46,up,13.323583132496706,0.43797971129534474
ENSG00000143816,WNT9A,2.6990696976064803,1.1894432532919301e-08,1.9468904182115965,6.077900035577121e-34,up,13.309360559360256,1.9468904182115965
ENSG00000150551,LYPD1,0.732407536349973,0.00037714365942132107,2.7927785473658813,1.8806496144022954e-47,up,13.307013336507168,0.732407536349973
ENSG00000115556,PLCD4,2.0134922004709543,1.0263458323582494e-08,0.959116483934913,1.1349730506457504e-33,up,13.290688971578218,0.959116483934913
ENSG00000197536,C5orf56,0.7464238570155203,5.411502628708562e-10,0.516425141954668,9.024900824299902e-31,up,13.288984221839595,0.516425141954668
ENSG00000173715,C11orf80,0.977770236125226,2.1072930180664015e-05,1.0716131726642977,8.647848042287703e-43,up,13.288621046914438,0.977770236125226
ENSG00000253250,C8orf88,-0.5216417769147614,0.0006175495241339967,-0.8870222067239419,6.742221221900959e-48,down,-13.259601368871445,0.5216417769147614
ENSG00000146592,CREB5,1.9337334673224869,2.2170038776920783e-07,1.0539293113611492,1.0276956453770078e-36,up,13.25790940952246,1.0539293113611492
ENSG00000111664,GNB3,1.1742519841335544,1.1290943629697751e-09,1.0311120048631832,3.2480309447007258e-31,up,13.256863150392354,1.0311120048631832
ENSG00000107821,KAZALD1,1.1235096517841572,1.405123732862892e-08,1.1338418652218378,1.1075844094643238e-33,up,13.249174603566342,1.1235096517841572
ENSG00000103316,CRYM,0.7626007817276271,0.0002384254838429475,1.279315028361066,5.040926731573159e-46,up,13.23103766983711,0.7626007817276271
ENSG00000090006,LTBP4,1.8230510675282225,6.25857352247597e-14,1.1182465824769556,2.1761758840686303e-23,up,13.226670776251106,1.1182465824769556
ENSG00000174348,PODN,1.5256991167974658,5.063052336011305e-09,1.0352611300778143,1.721239826859301e-32,up,13.225029455443378,1.0352611300778143
ENSG00000108272,DHRS11,0.7461594688260282,3.78446946927631e-09,0.5804318867176161,3.548417047652051e-32,up,13.224270175753766,0.5804318867176161
ENSG00000108788,MLX,-0.3300632947484113,0.0025638774036026387,-0.5270370202355004,2.578833109382214e-50,down,-13.222232767618388,0.3300632947484113
ENSG00000122176,FMOD,2.2178115663761666,3.561442385399967e-06,1.599670133916421,7.678091616187091e-40,up,13.221190802002992,1.599670133916421
ENSG00000007062,PROM1,0.9492777969374905,0.0026839137510411516,1.5755829373035992,2.9247374763054076e-50,up,13.205208050951917,0.9492777969374905
ENSG00000178397,FAM220A,-0.5906080917357633,6.767322365065808e-10,-0.47020887661002403,2.1737512383714707e-30,down,-13.204619785315655,0.47020887661002403
ENSG00000109099,PMP22,-0.47943662218940875,5.663113548707116e-06,-0.4174199901426253,2.661782954067908e-40,down,-13.20389977227658,0.4174199901426253
ENSG00000267206,LCN6,-1.046942279177424,0.020997324481420748,-2.521372346341317,4.582633550965441e-55,down,-13.196320017793346,1.046942279177424
ENSG00000172508,CARNS1,1.1553666487182794,7.3383349915912196e-09,1.1426123957522907,1.5086529266861103e-32,up,13.185671480776639,1.1426123957522907
ENSG00000082684,SEMA5B,0.7281237556776833,0.00010396420217982851,1.084932629386383,3.869334198818699e-44,up,13.16881974343916,0.7281237556776833
ENSG00000188536,HBA2,2.5342878141728846,8.428327235719051e-09,3.5285602148289454,1.8622588678171044e-32,up,13.152815950617915,2.5342878141728846
ENSG00000064692,SNCAIP,0.6340582074784757,4.405366525163047e-05,1.0726465815050055,2.0056427681761335e-42,up,13.118686423489907,0.6340582074784757
ENSG00000116396,KCNC4,0.7764307735400013,1.631760532638176e-05,1.0310564113299692,5.566525518447752e-41,up,13.113796268837643,0.7764307735400013
ENSG00000112280,COL9A1,0.8696983993081975,0.0030064826027206477,2.016742139265807,1.1868208099322112e-49,up,13.1096762567709,0.8696983993081975
ENSG00000008394,MGST1,-1.5701500606250849,1.5330634785956967e-06,-1.7399710405338102,7.474452167420662e-38,down,-13.10869423074907,1.5701500606250849
ENSG00000100450,GZMH,0.7168705038862753,0.004297950582545927,2.6042739916721884,5.215777313198406e-50,up,13.066453261696635,0.7168705038862753
ENSG00000134201,GSTM5,0.9512498378965433,9.767557605951606e-05,1.6516578496924788,3.664615783826121e-43,up,13.062225198123215,0.9512498378965433
ENSG00000271738,RP11-137H2.6,-0.45413424774747196,0.00011955170995357275,-0.7349890729103694,1.8953669653572965e-43,down,-13.06026374226254,0.45413424774747196
ENSG00000205363,C15orf59,-1.0329035629120622,8.853588593128548e-12,-0.9941159522873653,1.3296250868303365e-25,down,-13.054523698439086,0.9941159522873653
ENSG00000168610,STAT3,-0.8303587650862294,2.1495278040140402e-07,-0.7980630981655078,4.149979589494262e-35,down,-13.05346555143411,0.7980630981655078
ENSG00000109854,HTATIP2,-0.7325187373953201,1.2952717715532899e-06,-0.67032192548865,3.568950280269715e-37,down,-13.04934173686814,0.67032192548865
ENSG00000103021,CCDC113,0.5711840491304111,2.2945527353150075e-05,0.8561927965739338,6.521229195438368e-41,up,13.048184069718978,0.5711840491304111
ENSG00000197444,OGDHL,1.2173112405636202,0.0001557861499188109,1.7953396991565753,9.909641898335567e-44,up,13.043120087417844,1.2173112405636202
ENSG00000072840,EVC,0.5900506636931425,5.5140410194267364e-05,0.8187294504296111,4.350033309187243e-42,up,13.03876361290323,0.5900506636931425
ENSG00000171962,LRRC48,0.643608027502409,8.527197565887085e-07,0.7704884102062411,2.0218025050103875e-36,up,13.015511813254445,0.643608027502409
ENSG00000184925,LCN12,1.5187607447581948,3.280347817932971e-09,1.6269101934121963,1.7887771515618668e-30,up,13.005764382546058,1.5187607447581948
ENSG00000130037,KCNA5,0.96212604554153,9.610334554817013e-09,0.9637989205301234,1.8673675476817219e-31,up,12.996675428153209,0.96212604554153
ENSG00000122378,FAM213A,-0.4726508463910768,5.287647204714958e-06,-0.5529111555768476,1.8881655852916106e-38,down,-12.985125617992509,0.4726508463910768
ENSG00000080644,CHRNA3,0.6885096279832917,0.0006051919124725855,2.6842473568921528,2.1364816984979376e-45,up,12.97530833344472,0.6885096279832917
ENSG00000129450,SIGLEC9,-0.3321199792135783,0.034850135616869254,-1.6363175696131151,3.407510555394097e-54,down,-12.955589903208981,0.3321199792135783
ENSG00000137857,DUOX1,0.498412579023721,0.0006082737297942986,1.115600030117096,4.350814171590872e-45,up,12.938244046506632,0.498412579023721
ENSG00000141750,STAC2,-0.7829635753609503,2.1597640219558497e-08,-1.9557810783685754,8.69262918192325e-32,down,-12.930960592458314,0.7829635753609503
ENSG00000161381,PLXDC1,0.628730090213854,0.00027303957630527915,0.820671371596517,1.3094732822508178e-43,up,12.922574078260228,0.628730090213854
ENSG00000156466,GDF6,0.6002479962024183,0.001540819695362566,1.9884679391808937,1.7679144444743967e-46,up,12.901415578580984,0.6002479962024183
ENSG00000143196,DPT,1.2197381938691823,2.2457120422833772e-05,1.2410864901366523,1.7140970190675742e-39,up,12.875306512862956,1.2197381938691823
ENSG00000158481,CD1C,0.7710545159603168,0.0001016372789710054,2.1421797083179968,1.1564897148861886e-41,up,12.874161430724246,0.7710545159603168
ENSG00000206172,HBA1,2.241584699535365,8.6431014937264e-08,3.2386015235512446,9.547766856161443e-33,up,12.866120150245498,2.241584699535365
ENSG00000151092,NGLY1,-0.5115563500903881,5.03683511012719e-08,-0.3637361327596782,3.813172382285787e-32,down,-12.860723382328375,0.3637361327596782
ENSG00000235711,ANKRD34C,0.37671219394845123,0.00021849967600072175,2.1661689923672447,1.4248771581558314e-42,up,12.841266982854625,0.37671219394845123
ENSG00000085760,MTIF2,-0.8228906908291735,6.281575403191911e-13,-0.3652307056696868,2.374347154663329e-22,down,-12.840286847923807,0.3652307056696868
ENSG00000211445,GPX3,-0.6756098814240016,1.1100409551440843e-05,-0.7096954084236516,3.0466519670591634e-38,down,-12.837073005173572,0.6756098814240016
ENSG00000054392,HHAT,0.5800384206249454,1.1577285720606829e-07,0.7483024266595281,8.638072111673319e-33,up,12.828788866525048,0.5800384206249454
ENSG00000169604,ANTXR1,1.0665573073537258,1.3834117615982354e-06,0.9287105070382989,1.7090181854251227e-35,up,12.821086130090002,0.9287105070382989
ENSG00000015475,BID,-0.535966160245448,0.00014680869514451534,-0.7100156482454666,8.981378697917701e-42,down,-12.818489451462986,0.535966160245448
ENSG00000270021,CTC-203F4.2,0.5083221444472752,7.314753661317688e-07,1.1148968847292724,1.0718918631742555e-34,up,12.814302989029837,0.5083221444472752
ENSG00000188859,FAM78B,-0.6323898420659301,4.224116854219994e-08,-0.7637030202632731,1.4756197290178203e-31,down,-12.807591441107268,0.6323898420659301
ENSG00000180730,SHISA2,0.45203647434129873,0.00019444403877827066,1.9987455170121804,9.567344298238524e-42,up,12.762698977622177,0.45203647434129873
ENSG00000170088,TMEM192,-0.5463420219929903,2.688239875405773e-08,-0.5224316047742323,8.999859200435122e-31,down,-12.759309202662394,0.5224316047742323
ENSG00000271551,RP11-230C9.2,0.550221813657091,3.4343918977956164e-05,1.1855939304111274,3.9197019544313843e-39,up,12.757356115547235,0.550221813657091
ENSG00000138646,HERC5,0.531993010092827,0.0001360030374318586,0.8001010045689383,4.4869999174298905e-41,up,12.748705640974547,0.531993010092827
ENSG00000020181,GPR124,0.6461906099415397,0.00496701128167463,0.7860672940020416,1.8079622007482898e-47,up,12.745071155711006,0.6461906099415397
ENSG00000103342,GSPT1,-0.5507062843018975,8.669036445211857e-12,-0.3320327181898575,1.3869647269655253e-23,down,-12.738825869082625,0.3320327181898575
ENSG00000051382,PIK3CB,-0.6835595021035449,3.24596424601363e-09,-0.5521540710858261,1.4410904058683844e-28,down,-12.73342064619541,0.5521540710858261
ENSG00000259419,HNRNPCP3,0.33972884714538576,0.0005778795397820794,1.4998485372357395,3.453239513783493e-43,up,12.72305531194243,0.33972884714538576
ENSG00000187566,NHLRC1,0.4697527203625803,0.00011499420437066612,0.8341392685625089,1.5081643194740793e-40,up,12.715409726140447,0.4697527203625803
ENSG00000145681,HAPLN1,1.3332522101250193,0.001861841989446825,2.7694683364545503,3.2714785870058913e-45,up,12.714050777517869,1.3332522101250193
ENSG00000162755,KLHDC9,1.1432497308433198,1.857022403747801e-11,0.9521496082686357,5.510337283280327e-24,up,12.70387999335562,0.9521496082686357
ENSG00000134709,HOOK1,-0.6566014698233114,0.00011984378387199555,-1.5279543180459572,2.3196890060641304e-40,down,-12.684677505459552,0.6566014698233114
ENSG00000186310,NAP1L3,1.608818047143111,4.92162291025375e-10,1.1437081032816214,1.4797603313502734e-26,up,12.683813970035553,1.1437081032816214
ENSG00000144560,VGLL4,0.2861220724868695,0.00592828048658025,0.3905644925504304,2.558748091303468e-47,up,12.683143716992474,0.2861220724868695
ENSG00000149547,EI24,-0.3250236224934669,7.764669684189924e-06,-0.3349801766079522,1.4204055986259284e-36,down,-12.682587967922895,0.3250236224934669
ENSG00000118849,RARRES1,-1.7351409320729643,0.0003108091856490069,-2.0753896754858365,1.0087696307108833e-41,down,-12.669842373053234,1.7351409320729643
ENSG00000157103,SLC6A1,0.9937169832793822,1.834218036568043e-07,1.1536342591454616,5.130690480893456e-32,up,12.656821329676035,0.9937169832793822
ENSG00000123505,AMD1,-0.43678190536800604,0.005889216355145984,-0.9236103009128579,4.84511274098909e-47,down,-12.652722686336253,0.43678190536800604
ENSG00000234028,AC062029.1,0.33089837368611597,2.18147542445407e-05,0.9055234332610933,1.1381083794719228e-37,up,12.650742556266684,0.33089837368611597
ENSG00000211448,DIO2,0.8098480767035225,0.008524668608490707,1.491082267669649,8.726766608794742e-48,up,12.64642563809246,0.8098480767035225
ENSG00000114686,MRPL3,-0.5545678952352947,9.324584686046004e-10,-0.4315977587899533,7.45433272849412e-27,down,-12.64526990544692,0.4315977587899533
ENSG00000205581,HMGN1,0.4168648513525758,0.0002791162298154991,0.5390891503446892,2.6804774122856984e-41,up,12.640062054197184,0.4168648513525758
ENSG00000001626,CFTR,-0.4990840536719075,1.1886030560826221e-06,-2.0812630783864496,6.725586150602209e-34,down,-12.632228016422898,0.4990840536719075
ENSG00000236423,LINC01134,-0.563841279619132,7.3383349915912196e-09,-1.4229540367859475,1.2986718936380356e-28,down,-12.62887196527514,0.563841279619132
ENSG00000118137,APOA1,2.438694510785169,4.767076351606246e-10,1.7447372799700438,3.993890594095393e-26,up,12.621738644691137,1.7447372799700438
ENSG00000171812,COL8A2,0.6574442549035006,0.0007817688605613831,1.428412141847841,7.787342469294435e-43,up,12.619029163846179,0.6574442549035006
ENSG00000106686,SPATA6L,0.5420509949692228,1.1544144024358642e-06,0.8051974098962571,1.0206386814737443e-33,up,12.612555109970215,0.5420509949692228
ENSG00000228109,MFI2-AS1,0.41963942696424233,0.04759173460593482,1.7027948191890012,1.017882488037302e-51,up,12.592434272937691,0.41963942696424233
ENSG00000248049,UBA6-AS1,0.46431801477613055,9.968595929528855e-06,0.49580304357241567,3.359998824361038e-36,up,12.592175270469077,0.46431801477613055
ENSG00000236859,NIFK-AS1,0.4844535831487935,1.6525756314616666e-05,0.49633924086195813,1.1266921907833843e-36,up,12.569445594988151,0.4844535831487935
ENSG00000115758,ODC1,0.8215371594482177,3.2312782563219515e-10,0.5010511923920804,1.8775287838920965e-25,up,12.561175268612883,0.5010511923920804
ENSG00000196616,ADH1B,-1.6565057690476748,1.5318167299721576e-06,-1.506489399325857,1.1960932006931117e-33,down,-12.557728951572038,1.506489399325857
ENSG00000153446,C16orf89,1.3949612871441448,8.058799403928119e-05,1.7432551993869023,1.0104590245872409e-38,up,12.554261725280012,1.3949612871441448
ENSG00000172057,ORMDL3,0.5047735432528199,2.540628169803015e-06,0.4968202727939356,3.620479325642332e-34,up,12.546494056894431,0.4968202727939356
ENSG00000138867,GUCD1,-0.31830454941152686,0.002326572087767698,-0.5663272125305143,4.501517949078201e-44,down,-12.528972949345784,0.31830454941152686
ENSG00000182107,TMEM30B,0.8031218936413566,0.00023706936009587298,1.5719531571619045,3.863398139007438e-40,up,12.528065222430739,0.8031218936413566
ENSG00000110042,DTX4,0.48577065933350233,0.002827999599727297,1.0264532032563678,2.1289902559671354e-44,up,12.52121548086642,0.48577065933350233
ENSG00000163536,SERPINI1,1.0191103544524978,8.72038302714581e-08,0.7224989848386253,4.931868019611311e-30,up,12.486465203503839,0.7224989848386253
ENSG00000115592,PRKAG3,0.3601268153351871,0.004094449221762387,1.9935127002313073,1.1306191395249943e-44,up,12.468070260683735,0.3601268153351871
ENSG00000120833,SOCS2,1.169740218210959,8.036156588246301e-09,0.5605887996611283,2.250211498552346e-27,up,12.430854465182213,0.5605887996611283
ENSG00000125037,EMC3,-0.7098256375868627,2.152407288465557e-12,-0.4889305076884348,8.574293525024664e-21,down,-12.430220286944357,0.4889305076884348
ENSG00000139364,TMEM132B,-0.6904480245761957,1.58510045506085e-08,-1.3917592228192015,5.248726403104427e-28,down,-12.430184238384207,0.6904480245761957
ENSG00000204291,COL15A1,0.8559279467021731,0.001045741817363698,0.9023159082921788,1.1165508603643153e-41,up,12.418847079038224,0.8559279467021731
ENSG00000185652,NTF3,0.5033083462856781,0.00011672541299905148,0.999966315946174,3.695480877270106e-38,up,12.415041486753323,0.5033083462856781
ENSG00000235387,LINC00961,-0.4652550151838577,0.00013651673667141603,-0.8157234934948424,2.201885934256211e-38,down,-12.413865342767359,0.4652550151838577
ENSG00000138193,PLCE1,1.2474148824009084,6.1218174327346e-08,0.9622545498418207,3.9263571809226637e-29,up,12.407622374944212,0.9622545498418207
ENSG00000149599,DUSP15,0.891593832660898,3.833866375156311e-06,1.2556118427433547,1.3446329096947875e-33,up,12.402799955695086,0.891593832660898
ENSG00000179406,LINC00174,0.6283932311580706,2.2176435820943287e-07,0.7649368889767876,2.3204989380128543e-30,up,12.399202871889573,0.6283932311580706
ENSG00000128602,SMO,0.4721478309829291,0.00014049774225490742,0.7151909229270145,3.0857649945796583e-38,up,12.389092286701592,0.4721478309829291
ENSG00000235505,RP11-693N9.2,0.5960808122171708,0.005875724100033016,0.9789335752531491,1.0369791382952867e-44,up,12.384313348514706,0.5960808122171708
ENSG00000036530,CYP46A1,0.7652268922912246,3.5966580863837924e-09,0.7110945432892815,2.4692129060037014e-26,up,12.384085179990082,0.7110945432892815
ENSG00000171658,RP11-443P15.2,-0.5584975523546828,0.00039590284402040804,-1.8514368014473293,1.0110061323903816e-39,down,-12.37582185602776,0.5584975523546828
ENSG00000170439,METTL7B,-1.2313003614640259,9.932359826861829e-05,-1.8160730266320557,1.3446581345332833e-37,down,-12.373142375232673,1.2313003614640259
ENSG00000006210,CX3CL1,1.057253449803677,7.678208507514824e-08,0.9000567935305978,4.588059004105003e-29,up,12.36407605499317,0.9000567935305978
ENSG00000081791,KIAA0141,0.6296371428878319,1.868062272369748e-10,0.34405801693980487,9.043540436645919e-24,up,12.363179372046254,0.34405801693980487
ENSG00000123739,PLA2G12A,-0.7235086083171557,5.643877656462622e-08,-0.5196464508150332,1.0709994986574846e-28,down,-12.35675686606463,0.5196464508150332
ENSG00000169126,ARMC4,0.3268477540472262,0.02046291845309958,1.9184146639121071,3.186749559152217e-47,up,12.345893070991162,0.3268477540472262
ENSG00000171476,HOPX,-2.083917709662059,5.1685558390401575e-05,-2.172801840052827,1.9027014131570902e-36,down,-12.34429254557957,2.083917709662059
ENSG00000134470,IL15RA,-0.45970334691603504,0.006789800362879595,-0.8795366025518561,1.1306191395249943e-44,down,-12.343437644048347,0.45970334691603504
ENSG00000110076,NRXN2,1.0037184119245468,0.00012068139826875358,1.751186963110939,1.3198033731287335e-37,up,12.338143250208619,1.0037184119245468
ENSG00000076344,RGS11,0.7767553558083957,1.1886030560826221e-06,1.0915892658011654,9.987766454432126e-32,up,12.335869196908385,0.7767553558083957
ENSG00000081803,CADPS2,-0.8738220723182235,1.5607993471414638e-06,-0.7918281757054424,4.8390670628019443e-32,down,-12.33576651168297,0.7918281757054424
ENSG00000102226,USP11,0.8471306874367438,0.0035152509817602375,0.5694642817149487,3.0510505714218837e-43,up,12.333388704443639,0.5694642817149487
ENSG00000224536,RP11-134G8.7,1.3230159974459326,2.3169535965196135e-10,0.8107160762993795,1.0462040634272601e-23,up,12.326977261366778,0.8107160762993795
ENSG00000270959,LPP-AS2,0.8797965785202935,9.843753918407012e-11,0.6796999261097313,5.1894946715758135e-23,up,12.319190750685044,0.6796999261097313
ENSG00000118971,CCND2,0.8976018439196733,2.7353472749409426e-07,0.550435862903713,6.852064976760372e-30,up,12.299158462738362,0.550435862903713
ENSG00000011028,MRC2,1.4163912591116488,2.4410462531083393e-06,1.2907847273174553,2.699684762463265e-32,up,12.298724124274987,1.2907847273174553
ENSG00000196136,SERPINA3,-2.644963790335892,1.2244071671845677e-08,-2.124518581398039,7.37974391584641e-27,down,-12.29871525544655,2.124518581398039
ENSG00000049089,COL9A2,0.6961692786658187,1.805251685877861e-06,1.3556797647996763,6.78887005687435e-32,up,12.291513667952415,0.6961692786658187
ENSG00000233968,RP11-354E11.2,0.38451822647917244,0.008262435743968986,2.104697779009873,1.2748370845728287e-44,up,12.287988655530285,0.38451822647917244
ENSG00000135114,OASL,0.40470660427165234,0.01973685198891295,1.8443697400560837,1.5969530128336079e-46,up,12.27705804834736,0.40470660427165234
ENSG00000140688,C16orf58,0.611697520955907,1.089626173105423e-08,0.4825454466903726,1.5042851263827742e-26,up,12.265441086438443,0.4825454466903726
ENSG00000247746,USP51,0.213030759643702,0.034175890960395854,0.8188721354490297,9.050339910482893e-48,up,12.257133628189655,0.213030759643702
ENSG00000143786,CNIH3,0.5991768156211462,1.6293698045023369e-06,0.8365579665985949,1.6503209496971083e-31,up,12.254705603070288,0.5991768156211462
ENSG00000134153,EMC7,-0.48054791405591785,4.030775479726464e-09,-0.2985470572240817,1.2957704351784828e-25,down,-12.253898902957905,0.2985470572240817
ENSG00000121898,CPXM2,1.2735465702597912,0.0001620850924234006,1.3788596222707206,2.3844009359668725e-37,up,12.249073490554332,1.2735465702597912
ENSG00000044446,PHKA2,-0.5519921601208283,5.918220552812283e-07,-0.5507709924793489,2.741187785242461e-30,down,-12.239824299096924,0.5507709924793489
ENSG00000115593,SMYD1,-0.5934676298962771,1.8813907009109408e-08,-0.7006671737199497,8.640276904011373e-27,down,-12.225395659115959,0.5934676298962771
ENSG00000123453,SARDH,0.31538139517106045,0.001798548292427094,1.5643899990171504,4.844537549175858e-41,up,12.222343294880998,0.31538139517106045
ENSG00000260267,RP11-452L6.5,0.5864661638035646,6.44777672561286e-09,0.6037380458557391,9.852149713788005e-26,up,12.209990297888318,0.5864661638035646
ENSG00000196684,HSH2D,0.3748039713551269,0.006463843908525241,1.9427351412451759,2.29226672092306e-43,up,12.201100653307032,0.3748039713551269
ENSG00000144152,FBLN7,0.5803461743803021,0.00013149162745023556,1.499659532649225,1.241254097130816e-36,up,12.195700201075809,0.5803461743803021
ENSG00000248587,GDNF-AS1,0.3011980506416321,0.0019026374192398416,1.7653397938760755,6.54887547301885e-41,up,12.193623542291075,0.3011980506416321
ENSG00000103404,USP31,-0.4723563990539724,0.00047570100462237955,-0.8751200371288674,1.5442648438147146e-38,down,-12.19303419572909,0.4723563990539724
ENSG00000106771,TMEM245,-0.6937018246443966,2.2506685460176185e-08,-0.6569650660452563,1.1235407465802797e-26,down,-12.184552692677132,0.6569650660452563
ENSG00000267653,RP1-193H18.3,-1.1369458604325966,0.017727750031960615,-2.6051834973212316,1.9553841927078092e-45,down,-12.180819742256599,1.1369458604325966
ENSG00000165609,NUDT5,-0.5844811969244963,8.939874102487406e-07,-0.40756537358899286,2.6945263060354874e-30,down,-12.179465672062836,0.40756537358899286
ENSG00000153558,FBXL2,0.6341484605525485,2.7353472749409426e-07,0.6743833056721725,4.7821810840129914e-29,up,12.17781330129843,0.6341484605525485
ENSG00000196358,NTNG2,1.0378703960546556,1.4312945232959303e-09,1.149176211451367,3.1002714109381518e-24,up,12.177705873425033,1.0378703960546556
ENSG00000261115,TMEM178B,-0.8174307860689767,3.805999259479203e-05,-1.2878108052260828,9.305980174292385e-35,down,-12.177203796602292,0.8174307860689767
ENSG00000000005,TNMD,1.3205777863912935,0.0012918835223797746,2.5762200174164565,5.202377260013216e-40,up,12.167794565823257,1.3205777863912935
ENSG00000161888,SPC24,-0.829042004673555,1.722622782878533e-08,-1.0343955347063465,2.7839564718650054e-26,down,-12.159345444491981,0.829042004673555
ENSG00000143321,HDGF,-0.5978941709349135,8.138689211741415e-15,-0.22758339612755515,5.437209326437637e-16,down,-12.157510320834746,0.22758339612755515
ENSG00000143603,KCNN3,0.38716170747574846,0.037947250485080755,1.2136011424277444,3.8612574531041107e-47,up,12.152486256461225,0.38716170747574846
ENSG00000229221,HNRNPA1P66,0.7845163259408336,0.00010977944316502203,2.21563448574724,5.578513534728731e-36,up,12.144766108706138,0.7845163259408336
ENSG00000148498,PARD3,-0.6998453008613369,4.921609425875503e-09,-0.42156356753981644,4.655820086705694e-25,down,-12.14117533918019,0.42156356753981644
ENSG00000119650,IFT43,0.9039711933839686,5.4821226356406575e-11,0.6585944045450125,1.749762371442487e-21,up,12.137383104419435,0.6585944045450125
ENSG00000225756,DBH-AS1,0.3096432404944157,0.002336742439467881,1.7449455428847842,7.868546472217326e-41,up,12.136467454066707,0.3096432404944157
ENSG00000145882,PCYOX1L,0.47946840972208254,0.0015399860378737629,0.5869621313016736,5.6406458730112145e-40,up,12.123573706109912,0.47946840972208254
ENSG00000110092,CCND1,0.5816244315308057,0.00032305947109769265,0.634781394984035,2.4382044248947434e-37,up,12.116068692738738,0.5816244315308057
ENSG00000156049,GNA14,0.398523916707568,0.04029873861841814,1.2258416001129302,5.603175918909143e-47,up,12.114874164997735,0.398523916707568
ENSG00000196666,FAM180B,0.4917966994675177,0.0007504385055393992,2.0393111968065374,1.4203269579708947e-38,up,12.104904398629689,0.4917966994675177
ENSG00000224165,DNAJC27-AS1,0.929718245440253,1.6404016069195041e-06,1.3109011739019087,2.540917172406789e-30,up,12.086323201074658,0.929718245440253
ENSG00000173598,NUDT4,-0.6532273543047357,5.364217328724905e-05,-1.0111860642230717,1.5654059187529066e-34,down,-12.086247108426095,0.6532273543047357
ENSG00000266743,RP11-94B19.6,0.9139674430202736,5.565346655650325e-05,1.9851318532659872,1.8227414449442087e-34,up,12.070802220612256,0.9139674430202736
ENSG00000171103,TRMT61B,-0.5989883950561541,6.12348844194655e-08,-0.4772727209438148,9.71572548587293e-27,down,-12.051431255383601,0.4772727209438148
ENSG00000128918,ALDH1A2,0.8902118913640983,4.305956556934565e-05,0.8764889104652701,5.575979875435072e-34,up,12.050702968705894,0.8764889104652701
ENSG00000149260,CAPN5,0.40979583288935584,0.009617580294626069,0.8683509627031727,5.8892698321049225e-43,up,12.050410847196959,0.40979583288935584
ENSG00000259877,RP11-46C24.7,0.3624692947397143,0.002624984194713379,0.6912275974645348,2.6593767394981793e-40,up,12.043502983233815,0.3624692947397143
ENSG00000214021,TTLL3,0.9887001042882603,5.153867547101452e-10,0.5947054461888269,1.424548751147168e-22,up,12.043008890341712,0.5947054461888269
ENSG00000161940,BCL6B,1.0998436502936793,1.898521568278368e-05,0.9527561396497308,7.348269016592226e-33,up,12.04029960122801,0.9527561396497308
ENSG00000103642,LACTB,-0.8918537201890792,6.986104046805568e-11,-0.4097898304417853,4.086310906496879e-21,down,-12.036978104036324,0.4097898304417853
ENSG00000196922,ZNF252P,-0.9968164125287131,1.06539433113181e-12,-0.4222734114247074,3.435169763157121e-18,down,-12.032648572331022,0.4222734114247074
ENSG00000174332,GLIS1,0.4123692450761031,0.002162343906871305,2.2846546909044076,7.597222210118979e-40,up,12.031983648915785,0.4123692450761031
ENSG00000137054,POLR1E,0.7932222456674669,1.1378232814963404e-09,0.4795078176264937,4.303987279597741e-23,up,12.026944166088596,0.4795078176264937
ENSG00000078098,FAP,1.4591531828279978,0.00011775913924861907,1.6396394511641004,3.680409495785047e-35,up,12.026545103572612,1.4591531828279978
ENSG00000197124,ZNF682,-0.543420649669737,0.000591471543849355,-0.8259711204752456,1.4501675939680884e-37,down,-12.024033651687025,0.543420649669737
ENSG00000149256,TENM4,0.3951452719678016,0.012720719292822804,1.5751155628779245,2.401528204048612e-43,up,12.023483701080366,0.3951452719678016
ENSG00000125378,BMP4,1.0113442515336823,2.5712851036073764e-07,0.8020750052388378,6.230841538310373e-28,up,12.02210336945698,0.8020750052388378
ENSG00000128805,ARHGAP22,0.9073597916998262,5.058326713901118e-06,1.007450369841494,3.948438493686591e-31,up,12.019746022822266,0.9073597916998262
ENSG00000196338,NLGN3,0.2577715978985796,0.0022181693835072653,0.9487185778324795,8.499502514026632e-40,up,12.019460032235603,0.2577715978985796
ENSG00000185761,ADAMTSL5,1.2191799312370408,7.80192424957321e-12,0.5972302714456676,2.854527352616792e-19,up,12.016565494944073,0.5972302714456676
ENSG00000168056,LTBP3,0.47870324821807897,0.00029891516279031754,0.8683066274367955,1.9643287135115058e-36,up,12.014878195685954,0.47870324821807897
ENSG00000116883,RP11-268J15.5,0.5500542123904993,4.765748486873088e-05,0.9310047804919628,8.897051815040083e-34,up,12.005355414473094,0.5500542123904993
ENSG00000171160,MORN4,0.3330628403341484,0.029885493838766597,0.7371030132656593,3.649807785797037e-45,up,11.997820845194903,0.3330628403341484
ENSG00000073008,PVR,-0.6604658560585884,3.4343918977956164e-05,-0.7319733763004345,3.015308136951996e-33,down,-11.9914432842782,0.6604658560585884
ENSG00000117152,RGS4,0.9591534010746531,0.018521229578394076,1.9394169531546357,6.464748950934446e-44,up,11.990614161912774,0.9591534010746531
ENSG00000105374,NKG7,0.989717762660408,0.0019095841469686865,2.2137661196512473,3.146641160836191e-39,up,11.984061929832869,0.989717762660408
ENSG00000167646,DNAAF3,0.7227562286165046,5.635875666719766e-07,1.37952562228706,1.9207408868368263e-28,up,11.980596047340674,0.7227562286165046
ENSG00000188176,SMTNL2,-1.1084612587311584,7.543812173741994e-07,-1.043142047679455,1.023543403425442e-28,down,-11.9781347083489,1.043142047679455
ENSG00000113296,THBS4,1.7670574856800294,1.4037073622705595e-05,1.3095598848180714,5.308550376617301e-32,up,11.972245792050886,1.3095598848180714
ENSG00000138381,ASNSD1,-0.5455022715168293,8.454852469962936e-07,-0.3698128515306712,9.111376792401037e-29,down,-11.967136190132143,0.3698128515306712
ENSG00000110811,LEPREL2,1.0918518015839072,3.786747200682503e-09,0.9914794951227526,1.0258346065258329e-23,up,11.961703566629623,0.9914794951227526
ENSG00000225361,PPP1R26-AS1,0.19240150578655166,0.03866067558240634,1.1206136826486508,1.7280167276220654e-45,up,11.957156142951908,0.19240150578655166
ENSG00000137959,IFI44L,0.7404832789904527,0.009284096260558065,1.3251981936122346,4.3948324051263775e-42,up,11.954993628864344,0.7404832789904527
ENSG00000156535,CD109,-0.3951207559785025,0.003917224997877616,-1.0482458092172038,2.6593767394981793e-40,down,-11.951000504411969,0.3951207559785025
ENSG00000066185,ZMYND12,0.6035661047583183,0.0005444447832654777,1.0487586703981073,7.451068262346598e-37,up,11.950797053120061,0.6035661047583183
ENSG00000127124,HIVEP3,-0.5234326616238975,9.450943444892062e-06,-0.6300256297223674,2.4181515345300455e-31,down,-11.948455792070993,0.5234326616238975
ENSG00000180398,MCFD2,-0.4624500299980252,3.0376038714341754e-07,-0.624172708027607,1.3689588593880883e-27,down,-11.94577198497825,0.4624500299980252
ENSG00000082196,C1QTNF3,0.5889895754594499,0.002399834784790052,1.1055500829579143,2.568006398894612e-39,up,11.942359051026639,0.5889895754594499
ENSG00000180644,PRF1,0.5956677415086847,0.003990173316870358,1.7771245765303598,3.4902119973347447e-40,up,11.931898628329408,0.5956677415086847
ENSG00000064201,TSPAN32,1.2082858236044316,4.3167698033729033e-10,1.06652246571965,9.019643907116578e-22,up,11.931850428919898,1.06652246571965
ENSG00000198464,ZNF480,-0.7318217664856973,7.534900814685088e-08,-0.3688575655036315,4.9368759654939804e-26,down,-11.912265095650186,0.3688575655036315
ENSG00000132681,ATP1A4,0.4322889872525895,0.00829760559055454,1.7602905748800521,1.7760407527134128e-41,up,11.91012550135181,0.4322889872525895
ENSG00000119681,LTBP2,1.5009931575501072,5.8619822073853505e-05,1.2863079871750869,2.6420512583328797e-33,up,11.904970635539739,1.2863079871750869
ENSG00000155085,AK9,-0.9227876080921067,1.55214335677157e-10,-0.6308136266556738,6.993292112809363e-21,down,-11.902129520922871,0.6308136266556738
ENSG00000099365,STX1B,0.6695834706570708,4.2600618455422515e-06,0.9237783761245661,4.4913569827418065e-30,up,11.898620227788735,0.6695834706570708
ENSG00000164089,ETNPPL,-2.0181609982517292,5.315965853790004e-07,-1.5321613105938023,9.68398765314661e-28,down,-11.884427127143905,1.5321613105938023
ENSG00000092009,CMA1,0.7262570345797226,0.0019418185254960773,2.473973920897809,2.5326344790904535e-38,up,11.866367590334692,0.7262570345797226
ENSG00000159387,IRX6,1.7851232749382118,2.945838994089732e-07,1.2767308774034871,5.7553546345760285e-27,up,11.858491542128466,1.2767308774034871
ENSG00000244227,RP11-298O21.5,0.8798148984348733,0.0008817572196904489,1.3544626324431581,6.64138896603389e-37,up,11.858430762317262,0.8798148984348733
ENSG00000132530,XAF1,0.6851567461091297,0.0018664544247707102,0.855743021183674,3.8859231803643367e-38,up,11.852170261287839,0.6851567461091297
ENSG00000100711,ZFYVE21,0.4982195425127733,3.1055387137724444e-08,0.2277287352026791,8.419694530629955e-25,up,11.847865614281663,0.2277287352026791
ENSG00000253304,TMEM200B,0.5523652646210062,0.00016805678456959552,0.6347130777082418,2.5149035117249957e-34,up,11.847773121179914,0.5523652646210062
ENSG00000141497,ZMYND15,0.3934800694581406,0.0006602266488089566,1.2923672842465703,2.3831650758273334e-36,up,11.845408433774198,0.3934800694581406
ENSG00000262758,CTD-3195I5.1,0.5080085921834364,5.918872790984823e-10,0.3164476748070857,1.8573150480304934e-21,up,11.839278293974415,0.3164476748070857
ENSG00000172992,DCAKD,0.5293367643759411,1.2605472634940542e-07,0.4133792708690874,6.318000317572166e-26,up,11.82049199073956,0.4133792708690874
ENSG00000134121,CHL1,-1.545405702096019,2.652521708539051e-10,-1.2139869747083856,9.02202618914639e-21,down,-11.816565640170413,1.2139869747083856
ENSG00000176293,ZNF135,0.3801746561524416,0.00018410913928069297,0.48690252511444454,3.2648527538945224e-34,up,11.815436361951809,0.3801746561524416
ENSG00000067601,PMS2P4,0.5099049484473615,0.00014013255356103933,0.5801142392056791,9.385553201255378e-34,up,11.804569347231181,0.5099049484473615
ENSG00000157538,DSCR3,-0.37270809605000926,1.8190896402163123e-07,-0.3457171480363944,4.049362505556595e-26,down,-11.800369561113039,0.3457171480363944
ENSG00000131368,MRPS25,-0.8953655312096638,2.5623975631541252e-11,-0.48517484969222086,8.0354611085716e-19,down,-11.7806170689169,0.48517484969222086
ENSG00000090530,LEPREL1,1.4546002823678046,0.00021936633920191376,1.5281504066940772,3.3710441591182745e-34,up,11.780252853315705,1.4546002823678046
ENSG00000119487,MAPKAP1,-0.24812853959026498,0.0002347769705724651,-0.3173899351243698,2.801667927633233e-34,down,-11.77825129543764,0.24812853959026498
ENSG00000249816,LINC00964,-0.8924560857978044,0.0003107780035070757,-1.758004020011039,1.2481820166337157e-34,down,-11.77153017772263,0.8924560857978044
ENSG00000260000,RP3-467N11.1,0.681854130732048,0.00017005811420114532,1.0929873390614453,8.970523558547246e-34,up,11.771106094865305,0.681854130732048
ENSG00000017373,SRCIN1,0.7056358888218134,2.813531860559129e-05,1.1521468400172687,2.302109161644938e-31,up,11.767961525802772,0.7056358888218134
ENSG00000138587,MNS1,0.4496917858543897,0.002894899741608226,1.0330355171586778,3.510546413444793e-38,up,11.756216836517059,0.4496917858543897
ENSG00000205084,TMEM231,0.4470689204687613,0.0008728810286715759,0.585580073605181,5.223385831777511e-36,up,11.743320921944502,0.4470689204687613
ENSG00000121671,CRY2,0.5782635113013102,2.2187735084002062e-07,0.4858264529413054,6.350948121420601e-26,up,11.74070783877893,0.4858264529413054
ENSG00000026950,BTN3A1,0.7483752767508904,0.00036816297544037474,0.9402477566353649,1.2672098548483504e-34,up,11.737269605723313,0.7483752767508904
ENSG00000114735,HEMK1,0.46541047501681754,1.3464701030981821e-06,0.5142581674609501,1.253533133712363e-27,up,11.727139118730395,0.46541047501681754
ENSG00000035681,NSMAF,-0.6864719087308867,6.673255395206919e-11,-0.29391403149531425,2.618958235828693e-19,down,-11.726259746758693,0.29391403149531425
ENSG00000198431,TXNRD1,-0.8672837046540255,3.1787251749979586e-05,-0.9450381577081319,3.7872320055897903e-31,down,-11.715789535347248,0.8672837046540255
ENSG00000145725,PPIP5K2,-0.9153482911035661,8.51183576544692e-09,-0.8692959782494819,7.138592030082533e-23,down,-11.714742694938433,0.8692959782494819
ENSG00000225526,C3orf83,1.9349700250161712,1.6002345505837963e-05,2.5501881126800185,2.794168048714349e-30,up,11.710410820291044,1.9349700250161712
ENSG00000134716,CYP2J2,0.6901785912859139,9.580877902484637e-05,0.837081393552696,1.6166168134966393e-32,up,11.708830972032377,0.6901785912859139
ENSG00000213996,TM6SF2,0.5096384759606227,1.063257006862856e-05,1.2205282212287343,1.0270230384994371e-29,up,11.697500046335925,0.5096384759606227
ENSG00000048707,VPS13D,-0.6896324725361175,0.0013048193243813976,-0.7681789401736735,2.8873778160178125e-36,down,-11.691313469650748,0.6896324725361175
ENSG00000198838,RYR3,0.490204135215094,0.0491917845841071,1.892514185687817,7.136638492686738e-44,up,11.690815346308407,0.490204135215094
ENSG00000258274,RP11-887P2.5,0.56885833449277,0.00025720360069203795,1.4655386295550716,9.385553201255378e-34,up,11.689421461518528,0.56885833449277
ENSG00000079931,MOXD1,0.7404857307703742,0.003128837157606349,1.3133303129892915,8.652242412120138e-38,up,11.688387785485478,0.7404857307703742
ENSG00000166106,ADAMTS15,-0.4662457100702222,0.00940255729244396,-0.9937512452424203,6.329209797510173e-40,down,-11.686465724267553,0.4662457100702222
ENSG00000004866,ST7,-0.3057096666259344,0.0008370884944210563,-0.3899547858321127,1.8408257632674408e-35,down,-11.681829748875769,0.3057096666259344
ENSG00000205835,GMNC,-0.5015176008963743,3.316182407875168e-06,-1.8662722024758602,2.9275173753261723e-28,down,-11.674719215101575,0.5015176008963743
ENSG00000107518,ATRNL1,1.3511388196084275,2.4515288999841117e-09,1.5372652921055634,1.6904969565391702e-21,up,11.663435891599521,1.3511388196084275
ENSG00000114302,PRKAR2A,-1.098192895995852,1.4814997428164554e-10,-0.4595598965776009,1.8739441877699891e-19,down,-11.656002319786205,0.4595598965776009
ENSG00000169372,CRADD,0.8841934375626915,8.138689211741415e-15,0.26198705981463205,1.0152494940138047e-13,up,11.649497809507539,0.26198705981463205
ENSG00000158006,PAFAH2,0.6301066064917356,0.0013153920210273824,0.6393381387026215,6.271896748049224e-36,up,11.644613254658612,0.6301066064917356
ENSG00000117394,SLC2A1,-0.37357278109400066,0.04475152120605248,-0.9115845676200571,3.4080639716722474e-43,down,-11.639347237373366,0.37357278109400066
ENSG00000121933,ADORA3,-0.6623931849629743,0.012370680475633025,-1.5842118043526332,4.758996872522676e-40,down,-11.629309632296742,0.6623931849629743
ENSG00000135766,EGLN1,-0.5766148429831746,4.733906053532749e-05,-0.7388852426071254,5.726600761896565e-31,down,-11.62098605281477,0.5766148429831746
ENSG00000163902,RPN1,-0.37560601277977057,9.980099139113264e-07,-0.3569068956082122,1.4797603313502734e-26,down,-11.611939414334614,0.3569068956082122
ENSG00000250392,RP11-700N1.1,1.1830085673045212,3.838075312743609e-11,0.7281652945039909,3.600158070036506e-18,up,11.60990816394911,0.7281652945039909
ENSG00000157601,MX1,0.6302409423616795,0.031789798068162775,1.046622473165521,5.3263075883696767e-42,up,11.600930685713461,0.6302409423616795
ENSG00000165929,TC2N,-1.2111497215339437,1.834218036568043e-07,-1.1332340421331577,8.602036610397234e-25,down,-11.590501564506624,1.1332340421331577
ENSG00000138378,STAT4,0.929798597217839,0.006380087873092336,1.8044552106866212,2.382559874695761e-38,up,11.588179290134397,0.929798597217839
ENSG00000065833,ME1,-0.656503679085311,1.1498394681103276e-09,-0.5598028757238568,1.751585580917095e-20,down,-11.582522136951212,0.5598028757238568
ENSG00000170745,KCNS3,0.41687942014182,0.04161300246531577,0.8637269286605451,2.0486404383346975e-42,up,11.569203915554485,0.41687942014182
ENSG00000231298,LINC00704,-0.3512584531933622,0.005878818385652038,-1.6882486266126748,4.870787214401898e-38,down,-11.569167539814313,0.3512584531933622
ENSG00000090920,FCGBP,-0.6268756635548249,1.068315408060171e-07,-1.8350687429878583,4.288764305858094e-24,down,-11.557291709372754,0.6268756635548249
ENSG00000141030,COPS3,-0.46793330420194107,1.3954616479736947e-08,-0.27970009096019544,2.656412121983984e-22,down,-11.553518247282671,0.27970009096019544
ENSG00000118298,CA14,-1.7477400691128606,1.5289488500591573e-06,-1.588802772060765,1.37112853088546e-26,down,-11.550077041575818,1.588802772060765
ENSG00000261971,RP11-473M20.7,0.7466145646019104,8.328196882645173e-07,0.7778784413733904,5.851796375039023e-26,up,11.546516675147645,0.7466145646019104
ENSG00000152527,PLEKHH2,1.0646561963218604,1.361437091407347e-05,1.2929559997711326,8.510718662448418e-29,up,11.522882487708458,1.0646561963218604
ENSG00000169964,TMEM42,0.6750132011792334,1.3500092922401318e-09,0.4723397443248547,3.159122545289581e-20,up,11.517359281940271,0.4723397443248547
ENSG00000175832,ETV4,0.5871019768669694,0.001488239265210932,1.4696389405158365,4.185963824562279e-35,up,11.510734190386868,0.5871019768669694
ENSG00000198794,SCAMP5,1.0202852953983352,2.5348407869740306e-08,0.8908248827919869,1.5939209896762088e-22,up,11.507182127295042,0.8908248827919869
ENSG00000109667,SLC2A9,-0.47066174256802623,0.00023732874975334144,-0.6412992887627462,3.350473714366367e-32,down,-11.493674253894943,0.47066174256802623
ENSG00000229644,NAMPTL,-1.1892039196141264,1.9878416395223804e-09,-1.1785784267719002,2.2774783578258743e-20,down,-11.492767017431493,1.1785784267719002
ENSG00000259315,RP11-752G15.9,0.4816526198387336,0.0003951736034339499,1.1946200821216646,8.257697733786137e-33,up,11.478337972768205,0.4816526198387336
ENSG00000255458,RP11-539G18.2,0.41168849941469743,0.0012975409995903428,1.0370500954434696,1.2668379725592404e-34,up,11.477615767733441,0.41168849941469743
ENSG00000183153,GJD3,0.593093309419848,5.563076924562198e-05,0.9986027089679953,3.9753995024308496e-30,up,11.47385855686255,0.593093309419848
ENSG00000082146,STRADB,-0.5770037293112394,2.924156621414445e-07,-0.4910722330748965,1.8910545334929555e-24,down,-11.467667514561828,0.4910722330748965
ENSG00000215039,CD27-AS1,0.25907962146880403,0.04969954794403544,0.6398539272196224,4.859856724118748e-42,up,11.466944198306939,0.25907962146880403
ENSG00000188488,SERPINA5,-0.7930843514325174,4.566940212834157e-05,-1.3301607387595342,9.267520719716677e-30,down,-11.45552235522501,0.7930843514325174
ENSG00000223802,CERS1,0.7612311263893865,2.097438048439875e-06,1.7389403998022097,2.930703755982242e-26,up,11.4472049685473,0.7612311263893865
ENSG00000160818,GPATCH4,-0.7347110248345572,1.3270908886171558e-08,-0.5285239357632107,1.3708751692379787e-21,down,-11.442994928178644,0.5285239357632107
ENSG00000141576,RNF157,-1.2303207355165662,5.643725374326749e-05,-1.0024434699637077,8.526458201730504e-30,down,-11.422950572539577,1.0024434699637077
ENSG00000108395,TRIM37,-0.6181783994725787,7.48044608026071e-09,-0.4775874604758334,5.591190199507143e-21,down,-11.413495651185453,0.4775874604758334
ENSG00000253320,KB-1507C5.2,0.7398107607010281,1.8742474578788256e-08,0.5071485966882221,1.1159365773037884e-21,up,11.40634555250437,0.5071485966882221
ENSG00000140287,HDC,0.6852327733822763,0.0008962354894846077,1.6512639858188396,1.68613462420651e-33,up,11.405600870304992,0.6852327733822763
ENSG00000145649,GZMA,0.5446429726888383,0.028469027302489836,1.7755275260005707,5.4636056463516264e-40,up,11.388262504318138,0.5446429726888383
ENSG00000165698,C9orf9,0.5530274244462006,3.514393419493462e-05,0.800334164737546,6.403683593920967e-29,up,11.380486857513851,0.5530274244462006
ENSG00000223923,AC010136.2,0.3158977607571636,0.016657435713310322,1.3271688191154127,1.1407127509876959e-38,up,11.377524116818929,0.3158977607571636
ENSG00000164283,ESM1,0.5857809125505699,0.0013033619370204027,2.2207406884754524,7.181888447794647e-34,up,11.37512993781207,0.5857809125505699
ENSG00000135945,REV1,-0.9342418395216879,9.296895731281994e-07,-0.6821128097781686,6.0597596002963525e-25,down,-11.371851625750665,0.6821128097781686
ENSG00000054277,OPN3,-0.40864936582586675,0.00222546508226747,-0.6568853216928758,9.89475720062204e-35,down,-11.370780953939407,0.40864936582586675
ENSG00000183160,TMEM119,1.1454770376468923,0.0004366121741330823,1.7822281745161526,3.674850310749901e-32,up,11.369228347155948,1.1454770376468923
ENSG00000163666,HESX1,0.6275998981588654,3.111268355016136e-06,0.751784663746082,4.175436330647641e-26,up,11.36044438218996,0.6275998981588654
ENSG00000100605,ITPK1,-0.7988514784703907,2.0247184188462916e-11,-0.524401819055859,1.8454045211006197e-16,down,-11.359105198594737,0.524401819055859
ENSG00000180228,PRKRA,-0.3308966366884793,1.4338337206056053e-07,-0.2899576744793643,3.981267450312865e-23,down,-11.35726826483834,0.2899576744793643
ENSG00000019582,CD74,1.0227242740260574,6.0452185389728125e-06,0.880066364042664,1.0079379725834624e-26,up,11.348411049154548,0.880066364042664
ENSG00000236208,C10orf71-AS1,0.6431016313477257,3.1518099837352665e-05,1.1606629288904762,1.596436416250967e-28,up,11.341967517578963,0.6431016313477257
ENSG00000137573,SULF1,0.8988121481342831,0.005802791020591333,1.1751134097278784,3.312967914887922e-36,up,11.336612976341094,0.8988121481342831
ENSG00000124343,XG,1.004558933688736,0.0006943386365272766,1.9994411013579252,1.5565618228382604e-32,up,11.327340269449348,1.004558933688736
ENSG00000138303,ASCC1,-0.23324735973324567,0.0030172333272273037,-0.4468671406893342,6.209357049116688e-35,down,-11.326791662549901,0.23324735973324567
ENSG00000106077,ABHD11,0.6091906533088738,5.545267095489235e-09,0.7112681423628963,3.066441008473738e-20,up,11.322834571709556,0.6091906533088738
ENSG00000073111,MCM2,0.6273329389977488,8.416203736515715e-08,0.49061758965094365,2.110203800521597e-22,up,11.315615273331636,0.49061758965094365
ENSG00000175206,NPPA,3.9073955210775617,1.3136729179459598e-05,2.200988204273308,2.5606400212614065e-27,up,11.309476119326701,2.200988204273308
ENSG00000160111,CPAMD8,-0.5436640553136806,0.03087451556261639,-1.1988036234401926,1.4939518104709572e-39,down,-11.309211168883438,0.5436640553136806
ENSG00000092969,TGFB2,1.3374877124937115,1.255809785488107e-05,1.382484374960018,3.265521362990643e-27,up,11.302070330175471,1.3374877124937115
ENSG00000228794,LINC01128,-0.42102534479700093,0.00013127902381035195,-0.847999125123439,5.732264979388313e-30,down,-11.29210271093777,0.42102534479700093
ENSG00000074047,GLI2,0.2701664109158857,0.04076717011011719,1.2554183810654542,4.441438864843165e-40,up,11.289512151214138,0.2701664109158857
ENSG00000260065,CTA-445C9.15,-0.334237743925578,0.038089789088115306,-1.001930351951734,7.0397396586892875e-40,down,-11.285752837018768,0.334237743925578
ENSG00000111237,VPS29,-0.4109650978790121,5.643877656462622e-08,-0.3083498783380304,8.413194843340301e-22,down,-11.272750231794797,0.3083498783380304
ENSG00000130813,C19orf66,0.770403529593899,1.560412631786115e-06,0.5245629700403452,8.379169507356891e-25,up,11.268009173316868,0.5245629700403452
ENSG00000227082,AL592494.5,0.7291445039759986,9.41769704325912e-08,0.9957912246461547,3.2794674430964303e-22,up,11.26541263928834,0.7291445039759986
ENSG00000166912,MTMR10,-0.4816609049722878,3.711750044587901e-08,-0.37681445768334654,2.532545921409278e-21,down,-11.252148016376786,0.37681445768334654
ENSG00000096063,SRPK1,-0.5664924099268731,2.945838994089732e-07,-0.43100167099701364,4.2124521539000125e-23,down,-11.248486588005424,0.43100167099701364
ENSG00000272327,RP11-1002K11.1,0.4014896158810782,0.007562796486131876,2.0273794985497053,5.544811120193809e-36,up,11.24007517046447,0.4014896158810782
ENSG00000180616,SSTR2,-0.35512329260016,0.008734252360537702,-1.3798550189454515,3.103402928009836e-36,down,-11.237959733789118,0.35512329260016
ENSG00000261671,RP11-573G6.6,0.45767686378172184,2.825036153503489e-06,1.1685564339354089,3.2409965857967737e-25,up,11.237851923581003,0.45767686378172184
ENSG00000003436,TFPI,-0.672389448168344,0.0004812936893152128,-0.7364013124294974,2.560221830961081e-31,down,-11.23310712052827,0.672389448168344
ENSG00000141447,OSBPL1A,-0.659554235248719,2.7361360822301584e-11,-0.5520082712829092,5.208834120151374e-16,down,-11.232496968459563,0.5520082712829092
ENSG00000223865,HLA-DPB1,0.8617577278355025,0.0004948864251985737,0.9851601999035847,2.5323857909463296e-31,up,11.228247927774401,0.8617577278355025
ENSG00000179715,PCED1B,0.38954824336466914,0.0021663004602196557,0.9679554148696702,1.3711937258392778e-33,up,11.222987701368778,0.38954824336466914
ENSG00000177363,LRRN4CL,0.6288123697535609,0.0001894503996147796,1.1184181069500774,6.018556978967729e-30,up,11.22085650751319,0.6288123697535609
ENSG00000004777,ARHGAP33,0.8346633113244613,4.76333313327698e-06,0.987420205758897,1.4402179060645702e-25,up,11.208169610711495,0.8346633113244613
ENSG00000093167,LRRFIP2,-0.8231015191253919,5.1309051430337474e-12,-0.3131347640840601,7.348875033135481e-15,down,-11.206906958515116,0.3131347640840601
ENSG00000182836,PLCXD3,-0.7223212227247733,9.012231938108564e-05,-0.8193530301333027,7.288134783424162e-29,down,-11.204228363517478,0.7223212227247733
ENSG00000115828,QPCT,1.1327175475781746,2.936095453199166e-08,0.8090786741703223,7.790042222985844e-21,up,11.199092863256263,0.8090786741703223
ENSG00000124615,MOCS1,-0.3156995027130834,0.0040666216090862965,-0.4596546369770024,1.713550929736354e-34,down,-11.198818229549005,0.3156995027130834
ENSG00000139675,HNRNPA1L2,0.5243650858348472,2.8145882826187995e-07,0.43640093921490997,9.404500543531734e-23,up,11.198301958303325,0.43640093921490997
ENSG00000144524,COPS7B,0.5261559500465843,1.7715248885200223e-06,0.31292209855843683,1.7420594367248198e-24,up,11.196957948362845,0.31292209855843683
ENSG00000055208,TAB2,-0.5686858791044671,6.747616500837008e-09,-0.4669668961937786,1.1974182305172865e-19,down,-11.19216270392613,0.4669668961937786
ENSG00000157445,CACNA2D3,-0.9931309149953433,2.6770812628890117e-09,-0.6951393440235166,6.467345849912993e-19,down,-11.191640177842288,0.6951393440235166
ENSG00000107736,CDH23,0.663631686698853,8.769928233772407e-06,0.8601708857741003,5.0172380275232817e-26,up,11.180779365691873,0.663631686698853
ENSG00000168824,NSG1,-0.8842632258923613,0.0012398330340758048,-1.3557733290719938,2.6267899100273725e-32,down,-11.173853099379315,0.8842632258923613
ENSG00000126016,AMOT,0.3955956986215022,0.010164067199812303,0.6500711191361209,4.9675477754432137e-36,up,11.17091750368611,0.3955956986215022
ENSG00000168481,LGI3,-0.564561845388126,0.00020714422622755352,-2.0312112287535404,1.0292066019846227e-29,down,-11.170670425093062,0.564561845388126
ENSG00000224020,MIR181A2HG,0.40643335818187587,0.00014181094634927246,1.2907626443739033,3.492241115021129e-29,up,11.165863455782146,0.40643335818187587
ENSG00000112655,PTK7,0.8109595427401142,5.202593524975663e-06,0.7909453094678813,2.2155712246231416e-25,up,11.164492325656784,0.7909453094678813
ENSG00000261787,TCF24,-1.158253981600317,2.158623125851589e-06,-2.110561282000792,1.929280503982829e-24,down,-11.157361454299043,1.158253981600317
ENSG00000134333,LDHA,-0.7532180785040782,7.273883059245974e-05,-0.6420360789454763,2.8308766110473866e-28,down,-11.15661703333964,0.6420360789454763
ENSG00000265356,RP11-17M24.1,-2.0632754618822813,4.206143225078393e-09,-1.807958085803668,4.492118042549031e-19,down,-11.152825673622171,1.807958085803668
ENSG00000185090,MANEAL,0.3659484572739181,7.283953741959893e-05,0.6646159826585687,3.125945440278329e-28,up,11.149911738471877,0.3659484572739181
ENSG00000109265,KIAA1211,0.6026119872953363,0.0019576449022594825,2.401984404167332,7.198286377249633e-33,up,11.14927145262036,0.6026119872953363
ENSG00000065882,TBC1D1,-0.23812656824449374,0.02568088108165291,-0.3813502389464791,8.972880652973517e-38,down,-11.141362571169578,0.23812656824449374
ENSG00000143727,ACP1,-0.2764080552493957,0.0002231501621357814,-0.2746020338179506,1.540808856093378e-29,down,-11.131602053612871,0.2746020338179506
ENSG00000134453,RBM17,-0.24387744159140717,0.006242480167612241,-0.2805780164923129,9.71314224262206e-35,down,-11.126898377622938,0.24387744159140717
ENSG00000138600,SPPL2A,-0.24950514825874637,0.027815416331300555,-0.6753021784039166,8.296434149076802e-38,down,-11.12290220467201,0.24950514825874637
ENSG00000100448,CTSG,0.7521982903811061,0.005243447474762344,2.03974026966428,2.5149035117249957e-34,up,11.115558475911152,0.7521982903811061
ENSG00000182177,ASB18,0.672584410509968,0.009921118718710363,1.2908497616026504,1.8408257632674408e-35,up,11.104417237115872,0.672584410509968
ENSG00000105650,PDE4C,0.5231510078708146,0.01333145190873894,1.2829606770180824,4.951672557415404e-36,up,11.099492143820532,0.5231510078708146
ENSG00000091986,CCDC80,1.5011023779003498,0.00011238437178667634,1.231488527453357,2.3970695930099196e-28,up,11.0868825737699,1.231488527453357
ENSG00000136895,GARNL3,0.5760416303128405,0.00014743737951699882,0.6927884568727234,1.1560694825868968e-28,up,11.082532166825079,0.5760416303128405
ENSG00000231770,TMEM44-AS1,0.6243396361332311,1.8145205621682865e-05,0.7676125255262285,3.7620535015478735e-26,up,11.0781169686145,0.6243396361332311
ENSG00000113456,RAD1,-0.3232759722697111,4.235136828145357e-05,-0.432540885068149,4.247840701731131e-27,down,-11.077557005987494,0.3232759722697111
ENSG00000135677,GNS,-0.5047329409738399,2.5118383140929124e-06,-0.33952198093373,4.5309578172516444e-24,down,-11.074947351984386,0.33952198093373
ENSG00000105290,APLP1,0.9814950004664019,5.793631443145615e-07,0.8267702718548955,1.1973539706363773e-22,up,11.0719369938563,0.8267702718548955
ENSG00000135111,TBX3,-0.5321724226297617,0.0013801766649717947,-0.6664369332148881,1.2555631582675352e-31,down,-11.056329680620458,0.5321724226297617
ENSG00000108588,CCDC47,-0.4119071761746365,1.4706528808109487e-07,-0.3570624685812255,2.4672119551906162e-21,down,-11.053846254356586,0.3570624685812255
ENSG00000006042,TMEM98,0.63834726876175,0.00010742742993572739,0.6115375755284043,5.149640615285695e-28,up,11.04625463950273,0.6115375755284043
ENSG00000169105,CHST14,0.6245217877025452,8.01283465637567e-08,0.3658838528335052,8.708377766891571e-21,up,11.046181989227355,0.3658838528335052
ENSG00000213760,ATP6V1G2,0.50076940087565,0.00014401463873461604,0.7313350637971539,2.3822414938982923e-28,up,11.039845527096707,0.50076940087565
ENSG00000198331,HYLS1,-0.45804190488925006,7.987408162514663e-06,-0.4687568547304314,5.524489087470258e-25,down,-11.033816749527636,0.45804190488925006
ENSG00000115085,ZAP70,0.6305654021006755,0.0009018586377473108,1.5192514983823642,8.587392405723892e-31,up,11.032185797032444,0.6305654021006755
ENSG00000174437,ATP2A2,-0.4395406819481361,0.00037604562931602234,-0.8843094521989951,1.5524792908510655e-29,down,-11.02965353350634,0.4395406819481361
ENSG00000116717,GADD45A,0.9363340712918271,9.967147900973793e-07,0.6272386556315865,7.339820144393078e-23,up,11.025524410525632,0.6272386556315865
ENSG00000069702,TGFBR3,-0.3843465939215725,0.030757721439985553,-0.8989705604176096,2.7087910343312914e-37,down,-11.025285241330382,0.3843465939215725
ENSG00000168907,PLA2G4F,-1.3647533954450684,6.957901954434624e-07,-1.8198821781370413,1.6214004179937272e-22,down,-11.023807466717802,1.3647533954450684
ENSG00000224842,RP11-123K19.1,0.39075129785954327,0.010829308590621478,1.5786499967284058,5.543225410111763e-35,up,11.019535337115128,0.39075129785954327
ENSG00000175575,PAAF1,0.4501056973145624,5.766929535819287e-06,0.3622613441398907,1.5372661800554203e-24,up,11.015627085975423,0.3622613441398907
ENSG00000263874,LINC00672,0.509050615791433,0.0008034373695659571,1.0600125678819248,1.663198159502134e-30,up,11.014854737987536,0.509050615791433
ENSG00000245468,RP11-367J11.3,0.7447513395885389,0.001886979040910108,1.0342452979519818,8.423102173259706e-32,up,11.010694930968919,0.7447513395885389
ENSG00000198597,ZNF536,0.6501425818554099,9.114032936708329e-06,0.8434635828778735,7.233718887051012e-25,up,10.993460396621405,0.6501425818554099
ENSG00000143570,SLC39A1,-0.2264672998113721,0.00877985685040606,-0.4040000444059021,2.2229165440450695e-34,down,-10.992979457003385,0.2264672998113721
ENSG00000198517,MAFK,1.2103966375906088,1.3906980748131635e-08,0.898585157906868,4.905698184242802e-19,up,10.984227182988716,0.898585157906868
ENSG00000127527,EPS15L1,-0.3864687371837062,2.8021221835265623e-05,-0.41036323573300765,5.963649058995802e-26,down,-10.97399267357137,0.3864687371837062
ENSG00000005243,COPZ2,0.7400043586793943,3.69401384899322e-11,0.5928220916099224,6.841979096886848e-15,up,10.97068604564795,0.5928220916099224
ENSG00000241769,LINC00893,0.7222298237902368,6.12537590957194e-06,0.6926203906393029,3.0184124678580453e-24,up,10.95891027509144,0.6926203906393029
ENSG00000177359,RP11-551L14.1,-1.2622585586877255,3.605361256116386e-05,-2.279323545130352,4.1198348579069715e-26,down,-10.954710134844712,1.2622585586877255
ENSG00000198088,NUP62CL,0.5142339563335024,0.0024058437523311327,1.217304363039897,8.51929774415815e-32,up,10.953581452018993,0.5142339563335024
ENSG00000205978,NYNRIN,0.6713388160121045,7.141994503486975e-05,0.4783765874830042,7.081968353891378e-27,up,10.952016786434712,0.4783765874830042
ENSG00000125827,TMX4,-0.5755090301332249,2.3703040391349634e-05,-0.542641608105338,1.2473550223658286e-25,down,-10.951975399781055,0.542641608105338
ENSG00000072134,EPN2,-0.5491356070678622,0.00013046415664025286,-0.3733707157314016,1.3598573863943958e-27,down,-10.945650479043723,0.3733707157314016
ENSG00000163898,LIPH,0.5187647371038709,0.025903822839349524,1.510719835280928,3.8879214359475695e-36,up,10.927122751296116,0.5187647371038709
ENSG00000157240,FZD1,0.8863044184991765,3.3941971692444006e-06,0.6343935790915036,1.935401808824598e-23,up,10.923359258089505,0.6343935790915036
ENSG00000138029,HADHB,-0.4694981944449208,6.435537341052352e-05,-0.5110625941923963,1.4797603313502734e-26,down,-10.921531802463734,0.4694981944449208
ENSG00000198542,ITGBL1,1.0943761132220164,0.004219214808504418,1.4439066007406869,1.721239826859301e-32,up,10.919000753316153,1.0943761132220164
ENSG00000229694,RP11-305L7.6,0.9671719831042475,0.00013067197233863995,1.4132494925111376,2.2056183331708623e-27,up,10.914427223182537,0.9671719831042475
ENSG00000121022,COPS5,-0.4295970322048124,1.4074697981901057e-07,-0.30417894602769496,1.7326153803835983e-20,down,-10.913098701587973,0.30417894602769496
ENSG00000124479,NDP,0.24023727478647308,0.03064219941416751,1.8886443159432904,2.0870041311649348e-36,up,10.912642542263304,0.24023727478647308
ENSG00000138735,PDE5A,0.5061176505012513,0.041948438218433685,1.1585976412384267,4.002181520441649e-37,up,10.908418094478034,0.5061176505012513
ENSG00000143995,MEIS1,-0.794777916267681,1.3373157584733706e-06,-0.5129520203249893,2.008105167255567e-22,down,-10.908331012296333,0.5129520203249893
ENSG00000152583,SPARCL1,-0.6423268564462722,1.2983416146078308e-05,-0.6388820145037701,1.0514866855464446e-24,down,-10.907655285756082,0.6388820145037701
ENSG00000188523,C9orf171,-0.35646675661192945,0.002462054609615349,-1.2765778070498202,1.7945882713321944e-31,down,-10.90361286112675,0.35646675661192945
ENSG00000169184,MN1,0.6196325155797441,0.0001168698716534844,0.6841996514495711,3.737441314202348e-27,up,10.90245452724424,0.6196325155797441
ENSG00000228274,RP3-508I15.9,0.5990466229740495,3.382311144671079e-07,0.5683683478055968,3.91363419455459e-21,up,10.897380788061138,0.5683683478055968
ENSG00000203747,FCGR3A,-0.7675545309454791,0.008109338878746798,-1.3224380547788834,1.6251413788276396e-33,down,-10.896413088702872,0.7675545309454791
ENSG00000260077,RP11-254F7.2,0.7485360276950473,7.543812173741994e-07,0.49771279832640725,8.3456004985511285e-22,up,10.892090619006362,0.49771279832640725
ENSG00000203645,LINC00501,0.39165022747343603,0.0004752512937340652,1.1671636965486214,7.182757630030264e-29,up,10.8870980748293,0.39165022747343603
ENSG00000257150,PGAM1P5,0.26656168239059114,0.0017313488282072462,1.1464592916221805,9.055553805841381e-31,up,10.885825770266889,0.26656168239059114
ENSG00000143845,ETNK2,-0.8083687569213286,0.00034972479246844144,-0.9871813476010508,1.9783451594394e-28,down,-10.882931146813439,0.8083687569213286
ENSG00000180354,MTURN,0.7389433035880144,1.5358778444496317e-05,0.544008228782593,1.0443507941508051e-24,up,10.880464445340834,0.544008228782593
ENSG00000135426,TESPA1,0.45964044040002394,0.007056140708072165,1.08391860551848,4.500395884802729e-33,up,10.871874498428316,0.45964044040002394
ENSG00000121957,GPSM2,-0.5525295814814029,0.0013149543650657354,-1.1038117429473988,3.159939630367286e-30,down,-10.87039075621648,0.5525295814814029
ENSG00000121413,ZSCAN18,0.620214728063207,1.0534394350783397e-06,0.46864600107388227,5.691908360793174e-22,up,10.86885534539729,0.46864600107388227
ENSG00000137501,SYTL2,0.8066950554653225,0.005290291731761004,1.1684622533163707,1.6298277152347847e-32,up,10.86819196001257,0.8066950554653225
ENSG00000137692,DCUN1D5,-0.4156275082932214,4.231188475894412e-08,-0.39220196751703373,3.066239128619388e-19,down,-10.86701179704863,0.39220196751703373
ENSG00000011143,MKS1,0.2908456649394083,0.0019150165507268997,0.42721061213215,8.587392405723892e-31,up,10.866754772312873,0.2908456649394083
ENSG00000131620,ANO1,0.4167340814982318,0.03491089926819021,0.7079884115950974,2.4249670290796838e-36,up,10.86421374445981,0.4167340814982318
ENSG00000197471,SPN,0.6330001179972429,2.7339886923771334e-06,0.8655451284184369,7.630168027635926e-23,up,10.862095182943563,0.6330001179972429
ENSG00000244617,ASPRV1,0.4458150363899033,1.7175559283076024e-06,0.7005425406923036,2.2209193202487176e-22,up,10.858723963982257,0.4458150363899033
ENSG00000108641,B9D1,0.6201811423715693,3.8049553111271e-07,0.7090440317729905,5.204705332060946e-21,up,10.857648048655683,0.6201811423715693
ENSG00000122033,MTIF3,-0.9235033370666974,8.169800096520757e-12,-0.37023869601010256,2.0697931266842332e-13,down,-10.845633011309166,0.37023869601010256
ENSG00000182636,NDN,0.5351081846751113,3.128989626918879e-08,0.5048086861865602,6.985118029319042e-19,up,10.842034747770375,0.5048086861865602
ENSG00000128928,IVD,0.709457974699474,2.577668595539271e-09,0.3418910239232593,5.152779223164621e-17,up,10.841262717995875,0.3418910239232593
ENSG00000250878,METTL21EP,0.8630049506393627,5.3708202496322155e-05,1.3298479181525966,7.808705499735075e-26,up,10.841188778533756,0.8630049506393627
ENSG00000147378,FATE1,0.28319976609193404,0.03483202771927961,2.026006251461265,3.788402736179595e-36,up,10.839579439128837,0.28319976609193404
ENSG00000070193,FGF10,-0.6788843158937734,1.3092599079483847e-05,-1.9152309662654294,2.8800873389363704e-24,down,-10.836865574761527,0.6788843158937734
ENSG00000146013,GFRA3,0.5063510304896768,0.007245871221986617,1.5750102053724822,7.369604531250382e-33,up,10.835879926004994,0.5063510304896768
ENSG00000177791,MYOZ1,1.0727307876043712,1.0786876991992813e-05,1.30252091685507,4.841610624046606e-24,up,10.83283536585657,1.0727307876043712
ENSG00000087074,PPP1R15A,0.709800341719582,4.697318725917421e-08,0.434831955469683,4.040979981031631e-19,up,10.830117466514707,0.434831955469683
ENSG00000239474,KLHL41,-0.4836905006950037,0.0027550322362026964,-0.8964087257153479,3.942427790559946e-31,down,-10.829862725488953,0.4836905006950037
ENSG00000260625,RP11-452L6.7,0.464604825829897,9.613272072360643e-05,1.0264066439457844,2.219075792658166e-26,up,10.820871064005653,0.464604825829897
ENSG00000130635,COL5A1,2.285174044089251,2.6038918881212645e-09,0.7217169993130729,6.685099417503065e-17,up,10.817485493628475,0.7217169993130729
ENSG00000188706,ZDHHC9,-0.4418882742115322,0.0033293440694953523,-0.6440191744760073,2.4764451373045203e-31,down,-10.813618412959753,0.4418882742115322
ENSG00000100897,DCAF11,-0.4202148883471536,9.296302301827814e-08,-0.2605534390279142,1.424994405691199e-19,down,-10.810963975056852,0.2605534390279142
ENSG00000087586,AURKA,-0.5198803609257434,2.205096594632492e-06,-0.5088489114782659,2.6005682187784856e-22,down,-10.806790147758827,0.5088489114782659
ENSG00000271984,RP3-337O18.9,-0.7066329037862104,0.004664256022661308,-2.4058272162044525,7.470358979795045e-32,down,-10.806765272674399,0.7066329037862104
ENSG00000106823,ECM2,0.79561359125036,0.0007208749747945889,1.158055558087551,7.272718433875719e-29,up,10.801486609748816,0.79561359125036
ENSG00000145365,TIFA,-0.895990969951151,9.304196042087283e-05,-0.7650207958590125,3.293882360236891e-26,down,-10.800351264621392,0.7650207958590125
ENSG00000272654,RP11-422P24.11,0.33556870414046674,0.00014680869514451534,0.6432569635752606,9.199657598892935e-27,up,10.7994667768961,0.33556870414046674
ENSG00000160781,PAQR6,0.582861499348489,3.093798595979605e-07,0.7568660119154715,1.7416319608562682e-20,up,10.797080310305468,0.582861499348489
ENSG00000148357,HMCN2,1.2428697777891045,4.2600618455422515e-06,1.246767009814534,7.002441162750015e-23,up,10.796692494408326,1.2428697777891045
ENSG00000261652,C15orf65,-0.6873317303796886,3.030886703538297e-07,-0.5033664381426924,2.0154999887301053e-20,down,-10.789061881594003,0.5033664381426924
ENSG00000056487,PHF21B,0.3243873582683781,0.0005664394669594082,1.2297716011491249,1.9800552115928015e-28,up,10.787474634461615,0.3243873582683781
ENSG00000115163,CENPA,1.6771013211103734,0.00032128207172117055,2.377737237903671,1.2138903749088373e-27,up,10.782365734324033,1.6771013211103734
ENSG00000100296,THOC5,-0.5575297045555997,4.420821814440869e-08,-0.36392375801540694,8.78558248335331e-19,down,-10.777078880013342,0.36392375801540694
ENSG00000244041,LINC01011,0.33471610791876777,0.0023440202834096972,0.5812941703972287,1.8384434453522887e-30,up,10.773549262043689,0.33471610791876777
ENSG00000115657,ABCB6,-0.8800437912997107,1.3148348079548083e-11,-0.43615906619149997,2.409920510565853e-13,down,-10.763705846787607,0.43615906619149997
ENSG00000230606,AC159540.1,0.2445903608223238,0.009853153788808295,0.970270123353327,7.105523734553752e-33,up,10.760547623351018,0.2445903608223238
ENSG00000143624,INTS3,0.4778783013162586,3.327327825378784e-06,0.3365325211311307,2.0105343002935646e-22,up,10.759442237297566,0.3365325211311307
ENSG00000140285,FGF7,-1.4660588238649441,2.9117765726232865e-08,-0.7552103200984011,2.2616882290806025e-18,down,-10.759016986649737,0.7552103200984011
ENSG00000245025,RP11-875O11.1,0.6585237943816794,2.524347528454833e-06,0.7900183239551839,4.150925682092699e-22,up,10.751925455575403,0.6585237943816794
ENSG00000135931,ARMC9,0.47568057066607283,0.004522109943138214,0.5810429139839299,2.2191368981458044e-31,up,10.748901312257575,0.47568057066607283
ENSG00000120915,EPHX2,0.6390220233299353,0.01865698722876989,0.7792733597666259,4.742852309486739e-34,up,10.746824360344524,0.6390220233299353
ENSG00000137269,LRRC1,0.8351609274867329,2.499187961442506e-07,0.49870886268831954,5.3837740323660474e-20,up,10.74300229595325,0.49870886268831954
ENSG00000197363,ZNF517,0.5060121419445688,1.0104874774005161e-08,0.4652620147382269,1.7367292473790956e-17,up,10.738280593077542,0.4652620147382269
ENSG00000165795,NDRG2,-0.4907425362187775,9.610334554817013e-09,-0.2997514698679418,2.1600791921628223e-17,down,-10.727021500574665,0.2997514698679418
ENSG00000176124,DLEU1,-0.5128933568342894,1.5645817287827917e-06,-0.4561978352380015,1.6851082474154408e-21,down,-10.72638502569413,0.4561978352380015
ENSG00000138316,ADAMTS14,0.25030943903975833,0.029578472994555693,1.61079905485022,8.376639579527838e-35,up,10.714447082691438,0.25030943903975833
ENSG00000137274,BPHL,0.44006204999316584,5.1620536874761015e-06,0.46736982141671624,1.4447100703441898e-22,up,10.71366186660749,0.44006204999316584
ENSG00000181045,SLC26A11,0.37635604309443577,0.010138329577673298,0.6572775099178603,1.714767487909855e-32,up,10.699785951273286,0.37635604309443577
ENSG00000231993,RP1-85F18.5,-0.7398533820568545,1.159545354974506e-05,-1.4539232971068263,3.021255671676151e-23,down,-10.692323150640068,0.7398533820568545
ENSG00000137168,PPIL1,-0.7757680812656029,2.3410374572615414e-08,-0.4025429902950842,8.019459877893862e-18,down,-10.686097504682847,0.4025429902950842
ENSG00000161714,PLCD3,-0.8293662826541436,2.897553544034975e-09,-0.5745676962788537,2.762816362515318e-16,down,-10.681359400868464,0.5745676962788537
ENSG00000111052,LIN7A,-0.3334275285783383,0.005511320086462521,-0.7137557807601697,3.1824267941127147e-31,down,-10.678333582672137,0.3334275285783383
ENSG00000101134,DOK5,1.1689840245561105,2.99967876308343e-05,0.8528326126050307,3.7892345815312154e-24,up,10.677977761013418,0.8528326126050307
ENSG00000113805,CNTN3,-0.9789015134246832,0.0007834349540154022,-1.6632107665590201,4.164150927885123e-28,down,-10.672038100005095,0.9789015134246832
ENSG00000266588,RP1-56K13.5,0.4933505224421685,0.0014838397867722448,1.458955784156852,5.214412884924709e-29,up,10.668143056978334,0.4933505224421685
ENSG00000264868,CTB-167B5.2,-0.6712513896964822,0.00022730195078104248,-0.8351610225422763,2.0375329632863799e-26,down,-10.664401174481457,0.6712513896964822
ENSG00000135919,SERPINE2,0.9458061186117248,0.011736090531847885,1.3070478491585829,1.7720482690071574e-32,up,10.659739354800964,0.9458061186117248
ENSG00000102931,ARL2BP,-0.33752779639813624,3.7863967381223914e-05,-0.32611691145579846,2.7822463681782648e-24,down,-10.659118936880105,0.32611691145579846
ENSG00000272970,RP11-329B9.4,0.47012548509424296,0.006831099173954651,1.6794985502007107,2.0267310246447353e-31,up,10.652089908439718,0.47012548509424296
ENSG00000143612,C1orf43,-0.3424240206629562,1.214972749615157e-06,-0.23157363733973402,7.823472742849955e-21,down,-10.651549381367916,0.23157363733973402
ENSG00000068878,PSME4,-0.28201148920894037,0.015032789650235932,-0.6130298372214044,6.776685490340997e-33,down,-10.650309616829384,0.28201148920894037
ENSG00000175048,ZDHHC14,0.8514162835622168,1.9083486696844895e-05,0.6055436796890618,1.6923324182136373e-23,up,10.649202777183504,0.6055436796890618
ENSG00000147687,TATDN1,-0.7520900734548206,2.5413543704693067e-09,-0.2641653985703559,5.115948073862087e-16,down,-10.648893306149692,0.2641653985703559
ENSG00000248864,RP11-348J24.1,-1.2051326391496204,1.2059286093869637e-06,-1.1650012210070821,9.001796193317365e-21,down,-10.641633735203584,1.1650012210070821
ENSG00000170837,GPR27,0.8095915086262565,1.7846133896040906e-07,0.7158659563960441,4.229146365466257e-19,up,10.632751942851641,0.7158659563960441
ENSG00000102984,ZNF821,0.4643308019782451,0.0009677685591578722,0.6198940688334266,4.2553558581355345e-28,up,10.627144019946495,0.4643308019782451
ENSG00000133706,LARS,-0.4964754732528432,6.565893535443473e-09,-0.2302393467987565,1.3482744994194024e-16,down,-10.625508704311093,0.2302393467987565
ENSG00000104472,CHRAC1,-0.2305902756265222,0.03520621477286889,-0.42419910676169686,1.7217953645485017e-34,down,-10.618739068011177,0.2305902756265222
ENSG00000124151,NCOA3,-0.5418892381084894,0.0007782833718818873,-0.7189726384969283,1.0095628893774271e-27,down,-10.616210575303313,0.5418892381084894
ENSG00000231389,HLA-DPA1,0.6494534411188023,0.006336472866240968,0.8318979274503022,5.093315301863763e-31,up,10.61502478548862,0.6494534411188023
ENSG00000152154,TMEM178A,0.40825592171329933,0.0020357564947133433,0.7707050675237651,4.3044417741349114e-29,up,10.609686912600681,0.40825592171329933
ENSG00000204305,AGER,0.5679889705480594,0.0001661327552336173,0.8555049404430478,1.0988689224963216e-25,up,10.609587218628308,0.5679889705480594
ENSG00000101425,BPI,0.5244347547485294,0.003948051883926318,1.6363660752294715,4.008328266341221e-30,up,10.604389490607915,0.5244347547485294
ENSG00000182916,TCEAL7,0.5011854103134561,0.008559462249630213,0.8204176144159923,1.898493231270954e-31,up,10.599658487772285,0.5011854103134561
ENSG00000054690,PLEKHH1,-0.542769251444252,9.688463554664385e-06,-0.6324516729512204,1.7183341274983252e-22,down,-10.598263380522832,0.542769251444252
ENSG00000135049,AGTPBP1,-0.7561089964746348,3.5535771651405535e-07,-0.5737497413175671,2.0967870018912636e-19,down,-10.584972816123209,0.5737497413175671
ENSG00000232931,LINC00342,0.6720006304271082,5.55121673693941e-05,0.668294579384992,3.1113186063396653e-24,up,10.584105706480695,0.668294579384992
ENSG00000132170,PPARG,-0.4904713825999859,1.405791323973462e-05,-0.5856091595192942,9.114320264971445e-23,down,-10.580786934928833,0.4904713825999859
ENSG00000141141,DDX52,-0.44467601533400924,9.22091403593848e-07,-0.2787769834335892,3.69630297098579e-20,down,-10.575651473605124,0.2787769834335892
ENSG00000088899,LZTS3,-0.6287464024752624,2.7344375523317878e-09,-0.4402353437394405,1.054736295760772e-15,down,-10.572976073163455,0.4402353437394405
ENSG00000122877,EGR2,1.4934496766033847,5.249286526684192e-05,1.4423057464202675,4.4841168120998286e-24,up,10.568147166595086,1.4423057464202675
ENSG00000120645,IQSEC3,0.4806950653066404,0.002399834784790052,1.011657165618669,4.8219766774175046e-29,up,10.564492474724357,0.4806950653066404
ENSG00000149571,KIRREL3,0.432838532589197,0.0027977195332948507,1.4136460072892159,2.8735555305005513e-29,up,10.561453740691048,0.432838532589197
ENSG00000163364,LINC01116,0.22304449129049192,0.03660336024656402,1.4991812266332993,3.862143141356597e-34,up,10.559664453398952,0.22304449129049192
ENSG00000249673,NOP14-AS1,0.5861361152998736,2.29227902647844e-05,0.3762280190505727,4.0314909454680085e-23,up,10.557809785872612,0.3762280190505727
ENSG00000147324,MFHAS1,-0.6551729961408496,0.00014006715169243692,-0.39585529017130566,3.929309655694439e-25,down,-10.555653900906337,0.39585529017130566
ENSG00000136731,UGGT1,-0.56983200987443,2.6714172714068107e-07,-0.362870011963894,5.268582613909856e-19,down,-10.554503191361404,0.362870011963894
ENSG00000105472,CLEC11A,1.0645680677751896,2.92221924898442e-06,1.2699468957668938,4.46348619172513e-21,up,10.552687628235335,1.0645680677751896
ENSG00000231346,LINC01160,0.4773247696448586,0.00037475502968534066,0.8372517103329484,2.69388440445539e-26,up,10.548876151967221,0.4773247696448586
ENSG00000134627,PIWIL4,0.591449467596148,5.525715424604839e-05,0.5317104217844126,5.225164838685255e-24,up,10.548607451600814,0.5317104217844126
ENSG00000111796,KLRB1,0.4879296139136753,0.004300116188358549,1.5770654834716717,7.058336806388035e-30,up,10.54849244231049,0.4879296139136753
ENSG00000159173,TNNI1,3.3749286272658643,4.975373757429113e-07,1.8828954555200648,2.0214451743696824e-19,up,10.537268790097672,1.8828954555200648
ENSG00000149476,DAK,0.8916840428002016,2.257869515676119e-10,0.49069567358926125,5.392730620100611e-14,up,10.537253677270947,0.49069567358926125
ENSG00000134539,KLRD1,0.6920744565160806,2.0356841859733068e-05,0.9940604299474879,7.138592030082533e-23,up,10.536882293802007,0.6920744565160806
ENSG00000178031,ADAMTSL1,0.7785293344229113,0.0035042266619709052,1.2746717975009314,2.1948634113701067e-29,up,10.525818333539242,0.7785293344229113
ENSG00000140557,ST8SIA2,0.7198462058627594,0.00014888638967683503,1.055888486941337,5.5526187228911e-25,up,10.520830515824366,0.7198462058627594
ENSG00000237803,LINC00211,0.3419378684840529,0.001475910032699461,1.2851890589072945,5.390738599983713e-28,up,10.519473933249666,0.3419378684840529
ENSG00000009790,TRAF3IP3,0.46641606639996586,0.03922652751981122,1.1941863342348393,6.48639364584945e-34,up,10.508280466185038,0.46641606639996586
ENSG00000168434,COG7,0.3978165706302879,1.2927048208016023e-05,0.27517785259765837,3.1483375870294997e-22,up,10.5053958130763,0.27517785259765837
ENSG00000120049,KCNIP2,-2.06254409048491,4.481995601617566e-06,-1.1690338924391557,3.419330980396714e-21,down,-10.503882186935625,1.1690338924391557
ENSG00000033050,ABCF2,-0.4938444628182081,6.396571348338718e-10,-0.19833995681881034,2.0993983782168525e-14,down,-10.494190912630051,0.19833995681881034
ENSG00000100100,PIK3IP1,0.6951493504398809,0.0005358246415574469,0.7630624818576083,2.381559369845066e-26,up,10.485967329267604,0.6951493504398809
ENSG00000183019,C19orf59,-0.2834879913374465,0.01187264786635426,-2.1679062089845798,3.2887322086317574e-31,down,-10.480890629805172,0.2834879913374465
ENSG00000167261,DPEP2,0.8087979359181153,7.996171997214239e-05,1.0335758535733877,5.41807229779303e-24,up,10.477856160323958,0.8087979359181153
ENSG00000112031,MTRF1L,-0.31789308634193325,0.0008546038921542627,-0.5099627736106175,6.469755950627034e-27,down,-10.4775726144046,0.31789308634193325
ENSG00000164972,C9orf24,1.1494198809621747,1.3525346428959365e-08,0.9187908503405359,2.4962884370355057e-16,up,10.477021306449785,0.9187908503405359
ENSG00000250208,FZD10-AS1,0.4247010711299974,0.009871730645617126,1.4754286109961363,8.86305337392385e-31,up,10.46954374595449,0.4247010711299974
ENSG00000181061,HIGD1A,-0.6757315202923444,3.311971492966688e-08,-0.3476456551696939,6.22456576270315e-17,down,-10.468684494475646,0.3476456551696939
ENSG00000144909,OSBPL11,-0.3761875066420312,0.003909071564566474,-0.8303472345798459,3.8519724728351723e-29,down,-10.466143755400939,0.3761875066420312
ENSG00000123124,WWP1,-1.0163562961553176,0.0001863967476535382,-0.6567954601051339,6.728646564003407e-25,down,-10.465516832989918,0.6567954601051339
ENSG00000235033,RP11-61I13.3,-0.5710840562147096,0.006126045125866484,-0.9768697679177887,7.005971432192774e-30,down,-10.462012685340058,0.5710840562147096
ENSG00000266947,RP11-799D4.4,0.41931638440667257,1.1891483858810515e-07,0.5821651404063007,7.259125951340762e-18,up,10.46095395578112,0.41931638440667257
ENSG00000204282,TNRC6C-AS1,0.8504365180176496,7.670060646201172e-05,0.7255542886032886,8.790023674567683e-24,up,10.451896581336628,0.7255542886032886
ENSG00000136448,NMT1,-0.8782827964283979,1.9878416395223804e-09,-0.20214568345529044,6.846822372286203e-15,down,-10.450656689015146,0.20214568345529044
ENSG00000180458,CTD-3064H18.4,0.6672143550240989,4.2351652722574005e-06,0.9101188758144241,7.864779291978818e-21,up,10.449937926352884,0.6672143550240989
ENSG00000155256,ZFYVE27,0.8938005676850214,2.535745048890986e-10,0.2510148940255688,1.3741493884670044e-13,up,10.43413916839572,0.2510148940255688
ENSG00000178585,CTNNBIP1,-0.5529929914660199,7.377588035440077e-07,-0.453165394412351,3.6867180486562694e-19,down,-10.431640475534694,0.453165394412351
ENSG00000114423,CBLB,-0.7116433154066882,9.142388610592785e-05,-0.6480698966363695,7.53130569683769e-24,down,-10.43155248074052,0.6480698966363695
ENSG00000186326,RGS9BP,-0.5154270649959779,2.652521708539051e-10,-0.7472931961293161,1.3135089620521698e-13,down,-10.430683269925913,0.5154270649959779
ENSG00000168135,KCNJ4,1.1361334855311511,3.807661446748109e-08,1.140654179097124,7.763413992298135e-17,up,10.430541960193931,1.1361334855311511
ENSG00000257839,RP11-290L1.2,0.3067863567750238,0.0015746616940899008,1.3680234943901768,1.8685233371613475e-27,up,10.424351687102847,0.3067863567750238
ENSG00000138795,LEF1,0.5192002238108171,0.02184202311193328,1.4195564666486058,6.42658875481689e-32,up,10.411029908223902,0.5192002238108171
ENSG00000008513,ST3GAL1,-0.4509780537453831,0.003230114003628907,-0.7029899843267412,1.8353575833667582e-28,down,-10.410522632167918,0.4509780537453831
ENSG00000204934,ATP6V0E2-AS1,0.3280850446650524,0.0005958122131195381,0.6846161173904182,5.36181221591325e-26,up,10.409048151295492,0.3280850446650524
ENSG00000170579,DLGAP1,0.47878627084232905,0.00013230605651131158,1.4906823967897755,3.812008247749387e-24,up,10.408960476355848,0.47878627084232905
ENSG00000073712,FERMT2,-0.5346162394581716,9.18406771519691e-08,-0.4125304659968391,2.2543052242384804e-17,down,-10.405774312202487,0.4125304659968391
ENSG00000114166,KAT2B,-0.839396634161888,4.91440408182624e-08,-0.6142074328635756,7.189968964419652e-17,down,-10.399817061964479,0.6142074328635756
ENSG00000165071,TMEM71,0.742898511892719,7.681212026351689e-05,0.7778442180889805,1.9552206514905595e-23,up,10.395181902033165,0.742898511892719
ENSG00000198851,CD3E,0.5368059301984875,0.030976628636950995,1.5815368666654226,1.5116457831249296e-32,up,10.395158605828714,0.5368059301984875
ENSG00000258057,BCDIN3D-AS1,0.6274583534003632,5.663113548707116e-06,0.6038758846390426,9.130612109589584e-21,up,10.391027060235617,0.6038758846390426
ENSG00000132718,SYT11,0.6227772040582689,3.3264761656535754e-06,0.37899402574531155,2.862259308678458e-20,up,10.389893292862615,0.37899402574531155
ENSG00000163050,ADCK3,-0.5236711697936564,0.0005074984817339242,-0.7064746243443264,1.1468733513002053e-25,down,-10.389889458454974,0.5236711697936564
ENSG00000246430,LINC00968,0.5305853365312061,0.005320861985712482,1.3753914682312824,4.184201231817375e-29,up,10.386613785405574,0.5305853365312061
ENSG00000111832,RWDD1,-0.632808978474123,2.7077617489751852e-08,-0.3543365732629002,2.3706809937564723e-16,down,-10.382395616359924,0.3543365732629002
ENSG00000129194,SOX15,0.7841975268359754,3.0733152050234334e-05,1.1337852065013478,2.385351479217291e-22,up,10.379549976838161,0.7841975268359754
ENSG00000173011,TADA2B,-0.2544682747411753,0.0006524994196615624,-0.29818907989715954,6.754569912094533e-26,down,-10.374549349648543,0.2544682747411753
ENSG00000131477,RAMP2,1.963235134868839,4.9670922506220695e-08,0.6707155512678037,9.810949409224381e-17,up,10.37185320975734,0.6707155512678037
ENSG00000133065,SLC41A1,-0.6384058014749212,1.5795189644535566e-07,-0.5389855319469814,1.3395503231719039e-17,down,-10.371150157831513,0.5389855319469814
ENSG00000174306,ZHX3,-0.46066042939392854,1.4358971948378722e-06,-0.36518156011727726,2.1611537822046155e-19,down,-10.370086318042745,0.36518156011727726
ENSG00000100842,EFS,0.46115631707584953,0.000712090817528275,0.6347215147813795,5.921362845708012e-26,up,10.366328076940425,0.46115631707584953
ENSG00000055118,KCNH2,-0.5479629594197115,9.72894332884114e-09,-0.6010662056850595,1.4322244987246472e-15,down,-10.366191824772967,0.5479629594197115
ENSG00000118454,ANKRD13C,-0.6341099373746322,2.50395684966701e-08,-0.39228651867945397,3.293852140631724e-16,down,-10.365795260275245,0.39228651867945397
ENSG00000272768,RP4-673M15.1,0.5250527634643479,4.7363041489222714e-08,0.7235364325292737,1.1983345408278564e-16,up,10.362960114206375,0.5250527634643479
ENSG00000174238,PITPNA,-0.3809467666653047,8.558411273073697e-08,-0.21704426903665036,4.5543742900773246e-17,down,-10.35771587111723,0.21704426903665036
ENSG00000172331,BPGM,-0.21380609053645214,0.0034433675726036933,-0.3710703890929016,3.3094659160918135e-28,down,-10.357254848027933,0.21380609053645214
ENSG00000156469,MTERFD1,-0.5239939137943215,9.959555215225314e-06,-0.3653888270753931,4.255487797117044e-21,down,-10.356823829254765,0.3653888270753931
ENSG00000164032,H2AFZ,-0.33597241408206674,0.001242188117520034,-0.544285051629813,1.2276653971458286e-26,down,-10.35483210664604,0.33597241408206674
ENSG00000188004,C1orf204,0.6069170644762019,6.40772662302294e-05,0.7870321332399823,5.59357507965181e-23,up,10.354733631771866,0.6069170644762019
ENSG00000101144,BMP7,-1.7276147878781027,1.3457977103955987e-06,-1.439201574713001,3.0464404905211377e-19,down,-10.354235752908968,1.439201574713001
ENSG00000154277,UCHL1,1.6185367406859288,0.0001418907733640223,1.3015797612440967,7.204326102040377e-24,up,10.351603433841797,1.3015797612440967
ENSG00000107623,GDF10,0.9708145076712001,2.0477466249979642e-05,1.2586402017685594,9.125890220181421e-22,up,10.350972590149496,0.9708145076712001
ENSG00000180817,PPA1,-0.37281294252909075,0.00020415640872036925,-0.3711588019181557,2.8067792727695134e-24,down,-10.34997216437631,0.3711588019181557
ENSG00000143374,TARS2,0.7514755843566101,1.4045852546828956e-08,0.2816754629868384,1.0645205586920356e-15,up,10.343405598272966,0.2816754629868384
ENSG00000182103,FAM181B,0.3047250240430465,0.0035886512798509644,1.514231435326493,3.5954588558542454e-28,up,10.34177797349605,0.3047250240430465
ENSG00000171603,CLSTN1,0.3437830815137186,1.5421315843593657e-05,0.3177861496355283,1.9960355749926814e-21,up,10.340938399075688,0.3177861496355283
ENSG00000163710,PCOLCE2,0.8408657766520886,5.774748600642046e-05,0.5678727795281134,9.105767456793168e-23,up,10.338455534927148,0.5678727795281134
ENSG00000178149,DALRD3,0.47428011549967697,4.440161969833637e-05,0.5075663779538128,1.7837955363484217e-22,up,10.336309488580081,0.47428011549967697
ENSG00000258675,RP11-299L17.3,0.30460775799639284,0.011871813678085862,1.4505976867461734,4.220776822986754e-30,up,10.324801972124268,0.30460775799639284
ENSG00000144893,MED12L,0.36904436143633496,0.0008688102185467977,1.3086460635307346,6.34627624760221e-26,up,10.320693427678442,0.36904436143633496
ENSG00000270607,RP11-359E10.1,0.7297507086706616,5.5246083630811714e-08,0.6471753037317735,1.5298440101916906e-16,up,10.318998421464544,0.6471753037317735
ENSG00000124491,F13A1,-0.7809493252427419,0.00915446992868129,-1.1889026592718657,1.441636508953774e-29,down,-10.316003921736954,0.7809493252427419
ENSG00000272622,RP11-395N3.2,0.4866429883910894,1.2927048208016023e-05,0.6944906418058827,4.252841749576216e-21,up,10.31294224787361,0.4866429883910894
ENSG00000133107,TRPC4,-0.756507796222764,1.1893060962604727e-07,-0.9279129293216011,4.4337417537768256e-17,down,-10.311136827402693,0.756507796222764
ENSG00000008311,AASS,-0.7542784871360027,1.7644230709481598e-05,-1.1767617786998328,2.2116210414258737e-21,down,-10.310721100938471,0.7542784871360027
ENSG00000184194,GPR173,0.5959220221789018,2.2527104151527334e-05,0.6807409061051167,1.4627666184117654e-21,up,10.301141463490245,0.5959220221789018
ENSG00000099957,P2RX6,0.6939135818195924,0.0009602780263104163,1.4196194157146518,6.34627624760221e-26,up,10.299950606220584,0.6939135818195924
ENSG00000170315,UBB,0.5577664289410524,1.4580396318544982e-08,0.34366904169026374,1.627198241439509e-15,up,10.29938980544582,0.34366904169026374
ENSG00000128294,TPST2,-0.3829384026014314,0.0014790880795155714,-0.63292407525619,1.5642582628622993e-26,down,-10.299369774139722,0.3829384026014314
ENSG00000178922,HYI,0.4834230098047913,2.774960439903934e-05,0.8037478989628757,9.286798328609455e-22,up,10.298756778074063,0.4834230098047913
ENSG00000109610,SOD3,1.3732687392350662,4.0241367631190607e-10,0.9411525918936584,3.3313781556315884e-13,up,10.292712163141415,0.9411525918936584
ENSG00000053254,FOXN3,-0.6366891120795954,4.359238394947814e-09,-0.4095755848452181,1.1855901757964935e-14,down,-10.287358082946234,0.4095755848452181
ENSG00000269190,FBXO17,0.4480745185258189,0.002742644595021437,0.6274599218104181,2.3589816736770135e-27,up,10.283266659172487,0.4480745185258189
ENSG00000188917,TRMT2B,-0.2624065117048132,0.0001870285759903464,-0.39269731384669204,9.181841701062878e-24,down,-10.283019847083285,0.2624065117048132
ENSG00000143994,ABHD1,0.5255791668503662,0.0016053077055571128,0.8827824870420885,1.5358402905043132e-26,up,10.282446516592042,0.5255791668503662
ENSG00000109332,UBE2D3,-0.3507669009416135,3.4717779558145776e-08,-0.2911334856017457,5.3057327625775565e-16,down,-10.279614618311594,0.2911334856017457
ENSG00000206561,COLQ,1.2933480866371738,0.0008909172953387481,1.1507903678109408,1.150586201088325e-25,up,10.27491728686885,1.1507903678109408
ENSG00000145020,AMT,0.29549485437264883,0.005770523840476832,0.7414462247331239,1.8962559884045137e-28,up,10.270008788617801,0.29549485437264883
ENSG00000110900,TSPAN11,0.3971606495698805,0.01774745560094435,1.0833518814716137,1.820305993245102e-30,up,10.267772034236694,0.3971606495698805
ENSG00000144959,NCEH1,-0.47896682658573125,0.0011408064054213303,-0.8409964328957059,6.003540086974799e-26,down,-10.266135195324544,0.47896682658573125
ENSG00000102935,ZNF423,0.4721717330735273,0.004151421755186448,0.6523660150343796,7.155070606052673e-28,up,10.263963295992264,0.4721717330735273
ENSG00000135362,PRR5L,0.41205301678754086,0.020171301747075956,1.0254950756540544,1.0962318417254002e-30,up,10.262888295888734,0.41205301678754086
ENSG00000133477,FAM83F,-0.4534426901331975,0.002742644595021437,-1.0529475046446273,4.0961676123669136e-27,down,-10.247693886167655,0.4534426901331975
ENSG00000151743,AMN1,-0.49312472104411964,9.357548221885952e-06,-0.4592300122768921,2.1147825924788636e-20,down,-10.246607616126358,0.4592300122768921
ENSG00000184939,ZFP90,0.4378998930249363,1.9978774198851523e-05,0.2883081029883642,4.047971818306021e-21,up,10.243762759750371,0.2883081029883642
ENSG00000164692,COL1A2,1.103517439157378,0.0007580626534745281,0.9798064714297325,2.9897598436031647e-25,up,10.243630048604139,0.9798064714297325
ENSG00000087076,HSD17B14,0.8080076822404884,4.41758119666787e-06,1.0484783848606356,1.1316230936631713e-19,up,10.239465707202465,0.8080076822404884
ENSG00000131401,NAPSB,0.7240151518043004,0.005352937735443793,1.5708685239839881,4.21089219608769e-28,up,10.236532586738603,0.7240151518043004
ENSG00000127954,STEAP4,-0.5099588673290387,0.022200273958361647,-1.0110790397275182,1.2162989316135492e-30,down,-10.228181389375896,0.5099588673290387
ENSG00000260396,AC012065.7,0.5546233233836675,0.004629283276599056,0.9738683209993779,8.677084322987206e-28,up,10.225174045418338,0.5546233233836675
ENSG00000162747,FCGR3B,0.6363172250566438,0.011997909297636583,1.928681401746363,2.201009830464444e-29,up,10.218871653747753,0.6363172250566438
ENSG00000132688,NES,0.6739735407691584,0.0003898287460831158,0.6547807218307011,3.103946478591009e-24,up,10.217406142838549,0.6547807218307011
ENSG00000138036,DYNC2LI1,0.3058703334895017,0.015412536443048429,0.4237509252182382,8.068598815279542e-30,up,10.213349674491722,0.3058703334895017
ENSG00000124795,DEK,-0.8903789167308097,3.844931171478176e-09,-0.47240465791574154,3.2203136299770055e-14,down,-10.211737320938514,0.47240465791574154
ENSG00000164050,PLXNB1,-0.31196041387751167,0.006984874274796163,-0.6024402664368204,2.388826434696387e-28,down,-10.206562461236908,0.31196041387751167
ENSG00000271259,RP11-1109F11.5,0.5080442302618464,0.0003949868686807471,1.0436286372649095,3.527510014357809e-24,up,10.205636335470212,0.5080442302618464
ENSG00000272761,RP11-572C15.6,1.4242628691400023,9.393650853353648e-05,1.0374666547256215,1.739896892178432e-22,up,10.203754314673846,1.0374666547256215
ENSG00000067840,PDZD4,0.7958002927874177,1.4104611383794576e-06,0.9212910457500594,1.9464371028912646e-18,up,10.1985140351644,0.7958002927874177
ENSG00000148655,C10orf11,-1.1566181059988674,9.591476778795425e-06,-0.8702654513625888,3.818661059029973e-20,down,-10.196868275935412,0.8702654513625888
ENSG00000177335,C8orf31,0.5567622504846234,8.906854014040633e-05,0.8425180161033777,2.1958440898817185e-22,up,10.196428793895006,0.5567622504846234
ENSG00000231999,RP5-1007M22.2,0.5897918161585185,5.9011452178213595e-06,0.49207325362474474,1.0952199695365552e-19,up,10.195233751207162,0.49207325362474474
ENSG00000243056,EIF4EBP3,1.5682698515565432,6.647793595422478e-10,1.0791615730236022,4.911631822152114e-13,up,10.191107272129361,1.0791615730236022
ENSG00000235162,C12orf75,0.788326219746286,0.002841533210762605,1.161694336925089,8.624570585892757e-27,up,10.19041649074545,0.788326219746286
ENSG00000157379,DHRS1,0.48240886691494234,0.00032687527831133694,0.635078279272351,7.616721558825345e-24,up,10.189155087044197,0.48240886691494234
ENSG00000205593,DENND6B,0.6663522770025586,4.704474705511335e-08,0.8305665589436261,9.390359007837518e-16,up,10.186790792463603,0.6663522770025586
ENSG00000152642,GPD1L,-0.4369278832670071,0.0013129006051145942,-0.7390433022664349,1.3482273598762898e-25,down,-10.18065769153092,0.4369278832670071
ENSG00000181513,ACBD4,0.6154347875418781,4.3762138278590407e-07,0.6149869629997484,2.2356273724851848e-17,up,10.17826026677555,0.6149869629997484
ENSG00000125741,OPA3,-0.299944047363699,9.933329314752534e-05,-0.3318748545270243,2.4214117982191374e-22,down,-10.168735192488281,0.299944047363699
ENSG00000155254,MARVELD1,0.9230601721786916,5.24270990676782e-06,0.5552836222173704,2.191445481599106e-19,up,10.159801075578969,0.5552836222173704
ENSG00000013725,CD6,0.3358763945496833,0.016169336195140216,1.5742279468312579,1.5524792908510655e-29,up,10.159224808047304,0.3358763945496833
ENSG00000034971,MYOC,0.9020017009234009,0.020648572718031017,1.6117991437193127,5.534802721749267e-30,up,10.155890046290558,0.9020017009234009
ENSG00000117592,PRDX6,-0.3198617625804608,0.0059059539409221425,-0.6502892142921686,1.0469969426118896e-27,down,-10.152849700004197,0.3198617625804608
ENSG00000142657,PGD,-0.4792162476542129,6.2549614099844915e-06,-0.480137779401603,1.806558566628657e-19,down,-10.14679694865462,0.4792162476542129
ENSG00000089847,ANKRD24,0.3932000138541454,0.0007314157461053271,1.3494292682027662,1.4053265244115265e-24,up,10.14477732333044,0.3932000138541454
ENSG00000065923,SLC9A7,-0.5591854107246294,1.8241178039638825e-05,-0.8896880412091548,1.980527982116058e-20,down,-10.138872496332498,0.5591854107246294
ENSG00000120885,CLU,0.46226257116015146,0.006117484190327899,0.9029611871508938,1.1462215607493448e-27,up,10.138233582946548,0.46226257116015146
ENSG00000204228,HSD17B8,0.7317774453577897,1.0034217980790989e-10,0.5803347839113291,8.78010538351251e-12,up,10.137034117236201,0.5803347839113291
ENSG00000163961,RNF168,-0.3487806389101089,7.282197391662164e-05,-0.5151664408849437,8.390055275256336e-22,down,-10.13560365924318,0.3487806389101089
ENSG00000142279,WTIP,0.6429649040063836,9.929665749873684e-06,0.6908440576147993,8.047485378492969e-20,up,10.133826789762477,0.6429649040063836
ENSG00000138430,OLA1,-0.5865666203696837,2.3160802899555403e-09,-0.23243584539765894,1.764983868718163e-13,down,-10.129924051958408,0.23243584539765894
ENSG00000104324,CPQ,0.5852637063748919,2.3727553485966066e-06,0.4001608941335224,1.6497528823279423e-18,up,10.127438658905898,0.4001608941335224
ENSG00000104687,GSR,-0.3134054522135338,0.0002952042157724902,-0.40203055396975823,2.5637139929926503e-23,down,-10.123272067121793,0.3134054522135338
ENSG00000261280,CTD-3105H18.13,0.3936574051496323,1.6347041320852655e-05,0.733537494584844,3.3646644004151814e-20,up,10.117091311269064,0.3936574051496323
ENSG00000138785,INTS12,-0.3346063028580904,3.710902834749208e-07,-0.31184858268155946,6.354852185790621e-17,down,-10.115139996849098,0.31184858268155946
ENSG00000236609,ZNF853,0.4890456020452103,1.3373157584733706e-06,0.502519687996183,6.344001449782587e-18,up,10.111946609415083,0.4890456020452103
ENSG00000163513,TGFBR2,-0.2824557611127523,0.017086061356887877,-0.7915547897110505,3.168364651974116e-29,down,-10.100165391752668,0.2824557611127523
ENSG00000111271,ACAD10,0.4162210392286201,4.656352946170686e-06,0.3889183999442615,6.000430401345882e-19,up,10.099424018806117,0.3889183999442615
ENSG00000187730,GABRD,0.338667643813986,0.00037395546132151417,1.5721487830397578,1.888441887219456e-23,up,10.09881702790589,0.338667643813986
ENSG00000101444,AHCY,-0.3697111178960011,5.6335349375099335e-05,-0.45738681223669475,2.6073575876431403e-21,down,-10.09728076726614,0.3697111178960011
ENSG00000145335,SNCA,0.8575445629386013,0.001740808965509495,0.8983003325997009,1.865116166323288e-25,up,10.096037896459745,0.8575445629386013
ENSG00000258457,RP11-298I3.4,0.25047550488315884,0.03091529880544652,0.8874222445101116,2.3419032375381948e-30,up,10.09058227984362,0.25047550488315884
ENSG00000196549,MME,0.819616822211465,0.0006278496839005048,1.0263698808162405,4.854615266266867e-24,up,10.089691885819615,0.819616822211465
ENSG00000187634,SAMD11,0.7754917607655217,0.004379606025039612,1.9421779445222362,8.721684716224146e-27,up,10.088872721519028,0.7754917607655217
ENSG00000198932,GPRASP1,0.7375441153696677,0.0001783102573774061,0.7932655933603963,1.6689643817118825e-22,up,10.086443582370942,0.7375441153696677
ENSG00000162373,BEND5,0.315202219426045,0.03737085025202483,0.764580905433012,9.945530022866146e-31,up,10.08549403855604,0.315202219426045
ENSG00000135392,DNAJC14,-0.3018811286258224,4.436642738601327e-05,-0.24493143871585998,5.7771036569733416e-21,down,-10.079427964795952,0.24493143871585998
ENSG00000107242,PIP5K1B,-0.6209651201979856,5.142527294376045e-07,-0.706448166633097,5.405426852947487e-17,down,-10.078900915047592,0.6209651201979856
ENSG00000183323,CCDC125,0.44080044693522114,0.0005444447832654777,0.385978068310064,8.830318348060451e-24,up,10.077365823278043,0.385978068310064
ENSG00000116852,KIF21B,0.2899264286639535,0.0011730558388614275,0.8904838834869645,8.986703044011775e-25,up,10.076560887112038,0.2899264286639535
ENSG00000138709,LARP1B,-0.33736730409002186,0.0002503543350492594,-0.6094693602954829,7.796558816224883e-23,down,-10.07583476888633,0.33736730409002186
ENSG00000242600,MBL1P,0.38991494107429064,0.0012347273192973688,0.7521503799495608,7.815723043024179e-25,up,10.075301050869335,0.38991494107429064
ENSG00000137331,IER3,1.596160928178153,6.230940545447074e-05,1.2131365968148338,2.8295064734549346e-21,up,10.073344294457733,1.2131365968148338
ENSG00000106336,FBXO24,0.27525579925171795,0.00016911880321625566,0.8010722420835041,2.2899964610363273e-22,up,10.072823565222825,0.27525579925171795
ENSG00000255248,RP11-166D19.1,0.3805415571189014,0.005811380285410337,0.5631933382882497,3.8873474247147706e-27,up,10.072524375555945,0.3805415571189014
ENSG00000131781,FMO5,-1.4167812870764913,0.00012737696387769606,-1.2380309288258424,5.4550180265907e-22,down,-10.062980060811253,1.2380309288258424
ENSG00000198429,ZNF69,-0.38741434307559636,5.104184642351769e-05,-0.40801914606935874,5.280574554520703e-21,down,-10.061925253356671,0.38741434307559636
ENSG00000131467,PSME3,-0.20321145880412017,0.01153182145213344,-0.26156551823785024,3.343120166335817e-28,down,-10.056549838353394,0.20321145880412017
ENSG00000171224,C10orf35,0.45844571900486625,0.0006787321688946658,0.703762260654045,6.233485604507969e-24,up,10.056447299276536,0.45844571900486625
ENSG00000272645,RP11-504P24.8,0.4098075516292332,5.68674362683264e-05,0.6607354711227618,4.390554305125888e-21,up,10.056058222498349,0.4098075516292332
ENSG00000104833,TUBB4A,-0.9672021069532759,6.829004413515449e-07,-1.0593896820572566,4.387253748691857e-17,down,-10.054949240791192,0.9672021069532759
ENSG00000231290,APCDD1L-AS1,0.29376680892428125,0.038871811613666256,1.6084322694398872,1.4560036219487757e-30,up,10.050180875067426,0.29376680892428125
ENSG00000236914,RP11-1008C21.2,0.3688649440151864,0.021682502564694728,0.8959711205156887,2.4338274179966965e-29,up,10.049540274794369,0.3688649440151864
ENSG00000174669,SLC29A2,-0.505790169495574,1.4793205451554167e-05,-0.699232404018302,1.0255262993930377e-19,down,-10.048456818446583,0.505790169495574
ENSG00000166265,CYYR1,-0.35380309450670017,0.002945916867806673,-0.5348118661555751,6.599008270766396e-26,down,-10.045039792526733,0.35380309450670017
ENSG00000051009,FAM160A2,0.5052456092980963,1.3572261344232649e-08,0.2534139415137542,3.153202051052381e-14,up,10.044852471940748,0.2534139415137542
ENSG00000108559,NUP88,-0.4460655745343331,3.657830897002549e-05,-0.2527870338770381,1.5314011017040418e-20,down,-10.039863842765637,0.2527870338770381
ENSG00000117425,PTCH2,0.24690531474755378,0.025615929147580537,1.0435723725437205,1.3971918331615756e-29,up,10.036412398474798,0.24690531474755378
ENSG00000260484,RP11-1081M5.2,-0.7410073056265127,0.0016345999346935927,-1.6985651360164398,5.634641493529084e-25,down,-10.034862605975158,0.7410073056265127
ENSG00000137776,SLTM,-0.6508952465652567,1.4268252115343334e-08,-0.3056870326395642,3.190493534049104e-14,down,-10.034747160491966,0.3056870326395642
ENSG00000204764,RANBP17,0.6355378542173356,7.395302673678127e-05,0.701987460112959,3.131829432454407e-21,up,10.034637365114506,0.6355378542173356
ENSG00000167123,CERCAM,0.734369724793034,0.0026490012321675445,1.0878268098080224,1.4580617983897178e-25,up,10.016111465047972,0.734369724793034
ENSG00000273145,CITF22-92A6.1,0.321421556487104,0.0029111924799769284,1.1454143252206017,1.0776114033643422e-25,up,10.0148418735849,0.321421556487104
ENSG00000168619,ADAM18,0.5309517758366691,0.0007680954990353433,1.8572346914149365,8.05266440861613e-24,up,10.013158180126924,0.5309517758366691
ENSG00000120937,NPPB,3.968589079280185,1.1143509022923584e-06,2.0892659885031186,3.0336255964503164e-17,up,10.01103940022677,2.0892659885031186
ENSG00000177042,TMEM80,0.8345889246171774,1.3349711120694986e-06,0.44458086772783423,2.1865383950634372e-17,up,10.011004225816635,0.44458086772783423
ENSG00000162458,FBLIM1,-0.38875697164547446,0.015387677795053433,-0.5164813114131898,2.0558663156630386e-28,down,-10.010200166645134,0.38875697164547446
ENSG00000213722,DDAH2,0.6380900825812091,3.842769661776954e-06,0.8739526663674285,2.905216853946756e-18,up,10.004194532179884,0.6380900825812091
ENSG00000257122,RRN3P3,0.2654028249297894,0.0008643137464009038,0.463940427314645,6.692287401201256e-24,up,10.002474109591974,0.2654028249297894
ENSG00000261474,RP11-452L6.1,0.7576909268128794,4.5415733922081246e-07,0.6031585928641713,1.7117550025840946e-16,up,10.001012307741885,0.6031585928641713
ENSG00000146147,MLIP,-0.42563524095302196,0.0011616572393172145,-0.5217255643681917,2.822838723814348e-24,down,-10.00000561940118,0.42563524095302196
ENSG00000120705,ETF1,-0.378623391325985,0.0001548364868876507,-0.3137370752341203,9.288429235406182e-22,down,-9.987027625441678,0.3137370752341203
ENSG00000264107,RP11-848P1.5,0.5361380015780964,8.195647954074246e-06,1.1329831906285817,8.184057304058464e-19,up,9.983011225733526,0.5361380015780964
ENSG00000196735,HLA-DQA1,1.3516804700574845,4.146075292264945e-05,1.2629666163420747,2.556027300385001e-20,up,9.978866305182063,1.2629666163420747
ENSG00000215788,TNFRSF25,0.5665211092714703,4.8388342154785785e-05,0.690814652869085,1.8731553650893305e-20,up,9.975183955809552,0.5665211092714703
ENSG00000105499,PLA2G4C,0.47140404740578984,4.98768490856476e-05,0.5890426238401614,1.8738164958687895e-20,up,9.969990499555912,0.47140404740578984
ENSG00000231160,RP11-617D20.1,0.7940365261345018,6.132400809741292e-08,0.7827527568511328,7.03675541457283e-15,up,9.965298203464277,0.7827527568511328
ENSG00000140279,DUOX2,0.30031520234244713,0.005287690227403852,1.233869717776422,2.880193467998921e-26,up,9.96381703066728,0.30031520234244713
ENSG00000166483,WEE1,0.7175682341076742,1.285394288144753e-05,0.4979784962094688,4.169309645583619e-19,up,9.961758363373606,0.4979784962094688
ENSG00000166341,DCHS1,0.5931319344641537,6.218067962471747e-05,0.5884017141206709,1.2548544411134692e-20,up,9.960840251024917,0.5884017141206709
ENSG00000126858,RHOT1,-0.47843189173166023,7.0130424940586865e-06,-0.5156856328117352,1.542630632753561e-18,down,-9.958540797752944,0.47843189173166023
ENSG00000137878,GCOM1,-2.929192924073657,4.770196309614927e-07,-1.2137877675993598,2.582888194524455e-16,down,-9.958240337822108,1.2137877675993598
ENSG00000023909,GCLM,-0.42083004868172946,0.00012490779839159893,-0.7769568843106271,2.6484914985169982e-21,down,-9.9501557233321,0.42083004868172946
ENSG00000158869,FCER1G,-0.7528469200270311,0.0023151304119325613,-0.8955250375241084,6.290034267155912e-25,down,-9.948988476731337,0.7528469200270311
ENSG00000170919,TPT1-AS1,0.7798656002106837,3.1701992419293606e-07,0.47934242534208976,5.855159157378353e-16,up,9.948523708896559,0.47934242534208976
ENSG00000171865,RNASEH1,-0.22299389957713386,4.9697141011508245e-05,-0.3757735819041535,2.6101640536170694e-20,down,-9.945398621155176,0.22299389957713386
ENSG00000196843,ARID5A,1.5687590666391036,5.402708766984061e-07,0.8999961896787834,2.457448071051363e-16,up,9.942811036566154,0.8999961896787834
ENSG00000156265,MAP3K7CL,1.625084308237009,2.6671707754215754e-05,1.2881730938835856,1.1822240420331176e-19,up,9.938199135186817,1.2881730938835856
ENSG00000224699,LAMTOR5-AS1,0.984465150164762,5.943692924798454e-06,0.6005963235136684,2.7798679518346726e-18,up,9.937323152050753,0.6005963235136684
ENSG00000116750,UCHL5,-0.6011464032759412,7.543812173741994e-07,-0.39570002879932137,1.577780705868219e-16,down,-9.931726244379606,0.39570002879932137
ENSG00000185070,FLRT2,0.46456259507740016,0.029482089360247737,1.0787979710272806,3.9561628779055534e-29,up,9.92927147953207,0.46456259507740016
ENSG00000127585,FBXL16,0.7079545664400729,0.014989645319290444,1.4993333392478818,8.215690435055041e-28,up,9.927422613049778,0.7079545664400729
ENSG00000154122,ANKH,0.5434874772586441,6.22162200357577e-11,0.22498527894687748,1.1493075960625147e-10,up,9.926404999497633,0.22498527894687748
ENSG00000214578,HMGN2P15,1.1913521970484213,6.201473273603615e-05,0.6312510597364562,2.2077983760854513e-20,up,9.918834433654604,0.6312510597364562
ENSG00000137103,TMEM8B,0.5015077721585518,0.00011817121514574087,0.49785494319177404,4.7215400972510214e-21,up,9.917021015228341,0.49785494319177404
ENSG00000224729,PCOLCE-AS1,0.535994446914569,9.610906721150048e-06,0.8482541395824477,1.5376306687321776e-18,up,9.907265301195665,0.535994446914569
ENSG00000116824,CD2,0.46961302941165706,0.030197938334641735,1.493417320546107,5.223567184237861e-29,up,9.904575279245654,0.46961302941165706
ENSG00000174403,C20orf166-AS1,0.7997288138242412,1.6305764612065022e-05,0.8936905008297014,5.208885253506417e-19,up,9.904205701991984,0.7997288138242412
ENSG00000073605,GSDMB,0.4605030479726361,0.005020065169076042,0.6686677904722022,8.820309773146923e-26,up,9.900446708212048,0.4605030479726361
ENSG00000111799,COL12A1,0.9282774921728675,0.0001233615516930699,0.853192507070575,5.2835486376306706e-21,up,9.900441378482787,0.853192507070575
ENSG00000100767,PAPLN,0.7008992230914307,0.0014305324939549986,0.8960880755443567,6.059195086330931e-24,up,9.90042056783686,0.7008992230914307
ENSG00000172493,AFF1,-0.36728241734716044,1.5689992270101567e-05,-0.45233799687967485,5.934035078751236e-19,down,-9.899882173137916,0.36728241734716044
ENSG00000123119,NECAB1,0.4924091936060767,1.5645817287827917e-06,0.9045862043520748,6.212707814541769e-17,up,9.89621197250071,0.4924091936060767
ENSG00000188542,DUSP28,0.6606095072534601,1.0921373587286127e-11,0.2529936570240474,1.2384004797207135e-09,up,9.894634431683652,0.2529936570240474
ENSG00000124780,KCNK17,0.34322844805298613,0.010992864734242613,1.7829294409271135,5.1437714652440186e-27,up,9.892649754402886,0.34322844805298613
ENSG00000187867,PALM3,0.29008456934580523,0.0072660801529123254,1.428059824208283,2.679243663032932e-26,up,9.888491096487257,0.29008456934580523
ENSG00000113578,FGF1,0.34450112710084957,0.017311985374724486,0.6591137757041687,8.195807746864935e-28,up,9.888246075119067,0.34450112710084957
ENSG00000145147,SLIT2,0.6913095692471052,0.0008253930819786234,0.6678884613063866,4.826442288231948e-23,up,9.872306449285288,0.6678884613063866
ENSG00000196547,MAN2A2,-0.5307930470175669,2.0168475189078233e-06,-0.4955112092698623,5.2182005445451555e-17,down,-9.86947183079092,0.4955112092698623
ENSG00000147382,FAM58A,-0.7361328155945289,3.956768148204538e-07,-0.7209232106609778,1.052670221537332e-15,down,-9.864113036779761,0.7209232106609778
ENSG00000196850,PPTC7,-0.34375473107264676,0.0039105969549644674,-0.7422879449652513,3.7871338426185666e-25,down,-9.86213437357831,0.34375473107264676
ENSG00000138413,IDH1,-0.6775806547873646,6.582312749890773e-06,-0.44499122494164167,5.743925538374841e-18,down,-9.861670825776478,0.44499122494164167
ENSG00000162104,ADCY9,-0.6823584670545699,1.55214335677157e-10,-0.2857497181128976,7.841576036630519e-11,down,-9.853382974836576,0.2857497181128976
ENSG00000070718,AP3M2,0.509296870261455,0.01783710957068704,0.560752877098499,1.3797904452576598e-27,up,9.845975658256139,0.509296870261455
ENSG00000266753,RP11-690G19.3,0.5656768179206674,5.559641856273857e-07,0.4192622808280984,8.012871169087163e-16,up,9.836551268000623,0.4192622808280984
ENSG00000100242,SUN2,-0.24989890374069854,0.04017896411634373,-0.590283386236299,3.9561628779055534e-29,down,-9.834794703628301,0.24989890374069854
ENSG00000170921,TANC2,0.5612359280775102,0.00028455696002714013,0.6020130437509146,1.6266330406298815e-21,up,9.831289382913818,0.5612359280775102
ENSG00000123240,OPTN,-0.5157611627714619,9.641402309053487e-06,-0.26446201596873775,3.981403360764035e-18,down,-9.829410552285033,0.26446201596873775
ENSG00000197457,STMN3,0.7722469794093431,6.770417049016364e-07,0.8209103485877142,6.684142148438599e-16,up,9.823978406119338,0.7722469794093431
ENSG00000111674,ENO2,0.9212561792476976,3.825491608080661e-06,0.49488091851717964,3.021203595361522e-17,up,9.81285414413994,0.49488091851717964
ENSG00000184544,DHRS7C,-2.6587353911765037,1.4814155191759702e-05,-1.8936301971227436,2.129271024183728e-18,down,-9.808116124502236,1.8936301971227436
ENSG00000169231,THBS3,0.5911818688840085,0.002832293760621393,0.6729265857579245,2.621853341901063e-24,up,9.803544435043177,0.5911818688840085
ENSG00000144401,METTL21A,-0.6446442783367401,4.150146194486629e-11,-0.20546597015759602,6.281537634795973e-10,down,-9.801869265661553,0.20546597015759602
ENSG00000115523,GNLY,0.6764013538686651,0.01191515352417518,1.2577803837840305,1.5441338060733788e-26,up,9.798281567143952,0.6764013538686651
ENSG00000139624,CERS5,0.6834224269431463,5.2032986746673885e-08,0.3456797113177979,5.923119516904307e-14,up,9.795336286149142,0.3456797113177979
ENSG00000205436,EXOC3L4,0.5563596970369753,0.0006245089449979928,1.6607600977920818,3.2433484452311367e-22,up,9.791696682028403,0.5563596970369753
ENSG00000176903,PNMA1,0.282825089507909,0.014556215415481206,0.3893806680205811,7.785105521516536e-27,up,9.789774414166942,0.282825089507909
ENSG00000112290,WASF1,-0.4111625954315738,0.004992267178117409,-0.8945600684100684,4.861619833590851e-25,down,-9.786416609832148,0.4111625954315738
ENSG00000104848,KCNA7,-0.7649440113898205,9.807416452833371e-10,-1.1460292769263103,1.7075236184464272e-11,down,-9.784510863081108,0.7649440113898205
ENSG00000172020,GAP43,0.7928101271288035,0.0031774535447490876,1.7512726474479137,2.381459175556842e-24,up,9.783151077342518,0.7928101271288035
ENSG00000120029,C10orf76,0.49773775002538545,2.7309935620873167e-06,0.37908427964662156,8.334426081229202e-17,up,9.782712520088435,0.37908427964662156
ENSG00000266964,FXYD1,0.9853173589287316,1.903756822755789e-14,0.5082213379944105,6.592706013507825e-07,up,9.78003432543169,0.5082213379944105
ENSG00000172575,RASGRP1,0.3029274081318628,0.010957719267005343,1.3779664612263822,2.9530433420272107e-26,up,9.777069333119218,0.3029274081318628
ENSG00000110917,MLEC,-0.5911781019069275,2.3367587931103533e-07,-0.3528697362666132,6.9718925333514946e-15,down,-9.775228030986872,0.3528697362666132
ENSG00000136710,CCDC115,0.2834324699772476,0.0018481820046204439,0.3366699516607194,1.7511743680746406e-23,up,9.768689198578748,0.2834324699772476
ENSG00000103544,C16orf62,0.5454973114787112,8.269344968963897e-07,0.17838022312484167,8.919754680642817e-16,up,9.767834024838608,0.17838022312484167
ENSG00000272144,CTD-2035E11.5,0.25077108716014995,0.004783975552742286,1.021963402663297,7.796202837226865e-25,up,9.764282950926994,0.25077108716014995
ENSG00000166317,SYNPO2L,0.7303561694272899,1.5748475614471075e-05,0.6403470225535506,3.329962554625199e-18,up,9.761665208482698,0.6403470225535506
ENSG00000178184,PARD6G,0.47080496133851607,6.22558215936744e-05,0.5240347609570274,1.7664808677068093e-19,up,9.758164219595608,0.47080496133851607
ENSG00000160200,CBS,-0.6295616668801882,0.013133611772283327,-1.0327545677556031,1.915533213004181e-26,down,-9.757098309287114,0.6295616668801882
ENSG00000266733,TBC1D29,-0.27120828902268157,0.008317298924613008,-1.6983225555937396,1.2067271603271055e-25,down,-9.752846761180653,0.27120828902268157
ENSG00000164220,F2RL2,0.7366399191622373,0.0015213224360144605,1.3325682487404242,4.081171802544588e-23,up,9.751871987970548,0.7366399191622373
ENSG00000164172,MOCS2,-0.4841392505582516,2.652521708539051e-10,-0.24146756364200758,1.151869719438525e-10,down,-9.74755726250579,0.24146756364200758
ENSG00000141441,GAREM,-0.819970568113426,6.25352497438228e-07,-0.4188508118334125,1.8326713183849217e-15,down,-9.746508376358415,0.4188508118334125
ENSG00000204287,HLA-DRA,1.0432314195734647,0.00010894063779652285,0.668475167578486,5.522431930903479e-20,up,9.745321936766327,0.668475167578486
ENSG00000197170,PSMD12,-0.4078976539870592,5.943692924798454e-06,-0.3126872361432297,2.963244172231714e-17,down,-9.743225323503342,0.3126872361432297
ENSG00000088320,REM1,0.4528541450260011,0.004317301666601859,0.9787816739636575,1.5754943770007695e-24,up,9.740308489173188,0.4528541450260011
ENSG00000236155,RP11-231P20.2,0.6144763792691903,1.1411781559714288e-07,0.7282943485410281,3.2203136299770055e-14,up,9.73883941988705,0.6144763792691903
ENSG00000164088,PPM1M,0.6948573951116188,2.3338166037420665e-05,0.3843075629975924,2.0758127187682808e-18,up,9.734384474346452,0.3843075629975924
ENSG00000084693,AGBL5,0.29441854420869323,0.003531144316840159,0.3536609345667541,3.447914426780976e-24,up,9.732916686647561,0.29441854420869323
ENSG00000156171,DRAM2,-0.38992600642483094,1.07748150775975e-05,-0.27147803307159407,1.0806483852130635e-17,down,-9.72903564396308,0.27147803307159407
ENSG00000126581,BECN1,-0.48058812550875796,1.7950029315068689e-07,-0.1967732382284296,1.8277490882901382e-14,down,-9.726536751195685,0.1967732382284296
ENSG00000137809,ITGA11,-0.7529893096489744,9.088595939687994e-05,-0.6708643844128509,1.1495669709167353e-19,down,-9.722895137625967,0.6708643844128509
ENSG00000078304,PPP2R5C,-0.34605082232802,4.440161969833637e-05,-0.26662124966347656,6.30813825495384e-19,down,-9.716506848753669,0.26662124966347656
ENSG00000166922,SCG5,0.5439949421123184,0.001092094369894398,1.3393454877912652,1.9308809768731727e-22,up,9.714520877832497,0.5439949421123184
ENSG00000101871,MID1,0.5810897289772009,0.011096160461702184,0.753650726617262,7.513341922684923e-26,up,9.710703289101225,0.5810897289772009
ENSG00000134253,TRIM45,0.46546741958095755,0.006537134580963953,0.7382687745160388,5.6682300720567675e-25,up,9.708530545384766,0.46546741958095755
ENSG00000162576,MXRA8,0.8165023662265922,0.0007998317596106529,1.1105246003861913,5.220407594710969e-22,up,9.706686123886598,0.8165023662265922
ENSG00000060656,PTPRU,-0.6754926941328349,1.8968517429384967e-06,-0.5026866029864581,4.1847297154040675e-16,down,-9.703549103088944,0.5026866029864581
ENSG00000128513,POT1,-0.4909564283954207,0.00036233180997030266,-0.5371500720608685,5.178519094177287e-21,down,-9.696333245754735,0.4909564283954207
ENSG00000122566,HNRNPA2B1,-0.6510958764824191,7.746394259017946e-10,-0.19210558796651808,5.319051224057176e-11,down,-9.694587132820365,0.19210558796651808
ENSG00000271576,RP11-486G15.2,0.28796007197492746,0.0031046674940433832,0.564498824352923,1.0059951567201177e-23,up,9.687257784693934,0.28796007197492746
ENSG00000140932,CMTM2,0.5152003071206254,0.000292393551772648,1.581985785833505,1.0333579733206634e-20,up,9.685469022731924,0.5152003071206254
ENSG00000267385,CTB-50L17.14,-0.9710280628098402,1.0986323859435328e-07,-1.2571368694444822,6.254755343631937e-14,down,-9.682401813974641,0.9710280628098402
ENSG00000164932,CTHRC1,0.851867849604179,0.01631482341638957,1.4230788923244235,2.526449350068867e-26,up,9.679444934471741,0.851867849604179
ENSG00000173065,FAM222B,-0.35808237178857694,2.9467169106994312e-05,-0.315371166228418,2.5474966105591967e-18,down,-9.677899874686336,0.315371166228418
ENSG00000077942,FBLN1,1.0159324156790732,0.01059944779276233,0.9721219981711117,1.4881473126293718e-25,up,9.675607579804694,0.9721219981711117
ENSG00000133985,TTC9,0.4955236039209251,0.0003694916384244803,0.6767175010439295,6.754493530416498e-21,up,9.672627107375693,0.4955236039209251
ENSG00000167157,PRRX2,1.236912256322045,2.9896841917149834e-09,1.2540781270996804,1.286308907751374e-11,up,9.667085831429004,1.236912256322045
ENSG00000136813,KIAA0368,-0.4646702004986847,1.4108779952602994e-07,-0.2049319921767186,5.211216369310559e-14,down,-9.663171222986527,0.2049319921767186
ENSG00000227540,RP11-152N13.5,0.3262949683691319,0.0027295350814524337,0.5662135060600245,2.186376222678729e-23,up,9.663067981577061,0.3262949683691319
ENSG00000168530,MYL1,0.8264948195032411,0.0010747798557690278,1.7623895845981874,4.1210644692748382e-22,up,9.662506027883511,0.8264948195032411
ENSG00000087245,MMP2,0.8911040920862482,3.099219175369282e-05,0.5760001437904578,2.8285034834752482e-18,up,9.660253669098045,0.5760001437904578
ENSG00000232352,SEMA3B-AS1,1.0016316123017541,3.1360627118516318e-06,1.0188562794549139,2.8091107300052753e-16,up,9.656051514760966,1.0016316123017541
ENSG00000187595,ZNF385C,0.24846334705751447,0.0025989793984595535,0.9666977969396453,3.00975109303158e-23,up,9.651783448469315,0.24846334705751447
ENSG00000182866,LCK,0.36419149623629987,0.048233954229189274,1.296707324108017,3.202916130144728e-28,up,9.642604447399819,0.36419149623629987
ENSG00000204622,HLA-J,0.6282534164956003,0.007826461109765636,1.0815738021558556,7.9833341665297475e-25,up,9.640127201474352,0.6282534164956003
ENSG00000143320,CRABP2,0.5201760738048733,0.04626067526731079,1.441449230373971,4.143018134205017e-28,up,9.639374518383457,0.5201760738048733
ENSG00000182557,SPNS3,0.4439636693101444,0.0005235802530215354,1.4809493483578229,4.1644605485807864e-21,up,9.639170180885172,0.4439636693101444
ENSG00000170892,TSEN34,0.7427236900571542,7.856993552217798e-09,0.4529136691098842,4.458350249723506e-12,up,9.638892371165674,0.4529136691098842
ENSG00000141627,DYM,-0.4171167662776216,1.340898929772375e-06,-0.31137391544359533,1.7002544618089953e-15,down,-9.637006892770419,0.31137391544359533
ENSG00000019505,SYT13,-0.7824161565580183,0.0004168561759927929,-1.2161661566746147,8.477123506879851e-21,down,-9.630605246778144,0.7824161565580183
ENSG00000163590,PPM1L,-0.26896577581301667,0.019007729214949535,-0.6755506046739085,2.8343613108526267e-26,down,-9.63016826112601,0.26896577581301667
ENSG00000044090,CUL7,0.2765097910883302,0.005315364439173009,0.40227079230923446,3.8004240450169355e-24,up,9.629255144744356,0.2765097910883302
ENSG00000078237,C12orf5,-0.3707189987673936,0.003544139497363646,-0.5630522835545164,1.678333365336511e-23,down,-9.620651206642211,0.3707189987673936
ENSG00000166813,KIF7,0.6578525707735333,2.0091335119775802e-07,0.5695231577428085,5.055907286445857e-14,up,9.616152878754189,0.5695231577428085
ENSG00000241322,CDRT1,-0.5898863406454571,3.772419802017912e-05,-1.0251512431172451,3.201125770645496e-18,down,-9.61613146264665,0.5898863406454571
ENSG00000043514,TRIT1,-0.4091881977852808,0.00022745698771526685,-0.3123629024528248,5.035212521131828e-20,down,-9.613319802545002,0.3123629024528248
ENSG00000140181,HERC2P2,-0.7761123035415675,2.8758987716127212e-05,-0.8529348401771071,6.0792056621207964e-18,down,-9.611236087180956,0.7761123035415675
ENSG00000158623,COPG2,0.33446337163574363,3.0720463980873697e-06,0.2501933585905007,4.960709885896989e-16,up,9.611194891560002,0.2501933585905007
ENSG00000206560,ANKRD28,-0.6322360271180372,5.916882944718207e-07,-0.4219819864252814,9.251828747193784e-15,down,-9.609045205107007,0.4219819864252814
ENSG00000224066,RP4-622L5.7,0.5194558244847346,3.046156876608374e-06,0.7454303057241111,5.223185082904189e-16,up,9.607836290578806,0.5194558244847346
ENSG00000021300,PLEKHB1,0.862303096237888,1.1718920377268107e-05,0.6505069186926326,4.116437202779179e-17,up,9.604507421982378,0.6505069186926326
ENSG00000262115,RP11-455O6.2,0.5198671275569016,7.296178135471786e-07,0.9970120004265289,6.983197091214911e-15,up,9.60425170235917,0.5198671275569016
ENSG00000141084,RANBP10,0.5417819254777433,2.5512317708592917e-09,0.2512626938146099,3.0903384551895984e-11,up,9.600862446707307,0.2512626938146099
ENSG00000187079,TEAD1,-0.505002746942726,1.6344031312725384e-05,-0.6614198884671866,2.226154898066409e-17,down,-9.599987620247873,0.505002746942726
ENSG00000166848,TERF2IP,0.45466582485157786,1.136477854089709e-05,0.22295629461080022,4.6120186567461203e-17,up,9.599898861287649,0.22295629461080022
ENSG00000220205,VAMP2,0.43650699590738035,5.411502628708562e-10,0.3270725884412187,1.9880808138625104e-10,up,9.599571503657627,0.3270725884412187
ENSG00000114054,PCCB,0.375919537820892,0.00032305947109769265,0.4080788043166761,2.5565765027641475e-20,up,9.597738988152567,0.375919537820892
ENSG00000116161,CACYBP,-0.6859168064020122,3.3469961865531183e-06,-0.3223598849698495,5.010983685727952e-16,down,-9.595730294617292,0.3223598849698495
ENSG00000235349,RP11-561N12.6,0.7792496271545203,0.0034759909115098945,1.4540204667425338,2.9909732671781537e-23,up,9.584745475203812,0.7792496271545203
ENSG00000158122,AAED1,-0.34054850490491667,0.007003766191714375,-0.4202064715583488,2.7106637350883714e-24,down,-9.583521597119574,0.34054850490491667
ENSG00000112096,SOD2,-0.5787840573783416,2.0004984010111522e-06,-0.3405363607578679,1.5786726000170593e-15,down,-9.577387165078912,0.3405363607578679
ENSG00000227051,C14orf132,1.3048610690223263,2.4374804134298374e-07,0.8444069832734467,5.696877972931974e-14,up,9.575525247898632,0.8444069832734467
ENSG00000119917,IFIT3,0.5258398803843554,0.03115681125957824,0.8861801036308236,7.819854975645459e-27,up,9.57146087813892,0.5258398803843554
ENSG00000213160,KLHL23,-0.760045263632023,3.6224252229028444e-06,-0.6189870660648671,5.778179710935172e-16,down,-9.570244137936175,0.6189870660648671
ENSG00000068697,LAPTM4A,-0.28436131489106403,0.00048264469572202573,-0.27888148612510844,1.288314728544848e-20,down,-9.569974434897675,0.27888148612510844
ENSG00000251586,TET2-AS1,-0.6172785306505143,3.105517927108431e-05,-1.1875554764325316,9.229609664530765e-18,down,-9.563515850109935,0.6172785306505143
ENSG00000158604,TMED4,0.2590776548985821,0.00015421408543016914,0.19920039755762173,2.4626741769106066e-19,up,9.563296338778867,0.19920039755762173
ENSG00000169891,REPS2,-0.6196333201801331,0.00021105451600394814,-0.7397140106581223,1.1667706482925511e-19,down,-9.563134765931322,0.6196333201801331
ENSG00000187555,USP7,-0.3795177019236155,1.1744533589344484e-06,-0.22688830990108322,5.1718349553383915e-15,down,-9.558528619162153,0.22688830990108322
ENSG00000106125,FAM188B,0.7005997618546738,2.6062628356984347e-07,0.7800780328983016,6.156144743258027e-14,up,9.558134533132622,0.7005997618546738
ENSG00000267470,ZNF571-AS1,0.565329143852849,6.637522031714058e-05,0.5645124210280188,1.9782162991987357e-18,up,9.554995076451581,0.5645124210280188
ENSG00000110063,DCPS,0.5505990597293458,9.178398687525529e-08,0.32892926323080046,3.221400001955463e-13,up,9.552762220466999,0.32892926323080046
ENSG00000134294,SLC38A2,-0.4406176866591342,0.03250053097860911,-0.8228966402925177,8.6629707455536e-27,down,-9.551725611905642,0.4406176866591342
ENSG00000221625,AC013283.1,1.140721103893133,4.6456611351266655e-07,0.48479153299813155,2.6409027539467282e-14,up,9.55064125662629,0.48479153299813155
ENSG00000224934,RP11-441O15.3,0.30900127720376475,0.0026794103750724845,0.750750327843005,1.150851400109943e-22,up,9.549780306348149,0.30900127720376475
ENSG00000185614,FAM212A,0.5563280175506385,0.0006312334536635427,1.3516193752321397,8.346114910029013e-21,up,9.54808623138272,0.5563280175506385
ENSG00000163040,CCDC74A,0.22214665320906996,0.04284723543101332,0.9310982018355598,2.5014361389167867e-27,up,9.54747684650551,0.22214665320906996
ENSG00000205464,ATP6AP1L,0.4652919764407235,0.011598297908535045,0.6104814344030054,7.221226173852535e-25,up,9.545592494613695,0.4652919764407235
ENSG00000042445,RETSAT,-0.27418963096466004,0.022816398748685105,-0.6265741363625036,5.190542644441878e-26,down,-9.536497524478692,0.27418963096466004
ENSG00000172456,FGGY,0.37862189712114513,0.0007399171960138795,0.4624539727031468,6.552003012956902e-21,up,9.53445832224235,0.37862189712114513
ENSG00000135406,PRPH,0.22403234391937252,0.023471855423028314,1.4295230310460398,4.7513669143093083e-26,up,9.534377842475278,0.22403234391937252
ENSG00000096696,DSP,-0.4740786154150664,1.6676159764757393e-06,-0.5945512476442016,3.783863347116703e-15,down,-9.528594124365867,0.4740786154150664
ENSG00000085231,TAF9,-0.32648659463548096,0.00015394969679225284,-0.2750995157918536,4.1665669038668614e-19,down,-9.522661721089147,0.2750995157918536
ENSG00000075618,FSCN1,0.9324869133698449,0.0006914914845239845,1.203849745131501,9.403070269641243e-21,up,9.520771580932873,0.9324869133698449
ENSG00000106615,RHEB,-0.4448004038942528,3.06420043975131e-05,-0.31032464003790644,1.6592892011951494e-17,down,-9.517760520021607,0.31032464003790644
ENSG00000155760,FZD7,0.6286392016922134,0.0020000875486110006,0.5911810171475057,4.510446918086462e-22,up,9.517610672350003,0.5911810171475057
ENSG00000118004,COLEC11,0.7369533126895869,0.001237161048691692,1.0241567509429177,2.0161880148799503e-21,up,9.515221711918281,0.7369533126895869
ENSG00000272168,CASC15,0.26860813817828466,0.002594285738512352,0.6580826663071924,2.1594695307222605e-22,up,9.511326832569555,0.26860813817828466
ENSG00000168477,TNXB,1.0485048990786192,5.545267095489235e-09,0.621366142986796,2.578291053345934e-11,up,9.504968281052811,0.621366142986796
ENSG00000118292,C1orf54,0.6946552735463576,9.63464253734613e-05,0.6620340453710684,1.7641872063553543e-18,up,9.495885284576346,0.6620340453710684
ENSG00000102886,GDPD3,0.8183831572551827,0.0008841617157140589,0.8164462214848446,6.79460320395914e-21,up,9.495496778209112,0.8164462214848446
ENSG00000104332,SFRP1,0.6934283924121439,0.02808836482238978,1.1561107395508787,3.9312936535583874e-26,up,9.495292756650985,0.6934283924121439
ENSG00000114107,CEP70,-0.5385960428100435,4.96808214144903e-06,-0.26822770050512434,7.718891334104085e-16,down,-9.49516179807917,0.26822770050512434
ENSG00000188157,AGRN,0.8170889869649329,2.771594888890359e-05,0.9111408565649884,3.0923588388486993e-17,up,9.483762413607083,0.8170889869649329
ENSG00000165124,SVEP1,0.8863908527527701,7.02939712030372e-06,0.6143363133214484,4.822178007420683e-16,up,9.480113670751564,0.6143363133214484
ENSG00000109519,GRPEL1,-0.6536680971161707,2.1825729841139262e-10,-0.1988322465416765,1.6313979043517988e-09,down,-9.47738573924824,0.1988322465416765
ENSG00000174938,SEZ6L2,0.5911047939483991,1.1164981778648364e-05,1.1345927918395209,2.104637682078299e-16,up,9.474323482173132,0.5911047939483991
ENSG00000175115,PACS1,0.41658106902139724,0.011856569428913733,0.5129784925484672,1.8612974497608248e-24,up,9.474301045213657,0.41658106902139724
ENSG00000111450,STX2,-0.48138259761734176,0.0003660720676326714,-0.43450942339104115,9.970988508938387e-20,down,-9.46913963063301,0.43450942339104115
ENSG00000270820,RP11-355B11.2,0.6074812295860413,0.00010972772450030415,0.5551218783302487,1.9058017213835713e-18,up,9.46563723957349,0.5551218783302487
ENSG00000223705,NSUN5P1,0.7568394479181685,1.3926567718059484e-09,0.4219348590915133,2.3094742355982473e-10,up,9.459096143511202,0.4219348590915133
ENSG00000116191,RALGPS2,-0.7984763442747729,1.752270923509262e-07,-0.6959742756170035,3.336508836343356e-13,down,-9.456983346275004,0.6959742756170035
ENSG00000250305,KIAA1456,-0.2938614271289505,0.00800983759513786,-0.6123988994250738,1.037253248491163e-23,down,-9.455553687478613,0.2938614271289505
ENSG00000267080,ASB16-AS1,0.41339497066529246,0.0013532627904318173,0.45642096430617063,3.432476509365022e-21,up,9.455360102317341,0.41339497066529246
ENSG00000084674,APOB,-0.9388048503814502,1.2289570634725697e-05,-0.8347128145728664,2.3552911623975675e-16,down,-9.449048688593036,0.8347128145728664
ENSG00000168792,ABHD15,-0.38622985585081643,8.332059265351466e-05,-0.369269110319812,4.4682539567985514e-18,down,-9.44691382935013,0.369269110319812
ENSG00000182218,HHIPL1,0.31968170517379574,0.00020741663393710543,0.6948664306915212,5.318140619188152e-19,up,9.446680657302492,0.31968170517379574
ENSG00000119922,IFIT2,0.3719350898347863,0.044136246387050625,0.8676990044205117,1.1516778315652184e-26,up,9.438679273059137,0.3719350898347863
ENSG00000020129,NCDN,0.6690789059762079,1.7032279447668304e-07,0.40923412782438084,4.2740067479663056e-13,up,9.436788612645717,0.40923412782438084
ENSG00000142765,SYTL1,0.5709463770708222,0.003220366127363721,1.4202236391677037,3.1238367971790514e-22,up,9.433810700291614,0.5709463770708222
ENSG00000183092,BEGAIN,0.5774642140302074,0.0005791315492945016,0.9526976055248375,4.8239588478118766e-20,up,9.432691131924273,0.5774642140302074
ENSG00000226853,AC010894.3,0.5274092229776138,5.18345619433695e-05,0.7938695561023708,1.6590053377631727e-17,up,9.425916712214669,0.5274092229776138
ENSG00000178467,P4HTM,0.6241580425274064,3.4765048523565566e-07,0.40380588597328304,1.7351196541548052e-13,up,9.417792086925495,0.40380588597328304
ENSG00000204642,HLA-F,0.8692569857888103,7.656710323954491e-07,0.6191721792331821,5.330739566428867e-14,up,9.410411552646064,0.6191721792331821
ENSG00000179029,TMEM107,0.3792524791886777,0.0018270510287404966,0.403709308633564,2.5989365692887494e-21,up,9.4095788195913,0.3792524791886777
ENSG00000136478,TEX2,-0.5224098709817666,9.071735187899908e-09,-0.34395985114774286,3.453987689793735e-11,down,-9.408270992972758,0.34395985114774286
ENSG00000197885,NKIRAS1,-0.6363665132769722,1.1094863685212436e-10,-0.18909891495248363,5.777576579180601e-09,down,-9.407420491085183,0.18909891495248363
ENSG00000064225,ST3GAL6,0.621373903111662,0.00011928262235947449,0.456840057777662,3.315981864090764e-18,up,9.405226962707438,0.456840057777662
ENSG00000228624,RP3-399L15.3,0.3226182245011791,0.0006291509255083018,1.006794263513799,5.587214921583025e-20,up,9.403840059394541,0.3226182245011791
ENSG00000087085,ACHE,0.9750976275199154,0.00010147084192391244,0.8894571943873794,5.007354314463888e-18,up,9.401549096960203,0.8894571943873794
ENSG00000100918,REC8,0.9956385518461383,1.7727840874313116e-08,0.47162893149526536,1.4987789027596853e-11,up,9.401488362321386,0.47162893149526536
ENSG00000165983,PTER,-0.6710624492124967,2.493897730602324e-07,-0.49460545463056377,3.5224410662723886e-13,down,-9.399392867368016,0.49460545463056377
ENSG00000231711,LINC00899,0.292838549537769,0.04231288783328557,0.6663460628202387,2.5390365591330364e-26,up,9.398845641410253,0.292838549537769
ENSG00000169857,AVEN,-0.6736138443516024,5.6800739736403436e-08,-0.4093527289793914,3.1600251328778127e-12,down,-9.398163385113374,0.4093527289793914
ENSG00000258733,CTD-2341M24.1,0.2854863469051044,0.0031109588087007856,0.728242713948083,5.768095281285808e-22,up,9.397065840580634,0.2854863469051044
ENSG00000220785,MTMR9LP,0.3557638225441396,0.03593687670239657,0.6999376715998039,5.777490111792422e-26,up,9.39410754147102,0.3557638225441396
ENSG00000168758,SEMA4C,0.8584545512699555,5.160914404270719e-07,0.4264729534153963,1.183719958812901e-13,up,9.39337717730848,0.4264729534153963
ENSG00000141448,GATA6,0.688206254643005,9.331234377004855e-08,0.28342951338662925,1.6041265563944355e-12,up,9.39283512696309,0.28342951338662925
ENSG00000143224,PPOX,0.5162853337551156,1.0405011906131126e-08,0.35400182614015413,3.553300402015278e-11,up,9.386556193094021,0.35400182614015413
ENSG00000113845,TIMMDC1,-0.34714972884997725,1.7026298736697691e-06,-0.28770471467886294,2.196084511701539e-14,down,-9.366275550432967,0.28770471467886294
ENSG00000114251,WNT5A,-0.6241799706831619,8.968133300050724e-06,-0.7031031997353878,1.1271073228348578e-15,down,-9.366144990594481,0.6241799706831619
ENSG00000264569,RP13-650J16.1,-0.7887686904721748,0.0009018586377473108,-1.1898926575729483,3.674237337472379e-20,down,-9.362979386912897,0.7887686904721748
ENSG00000185928,PAGR1,0.6628199893004152,1.938876728936609e-06,0.7632057688499538,1.9079352248213553e-14,up,9.35866883918256,0.6628199893004152
ENSG00000143167,GPA33,0.7534908265746978,0.0025784887036424094,1.2003832233573017,1.7949480063586536e-21,up,9.357958575373672,0.7534908265746978
ENSG00000125863,MKKS,-0.663145996035995,2.1907053634810744e-09,-0.2236738644005758,3.6205626332586993e-10,down,-9.35546852447765,0.2236738644005758
ENSG00000128567,PODXL,-0.3086129213552986,0.010604161437339641,-0.508675751126095,1.5498236621728062e-23,down,-9.354952241179046,0.3086129213552986
ENSG00000042062,FAM65C,-0.6200252491656082,0.0009155924672352609,-0.6454618962850012,4.0007037888180206e-20,down,-9.353333820941494,0.6200252491656082
ENSG00000117091,CD48,0.5955771913339761,0.013619818683243877,1.1595712630143413,6.161598708891444e-24,up,9.352940224764554,0.5955771913339761
ENSG00000228022,HCG20,0.2423492246150064,0.005750257029250934,1.2635905810419437,1.4747364242382714e-22,up,9.35042123285417,0.2423492246150064
ENSG00000272501,XXbac-BPG299F13.17,0.5188285165351582,1.5421315843593657e-05,0.5439012260714114,4.830227921375798e-16,up,9.349383235888249,0.5188285165351582
ENSG00000119414,PPP6C,-0.4254020071268948,1.014956272799495e-06,-0.2412242977262832,6.766974712559767e-14,down,-9.344536073120928,0.2412242977262832
ENSG00000255571,LINC00925,0.42499270022308955,1.2800849888226653e-05,0.9004842277125905,7.270305383553731e-16,up,9.34445285956463,0.42499270022308955
ENSG00000230148,HOXB-AS1,0.4907697867481979,0.005499925528423481,0.9037590584514054,1.8607684026627696e-22,up,9.344331237210676,0.4907697867481979
ENSG00000080845,DLGAP4,0.6658614087877373,2.1386044497997343e-06,0.3694309410293992,1.8859932543433682e-14,up,9.343484912868913,0.3694309410293992
ENSG00000203876,RP11-451M19.3,0.24124706020785028,0.04232152861734964,0.7439320686018228,5.919787060073909e-26,up,9.341648516859133,0.24124706020785028
ENSG00000109472,CPE,0.7170023713881798,1.4037073622705595e-05,0.4909504181457769,6.276900782949634e-16,up,9.341264790902667,0.4909504181457769
ENSG00000117500,TMED5,-0.42954887886329923,0.004208270905626806,-0.7129711614193498,4.798064035867667e-22,down,-9.340541861040617,0.42954887886329923
ENSG00000164291,ARSK,-0.5260521820468882,8.569354343640349e-06,-0.6137406884831185,1.682166250631868e-15,down,-9.337565257386293,0.5260521820468882
ENSG00000271133,CTA-293F17.1,0.2669483332864938,0.04045373646529093,1.3094895398907391,8.816712333754756e-26,up,9.328824172491549,0.2669483332864938
ENSG00000135447,PPP1R1A,-1.3830399181101571,1.650200693836013e-08,-0.6947900383185158,3.341780119578262e-11,down,-9.328185658224944,0.6947900383185158
ENSG00000183508,FAM46C,-0.5958240362213661,9.400451342170339e-05,-0.5800149910671356,1.4888541680194184e-17,down,-9.32712654097426,0.5800149910671356
ENSG00000166855,CLPX,-0.6491882659828364,3.427827864996578e-10,-0.22161112406573535,3.798759260835727e-09,down,-9.31920897960661,0.22161112406573535
ENSG00000128655,PDE11A,-0.38313007335171617,0.002340672597217664,-1.2860345887321556,4.059721835809934e-21,down,-9.319017969484262,0.38313007335171617
ENSG00000138346,DNA2,-0.5449040966893812,9.62243930034801e-06,-0.7127437640106881,1.6851145965199384e-15,down,-9.318329646415062,0.5449040966893812
ENSG00000048828,FAM120A,-0.3604729318768466,0.00026149235345434825,-0.2662216502015177,1.599644374494529e-18,down,-9.31509242932683,0.2662216502015177
ENSG00000100033,PRODH,-1.1339986651404248,0.0009604008880384849,-1.1978781431076335,6.222361392689924e-20,down,-9.30962810601314,1.1339986651404248
ENSG00000158301,GPRASP2,0.3860147166935033,0.0392897468955978,0.49414681686328493,1.39731756643085e-25,up,9.306579880981083,0.3860147166935033
ENSG00000157404,KIT,0.5214091639619308,0.001722381646803009,1.0340287074747303,1.2502376948417476e-20,up,9.303400226333373,0.5214091639619308
ENSG00000183798,EMILIN3,0.8546845378005286,0.002897606046782029,1.0107547289023098,2.6590341985640457e-21,up,9.301077205122155,0.8546845378005286
ENSG00000101938,CHRDL1,1.2469294904888188,0.00016045908109963013,1.3686252712568874,6.050784320905652e-18,up,9.299980236145528,1.2469294904888188
ENSG00000099622,CIRBP,0.5180524703549798,1.5702985132706779e-06,0.39932944098654394,5.196599918976411e-14,up,9.299964753635328,0.39932944098654394
ENSG00000267532,MIR497HG,0.762823938131503,0.0005851370350869522,0.7062978840308713,2.7547525818177617e-19,up,9.295313849999042,0.7062978840308713
ENSG00000153827,TRIP12,-0.5690600052556418,1.7727840874313116e-08,-0.22014306877640866,4.209186510589694e-11,down,-9.293677642368078,0.22014306877640866
ENSG00000235092,AC011747.7,0.3804929915896552,0.014630864953603672,0.7566279090328449,1.1481154048155725e-23,up,9.289761977424524,0.3804929915896552
ENSG00000260947,RP11-384P7.7,0.3439218763441528,0.002074927005127774,1.3792214016044777,8.934574598065603e-21,up,9.286877425591255,0.3439218763441528
ENSG00000146063,TRIM41,0.6922091920708976,1.5998485340036944e-08,0.23019508108819903,5.16763976957295e-11,up,9.28599831264381,0.23019508108819903
ENSG00000233251,AC007743.1,-0.47884087357341987,0.0015399860378737629,-1.0183077120345614,2.2292736093682377e-20,down,-9.284025510262017,0.47884087357341987
ENSG00000198842,DUSP27,1.0794531310445956,1.71032420864397e-06,0.5275015900947438,5.4465819363012384e-14,up,9.281507187122935,0.5275015900947438
ENSG00000105664,COMP,1.892842003795936,0.0003244256169651904,2.0731678051036506,1.6475471352632137e-18,up,9.271352711506005,1.892842003795936
ENSG00000204231,RXRB,0.33439811555524473,1.7776459064792396e-07,0.18910726385175933,2.2858908982223656e-12,up,9.266806839950604,0.18910726385175933
ENSG00000163251,FZD5,-0.22199178059415317,0.009713411939583473,-0.5121637754895928,7.542249771043745e-23,down,-9.266085701619055,0.22199178059415317
ENSG00000114867,EIF4G1,-0.2658350346403607,0.003927193893458553,-0.38241374063823913,1.689032143434332e-21,down,-9.265366498587056,0.2658350346403607
ENSG00000197859,ADAMTSL2,0.4844661834681967,0.0029845389617706927,1.1800356688784388,3.883591863103717e-21,up,9.26528470132688,0.4844661834681967
ENSG00000236066,RP11-389O22.1,0.6720663864150095,1.2676931330115589e-05,0.8143134209554517,2.0797757218027854e-15,up,9.253452231113574,0.6720663864150095
ENSG00000181631,P2RY13,0.48638110002084967,0.005222772846339429,0.8983677526476654,8.404967091735913e-22,up,9.247992576438207,0.48638110002084967
ENSG00000166797,FAM96A,-0.30354282412867667,0.003320167269080037,-0.3520000676562225,3.626416402974534e-21,down,-9.245756395197272,0.30354282412867667
ENSG00000099338,CATSPERG,0.3196995826313207,0.009234530538737297,0.6494682428882883,1.2119900840425134e-22,up,9.245348259715213,0.3196995826313207
ENSG00000095203,EPB41L4B,-0.558539941461948,0.008338699164487328,-0.844250654306165,1.8247300480419495e-22,down,-9.241842639117706,0.558539941461948
ENSG00000182195,LDOC1,0.6539660061148187,1.03400863946912e-05,0.6937558375525862,3.5959273677956494e-15,up,9.238740823019931,0.6539660061148187
ENSG00000137177,KIF13A,0.5495527841236463,3.119811414609317e-05,0.4279039091500474,4.57370450325784e-16,up,9.234699730724,0.4279039091500474
ENSG00000204851,PNMAL2,0.28777367778068796,0.0017479948392205504,1.0904355023988694,3.1076832355298274e-20,up,9.2312832755455,0.28777367778068796
ENSG00000251637,RP11-119D9.1,0.4718408426424308,6.230940545447074e-05,1.1450140887453588,1.16712566981713e-16,up,9.229369291868105,0.4718408426424308
ENSG00000126803,HSPA2,1.0003462551163564,0.00039468108288026116,0.8314277697168121,1.760245205035417e-18,up,9.22722199195595,0.8314277697168121
ENSG00000143207,RFWD2,-0.28503068255352854,0.0003430076694426328,-0.23213981737949235,2.4989785376281703e-18,down,-9.226274485070935,0.23213981737949235
ENSG00000130684,ZNF337,0.21635845577571186,0.020431494801585477,0.34934196173696563,8.166155868298332e-24,up,9.222037853547075,0.21635845577571186
ENSG00000172348,RCAN2,-0.4123851602147657,9.331600781383231e-07,-0.3144333469819438,2.9144897533568493e-13,down,-9.218519814538155,0.3144333469819438
ENSG00000108883,EFTUD2,-0.33508116843739993,2.2643246754226384e-06,-0.21005420978688205,6.629122624312531e-14,down,-9.218051478358506,0.21005420978688205
ENSG00000128609,NDUFA5,-0.6814914450629619,4.9976567612059234e-08,-0.364708844291339,2.400055004699137e-11,down,-9.209362126224521,0.364708844291339
ENSG00000175643,RMI2,0.5030628392671501,0.0014876654767335784,1.0022078912934733,6.904336270750943e-20,up,9.205509844741288,0.5030628392671501
ENSG00000177981,ASB8,-0.38764674891540607,1.1065666554327358e-06,-0.27582700741602256,2.591577387394838e-13,down,-9.204463003668465,0.27582700741602256
ENSG00000273142,RP11-458F8.4,0.5645179866787088,1.255177527320489e-05,0.5937575284462447,4.009796873806527e-15,up,9.196664244051801,0.5645179866787088
ENSG00000107338,SHB,0.6318650436950689,6.0452185389728125e-06,0.5911896088196336,1.6110364657378496e-14,up,9.190958497538102,0.5911896088196336
ENSG00000122574,WIPF3,0.6079355471425778,5.36478202661919e-05,0.45619873669880934,2.5181661394642576e-16,up,9.190687343502809,0.45619873669880934
ENSG00000134001,EIF2S1,-0.26583473814965325,0.004374407998863144,-0.2870097232816334,3.2794596985159405e-21,down,-9.189511907801284,0.26583473814965325
ENSG00000242338,BMS1P4,-0.4730276808239447,7.76856337636207e-05,-0.6999048799776024,1.191174990211824e-16,down,-9.18693567587948,0.4730276808239447
ENSG00000120738,EGR1,2.719466585975785,7.846736966070005e-07,0.9616995115307885,5.348833037459234e-13,up,9.186889183928184,0.9616995115307885
ENSG00000237172,B3GNT9,0.43016568057873666,0.00019544531302279625,0.40684203451884005,1.5415867531305635e-17,up,9.186497655814405,0.40684203451884005
ENSG00000185104,FAF1,-0.39665459112092566,1.1094863685212436e-10,-0.13326665898387438,3.504579933953065e-08,down,-9.186173298997078,0.13326665898387438
ENSG00000248932,RP11-319G6.1,0.3583006899997875,0.0009544483004070121,0.512912206825397,3.216356743140844e-19,up,9.18309330175904,0.3583006899997875
ENSG00000244687,UBE2V1,-0.4658830975693599,5.103620199743967e-11,-0.4854483634980949,8.202342064910696e-08,down,-9.179575542418725,0.4658830975693599
ENSG00000214140,PRCD,0.8365885989837945,5.041924916169789e-06,0.5080618507754997,2.563281210314774e-14,up,9.17815380173558,0.5080618507754997
ENSG00000204381,LAYN,0.451970603686799,0.0003125910766222743,0.406538565671924,5.755637146320016e-18,up,9.176747204419884,0.406538565671924
ENSG00000164879,CA3,1.845388416539829,0.0014010687089574749,1.4763772649252576,1.221133849561498e-19,up,9.175201598918914,1.4763772649252576
ENSG00000186231,KLHL32,-0.3738966722520024,0.00014910848586231396,-1.0281116956964216,3.3734728595002465e-17,down,-9.1718913109783,0.3738966722520024
ENSG00000105204,DYRK1B,0.35409285089293024,0.004907547960919191,0.7593413693040758,2.963773000968538e-21,up,9.169233844066849,0.35409285089293024
ENSG00000244119,PDCL3P4,0.3788543347485162,0.009684987775627017,1.0375975174391765,2.920561408315114e-22,up,9.168861229689291,0.3788543347485162
ENSG00000115904,SOS1,-0.9878835140261968,7.764881318464655e-09,-0.4121374418787764,3.822590978500052e-10,down,-9.168680141574555,0.4121374418787764
ENSG00000160654,CD3G,0.3167679527401826,0.04102926645990606,1.465538632833531,8.69537233272298e-25,up,9.168665188752378,0.3167679527401826
ENSG00000141560,FN3KRP,0.4664216161990053,2.815919269257305e-06,0.21720404673683077,8.304309395649687e-14,up,9.162714861944714,0.21720404673683077
ENSG00000271579,RP11-116D17.3,0.4567615528187374,0.02489055183034314,1.3170804965156528,8.637324031369416e-24,up,9.160609734893528,0.4567615528187374
ENSG00000173432,SAA1,-1.5540089092595735,8.299039405138342e-07,-2.361864098944153,6.44395990783425e-13,down,-9.160206174778843,1.5540089092595735
ENSG00000087842,PIR,-0.5953197572443821,9.463394953891493e-06,-0.4367235856077169,1.032142576294837e-14,down,-9.159209616598334,0.4367235856077169
ENSG00000121440,PDZRN3,-0.9611269432469912,1.2600745056069361e-11,-0.2876330130674414,4.017084890551759e-07,down,-9.158637703049001,0.2876330130674414
ENSG00000162512,SDC3,0.40731952340326466,0.0008319551395962441,0.4239267585747218,6.41639049872709e-19,up,9.156168413908677,0.40731952340326466
ENSG00000184347,SLIT3,0.5981028124724653,0.006583428226960228,0.7266753262669587,1.3398292013003375e-21,up,9.155740284485104,0.5981028124724653
ENSG00000187699,C2orf88,-0.32012116881334596,0.006435216514180331,-0.5618131903955448,1.4828440887038244e-21,down,-9.154021714351774,0.32012116881334596
ENSG00000203930,LINC00632,0.2792286879727165,0.040888777643172766,1.0434178469363418,1.1587855896192336e-24,up,9.150099529224402,0.2792286879727165
ENSG00000165714,LOH12CR1,0.5435165828343962,7.656710323954491e-07,0.2640634749710683,8.381959083121216e-13,up,9.147708949563901,0.2640634749710683
ENSG00000100796,SMEK1,-0.45763413084872795,1.9368442856154842e-05,-0.28293504833128247,3.0847547634733197e-15,down,-9.146904208232016,0.28293504833128247
ENSG00000162817,C1orf115,-0.49193073822375555,3.3200095168565086e-05,-0.37351197574685413,1.13367514180528e-15,down,-9.143750432737235,0.37351197574685413
ENSG00000120438,TCP1,-0.16196872438771234,0.0012768308523770971,-0.24275343527628715,2.3790873794009036e-19,down,-9.143480401231807,0.16196872438771234
ENSG00000160323,ADAMTS13,0.5748716037442182,1.4434171553415168e-06,0.6432692354213397,3.1883227089274005e-13,up,9.142192806787476,0.5748716037442182
ENSG00000182446,NPLOC4,-0.53895673741494,4.771090612796596e-07,-0.19890919881870653,1.811231929498143e-12,down,-9.141899449565404,0.19890919881870653
ENSG00000170190,SLC16A5,0.8694376803130126,1.526401785789783e-06,0.49767261906858345,2.9737352310516745e-13,up,9.140246617438923,0.49767261906858345
ENSG00000147592,LACTB2,-1.1282441585405016,1.4258940009883606e-09,-0.4426969596154561,3.8065405966053895e-09,down,-9.135723437389732,0.4426969596154561
ENSG00000108821,COL1A1,0.9301185669827396,0.010285879190746038,1.3575199253189452,3.753504194941417e-22,up,9.134510052277092,0.9301185669827396
ENSG00000111785,RIC8B,-0.5251189943748583,1.0159138011949613e-05,-0.38238344606023994,1.1850614372062741e-14,down,-9.134419633095256,0.38238344606023994
ENSG00000108771,DHX58,0.3503689595082319,0.030553119907673676,0.6415993531999915,5.297236420020234e-24,up,9.134135381727976,0.3503689595082319
ENSG00000088305,DNMT3B,0.2648753220164982,0.00015416577283818513,0.5134624310656116,5.0743625146815187e-17,up,9.13156038187612,0.2648753220164982
ENSG00000149294,NCAM1,-0.4563588839479775,0.00031512481771373235,-0.4287463256498532,9.907340811319803e-18,down,-9.130976196162692,0.4287463256498532
ENSG00000168268,NT5DC2,-0.4840991358730058,4.29673660137482e-05,-0.4924686874555651,8.124751612187252e-16,down,-9.128369618505909,0.4840991358730058
ENSG00000147041,SYTL5,0.49252952468073463,0.000663254315671365,1.8188608035423761,1.6732931683352197e-18,up,9.126386612150615,0.49252952468073463
ENSG00000198146,ZNF770,-0.743879868281943,2.8813005991735413e-07,-0.3703605910704887,4.577883994287129e-12,down,-9.124944281484117,0.3703605910704887
ENSG00000183250,C21orf67,0.48663649060923686,8.840880934634279e-05,0.831322471020692,1.918501867127914e-16,up,9.123489471790608,0.48663649060923686
ENSG00000108309,RUNDC3A,0.40863927936704786,0.0006166781404499742,1.0132783159467456,2.1637737711071084e-18,up,9.120505914100645,0.40863927936704786
ENSG00000186174,BCL9L,-0.6867721147425454,4.3635441872132923e-07,-0.46761723795523574,2.618741501157496e-12,down,-9.119737240321571,0.46761723795523574
ENSG00000128849,CGNL1,0.9007204478325905,7.364145039003068e-06,0.5661272814159749,2.5913042256446565e-14,up,9.115600146592584,0.5661272814159749
ENSG00000138642,HERC6,0.5093279603435719,0.00023699627678927887,0.4946921229753328,2.3274696798261647e-17,up,9.115228076016685,0.4946921229753328
ENSG00000231351,AC111200.7,0.929517792861099,5.5313774499280255e-11,0.6424350794357435,1.2160412224690997e-07,up,9.114739573145222,0.6424350794357435
ENSG00000169884,WNT10B,0.25661638071384946,0.015599259270363474,1.3825530578078198,1.0716589595268883e-22,up,9.114019467775416,0.25661638071384946
ENSG00000236144,AD000090.2,0.5347386801282361,7.064225266020114e-07,0.35675389226115933,1.3716607852790175e-12,up,9.111685035858937,0.35675389226115933
ENSG00000135324,MRAP2,0.35573951783553065,0.0008620971504155822,1.027811477798106,1.0657993069753457e-18,up,9.10900524626178,0.35573951783553065
ENSG00000169895,SYAP1,-0.6238127908962637,0.0007880254673039406,-0.25263255427642256,1.3967302674724801e-18,down,-9.10572497534605,0.25263255427642256
ENSG00000104756,KCTD9,-0.4059243499312944,4.444319428090313e-06,-0.47981301095569057,7.100296349854957e-14,down,-9.10360946916012,0.4059243499312944
ENSG00000160714,UBE2Q1,-0.3790761872518731,4.445566465297257e-07,-0.15247899732580658,2.9896090897693023e-12,down,-9.103146696540163,0.15247899732580658
ENSG00000109743,BST1,0.4826243197008694,0.0012586906580579354,0.5794459446536993,4.172801206555791e-19,up,9.102359155398378,0.4826243197008694
ENSG00000094914,AAAS,0.18969671014911196,0.0012625578248470198,0.39744727000790525,4.1665669038668614e-19,up,9.101952441258643,0.18969671014911196
ENSG00000268166,CTC-471F3.6,0.33935576380811944,0.0011999813827846836,0.72037872569426,4.83540196151698e-19,up,9.101084102832798,0.33935576380811944
ENSG00000170832,USP32,-0.5984389374325544,3.61589347657645e-08,-0.429237712820659,1.0827324505521503e-10,down,-9.096200642744854,0.429237712820659
ENSG00000102547,CAB39L,-0.5769392559658283,0.00013041209525424614,-0.3659297960805323,1.130986310089323e-16,down,-9.09549783280656,0.3659297960805323
ENSG00000160888,IER2,1.4221990904182156,7.856993552217798e-09,0.602966150448813,7.241669937131893e-10,up,9.095233308025094,0.602966150448813
ENSG00000204387,C6orf48,0.671532315104546,1.5432569025520254e-06,0.32603909514879487,4.80513932007285e-13,up,9.091844546958374,0.32603909514879487
ENSG00000134259,NGF,-0.7311349555253173,2.9459299195131574e-06,-0.5748761737295381,1.6379313008660002e-13,down,-9.090876012902024,0.5748761737295381
ENSG00000215845,TSTD1,0.8725369131690542,8.416203736515715e-08,0.6421166107383545,3.6397586797013666e-11,up,9.089970972171017,0.6421166107383545
ENSG00000164751,PEX2,-0.3935373127578222,2.097438048439875e-06,-0.2672684097108297,2.9719709177787543e-13,down,-9.08801090246236,0.2672684097108297
ENSG00000106178,CCL24,0.7485436645656645,0.0011979406530418985,1.5518972254341374,5.728517001235768e-19,up,9.087734551160466,0.7485436645656645
ENSG00000154582,TCEB1,-0.3498752858817714,5.3311489529390955e-06,-0.32177215515304664,6.132910317607997e-14,down,-9.087663814229922,0.32177215515304664
ENSG00000187840,EIF4EBP1,-0.9421482892450349,9.589217345884746e-05,-1.001808477065904,2.6952400654351607e-16,down,-9.079468854601133,0.9421482892450349
ENSG00000141738,GRB7,-0.4139271641584285,0.0012047638176517015,-1.0709540492324585,6.359988198703883e-19,down,-9.078020799361191,0.4139271641584285
ENSG00000221829,FANCG,0.4865366374185608,0.00032128207172117055,0.4706266454637758,1.843091871077495e-17,up,9.076329777030171,0.4706266454637758
ENSG00000135929,CYP27A1,0.7306917651909832,1.4561912594378421e-05,0.5940836109656428,1.1523531226676827e-14,up,9.076327191830798,0.5940836109656428
ENSG00000237310,GS1-124K5.4,0.7072069546802419,4.074418020592999e-05,0.92727364631813,1.641476312123049e-15,up,9.07539620568505,0.7072069546802419
ENSG00000255504,RP11-788M5.3,0.47881264226201176,0.0010446815841165206,0.8018471866216783,9.976495177459558e-19,up,9.073845460020447,0.47881264226201176
ENSG00000158488,CD1E,0.44858852074462563,0.00353121091947338,1.510459104406119,2.948663672690421e-20,up,9.072719526507584,0.44858852074462563
ENSG00000163931,TKT,-0.6774765083510383,7.965617858374662e-07,-0.5067143809426219,1.6677004851370125e-12,down,-9.072470744461032,0.5067143809426219
ENSG00000164576,SAP30L,-0.5864780137935406,2.3407785119577152e-07,-0.25075563457634986,1.0411421835590633e-11,down,-9.07229067484408,0.25075563457634986
ENSG00000241644,INMT,0.9906469080075042,8.47082915635851e-06,0.7276347190621613,3.3034808044753384e-14,up,9.07064196838454,0.7276347190621613
ENSG00000154767,XPC,0.38468929640576854,0.0003326965942009603,0.3069723298541082,1.895015811754436e-17,up,9.066745863432791,0.3069723298541082
ENSG00000137040,RANBP6,-0.39527959935911633,0.0007528664380139782,-0.5740833936655174,2.712770719472113e-18,down,-9.061686279490276,0.39527959935911633
ENSG00000180096,1-Sep,0.5313656359794406,0.0003763497136162028,1.0882976410955354,1.5287206180177365e-17,up,9.06077764028922,0.5313656359794406
ENSG00000181873,IBA57,0.696896383883745,2.3935988692535185e-09,0.26394454014666996,4.355665488567871e-09,up,9.057891613971384,0.26394454014666996
ENSG00000138375,SMARCAL1,0.33945996757868596,0.002022864342769411,0.2982344890215995,1.9595157183285892e-19,up,9.055896434028464,0.2982344890215995
ENSG00000133169,BEX1,1.1208578533166111,0.008210241195958945,1.4320851849177132,2.4840551634800373e-21,up,9.054101185219366,1.1208578533166111
ENSG00000182379,NXPH4,0.8812958532612766,5.8652252895851606e-05,1.0896313242296056,1.0184268858992196e-15,up,9.053302970823662,0.8812958532612766
ENSG00000172785,CBWD1,-0.6988617594268826,1.7416631108856964e-05,-0.44039737290059705,1.0981573444371675e-14,down,-9.051230846661356,0.44039737290059705
ENSG00000204592,HLA-E,0.7311837539251107,1.4600003086034835e-08,0.2782011704003078,5.026432184929114e-10,up,9.050498258723668,0.2782011704003078
ENSG00000125746,EML2,0.3410431855148693,0.003316904243420464,0.4319510038112914,4.8314524852732927e-20,up,9.049397634420629,0.3410431855148693
ENSG00000177427,MIEF2,0.7503207957104959,2.3897834354346334e-07,0.4870056142799881,1.330759087726455e-11,up,9.043541343665337,0.4870056142799881
ENSG00000154080,CHST9,-1.2201321706910773,0.00013041209525424614,-1.4126621996523967,2.142871714953983e-16,down,-9.04111453534016,1.2201321706910773
ENSG00000110881,ASIC1,0.20868828507986906,0.046021272802733305,0.8450991654818764,3.467098528562935e-24,up,9.036953949402822,0.20868828507986906
ENSG00000176732,PFN4,0.37734538382880245,0.006151426851423478,0.6812412597284109,8.132349627222779e-21,up,9.036624638169112,0.37734538382880245
ENSG00000134262,AP4B1,0.26840354209522355,0.0003844350421453091,0.2780008361149715,2.0196095613279916e-17,up,9.033478122455055,0.26840354209522355
ENSG00000135547,HEY2,-0.919878559980058,0.000594893902028832,-0.6285834280670526,7.039454086610353e-18,down,-9.03207682372697,0.6285834280670526
ENSG00000024862,CCDC28A,0.5487763769707174,8.055987620647491e-06,0.3535083224591358,5.540559364007373e-14,up,9.030689160471901,0.3535083224591358
ENSG00000115840,SLC25A12,-0.47854151082131546,7.080354553147921e-07,-0.34874693535714285,3.1334437261825275e-12,down,-9.02897776499557,0.34874693535714285
ENSG00000108256,NUFIP2,-0.7668800928136685,1.285962239103938e-08,-0.346441321588907,7.491961827844229e-10,down,-9.026582761360581,0.346441321588907
ENSG00000112312,GMNN,-0.6164870168706003,1.1250948325441375e-06,-0.387408199900522,1.6471462888597332e-12,down,-9.021644835748509,0.387408199900522
ENSG00000168952,STXBP6,-0.7775173863352627,7.93110484318017e-05,-0.4638563151121057,7.884631911345271e-16,down,-9.020521185251203,0.4638563151121057
ENSG00000175463,TBC1D10C,0.4959267760009193,0.027086827879576753,1.428313846851654,4.4361437508605385e-23,up,9.020339888730794,0.4959267760009193
ENSG00000213853,EMP2,-0.23212085392858284,0.020787275627248993,-0.3247313839534081,1.3204946475258008e-22,down,-9.019633182598035,0.23212085392858284
ENSG00000116774,OLFML3,0.857934128163319,6.554319128782762e-05,0.5880765574163069,1.2125318179388176e-15,up,9.018384347476738,0.5880765574163069
ENSG00000164654,MIOS,-0.19663898569436802,0.02445347037888585,-0.36764851714060565,7.026399365655929e-23,down,-9.018012741355852,0.19663898569436802
ENSG00000226086,EIF3LP3,0.891226725134676,8.40135682079022e-13,0.47215334063971154,1.0052292136385744e-05,up,9.015607671674038,0.47215334063971154
ENSG00000230084,RP4-613B23.1,0.49160267928763646,0.001711125738327656,0.8813709288612332,5.393426200821691e-19,up,9.01328060595957,0.49160267928763646
ENSG00000178498,DTX3,0.3753378686424131,7.715508899837872e-05,0.37055925367972115,9.503544619648598e-16,up,9.009366395459491,0.37055925367972115
ENSG00000120662,MTRF1,-0.5048126792640535,5.348819941601872e-06,-0.38089396236709205,1.4948546525594563e-13,down,-9.002920519181748,0.38089396236709205
ENSG00000215251,FASTKD5,-0.4074635478368777,5.885861871640738e-07,-0.3560908433912454,5.622521946736863e-12,down,-8.996123804515616,0.3560908433912454
ENSG00000155974,GRIP1,-1.1233339959702844,0.00018869465709625446,-1.2482144307599345,1.732382539145143e-16,down,-8.98997851802859,1.1233339959702844
ENSG00000139323,POC1B,-0.5243380116814862,2.1240413113860416e-06,-0.44811199667381313,8.521405192093986e-13,down,-8.984660310008515,0.44811199667381313
ENSG00000028116,VRK2,-0.36556967892119857,0.0017950392227542215,-0.4457326595654495,6.789271053249523e-19,down,-8.984381374746487,0.36556967892119857
ENSG00000248323,LUCAT1,-0.7943509910823111,0.0008232601571349528,-1.1665626083828318,5.913103416970723e-18,down,-8.980031080637403,0.7943509910823111
ENSG00000188404,SELL,0.7650845563148853,0.011287888353156122,1.0163117566397974,2.2713396685339654e-21,up,8.978578010414276,0.7650845563148853
ENSG00000148484,RSU1,-0.5219645932952661,2.317796456255534e-06,-0.3095607759848155,8.206726251833694e-13,down,-8.974152103642814,0.3095607759848155
ENSG00000117360,PRPF3,0.45144916570849675,3.0113460810016696e-06,0.19506829005159518,5.564881786896675e-13,up,8.969867639161603,0.19506829005159518
ENSG00000100564,PIGH,-0.18245474728294978,0.03502168581401142,-0.34130498204454746,3.0714507296551896e-23,down,-8.968538445080869,0.18245474728294978
ENSG00000163220,S100A9,-1.2097196948753897,0.001182546593855406,-1.3310388987639405,2.6638223426499715e-18,down,-8.968168797792229,1.2097196948753897
ENSG00000122034,GTF3A,-0.5712243130780196,1.5674275034874765e-06,-0.3765378045298368,1.647620807618887e-12,down,-8.967934972838647,0.3765378045298368
ENSG00000227765,RP11-162O12.2,1.3326068572591605,2.286703221358527e-10,0.6362585671787641,9.992053149718999e-08,up,8.967538433196468,0.6362585671787641
ENSG00000125772,GPCPD1,0.5677761199264427,1.1685319126390902e-05,0.39949264816949187,5.6363407522077245e-14,up,8.967375040066155,0.39949264816949187
ENSG00000180304,OAZ2,0.4026302738695009,8.164034560775252e-05,0.23687988356790574,1.3616800616860169e-15,up,8.967226100503378,0.23687988356790574
ENSG00000245105,A2M-AS1,0.4150792139586613,0.0004977542109044876,0.6383107043161297,2.4068928212960984e-17,up,8.966928109780989,0.4150792139586613
ENSG00000266714,MYO15B,0.8754437120967947,1.5744512137589262e-08,0.46720696708319037,9.5453396290307e-10,up,8.966894591629362,0.46720696708319037
ENSG00000161692,DBF4B,0.4656083742763546,6.633162708363178e-06,0.39975862001881934,1.5160043206948938e-13,up,8.966787591288702,0.39975862001881934
ENSG00000165548,TMEM63C,-0.8621159120225668,3.9399242924877767e-07,-1.2005035989097863,1.3573707495756837e-11,down,-8.966581871692686,0.8621159120225668
ENSG00000159267,HLCS,-0.4334273539816496,2.147575938377573e-06,-0.3118495240626551,1.0170012337954845e-12,down,-8.965048542433161,0.3118495240626551
ENSG00000131473,ACLY,-0.346141073036479,0.0008966472413398524,-0.34912257123647383,5.941129870226293e-18,down,-8.96209510832047,0.346141073036479
ENSG00000178057,NDUFAF3,0.7609467589637505,3.73799779157161e-12,0.34465675197957535,4.769786241939035e-06,up,8.961218008650706,0.34465675197957535
ENSG00000148604,RGR,-0.5716966909293235,2.9473424832229156e-05,-1.3045845214901048,1.1788358723598645e-14,down,-8.955849072104128,0.5716966909293235
ENSG00000161800,RACGAP1,-0.3909330492383994,0.021127971372535966,-0.5748167628594998,3.427536306453161e-22,down,-8.945260663024076,0.3909330492383994
ENSG00000073792,IGF2BP2,-0.48569778438543315,1.9978774198851523e-05,-0.28352232435068203,2.7614162565411643e-14,down,-8.943109268054998,0.28352232435068203
ENSG00000130779,CLIP1,-0.5250818212908123,5.943692924798454e-06,-0.5754900285682973,2.3747815557102225e-13,down,-8.941974108074984,0.5250818212908123
ENSG00000128394,APOBEC3F,0.3846215219383982,0.0034759909115098945,0.6323709574964447,1.7968160513262475e-19,up,8.93731684159976,0.3846215219383982
ENSG00000261211,RP1-80N2.3,0.2246087434332863,0.003440028139802569,0.6595181596412956,1.8585170143654073e-19,up,8.937016300819485,0.2246087434332863
ENSG00000230487,PSMG3-AS1,0.5961715904821508,1.0841974413298182e-06,0.37551856929687855,4.153591570677097e-12,up,8.935102410141257,0.37551856929687855
ENSG00000272927,RP11-1191J2.5,0.4040408606881546,0.0002739113051152944,1.0432079331378856,1.6013712931434628e-16,up,8.925294354304368,0.4040408606881546
ENSG00000182492,BGN,1.191986379384552,0.008511357003057331,1.0526559857088706,1.2101061572689175e-20,up,8.925093836210111,1.0526559857088706
ENSG00000068028,RASSF1,0.9098664261649315,2.5068458499316457e-09,0.36843415905472615,1.2585086018740082e-08,up,8.92421218063913,0.36843415905472615
ENSG00000237807,RP11-400K9.4,-0.6790002404668477,0.003920626718222897,-1.050156148850425,1.4991911767744118e-19,down,-8.923894205900332,0.6790002404668477
ENSG00000163472,TMEM79,0.34030884791194826,0.00010754356717247177,0.539966181599133,1.3008239274358538e-15,up,8.921487155776456,0.34030884791194826
ENSG00000047578,KIAA0556,0.7278961297933719,1.6888328049837067e-08,0.3323664182738317,1.325237690667958e-09,up,8.91983113365966,0.3323664182738317
ENSG00000145545,SRD5A1,0.4704208442573439,2.4333042756798007e-06,0.3739225090086987,1.3404475806081773e-12,up,8.918429702262607,0.3739225090086987
ENSG00000136560,TANK,-0.3931681672509696,0.0008865161952681662,-0.5882163189324451,1.049789599533118e-17,down,-8.918127141613034,0.3931681672509696
ENSG00000223414,LINC00473,-0.4074041895186155,0.010080294099875417,-1.4765357427755235,7.5066659947033e-21,down,-8.917497149474755,0.4074041895186155
ENSG00000149243,KLHL35,0.3753777339027384,0.0010062414232662816,1.1963424807746257,7.61815656405696e-18,up,8.917281795324511,0.3753777339027384
ENSG00000141401,IMPA2,-0.6482989666692262,1.1718920377268107e-05,-0.5736780359139918,9.745508060768957e-14,down,-8.915401656269497,0.5736780359139918
ENSG00000124635,HIST1H2BJ,-0.7585904619799788,1.864167101379712e-05,-0.5870491932119177,4.2419353169644664e-14,down,-8.915170916979633,0.5870491932119177
ENSG00000177606,JUN,0.9078964289934731,3.1200337657078648e-06,0.4735980418018378,9.236026146131952e-13,up,8.91498193591892,0.4735980418018378
ENSG00000197586,ENTPD6,-0.3358033065180682,0.00038704609155298876,-0.42372837126622886,8.340748807904944e-17,down,-8.913196224111424,0.3358033065180682
ENSG00000050748,MAPK9,-0.4856669057033886,5.681191158689589e-07,-0.23700306613823963,1.3741198326569244e-11,down,-8.909544320598224,0.23700306613823963
ENSG00000108576,SLC6A4,0.340026785981077,0.01643132651075157,1.6607785622550342,1.4731289159681284e-21,up,8.909147597348404,0.340026785981077
ENSG00000183134,PTGDR2,0.7261694802796261,0.006751786847700381,0.9524476892640366,3.2070280640182755e-20,up,8.908962987416173,0.7261694802796261
ENSG00000173083,HPSE,-0.24983467554878752,0.023184139601438575,-0.9082461851866127,3.875654197188958e-22,down,-8.908945206730609,0.24983467554878752
ENSG00000166173,LARP6,-0.5214305794170732,1.4877226466539564e-05,-0.3566973889425808,6.964224613476263e-14,down,-8.906679667386078,0.3566973889425808
ENSG00000113811,SELK,-0.7093118732576321,9.056550520792268e-05,-0.3538229283341843,2.2899099735150847e-15,down,-8.902953961114147,0.3538229283341843
ENSG00000239713,APOBEC3G,0.37126257178476146,0.047103020425479515,0.5657820012591832,2.0952316246338084e-23,up,8.902405236723139,0.37126257178476146
ENSG00000135241,PNPLA8,-0.4996829158129432,8.632227090303814e-05,-0.5430329471294302,2.5889535365123325e-15,down,-8.900418283324685,0.4996829158129432
ENSG00000163328,GPR155,-0.5467587792531212,4.925493415814297e-06,-0.3717060517744342,5.085531705622501e-13,down,-8.900062600024016,0.3717060517744342
ENSG00000171724,VAT1L,1.1095186808603148,0.0001919534955377434,0.9914754940293513,4.800352091643283e-16,up,8.899738365500026,0.9914754940293513
ENSG00000108405,P2RX1,0.6131938637220469,0.018543243623120206,0.9932720067515131,1.0792057662208884e-21,up,8.89928821498734,0.6131938637220469
ENSG00000142233,NTN5,0.29271326577487755,0.0004534947170753773,0.9307162365166188,6.784347660949479e-17,up,8.89863666702076,0.29271326577487755
ENSG00000225177,RP11-390P2.4,0.751542643135924,2.8964242801467695e-05,0.7354015916478324,2.309277663569126e-14,up,8.897274283525194,0.7354015916478324
ENSG00000180198,RCC1,-0.3708899424651096,0.012103889514408274,-0.5601144571981181,5.185708567487632e-21,down,-8.897205100750815,0.3708899424651096
ENSG00000173114,LRRN3,-0.9709826424356172,1.2258554515797734e-05,-0.9792253249382177,1.0945857837273849e-13,down,-8.896944147830142,0.9709826424356172
ENSG00000158560,DYNC1I1,-0.5818402041003288,2.038812386299094e-06,-0.45181999108639215,2.3122503178899474e-12,down,-8.891551475201915,0.45181999108639215
ENSG00000155093,PTPRN2,0.22687134547714216,0.016250996693294988,0.46032374163819306,1.9979700533802744e-21,up,8.889017736028444,0.22687134547714216
ENSG00000214050,FBXO16,0.7645954731382182,2.5084479893640396e-05,0.6335118539319478,3.384245795200063e-14,up,8.886895197408958,0.6335118539319478
ENSG00000121579,NAA50,-0.24818147827071602,0.01106424645329909,-0.39400010127334784,8.697015579332783e-21,down,-8.882529596239701,0.24818147827071602
ENSG00000162377,COA7,-0.288783775157845,0.0005051804122597409,-0.37457714591897073,6.450677883482118e-17,down,-8.881433339588996,0.288783775157845
ENSG00000135002,RFK,-0.3630760226130808,5.6335349375099335e-05,-0.4971373054925764,7.866961777158537e-15,down,-8.877848834359481,0.3630760226130808
ENSG00000105568,PPP2R1A,0.7061822631987086,9.572829353853103e-12,0.2840728984184241,4.036037280880775e-06,up,8.86858900183107,0.2840728984184241
ENSG00000170348,TMED10,-0.4668150795530986,3.2656566942118846e-06,-0.2240460586986213,1.4347795959465263e-12,down,-8.864071411136809,0.2240460586986213
ENSG00000177144,NUDT4P1,-1.0101368373927648,1.748504533152401e-08,-1.0154157633557261,2.0760666262001886e-09,down,-8.863092774941636,1.0101368373927648
ENSG00000118526,TCF21,0.751295138601725,0.00018373070756053954,0.6565680814709361,8.245028184093155e-16,up,8.860605848458203,0.6565680814709361
ENSG00000203999,RP11-290F20.1,0.49215033377547507,1.813967541550811e-05,0.5555237403304449,8.112457238032944e-14,up,8.859057342173022,0.49215033377547507
ENSG00000254614,AP003068.23,-1.1134039984837416,9.521198864626527e-07,-0.5907368394485613,1.0862737862340114e-11,down,-8.85658711056715,0.5907368394485613
ENSG00000006025,OSBPL7,0.32864337511744796,0.008964634269846514,0.5777058813941145,2.6782030551408788e-20,up,8.851584224567997,0.32864337511744796
ENSG00000106976,DNM1,0.6737017465076137,0.0027242895136212575,0.6293335242083424,1.1127792665393867e-18,up,8.84967244925792,0.6293335242083424
ENSG00000016402,IL20RA,-0.8554518548148778,0.0005518970956411848,-1.122849805817836,7.686619530497292e-17,down,-8.849417752785117,0.8554518548148778
ENSG00000235830,SRGAP3-AS4,0.6454074920427109,0.0013174387843731391,1.3765966914319705,9.570944991208196e-18,up,8.840373983867993,0.6454074920427109
ENSG00000087077,TRIP6,0.8474398194113131,5.0388278741218955e-08,0.5395865612444048,7.004171687498118e-10,up,8.840212006407453,0.5395865612444048
ENSG00000076706,MCAM,0.5643355691141421,0.001737928495726157,0.41455537029108885,4.6509831254664934e-18,up,8.837423054060332,0.41455537029108885
ENSG00000101892,ATP1B4,0.7855298662249972,0.0015466367010662898,1.9269820600777836,6.344546346283253e-18,up,8.837195138868594,0.7855298662249972
ENSG00000177989,ODF3B,1.0404504438261497,1.1770106140979878e-06,1.0927977256261903,9.706733955665544e-12,up,8.836165594657825,1.0404504438261497
ENSG00000198556,ZNF789,0.554793656672799,5.257460271935339e-07,0.3228318207021779,3.238125953551396e-11,up,8.83240376006186,0.3228318207021779
ENSG00000273193,RP11-523G9.3,0.5102227842138478,0.00013865148641949976,0.9465637874534188,2.150093674097849e-15,up,8.828474588822461,0.5102227842138478
ENSG00000239779,WBP1,0.9712025993093167,5.796745275824023e-13,0.3609147523340347,4.295443235918596e-05,up,8.828367581925692,0.3609147523340347
ENSG00000108381,ASPA,0.3601552418744005,0.018646919526935313,0.8415454152486259,2.8235273805266797e-21,up,8.825833987472652,0.3601552418744005
ENSG00000260196,RP1-239B22.5,0.41959553947839723,9.69277545053225e-06,0.6417942294259498,3.522691125279603e-13,up,8.824125050799463,0.41959553947839723
ENSG00000144834,TAGLN3,0.38221750114330943,0.0010109768484975164,1.1504080105404404,2.391336581642653e-17,up,8.822119975620346,0.38221750114330943
ENSG00000101457,DNTTIP1,0.6044375635120679,5.637745551745709e-07,0.34650780198098696,3.232732233923913e-11,up,8.821483789377336,0.34650780198098696
ENSG00000153207,AHCTF1,-0.5778754745172916,0.00018204742194136096,-0.5443049544558037,1.3141759892971846e-15,down,-8.821198935542615,0.5443049544558037
ENSG00000161395,PGAP3,0.5117264918604641,3.81738363077145e-09,0.37016958091645585,1.7147154078359962e-08,up,8.819894363749242,0.37016958091645585
ENSG00000151116,UEVLD,-0.4103568452981125,0.000208677866187841,-0.503671226856646,9.96944217885716e-16,down,-8.819613279966381,0.4103568452981125
ENSG00000071537,SEL1L,-0.5104208450314378,2.158623125851589e-06,-0.43623125308872085,4.594800750614684e-12,down,-8.813530253056818,0.43623125308872085
ENSG00000155657,TTN,-0.6741701672949098,1.7797965280836041e-10,-0.5105761146582831,4.0130454264007335e-07,down,-8.812129147903681,0.5105761146582831
ENSG00000109381,ELF2,-0.4454269461144671,8.07635463199244e-06,-0.370507140447593,5.549433666184321e-13,down,-8.810922207228643,0.370507140447593
ENSG00000154813,DPH3,-0.18771765349387318,0.04543155904989433,-0.4101401786238623,9.114320264971445e-23,down,-8.81032538596956,0.18771765349387318
ENSG00000243742,RPLP0P2,0.6990293042908212,4.95875163269731e-08,0.661520694556819,9.493161061529842e-10,up,8.808906293996904,0.661520694556819
ENSG00000154096,THY1,0.9470633109958544,0.02067012675614133,1.6119439275456482,2.4191142403752972e-21,up,8.80808734961004,0.9470633109958544
ENSG00000205710,C17orf107,0.333542922092941,0.005754759564693161,1.0493258766425206,2.0005372882231782e-19,up,8.807777549976693,0.333542922092941
ENSG00000138442,WDR12,-0.3436789624864033,7.804433872597908e-05,-0.30413742184976855,9.402025494698977e-15,down,-8.802622025517282,0.30413742184976855
ENSG00000136897,MRPL50,-0.4773088327833255,0.0001304342791291616,-0.2928319239381247,3.3932252318241176e-15,down,-8.798957083796495,0.2928319239381247
ENSG00000156103,MMP16,0.23265478218333227,0.019425839544917934,0.994851156418101,3.548831380548049e-21,up,8.797173500575703,0.23265478218333227
ENSG00000255145,RP11-60I3.5,0.3984796396057228,0.0030370701181209954,0.6360576033256401,1.5766411186505713e-18,up,8.796328383897446,0.3984796396057228
ENSG00000132938,MTUS2,-0.6514659326684509,2.600519920999408e-06,-0.5642447340703952,4.33629238985351e-12,down,-8.790646973739308,0.5642447340703952
ENSG00000267069,RP11-64C12.8,0.3895511529575782,0.020384812090498437,1.188130092056502,3.242794503334765e-21,up,8.790529156490349,0.3895511529575782
ENSG00000134684,YARS,-0.35001097444955137,0.00017240129038616607,-0.3238268354564178,2.117336699736902e-15,down,-8.789122200771645,0.3238268354564178
ENSG00000272784,RP11-335L23.5,0.29671909078255365,0.008721008908308696,0.8546106270017014,6.834568027159e-20,up,8.78679328200752,0.29671909078255365
ENSG00000126709,IFI6,0.8526667612448288,0.00015057481000817373,0.8965162027902975,2.975239989995512e-15,up,8.783979678269109,0.8526667612448288
ENSG00000141456,PELP1,0.6069745119468991,1.2967218438253978e-08,0.464658849374339,6.076229036786878e-09,up,8.781795914230644,0.464658849374339
ENSG00000249868,RP11-63E5.6,-0.4022673834001471,0.0002260721383759142,-0.8513662215766433,1.2994041898220357e-15,down,-8.781017505350887,0.4022673834001471
ENSG00000007402,CACNA2D2,0.4248025438620917,0.006251496922183504,0.6198985245694851,2.191445481599106e-19,up,8.779632718463045,0.4248025438620917
ENSG00000168958,MFF,-0.1933191579051223,0.004424499616010266,-0.20502413011041043,6.9535900694845745e-19,down,-8.773335582016898,0.1933191579051223
ENSG00000257542,OR7E47P,0.6564658867648555,9.111617747647525e-05,1.0567572664755935,9.689242117770237e-15,up,8.772447430341671,0.6564658867648555
ENSG00000213398,LCAT,0.7806971075808462,2.250358478882754e-09,0.41035400404760536,4.8209780337887394e-08,up,8.771364252451308,0.41035400404760536
ENSG00000176974,SHMT1,-0.32349880856071067,0.03638502049353017,-0.608729326964201,4.125941408710157e-22,down,-8.769987382052301,0.32349880856071067
ENSG00000164466,SFXN1,-0.4992774586376835,7.10998174533675e-06,-0.24332590571371882,1.0498261651797134e-12,down,-8.769845741481483,0.24332590571371882
ENSG00000214960,ISPD,-0.41028492113711473,2.7739580988566183e-05,-0.5596859140686314,1.0578598932521271e-13,down,-8.762906536235247,0.41028492113711473
ENSG00000172243,CLEC7A,-0.5345631744901329,0.020330271534763588,-0.9912337240135227,4.9416324814025695e-21,down,-8.75937410140362,0.5345631744901329
ENSG00000104946,TBC1D17,0.6359035448341631,8.881832721541271e-08,0.3356276039299016,7.202170970905288e-10,up,8.755877301084972,0.3356276039299016
ENSG00000148180,GSN,1.1018203500540922,6.120467013792247e-08,0.41941624042957837,1.171976339591277e-09,up,8.753646427138312,0.41941624042957837
ENSG00000106780,MEGF9,-0.858841068844938,7.960543192707298e-07,-0.5794477795968257,3.7815332856935545e-11,down,-8.75354745491725,0.5794477795968257
ENSG00000239306,RBM14,0.7576778666070806,4.626209833421596e-09,0.31775157770411233,2.398452108715412e-08,up,8.75226940004572,0.31775157770411233
ENSG00000049323,LTBP1,0.9485776195449472,6.565893535443473e-09,0.3287760354424739,1.658605298311528e-08,up,8.750977940802642,0.3287760354424739
ENSG00000227544,AC018647.3,0.5916743046526569,0.00025365547049186155,0.6394577010347274,1.4729708738513394e-15,up,8.747391770898373,0.5916743046526569
ENSG00000137171,KLC4,0.33576974051141195,0.0004282371492168306,0.3566407439081456,4.777541925381054e-16,up,8.744306803901132,0.33576974051141195
ENSG00000224982,TMEM233,0.5522710358186114,0.000986003550457253,1.0294398158734073,6.602906911111505e-17,up,8.742476784315313,0.5522710358186114
ENSG00000100614,PPM1A,-0.5397964732291373,9.895966494448981e-08,-0.36125107144952023,6.977837655123819e-10,down,-8.742381080595683,0.36125107144952023
ENSG00000145777,TSLP,-0.720574692988937,6.601269864615089e-08,-0.34240192123474583,1.2476283744149234e-09,down,-8.73480811132306,0.34240192123474583
ENSG00000169592,INO80E,0.2867842278541613,0.0011208002408770966,0.4821475983502969,5.244311538293752e-17,up,8.734382790525435,0.2867842278541613
ENSG00000159348,CYB5R1,0.3505696972744709,0.0006487303990957627,0.39063495831105466,2.1000877700949364e-16,up,8.73081008732683,0.3505696972744709
ENSG00000087269,NOP14,-0.2669975508171675,0.0002632378592594532,-0.2495181714469079,1.682166250631868e-15,down,-8.728706222891304,0.2495181714469079
ENSG00000128052,KDR,-0.5819656385260082,0.001225452105471078,-0.7770327138797788,4.5543742900773246e-17,down,-8.727110959574938,0.5819656385260082
ENSG00000171503,ETFDH,-0.5220979038391645,1.0266695520782994e-05,-0.42307948057724365,9.322663855310056e-13,down,-8.720589656966125,0.42307948057724365
ENSG00000267436,AC005786.7,0.7589510436291367,3.660078131171837e-09,0.8171685827219115,4.0647126838587003e-08,up,8.720133591049885,0.7589510436291367
ENSG00000121578,B4GALT4,-0.4198101837938478,0.00020230363791004743,-0.28430019010187274,3.3214690875427757e-15,down,-8.718829423446072,0.28430019010187274
ENSG00000165626,BEND7,-0.6682017410983732,1.9455649405115587e-06,-0.31313139156744213,1.4082500840491639e-11,down,-8.716135365509182,0.31313139156744213
ENSG00000263207,RP11-26L20.4,0.5285215002745277,1.9867811004205247e-05,0.9776336300497834,3.184667817327421e-13,up,8.713629290354044,0.5285215002745277
ENSG00000183520,UTP11L,-0.5051117821080152,1.6046050703150353e-05,-0.23899838850779595,4.650119543582176e-13,down,-8.713421308440411,0.23899838850779595
ENSG00000176358,TAC4,0.9424749044606019,0.005621610678213505,1.2333798528088955,7.142502343110322e-19,up,8.712153269101806,0.9424749044606019
ENSG00000066697,MSANTD3,-0.32412542614418044,0.011687831934330508,-0.3661691386225868,6.834568027159e-20,down,-8.710706782091824,0.32412542614418044
ENSG00000079805,DNM2,-0.2791136332979042,0.0022729166395385834,-0.4165397526922439,1.0581778787797627e-17,down,-8.709472364142279,0.2791136332979042
ENSG00000167703,SLC43A2,1.069175389201736,3.089371128182641e-08,0.5163738908984692,4.0257802116322e-09,up,8.708431849415438,0.5163738908984692
ENSG00000130595,TNNT3,0.8437492025537304,0.0005198875383522627,0.8860416331685503,4.669780660052977e-16,up,8.707651197415936,0.8437492025537304
ENSG00000267454,ZNF582-AS1,0.46814598887396847,0.0009270473601994516,0.4324963298654113,1.175683699707005e-16,up,8.707248170412276,0.4324963298654113
ENSG00000134882,UBAC2,0.5272873829884984,8.00463026943131e-06,0.3076951093387619,1.6390309986815227e-12,up,8.706317435635334,0.3076951093387619
ENSG00000174943,KCTD13,0.38772727001341845,1.041061754997471e-05,0.31528510320841613,1.0537761277565275e-12,up,8.706212270391996,0.31528510320841613
ENSG00000106133,NSUN5P2,0.6536507540457748,6.929715822552961e-08,0.5023518291423857,1.5383165056979243e-09,up,8.7042137839156,0.5023518291423857
ENSG00000004897,CDC27,-0.6105002677224094,2.507597784997408e-07,-0.3255952897739857,3.0104758032821264e-10,down,-8.702388207458363,0.3255952897739857
ENSG00000066629,EML1,-0.4999277489333076,0.00033382578922746094,-0.40555176093453527,1.3616800616860169e-15,down,-8.70124004747467,0.40555176093453527
ENSG00000141258,SGSM2,0.48488983791086004,6.96969745455618e-06,0.35337309553766344,2.1960683150239088e-12,up,8.699582118702214,0.35337309553766344
ENSG00000106003,LFNG,0.7158322232434151,0.004316133791724349,1.1007166429256199,1.966118776194885e-18,up,8.697005420962096,0.7158322232434151
ENSG00000186470,BTN3A2,0.4983597523965814,0.026018816710129587,0.6278530300068862,4.474050984755557e-21,up,8.694513557281244,0.4983597523965814
ENSG00000181104,F2R,1.4400236436785119,9.331234377004855e-08,0.6334372212873381,1.171976339591277e-09,up,8.691794337963723,0.6334372212873381
ENSG00000188015,S100A3,-0.7896829983027266,4.159142717481716e-06,-1.1317481608161113,6.014963482476247e-12,down,-8.68154899107346,0.7896829983027266
ENSG00000159423,ALDH4A1,0.5744532010288966,1.527364105893305e-06,0.5244040063480423,3.118205822816826e-11,up,8.673218641740776,0.5244040063480423
ENSG00000089472,HEPH,0.8956661031412554,0.0004013815915510223,0.4961140276949974,1.278542503397262e-15,up,8.670500978623217,0.4961140276949974
ENSG00000224786,CETN4P,0.36361070706500553,0.0078767814641084,0.9835640449810525,4.2763794488483114e-19,up,8.669613937055633,0.36361070706500553
ENSG00000137710,RDX,-0.7956977038470089,8.879768822507303e-08,-0.4708361390246902,1.5710541477142944e-09,down,-8.667112882938111,0.4708361390246902
ENSG00000106524,ANKMY2,0.2765716065142801,0.006320873861790673,0.3694473531787197,8.948026318929508e-19,up,8.665302570982567,0.2765716065142801
ENSG00000132326,PER2,0.9475380667438797,2.03307045066676e-05,0.6371147183152198,5.099892714679506e-13,up,8.664694056443867,0.6371147183152198
ENSG00000097033,SH3GLB1,-0.312539666572986,0.004418039931830653,-0.43369870076815176,2.7798679518346726e-18,down,-8.663406162411265,0.312539666572986
ENSG00000272841,RP3-428L16.2,0.3515704280489586,0.00011934813960223886,0.6321396797741187,1.8509272343353334e-14,up,8.663078505571297,0.3515704280489586
ENSG00000188878,FBF1,0.4043560920170366,0.0014337444930371957,0.7256836397269726,6.504780075209517e-17,up,8.66200052366564,0.4043560920170366
ENSG00000105538,RASIP1,0.8183690919064496,4.4520780168585816e-07,0.5482506481893549,2.0414577998312565e-10,up,8.65984515086201,0.5482506481893549
ENSG00000197256,KANK2,-0.710097817181721,7.965846075549435e-09,-0.22020928043003482,2.8842661014042966e-08,down,-8.655927199160628,0.22020928043003482
ENSG00000125730,C3,-1.1033073855487887,0.0003999679118347722,-0.7691841744523918,1.5909196012272275e-15,down,-8.65178487931258,0.7691841744523918
ENSG00000158008,EXTL1,0.7402572717203563,0.0013695768598092713,0.986510077071028,9.053872437531547e-17,up,8.644551194998474,0.7402572717203563
ENSG00000136002,ARHGEF4,0.5052517106088907,0.0009460861071149644,0.78700228907941,2.41180773782974e-16,up,8.641891455983272,0.5052517106088907
ENSG00000163807,KIAA1143,-0.8007379441297255,1.4580396318544982e-08,-0.24220620040497434,1.649856754433148e-08,down,-8.641429783272619,0.24220620040497434
ENSG00000099204,ABLIM1,-0.4274493995789128,7.56135182592516e-06,-0.385786148578287,3.487557740717154e-12,down,-8.64046668842895,0.385786148578287
ENSG00000271971,CTD-2006H14.2,0.509220454075345,0.0004976675574018759,0.5679017809673302,1.1801284785519375e-15,up,8.635118016202796,0.509220454075345
ENSG00000253771,TPTE2P1,0.2702166367337431,0.009912605983392218,0.9230440595565168,3.3702312742107295e-19,up,8.629417615701875,0.2702166367337431
ENSG00000153790,C7orf31,-0.42241092676033776,5.556187121058193e-05,-0.388946436435875,1.300894250516411e-13,down,-8.62141284597012,0.388946436435875
ENSG00000115525,ST3GAL5,-0.6650540737116707,0.0004009650423978992,-0.5217476306934513,2.25231204275297e-15,down,-8.620434502895051,0.5217476306934513
ENSG00000111371,SLC38A1,-0.7454160322850025,2.081899823801554e-05,-0.5616090506219538,7.835868218809411e-13,down,-8.619147958791773,0.5616090506219538
ENSG00000143367,TUFT1,0.5588182111790012,3.296600992739887e-06,0.32592576227746106,1.6550558931104815e-11,up,8.61435814187576,0.32592576227746106
ENSG00000110169,HPX,0.47700712001619194,0.044395383085618904,0.7099972815864418,1.508539101747879e-21,up,8.613876352093781,0.47700712001619194
ENSG00000247950,SEC24B-AS1,0.4535724723298135,0.00012124588376135286,0.4907603136337225,3.117136832359156e-14,up,8.612259929593892,0.4535724723298135
ENSG00000124357,NAGK,0.4836349857472086,3.264306013524374e-05,0.2846168085576989,3.8629516772399914e-13,up,8.610352724709813,0.2846168085576989
ENSG00000129292,PHF20L1,-0.6178662987121751,8.145742861879856e-06,-0.4824415055678701,4.264736747525806e-12,down,-8.607870950367477,0.4824415055678701
ENSG00000267121,CTD-2020K17.1,0.4407406326776179,0.019997591824611017,0.7268438589286917,3.895827473070677e-20,up,8.607196307397672,0.4407406326776179
ENSG00000163075,PCDP1,0.30684819827180826,0.03251263315725903,0.8082169231396167,5.9011404636076516e-21,up,8.606748672180979,0.30684819827180826
ENSG00000163386,NBPF10,0.41314390794719746,0.001534826976050092,0.37301511699107737,1.0460159257799527e-16,up,8.60627198420662,0.37301511699107737
ENSG00000262873,CTD-2561B21.11,0.321838915251563,0.03115681125957824,1.2114278831399425,7.124609527462893e-21,up,8.605757696205862,0.321838915251563
ENSG00000159339,PADI4,0.6760557112412768,0.0004915406285606311,1.3996934798398006,1.6953496530104795e-15,up,8.605328355612176,0.6760557112412768
ENSG00000103035,PSMD7,-0.3257629713514224,2.205096594632492e-06,-0.1937374275396446,3.4734900167307454e-11,down,-8.60144349728986,0.1937374275396446
ENSG00000231889,TRAF3IP2-AS1,0.564342710752326,2.595073705521787e-05,0.32649461100779614,6.703810022360991e-13,up,8.597939736299075,0.32649461100779614
ENSG00000178162,FAR2P2,0.42570614196159107,0.0076136342156461565,0.6397851527663536,1.1842797446760484e-18,up,8.596605426543226,0.42570614196159107
ENSG00000118156,ZNF541,0.533796224476558,0.000518371502650901,0.8892954408980855,1.759249340499284e-15,up,8.591202846786716,0.533796224476558
ENSG00000188897,CTD-3088G3.8,0.5316992827882276,0.002398844676803884,0.8932181338265036,3.787921102263283e-17,up,8.591172974073235,0.5316992827882276
ENSG00000007202,KIAA0100,-0.15496579081227163,0.03922652751981122,-0.3415355302091704,3.457672736622334e-21,down,-8.590097153858755,0.15496579081227163
ENSG00000066248,NGEF,0.443974927483608,0.009983540223659293,1.4649301679635747,6.095034064317927e-19,up,8.579892841189306,0.443974927483608
ENSG00000251576,RP11-536I6.1,0.31996106971529653,0.0022392759299120183,1.3356696275226376,5.549932277134473e-17,up,8.575254507794613,0.31996106971529653
ENSG00000198169,ZNF251,0.5184078354257878,0.0001783102573774061,0.4184110522815166,2.1612310222176782e-14,up,8.573045283269064,0.4184110522815166
ENSG00000040341,STAU2,-0.6403796261177126,5.01519295990505e-08,-0.2389530565095118,7.412650789745676e-09,down,-8.566189386293676,0.2389530565095118
ENSG00000129038,LOXL1,0.9166296388070075,0.0053427134411052225,1.0262461028189687,5.208596845282172e-18,up,8.56597445195828,0.9166296388070075
ENSG00000176410,DNAJC30,0.4078690604094764,1.0264054596536202e-05,0.5297568109589196,4.436469793493504e-12,up,8.565236693757736,0.4078690604094764
ENSG00000100526,CDKN3,-1.0614700718418817,5.297409863991688e-07,-0.4332751831046198,3.796843491117432e-10,down,-8.564334947464399,0.4332751831046198
ENSG00000198835,GJC2,0.4427765488884921,4.96808214144903e-06,0.9764264488095923,1.4357010655187271e-11,up,8.563646751805472,0.4427765488884921
ENSG00000104883,PEX11G,0.608805868833182,3.1156630343673498e-06,0.8701443844609513,3.016944210611073e-11,up,8.561484500082134,0.608805868833182
ENSG00000177469,PTRF,0.4600744086311982,3.956880189703804e-05,0.362639676601557,4.549653858988616e-13,up,8.56102574078787,0.362639676601557
ENSG00000269978,RP11-338N10.3,0.5823108245265725,0.028276199698822595,1.0465526130725398,2.052711832767212e-20,up,8.555248479730945,0.5823108245265725
ENSG00000129250,KIF1C,-0.396306230143077,6.658939919679723e-07,-0.2890909342389312,3.0698118293604216e-10,down,-8.554729169036012,0.2890909342389312
ENSG00000143554,SLC27A3,0.6176465884998025,8.286527068589518e-05,0.5925683885766925,1.2215858095211468e-13,up,8.554170009182577,0.5925683885766925
ENSG00000160223,ICOSLG,0.6163309542877786,0.0012292817534301811,0.6057853076167806,3.541165885759648e-16,up,8.552473398596529,0.6057853076167806
ENSG00000267034,RP11-384O8.1,-0.6495706152162203,0.007902443743929843,-1.1238179208630594,1.861346363237583e-18,down,-8.551898091213316,0.6495706152162203
ENSG00000011201,KAL1,0.3964625059590622,0.002945916867806673,0.7281993820132044,3.422903097079838e-17,up,8.551486711168913,0.3964625059590622
ENSG00000164106,SCRG1,0.4909881513409776,0.02805972147556339,1.1101559291934746,2.287235622417769e-20,up,8.54934319889584,0.4909881513409776
ENSG00000091157,WDR7,-0.5824434137088386,1.0841974413298182e-06,-0.24756220265319803,1.6726380966772728e-10,down,-8.547208165029733,0.24756220265319803
ENSG00000250903,GMDS-AS1,0.34232730754296703,1.5172911379722021e-05,0.2834907942117807,2.8069653677580635e-12,up,8.545993704227936,0.2834907942117807
ENSG00000127452,FBXL12,0.5351383661240142,2.577668595539271e-09,0.19176595569098345,2.3658511328616287e-07,up,8.544976758940308,0.19176595569098345
ENSG00000272556,RP11-638I8.1,0.5516433011520699,1.9368442856154842e-05,1.2631482568602876,1.8852667180445624e-12,up,8.54440455977496,0.5516433011520699
ENSG00000182749,PAQR7,0.2897582250443643,0.007936047953903503,0.576579978467767,2.0275382065729957e-18,up,8.543864695560831,0.2897582250443643
ENSG00000163528,CHCHD4,-0.43773158832579107,1.6858983445594315e-08,-0.22120127075873758,3.0848103393780365e-08,down,-8.54372397750731,0.22120127075873758
ENSG00000139178,C1RL,-0.359061412059032,0.026468401094406933,-0.5062477356436057,3.1870343107311246e-20,down,-8.540707188964564,0.359061412059032
ENSG00000181610,MRPS23,-0.36994227670677704,0.0003803456581166305,-0.3629922352071339,6.972220850957659e-15,down,-8.53017741536868,0.3629922352071339
ENSG00000164066,INTU,1.1887091064624329,2.6658351585647522e-09,0.3988957246591114,2.546578157108117e-07,up,8.530146031341246,0.3988957246591114
ENSG00000037280,FLT4,0.3649335888595766,0.008891938890686846,0.5471415226086499,1.7089572800107731e-18,up,8.528504019947531,0.3649335888595766
ENSG00000113645,WWC1,-0.8591508953966023,0.00011781823848319188,-1.140849514502238,8.30333078564465e-14,down,-8.526021274767558,0.8591508953966023
ENSG00000196126,HLA-DRB1,0.778931814127259,0.0006107162282321017,0.7093851719961134,2.666882636111984e-15,up,8.520818858787704,0.7093851719961134
ENSG00000205771,CATSPER2P1,0.33698393345408806,0.007490207611594702,0.6102346537439903,3.2207337623622183e-18,up,8.52032985869268,0.33698393345408806
ENSG00000182841,RRP7B,0.451054792475608,6.1148527630920364e-06,0.38912500492722774,1.5938986029563023e-11,up,8.5188203818943,0.38912500492722774
ENSG00000167315,ACAA2,-0.4852215989484323,1.3072314005849339e-05,-0.33254806012941385,4.907600335851624e-12,down,-8.514215881025763,0.33254806012941385
ENSG00000115561,CHMP3,-0.49638157668764116,9.324584686046004e-10,-0.1894831864327432,7.827774419094242e-07,down,-8.511282485207916,0.1894831864327432
ENSG00000272944,CTD-2308L22.1,0.42765839714793863,0.0022729107750537095,0.9113966592372232,1.1808028259602593e-16,up,8.508025321243483,0.42765839714793863
ENSG00000249855,EEF1A1P19,0.49876019690996437,3.3013211535376766e-06,0.4730258574871899,5.0247636267779464e-11,up,8.497539117084381,0.4730258574871899
ENSG00000105287,PRKD2,0.64681461085927,4.420316026105526e-07,0.37526992949489135,8.958931551808773e-10,up,8.495706052430446,0.37526992949489135
ENSG00000036448,MYOM2,0.77646627419609,8.454852469962936e-07,0.4112902791113169,3.796843491117432e-10,up,8.493707066780182,0.4112902791113169
ENSG00000174514,MFSD4,0.3604252843409463,0.004216330261529059,0.7077469224402146,2.6987473325026493e-17,up,8.488167670250277,0.3604252843409463
ENSG00000173818,ENDOV,0.45961585675223576,2.6355352467667423e-05,0.29398028504336265,2.0911878981156184e-12,up,8.482746285414624,0.29398028504336265
ENSG00000147408,CSGALNACT1,-0.4645091161089855,0.000216884446526867,-0.443837974979814,3.870403223669202e-14,down,-8.482587983629353,0.443837974979814
ENSG00000104369,JPH1,-0.3890223780257856,0.004108199137498907,-0.6211217963113536,3.171686724996505e-17,down,-8.48068047222402,0.3890223780257856
ENSG00000125354,6-Sep,0.3028268125511796,0.0450746217771389,0.4881993230993473,8.311520963096634e-21,up,8.479935109661318,0.3028268125511796
ENSG00000268518,CTD-2545M3.8,1.1533805719435266,8.672923841545421e-05,0.9254446814169234,2.459142366566563e-13,up,8.479657239241632,0.9254446814169234
ENSG00000140254,DUOXA1,0.33188214794331,0.015446561137523239,0.764866516645407,5.268582613909856e-19,up,8.474846429573411,0.33188214794331
ENSG00000184584,TMEM173,0.41341689342606436,0.0015687471948158788,0.4110684150594243,5.012954680933225e-16,up,8.46761927198477,0.4110684150594243
ENSG00000143093,STRIP1,0.3860695583845403,1.9931037229496004e-06,0.18945368047144076,1.4155542876336613e-10,up,8.467605761483219,0.18945368047144076
ENSG00000254251,RP11-662G23.1,-0.3803387391922412,3.340202249078917e-05,-0.9552365140886927,1.6192597328026287e-12,down,-8.4660625103756,0.3803387391922412
ENSG00000205213,LGR4,-0.9347210363038255,2.7655287079721635e-07,-0.6465589820358711,2.2886838128957825e-09,down,-8.4576204650772,0.6465589820358711
ENSG00000115392,FANCL,0.34648183076013733,0.0005446358279623857,0.298816105034949,7.128741124309795e-15,up,8.456452949928194,0.298816105034949
ENSG00000147485,PXDNL,0.696687550676073,1.7433268990623453e-05,0.4500930746605453,5.542486879780315e-12,up,8.454172824645681,0.4500930746605453
ENSG00000215190,LINC00680,0.3033263396097282,0.0032660941471149493,0.4943611228480404,8.342441045220315e-17,up,8.452648573440499,0.3033263396097282
ENSG00000171017,LRRC8E,-0.2432845895186812,0.009749730429745137,-1.0657350563347356,3.3325619853718664e-18,down,-8.45067096684774,0.2432845895186812
ENSG00000185615,PDIA2,0.5288232289438795,0.02621030504870938,1.1928887098009797,1.0786276415997832e-19,up,8.450261090541142,0.5288232289438795
ENSG00000219626,FAM228B,0.6136059474440017,4.402335666124663e-06,0.36572582909334195,5.1818286659927085e-11,up,8.448493922955802,0.36572582909334195
ENSG00000021355,SERPINB1,-0.36028520099012507,0.004390622539658957,-0.39150583670980876,3.887130168993678e-17,down,-8.448092050233132,0.36028520099012507
ENSG00000273382,RP5-1065J22.8,0.2444376549675614,0.004789751808909442,0.5399254681097936,3.0832526372594915e-17,up,8.446376112729007,0.2444376549675614
ENSG00000163704,PRRT3,0.35318097931538933,0.00018200175193534718,0.6180273640722029,8.527962781749416e-14,up,8.441691799731789,0.35318097931538933
ENSG00000065989,PDE4A,-0.5063710780237711,0.0003400723971762993,-0.4280977220855829,2.3479999242377868e-14,down,-8.44119886490686,0.4280977220855829
ENSG00000101638,ST8SIA5,0.6145847921750087,0.0022046428774548164,0.6749678514738615,2.813222073419158e-16,up,8.441000101652527,0.6145847921750087
ENSG00000144357,UBR3,-0.6213892973407549,1.427638966567851e-07,-0.5078865154596014,6.035867420175985e-09,down,-8.439263515346768,0.5078865154596014
ENSG00000072501,SMC1A,-0.7240806296828503,1.2844316677189027e-07,-0.3310534478683508,6.8194505200790775e-09,down,-8.438982386974558,0.3310534478683508
ENSG00000164542,KIAA0895,-0.5692920098837925,2.5173878113999132e-06,-0.626522500703163,1.3191702918708546e-10,down,-8.438527517449172,0.5692920098837925
ENSG00000138744,NAAA,0.4472874832552004,0.0018230292488072128,0.34061117084392795,4.956366702085375e-16,up,8.436152556657444,0.34061117084392795
ENSG00000172171,TEFM,-0.3596155064947053,0.00041441749060840014,-0.29971027453439597,1.6293185617359222e-14,down,-8.435441663585848,0.29971027453439597
ENSG00000087502,ERGIC2,-0.5963530886644727,2.652507987109841e-06,-0.2205054447696843,1.2519110493537405e-10,down,-8.4354241494357,0.2205054447696843
ENSG00000103260,METRN,1.069362240874649,4.97328211129616e-11,0.5418439474060935,1.6067446950500574e-05,up,8.435311813248106,0.5418439474060935
ENSG00000152784,PRDM8,0.4197199367465423,0.007144534350362166,0.5475514101196518,1.0745524330183186e-17,up,8.433964869110998,0.4197199367465423
ENSG00000254387,RP3-388N13.2,1.4545627889634147,4.626209833421596e-09,0.6751477382726623,2.8644078619739415e-07,up,8.431187557959316,0.6751477382726623
ENSG00000253824,KB-173C10.2,0.5894813905305325,0.0008865161952681662,1.275144568235946,3.147038957282933e-15,up,8.42997905042911,0.5894813905305325
ENSG00000006282,SPATA20,0.6058491845177261,3.499471377186294e-06,0.4657895921333305,8.834952385602182e-11,up,8.42826710915265,0.4657895921333305
ENSG00000117533,VAMP4,-0.4096932639512877,7.940409328386592e-07,-0.32677002180247,7.526077287377825e-10,down,-8.426499426723893,0.32677002180247
ENSG00000187720,THSD4,0.6541635920463609,7.299300500955434e-08,0.4059240381289224,1.4980944580138857e-08,up,8.42622843734181,0.4059240381289224
ENSG00000125534,PPDPF,1.400499970398574,0.0012822795402073,1.1959927591257513,1.3728024941534778e-15,up,8.424433875381567,1.1959927591257513
ENSG00000268713,CTC-444N24.8,0.4931101939499438,4.820232041711384e-05,0.4638778004621893,1.309979741464905e-12,up,8.42327273808837,0.4638778004621893
ENSG00000137221,TJAP1,0.4076393870375367,3.3101262483612374e-05,0.2828760413446845,2.5631008882174632e-12,up,8.422333927559295,0.2828760413446845
ENSG00000185565,LSAMP,-1.8177740906446624,3.774275667436814e-05,-0.8453212967218172,2.061471697199343e-12,down,-8.421361330071985,0.8453212967218172
ENSG00000110330,BIRC2,-0.3912462487873568,0.0031304802829587378,-0.34112685503151197,1.3649450490128306e-16,down,-8.420749264746316,0.34112685503151197
ENSG00000235652,RP11-545I5.3,0.6535465514492522,1.325063183488105e-06,0.5331193335469033,4.01193489214559e-10,up,8.42008563220261,0.5331193335469033
ENSG00000170113,NIPA1,-0.28908039254276924,0.0010410344044322665,-0.5072560108483095,2.446735333622022e-15,down,-8.418923825257595,0.28908039254276924
ENSG00000204248,COL11A2,0.4948868748820211,0.000744849468099986,0.6795652042899766,5.370612648594085e-15,up,8.418067267853749,0.4948868748820211
ENSG00000076258,FMO4,0.5258919365178343,0.0008499090333598246,0.5300368135721212,4.0993617559217565e-15,up,8.415414890396812,0.5258919365178343
ENSG00000006007,GDE1,-0.17034066041170118,0.02178515054998033,-0.27222712389720644,3.347449089242276e-19,down,-8.41496943134843,0.17034066041170118
ENSG00000014914,MTMR11,0.47643695591898483,0.007172412879058317,0.5459118683625055,1.403424557231848e-17,up,8.411089349205893,0.47643695591898483
ENSG00000140931,CMTM3,0.75171721207314,1.781023421940582e-05,0.48775777373020673,8.53323442531396e-12,up,8.406586326554992,0.48775777373020673
ENSG00000232859,LYRM9,0.3432708394514985,0.007172412879058317,0.5773000485894347,1.5330088377922233e-17,up,8.403788670847442,0.3432708394514985
ENSG00000124743,KLHL31,-0.7106928490697582,0.00020623791943645225,-0.5529878708850833,1.0160460235668642e-13,down,-8.401663890966988,0.5529878708850833
ENSG00000151651,ADAM8,0.9945787755498975,4.264098671454814e-06,0.8033115912581686,8.426215363365871e-11,up,8.401619805432832,0.8033115912581686
ENSG00000152767,FARP1,0.6739858737477864,0.0008879203810022384,0.4672277752672234,4.404343928626294e-15,up,8.399656340654616,0.4672277752672234
ENSG00000226711,FAM66C,0.36285435427009144,0.00047807914352733847,0.4871136459908694,1.8371844891083272e-14,up,8.396784421796209,0.36285435427009144
ENSG00000161791,FMNL3,0.5714903090820732,0.00020226283757869304,0.45729712587668697,1.1263019806522083e-13,up,8.39568298781582,0.45729712587668697
ENSG00000129071,MBD4,-0.3855484726083421,0.00038102182040447493,-0.2161561021718934,3.076183150969091e-14,down,-8.394459134842156,0.2161561021718934
ENSG00000078140,UBE2K,-0.16410984918254665,0.014416973330563831,-0.30082807514476173,1.901009810371256e-18,down,-8.391970676687441,0.16410984918254665
ENSG00000146966,DENND2A,0.2594843503130906,0.03897806636006772,0.39374844713060997,5.0043613673369476e-20,up,8.38911433620987,0.2594843503130906
ENSG00000120318,ARAP3,0.3889810986364856,2.6468223444517068e-05,0.24389035586418,5.289337580569284e-12,up,8.388793626560245,0.24389035586418
ENSG00000163794,UCN,0.713821331574161,5.128842629882387e-08,0.9455197546493989,3.103326438915302e-08,up,8.387421586409536,0.713821331574161
ENSG00000088726,TMEM40,-1.078172373881673,2.0004984010111522e-06,-0.5929511230391721,2.998757520392836e-10,down,-8.384165026048917,0.5929511230391721
ENSG00000187678,SPRY4,0.7329656805713864,2.2771898201258622e-06,0.36556997044262307,2.5509693191082604e-10,up,8.381693650497736,0.36556997044262307
ENSG00000151726,ACSL1,-0.377442134806258,0.011675507034083137,-0.5991839523219624,4.587449815449857e-18,down,-8.377620105120357,0.377442134806258
ENSG00000058404,CAMK2B,0.40592911189577635,1.804427366483963e-06,0.4508626476370742,3.7570418611629077e-10,up,8.375643521080882,0.40592911189577635
ENSG00000250159,RP11-381K20.2,-0.4379590592303182,0.00027439151250127836,-0.5856009336726764,7.546642359646932e-14,down,-8.374550600626486,0.4379590592303182
ENSG00000137965,IFI44,0.48654917804518555,0.03123399690896363,0.5631733630915455,1.5534436951692495e-19,up,8.369157265883096,0.48654917804518555
ENSG00000267421,AC005498.3,0.8625139338244155,9.450943444892062e-06,0.732138246474604,3.501030117712974e-11,up,8.366462248268098,0.732138246474604
ENSG00000125454,SLC25A19,-0.5843130504970745,2.8483717907754706e-05,-0.4147283300972094,5.975761986659456e-12,down,-8.363956198375721,0.4147283300972094
ENSG00000113648,H2AFY,-0.17117073900747234,0.012996098709230063,-0.18601308801524483,3.829555273279777e-18,down,-8.36296734231672,0.17117073900747234
ENSG00000138755,CXCL9,0.9135635157171048,0.037450191091907045,1.761214869619937,8.36961019258598e-20,up,8.362062045139165,0.9135635157171048
ENSG00000110075,PPP6R3,-0.3219538496763801,0.0012749908080519395,-0.212916374810495,2.8438817529265675e-15,down,-8.361088725692401,0.212916374810495
ENSG00000165995,CACNB2,-0.7316824551487974,0.0001268165726676739,-0.5504220296786559,4.162606221082514e-13,down,-8.35824120283157,0.5504220296786559
ENSG00000246089,RP11-115C21.2,0.30957251698598387,0.0018010510366936305,0.5928553626379743,1.2519445276302559e-15,up,8.357227265616531,0.30957251698598387
ENSG00000066933,MYO9A,-0.6654486864306993,9.081500118950784e-06,-0.4450589971042273,4.126390849998406e-11,down,-8.355610085252234,0.4450589971042273
ENSG00000064102,ASUN,-0.46558403097560813,8.75071072630307e-06,-0.2745020419623289,4.393520213130224e-11,down,-8.355064349571999,0.2745020419623289
ENSG00000172164,SNTB1,0.34878976773409054,0.03423783246192953,0.5264960273175938,1.342912753964148e-19,up,8.352742016509408,0.34878976773409054
ENSG00000112339,HBS1L,-0.6408336966811538,2.503262676256977e-07,-0.27447256496991534,6.293725713999959e-09,down,-8.35270173330999,0.27447256496991534
ENSG00000130244,FAM98C,0.535778057747157,6.30323634448838e-06,0.4430197331758738,7.3751654030237e-11,up,8.35259696042441,0.4430197331758738
ENSG00000104131,EIF3J,-0.32675072418122925,0.0011496855403401792,-0.283859228427285,4.104842130527196e-15,down,-8.350649341987724,0.283859228427285
ENSG00000112234,FBXL4,-0.5035785597704824,1.2473060715635156e-06,-0.34533217125063886,8.120487490352423e-10,down,-8.349178268441879,0.34533217125063886
ENSG00000160883,HK3,-0.8676672639312447,0.0010044089357692273,-0.8497999635645562,6.160388066020019e-15,down,-8.343727688847617,0.8497999635645562
ENSG00000152990,GPR125,-0.7679790026471509,3.889313035214687e-08,-0.264520962443885,6.20355152119378e-08,down,-8.341406926515297,0.264520962443885
ENSG00000111860,CEP85L,-0.945154293229046,5.8078670336046896e-08,-0.43546431078752434,3.905495643535117e-08,down,-8.340479533113594,0.43546431078752434
ENSG00000108582,CPD,-0.6517835740485761,7.858252002769911e-05,-0.4428318344053673,1.2532249614565606e-12,down,-8.339513741748275,0.4428318344053673
ENSG00000065060,UHRF1BP1,-0.2486027786386547,0.007482917686949212,-0.5016513778871333,3.0394294405749973e-17,down,-8.336405691338797,0.2486027786386547
ENSG00000170260,ZNF212,0.49453565459821686,6.770386507368279e-07,0.24516882599076747,2.2319788048909076e-09,up,8.327005127078491,0.24516882599076747
ENSG00000119912,IDE,-0.45393184657611546,0.0004484938319827223,-0.3129044039107974,4.4951857145042106e-14,down,-8.326837958257837,0.3129044039107974
ENSG00000157168,NRG1,0.29477382882299985,0.03895042916005401,1.4583765618476325,1.132409942497162e-19,up,8.326726492274988,0.29477382882299985
ENSG00000114062,UBE3A,-0.2629794022281583,0.0015999160020465503,-0.41471889908510023,2.3713179220005832e-15,down,-8.326299412229817,0.2629794022281583
ENSG00000167861,HID1,0.4945254016132043,0.00020230363791004743,0.4967594624311863,2.397419885703103e-13,up,8.32383929234913,0.4945254016132043
ENSG00000182185,RAD51B,0.6269502002786738,0.00028901770708561806,0.4232525139523241,1.17541666502055e-13,up,8.323369569331085,0.4232525139523241
ENSG00000269235,HCCAT3,0.37038629662562633,0.011276661486919668,1.0049099920774385,1.074525219711306e-17,up,8.317533908731965,0.37038629662562633
ENSG00000132801,ZSWIM3,0.2840582405923075,2.36604207366746e-05,0.2612297952012433,1.2956786485748965e-11,up,8.315955138014047,0.2612297952012433
ENSG00000261606,RP11-414J4.2,-1.0273020130221204,0.00022650084369828415,-1.5493980658272664,2.0683303933937e-13,down,-8.315946986192921,1.0273020130221204
ENSG00000130348,QRSL1,-0.38641988996593146,0.0004088865521004301,-0.27454537516748073,6.438248901389147e-14,down,-8.310886013316704,0.27454537516748073
ENSG00000121774,KHDRBS1,0.5630408986248805,8.529433020876843e-09,0.1361194060552451,3.8010673354037657e-07,up,8.309958921536543,0.1361194060552451
ENSG00000132429,POPDC3,-0.41290464992861203,7.920332262041548e-05,-0.3576171166344678,1.6885380608276037e-12,down,-8.30794017498494,0.3576171166344678
ENSG00000160294,MCM3AP,-0.25376114333501715,0.020605775456308078,-0.17367409464841818,1.6692618181280339e-18,down,-8.303800010098069,0.17367409464841818
ENSG00000237238,BMS1P10,-0.395687039455656,7.171103699843553e-05,-0.4856173232171708,2.1948353332979626e-12,down,-8.301358679644101,0.395687039455656
ENSG00000105967,TFEC,-0.4496632300967262,0.00880264568140962,-1.0261465135512442,2.854697915503514e-17,down,-8.300811369029601,0.4496632300967262
ENSG00000186340,THBS2,0.7789989583857105,0.006521024353284773,0.776797840840758,7.154597619243445e-17,up,8.298992576993616,0.776797840840758
ENSG00000263731,RP11-498C9.15,0.48548390057535246,5.8019445334479644e-08,0.45593692110489936,5.442676814761054e-08,up,8.298941785913058,0.45593692110489936
ENSG00000105048,TNNT1,0.6296648861062022,0.00343186877071796,1.0292248146061584,4.494019307859487e-16,up,8.298259449311535,0.6296648861062022
ENSG00000198663,C6orf89,-0.22776037256032183,0.004107335713522845,-0.28541736912068083,3.0102264358618463e-16,down,-8.290590140692913,0.22776037256032183
ENSG00000158423,RIBC1,0.3493027348471434,0.002771041759302249,0.619054356512974,8.683279955031623e-16,up,8.290078237500639,0.3493027348471434
ENSG00000173868,PHOSPHO1,0.39331160255522224,0.006159802081570855,0.9645187090427633,9.433850128919467e-17,up,8.289980708857987,0.39331160255522224
ENSG00000019169,MARCO,-1.2875524960361495,0.0011844765716607375,-1.7275840947709924,7.510336243779015e-15,down,-8.2898679928138,1.2875524960361495
ENSG00000001036,FUCA2,-0.2645370555347641,0.0042961880765307395,-0.24648738239295248,2.751510519922012e-16,down,-8.28766337983147,0.24648738239295248
ENSG00000070366,SMG6,0.45798406477822773,2.906879895708947e-05,0.19351996463622764,1.2398124922679214e-11,up,8.285590734057294,0.19351996463622764
ENSG00000233894,RP4-650F12.2,0.5772903908396969,0.002626967196889162,0.7338523769708681,1.056338622778016e-15,up,8.285261900881741,0.5772903908396969
ENSG00000108465,CDK5RAP3,0.5332369758256507,4.5983759927394464e-07,0.3444966543660377,5.244772845321541e-09,up,8.284127661898442,0.3444966543660377
ENSG00000136059,VILL,0.4261550045654053,0.009957327464721008,0.6648579984581489,2.432115492186275e-17,up,8.281896590902408,0.4261550045654053
ENSG00000137073,UBAP2,-0.41767685444212166,6.858851130681784e-05,-0.22795162159745494,2.9123293821734993e-12,down,-8.281356124962912,0.22795162159745494
ENSG00000249249,AC010226.4,0.7959701564087225,5.031640851098724e-07,0.47870158106004024,4.763393679084289e-09,up,8.281329076923756,0.47870158106004024
ENSG00000183722,LHFP,0.33710100350395805,0.006621377256302804,0.3416120607525956,8.471804848921773e-17,up,8.280989246250883,0.33710100350395805
ENSG00000242252,BGLAP,0.639489559809649,5.062939858086128e-06,0.9500474402814875,1.9991147988051346e-10,up,8.280063940604434,0.639489559809649
ENSG00000008869,HEATR5B,-0.8291011806219263,6.6095354270227665e-09,-0.3605365415715745,6.219903688649212e-07,down,-8.277443428740424,0.3605365415715745
ENSG00000116132,PRRX1,0.6311864452616961,0.008509821459666,0.5782983094092131,4.378934735329044e-17,up,8.274096499860246,0.5782983094092131
ENSG00000096070,BRPF3,-0.36870491955925006,0.0007975822790662283,-0.4443263857033401,2.267468883824668e-14,down,-8.272869954819752,0.36870491955925006
ENSG00000161217,PCYT1A,-0.6363496319680202,3.152459134748474e-09,-0.14598736730368922,1.3828630381942303e-06,down,-8.27147064854537,0.14598736730368922
ENSG00000008517,IL32,0.8970649370057137,0.00023819195191803134,0.7776534018850222,3.0962941743424674e-13,up,8.267382179567065,0.7776534018850222
ENSG00000166478,ZNF143,-0.3263884867886839,0.008027787424469229,-0.4218572218746393,5.848989782103246e-17,down,-8.264230846979938,0.3263884867886839
ENSG00000174600,CMKLR1,0.92468861575715,1.7453774106756832e-05,0.4736957118634376,3.592449188240909e-11,up,8.260413679467543,0.4736957118634376
ENSG00000157693,C9orf91,0.4244420674875606,0.0004174132483269189,0.2997773922432484,1.1179625846076918e-13,up,8.255019732601788,0.2997773922432484
ENSG00000078053,AMPH,0.5946635371227219,0.0016523610294443877,0.6404903169084194,4.899149103847201e-15,up,8.254455539836549,0.5946635371227219
ENSG00000170873,MTSS1,-0.49800340624944334,0.007912385584139212,-0.40550522367116076,6.997722185886964e-17,down,-8.252742784407479,0.40550522367116076
ENSG00000228175,GEMIN8P4,-0.45970570448455783,0.00022510321210701055,-0.5279960933405053,4.1308921511397703e-13,down,-8.250974384490739,0.45970570448455783
ENSG00000137571,SLCO5A1,-0.5433827667419381,0.00034576499168382683,-0.6095980506780087,1.785405816151602e-13,down,-8.247752579408846,0.5433827667419381
ENSG00000256604,AC093668.2,0.332511911571491,0.0012489999842615791,1.0750711880340489,1.0645610464965719e-14,up,8.24694117070996,0.332511911571491
ENSG00000153046,CDYL,-0.43722704454552824,0.0002722436790403721,-0.3067008756112334,3.007662952014527e-13,down,-8.245067295395494,0.3067008756112334
ENSG00000272198,RP11-309G3.3,0.680758699027273,8.08066314356476e-05,0.5781630586892085,3.072939160696304e-12,up,8.245036189543361,0.5781630586892085
ENSG00000177465,ACOT4,0.30288298536121316,1.8244514969732818e-05,0.4879117962723785,3.895658522249262e-11,up,8.24410180524401,0.30288298536121316
ENSG00000184867,ARMCX2,0.371412147624778,0.011948283068491307,0.37804690721021955,2.2003379690467783e-17,up,8.24282787200918,0.371412147624778
ENSG00000154134,ROBO3,0.4676415711346158,0.019175120786905052,0.7079755117877773,4.601438197221465e-18,up,8.241990980847765,0.4676415711346158
ENSG00000092439,TRPM7,-0.4775794400626611,0.001526916620254402,-0.7309596636739787,7.377321207578421e-15,down,-8.234784255117631,0.4775794400626611
ENSG00000139974,SLC38A6,0.45072477566567587,0.0042446704151712575,0.4340356150475791,5.290208291012064e-16,up,8.234384112251519,0.4340356150475791
ENSG00000117877,CD3EAP,-0.41851198937937245,0.0002358889841372214,-0.4222933717724043,4.541220337831686e-13,down,-8.232712935698279,0.41851198937937245
ENSG00000174173,TRMT10C,-0.34052213086895256,0.0006431560248053566,-0.2832603694041214,5.923119516904307e-14,down,-8.227732253302374,0.2832603694041214
ENSG00000170270,C14orf142,-0.290997939338896,0.0013046015820863876,-0.30447434331241036,1.2085629555726098e-14,down,-8.225892978965113,0.290997939338896
ENSG00000176018,LYSMD3,-0.5200572761060753,0.00014240040783543363,-0.633306455050845,1.3053941256243323e-12,down,-8.224941401930044,0.5200572761060753
ENSG00000136861,CDK5RAP2,-0.518271531594473,1.1360122651097772e-07,-0.16054052344250588,4.598239650234481e-08,down,-8.22385169863949,0.16054052344250588
ENSG00000100987,VSX1,0.24651728073594328,0.03652674538134724,1.1315037552009524,5.347994767587929e-19,up,8.223620042561558,0.24651728073594328
ENSG00000087302,C14orf166,-0.2909126022555545,0.0013033619370204027,-0.24118676333097203,1.2969498222986368e-14,down,-8.219934192133591,0.24118676333097203
ENSG00000163607,GTPBP8,-0.2867620312803318,0.0003441184757701488,-0.2988632490515134,2.486349242009005e-13,down,-8.21717729286378,0.2867620312803318
ENSG00000168509,HFE2,0.727485390211062,4.960630910996075e-05,0.5921872790311762,9.88293092807854e-12,up,8.215230395126804,0.5921872790311762
ENSG00000108448,TRIM16L,-0.45883075875552154,0.02849513817957923,-0.6973639270482955,1.5749631110868985e-18,down,-8.21428293044042,0.45883075875552154
ENSG00000141425,RPRD1A,-0.3050677989584129,0.00030415247180370794,-0.33907630597196553,3.382139737084642e-13,down,-8.212214928147281,0.3050677989584129
ENSG00000182606,TRAK1,0.3512227661980525,7.141994503486975e-05,0.27226005786971325,5.4702835082765434e-12,up,8.210372846811682,0.27226005786971325
ENSG00000143811,PYCR2,0.4293061362151213,2.9690620376100995e-09,0.22656793626169303,2.2741667148098257e-06,up,8.208006565011345,0.22656793626169303
ENSG00000185238,PRMT3,-0.340329041296596,6.700692408669161e-05,-0.4535078964217195,6.3771058677760044e-12,down,-8.206048803843759,0.340329041296596
ENSG00000220848,RPS18P9,0.561673314139766,9.322051175247701e-06,0.3006916177916672,1.6018793590195908e-10,up,8.20571437847071,0.3006916177916672
ENSG00000131941,RHPN2,-0.43768235236990777,0.0011680003615704888,-0.43136450302417373,1.9768906612610988e-14,down,-8.205080993538637,0.43136450302417373
ENSG00000179855,GIPC3,0.261248041583601,0.015528057978423772,0.49245954203229425,1.4934150739520612e-17,up,8.203660954123508,0.261248041583601
ENSG00000249115,HAUS5,0.323785087596712,0.006755469177794768,0.44324271043403063,2.0071415671866845e-16,up,8.202628329994013,0.323785087596712
ENSG00000223768,LINC00205,0.5881132659335712,0.00022205108163839572,0.4576797490210283,7.363324200975935e-13,up,8.197947701383624,0.4576797490210283
ENSG00000144810,COL8A1,0.6268996770513877,0.015610449089384661,0.6730827734457078,1.6827793623652093e-17,up,8.192112432632175,0.6268996770513877
ENSG00000160190,SLC37A1,0.2977214802480517,0.04269504556397397,0.43018316212502605,4.364341424787888e-19,up,8.191587782615272,0.2977214802480517
ENSG00000113088,GZMK,0.6574796943659847,0.020450562780270312,1.1605096616609367,6.984800889767438e-18,up,8.189919830146534,0.6574796943659847
ENSG00000207949,MIR214,1.7118818919002732,0.038630728231844304,0.9177761201294036,6.622889742664745e-19,up,8.189626625959928,0.9177761201294036
ENSG00000133794,ARNTL,-0.6668804313508107,0.01138008241081956,-0.9377418527171706,4.972556842703997e-17,down,-8.18777685327137,0.6668804313508107
ENSG00000057608,GDI2,-0.3804266124369682,2.545976433256966e-06,-0.15452030753169,1.2323681776728327e-09,down,-8.186654784238142,0.15452030753169
ENSG00000054654,SYNE2,-0.4539523300680818,0.0015407127448354172,-0.5728949006091283,1.2384259471432686e-14,down,-8.18587921590494,0.4539523300680818
ENSG00000239521,GATS,-0.7576179877838576,5.092673916482823e-07,-0.4106939877784982,1.0378824106217228e-08,down,-8.185760248290652,0.4106939877784982
ENSG00000111801,BTN3A3,0.3738587713364351,0.047504692692551434,0.5209843813008376,3.15270854817168e-19,up,8.183114043234566,0.3738587713364351
ENSG00000255150,EID3,0.3832788548090481,0.002539642947230052,0.5405649459263274,3.657690416644106e-15,up,8.182919403770786,0.3832788548090481
ENSG00000242861,RP11-285F7.2,0.6219010567468487,9.848640414151243e-08,0.36674340992161003,7.417636634063677e-08,up,8.182058121106742,0.36674340992161003
ENSG00000184900,SUMO3,-0.30244199425581575,2.6714172714068107e-07,-0.13353392011138068,2.396554193892833e-08,down,-8.180826225195355,0.13353392011138068
ENSG00000112357,PEX7,0.526305008496779,2.7764872697595744e-07,0.2778268622064595,2.312849647989668e-08,up,8.179415259697219,0.2778268622064595
ENSG00000134240,HMGCS2,-1.6677198524688044,0.01491403965076481,-2.055790024019652,2.30955107419623e-17,down,-8.178655589941398,1.6677198524688044
ENSG00000049283,EPN3,-0.9227611708830195,2.2282263853101004e-05,-0.8203948356028055,5.370526240717566e-11,down,-8.177052685199445,0.8203948356028055
ENSG00000170162,VGLL2,0.8999482070853007,0.020110755541731945,1.8365561934410135,8.885740998589596e-18,up,8.175299191258262,0.8999482070853007
ENSG00000169131,ZNF354A,-0.37671765089634657,0.00010395604344689619,-0.2963642370456039,4.011749648935972e-12,down,-8.172748854782615,0.2963642370456039
ENSG00000133256,PDE6B,0.6803073502061059,2.610794394143641e-05,0.4570531949602357,4.5719975927595405e-11,up,8.167589305475841,0.4570531949602357
ENSG00000136451,VEZF1,-0.22058863505886475,0.007843101380948864,-0.31024360415050567,2.0044540432469123e-16,down,-8.166039063645556,0.22058863505886475
ENSG00000138035,PNPT1,-0.5257252689829804,9.624642228215537e-07,-0.30267021570082353,5.505902618207608e-09,down,-8.165863070641622,0.30267021570082353
ENSG00000065621,GSTO2,0.28796687039405583,0.0026613503379833265,0.5396799076110914,3.9167640911252985e-15,up,8.16586181761085,0.28796687039405583
ENSG00000186185,KIF18B,-0.5048479103354335,1.4747001849876422e-06,-0.9132961184350897,3.1757756379410726e-09,down,-8.164592488519132,0.5048479103354335
ENSG00000131899,LLGL1,0.5208115983808241,2.129583039983121e-06,0.32665459943006175,1.9232675644944743e-09,up,8.163164741109046,0.32665459943006175
ENSG00000086200,IPO11,-0.2201185214227121,0.030647989458960266,-0.4171623693158402,2.2528012537262953e-18,down,-8.16300372458917,0.2201185214227121
ENSG00000154328,NEIL2,0.6540796894319295,2.129583039983121e-06,0.3214662256184831,1.9612229342219133e-09,up,8.161057046392916,0.3214662256184831
ENSG00000132773,TOE1,0.43942442504641016,5.386316944133795e-06,0.2378011555995298,5.331103583601927e-10,up,8.160812502571344,0.2378011555995298
ENSG00000127870,RNF6,-0.5421173028096544,2.9102507066674146e-06,-0.5020851880403953,1.3430856113103166e-09,down,-8.155572158635863,0.5020851880403953
ENSG00000134569,LRP4,-0.47788141975141024,6.885582052819295e-05,-0.6304156941727935,1.0154736850529855e-11,down,-8.153879724556699,0.47788141975141024
ENSG00000188493,C19orf54,0.335185418952729,0.004779721457011683,0.36850156876047097,9.937276822150908e-16,up,8.150600839681442,0.335185418952729
ENSG00000262877,RP11-1055B8.4,0.7659311882515564,0.00010830645902881588,0.8391831289010738,4.936923298601912e-12,up,8.144232301640905,0.7659311882515564
ENSG00000135469,COQ10A,-0.4354008797597531,0.000150746835509166,-0.4786001189463524,2.645309713238777e-12,down,-8.144207705201806,0.4354008797597531
ENSG00000101040,ZMYND8,-0.5022318218063677,0.03172497329422256,-0.35979874918081045,2.6077984869567813e-18,down,-8.140509614449655,0.35979874918081045
ENSG00000176387,HSD11B2,0.29546060383271083,0.0026246845942639926,1.0836961186731975,5.55170822010059e-15,up,8.137873584463867,0.29546060383271083
ENSG00000177692,DNAJC28,-0.7717619202034502,2.548802572358055e-08,-0.3228217071511489,4.4873059584081584e-07,down,-8.136924553004098,0.3228217071511489
ENSG00000261340,RP11-215H22.1,0.6588700850222811,8.516916816248174e-06,0.7130776722300302,3.4081744613676077e-10,up,8.136685208380975,0.6588700850222811
ENSG00000051341,POLQ,-0.3776077599010843,7.115609191713952e-05,-0.5452786820797564,1.1388822411404164e-11,down,-8.136362541324424,0.3776077599010843
ENSG00000164209,SLC25A46,-0.3253669849980122,0.003364558856069955,-0.5733166573936457,3.1035946853845515e-15,down,-8.13170811796796,0.3253669849980122
ENSG00000158813,EDA,-0.3440921827685466,0.013343711460268928,-0.43971187564353664,5.841285414487527e-17,down,-8.131094478287977,0.3440921827685466
ENSG00000166200,COPS2,-0.5414706678106848,7.169632596090178e-06,-0.35345032717265235,4.6250416764882066e-10,down,-8.130687808964595,0.35345032717265235
ENSG00000130158,DOCK6,0.6672610665600853,8.762251221903332e-06,0.36835803656346555,3.4640567342900024e-10,up,8.130395796577362,0.36835803656346555
ENSG00000121900,TMEM54,0.9504856733838823,3.5996921023822596e-06,0.7758879417937742,1.2305378388355097e-09,up,8.130128865135182,0.7758879417937742
ENSG00000231925,TAPBP,0.5546624574899303,3.1970443801821893e-07,0.406486436861221,2.9025427155138178e-08,up,8.12968210213338,0.406486436861221
ENSG00000137817,PARP6,-0.42002951974906005,4.0525316697689787e-07,-0.1599831136494419,2.1831526278946453e-08,down,-8.129510329860251,0.1599831136494419
ENSG00000138592,USP8,-0.29706128912135715,0.003492754319540351,-0.43162626968101864,2.8926603683839426e-15,down,-8.129504689410846,0.29706128912135715
ENSG00000137198,GMPR,-0.24570277810736163,0.04255537828591723,-0.5548345067626989,9.72698952189754e-19,down,-8.12877355702709,0.24570277810736163
ENSG00000214199,EEF1A1P12,0.5721240762093367,1.187562597806414e-05,0.48794463047203773,2.315465069006808e-10,up,8.124089533568776,0.48794463047203773
ENSG00000141295,SCRN2,0.5124025687316055,2.210636289530478e-06,0.5620672677365188,2.552262989422122e-09,up,8.124003110710659,0.5124025687316055
ENSG00000013561,RNF14,-0.2757440802501399,0.002595172819481998,-0.37006107719944165,6.971070423300343e-15,down,-8.119869292336375,0.2757440802501399
ENSG00000129170,CSRP3,0.7463347692974438,1.737704492982326e-05,0.4391152416849201,1.3498753074287475e-10,up,8.119839664504509,0.4391152416849201
ENSG00000134508,CABLES1,0.32670486694800893,0.03823877290484649,0.7415813323130822,1.6692014405370048e-18,up,8.11982743774405,0.32670486694800893
ENSG00000145824,CXCL14,0.7759758178611579,0.006105155715178813,1.3185207891290331,7.2467005334625e-16,up,8.117417785034737,0.7759758178611579
ENSG00000121057,AKAP1,-0.6168419614358646,1.9677728953529856e-08,-0.2612424205675253,6.755429449551337e-07,down,-8.116627672660096,0.2612424205675253
ENSG00000114346,ECT2,-0.3550189948026783,0.006729353482076933,-0.8356444497739315,5.529888192397143e-16,down,-8.116520523204962,0.3550189948026783
ENSG00000137726,FXYD6,0.2875278259060929,0.009990315789204696,0.503022885679904,1.7374797319632087e-16,up,8.115610954156011,0.2875278259060929
ENSG00000107263,RAPGEF1,-0.6522422218611954,5.096979254450339e-09,-0.2053348546077505,2.5037939649651853e-06,down,-8.113632450739543,0.2053348546077505
ENSG00000136273,HUS1,-0.3570199594856566,0.00010952541454838094,-0.27527442418522996,6.540243907779884e-12,down,-8.113256028989289,0.27527442418522996
ENSG00000046647,GEMIN8,0.24999611958348672,0.004916298628048729,0.2851081185513189,1.4946555301643291e-15,up,8.107696907809824,0.24999611958348672
ENSG00000233476,EEF1A1P6,0.8205074971062969,3.937999898022907e-06,0.3934828437241694,1.3729688680589973e-09,up,8.103790826227435,0.3934828437241694
ENSG00000133193,FAM104A,-0.46905438449795056,1.55194617622615e-07,-0.13605565617319948,8.551964991836126e-08,down,-8.099176597964851,0.13605565617319948
ENSG00000198892,SHISA4,-0.46548627493978073,0.004507043349125468,-0.5815668343619478,2.1566516281422035e-15,down,-8.09602269228845,0.46548627493978073
ENSG00000204740,MALRD1,0.33180082332919925,0.027815416331300555,1.267187526840357,7.58835553608699e-18,up,8.093861109195831,0.33180082332919925
ENSG00000226145,AC022596.6,0.5024578570851282,0.01204172349145541,1.4792381716397078,1.2622473128034345e-16,up,8.093617387192435,0.5024578570851282
ENSG00000115896,PLCL1,-0.41765441842024803,0.00036217277806286166,-0.6244858142605906,8.234879272476527e-13,down,-8.092277767355627,0.41765441842024803
ENSG00000172638,EFEMP2,0.3178756072306242,6.40772662302294e-05,0.5433460969777991,2.0878530680885903e-11,up,8.091979253926551,0.3178756072306242
ENSG00000183576,SETD3,-0.4952565727054985,9.071735187899908e-09,-0.12576420405547925,1.7171084936382699e-06,down,-8.091421401788974,0.12576420405547925
ENSG00000147649,MTDH,-0.47482369104267913,4.324458858895311e-05,-0.3935260818837795,4.2039263225363896e-11,down,-8.087942733570651,0.3935260818837795
ENSG00000143353,LYPLAL1,0.5978944264946536,4.325398606656668e-08,0.27928970138580317,3.926871446726765e-07,up,8.083392701471324,0.27928970138580317
ENSG00000169764,UGP2,-0.26333219338111447,0.01588853638019323,-0.38094835852088127,5.866229931778742e-17,down,-8.082835526640666,0.26333219338111447
ENSG00000228486,LINC01125,0.6654276661028079,4.894798290556224e-06,0.34592667585206077,1.2844618156299407e-09,up,8.07719389991137,0.34592667585206077
ENSG00000146540,C7orf50,0.5330801201362163,1.8186126047428968e-06,0.8142089705781763,4.972113681496841e-09,up,8.076993629214662,0.5330801201362163
ENSG00000135063,FAM189A2,0.4028311366342478,0.0016022468595162528,0.33461598016514355,3.72539341372203e-14,up,8.076403278151425,0.33461598016514355
ENSG00000204257,HLA-DMA,0.44220179982333335,0.045746617123297986,0.6825515211062707,1.4403008377607258e-18,up,8.074980172601535,0.44220179982333335
ENSG00000237949,LINC00844,-0.8009311504938598,0.0069042839654793525,-1.0706464800480127,8.259635054613742e-16,down,-8.074962075018412,0.8009311504938598
ENSG00000140400,MAN2C1,0.46993462395933094,2.3897834354346334e-07,0.30704400801021536,6.361248135040713e-08,up,8.074172040012279,0.30704400801021536
ENSG00000205517,RGL3,-0.41339639324304733,0.025966499485983677,-0.7106968320882897,1.2680625669571362e-17,down,-8.071437625146537,0.41339639324304733
ENSG00000172840,PDP2,-0.35774521979890844,0.0003009806399401395,-0.6284948696730522,1.5086023068022581e-12,down,-8.068668209660135,0.35774521979890844
ENSG00000273117,AC144652.1,0.3018339792287725,0.012160235258941953,0.7584607842101597,1.7043692726775713e-16,up,8.065393813944477,0.3018339792287725
ENSG00000175741,RWDD4P2,-0.37937689908531524,0.0004091725637874976,-0.41417781915173946,8.73019165853128e-13,down,-8.061741288645157,0.37937689908531524
ENSG00000224067,RP11-430K21.2,0.8068729641743299,4.337381971536363e-07,0.7818075400899471,3.52158433527151e-08,up,8.060603842335189,0.7818075400899471
ENSG00000006015,C19orf60,0.7593627263138476,6.767322365065808e-10,0.631980193697033,2.1185097983650593e-05,up,8.059311568444738,0.631980193697033
ENSG00000237512,UNC5B-AS1,1.0819034584564848,0.00019943022617998106,1.3731655465911705,3.899503213625741e-12,up,8.05306362526501,1.0819034584564848
ENSG00000118523,CTGF,2.1777076488018468,1.4157339314938547e-07,0.5252704877708931,1.3472343265522553e-07,up,8.052694162093283,0.5252704877708931
ENSG00000129245,FXR2,-0.3376116443222778,6.576499134255506e-05,-0.2305076015709564,3.200293332521798e-11,down,-8.04277371439803,0.2305076015709564
ENSG00000100934,SEC23A,-0.4476430541660951,0.0003658089863386374,-0.6104003600278176,1.3831823320595423e-12,down,-8.039269479043885,0.4476430541660951
ENSG00000163520,FBLN2,0.9238814349038194,0.00010909000162610832,0.6425272589134828,1.3772472275237342e-11,up,8.037553159437419,0.6425272589134828
ENSG00000121210,KIAA0922,0.3269469525921406,0.010739428973511097,0.36613411468776996,3.541165885759648e-16,up,8.03637838959333,0.3269469525921406
ENSG00000238057,ZEB2-AS1,0.38098768160285973,0.0042037431261786945,0.5787807126680267,5.110879424364616e-15,up,8.036058319439196,0.38098768160285973
ENSG00000056558,TRAF1,0.3645271455195491,0.014251475841660217,0.5070575629257204,1.4702730771868468e-16,up,8.035477403085851,0.3645271455195491
ENSG00000174721,FGFBP3,0.2019666038159442,0.005711294169136419,0.5724314445618625,2.2232987122050874e-15,up,8.035264631016402,0.2019666038159442
ENSG00000136383,ALPK3,0.9169582827222628,1.3954616479736947e-08,0.30067042351185985,1.7068850780129264e-06,up,8.034649544877892,0.30067042351185985
ENSG00000163239,TDRD10,0.8063027737386415,1.642986263329187e-07,0.31812659650057706,1.3334971920469107e-07,up,8.033620726158393,0.31812659650057706
ENSG00000214193,SH3D21,0.35946061529649587,0.004287328462852065,0.5408072327771639,5.3847804580079714e-15,up,8.026472018228885,0.35946061529649587
ENSG00000076003,MCM6,0.5764900956148942,4.360531785676413e-06,0.26663808197526456,2.3675603551538706e-09,up,8.02425414212193,0.26663808197526456
ENSG00000117450,PRDX1,-0.36929061696635507,5.2712169389784305e-06,-0.268561608162126,1.8507235177883965e-09,down,-8.022147523656152,0.268561608162126
ENSG00000164024,METAP1,-0.2219524473350511,0.007214895069675017,-0.37110062974034386,1.3651028081396537e-15,down,-8.019699717247581,0.2219524473350511
ENSG00000125107,CNOT1,-0.4734873104814803,1.627538748680836e-08,-0.16755324684582715,1.6066290840918758e-06,down,-8.019606107377909,0.16755324684582715
ENSG00000140564,FURIN,-0.3922517952253432,0.002782857236102741,-0.5279196208108613,1.8251206985295824e-14,down,-8.016060945165727,0.3922517952253432
ENSG00000180340,FZD2,0.3562575260200292,0.03159692603266333,1.1863622349803369,1.2444269807064535e-17,up,8.014196420601209,0.3562575260200292
ENSG00000121297,TSHZ3,0.3922088109164257,0.0013480171793506517,0.3618391900712038,1.1024715853291138e-13,up,8.013813856798318,0.3618391900712038
ENSG00000101695,RNF125,-0.41299021997098767,0.010356496268969747,-0.7604118202688469,5.199934732438171e-16,down,-8.012418216800727,0.41299021997098767
ENSG00000267287,RP11-567M16.1,0.3104868584439189,0.004980340848812986,1.3154712832931776,4.322794707145254e-15,up,8.009920355778444,0.3104868584439189
ENSG00000076248,UNG,0.3840068944434732,4.602603405733037e-05,0.19864784585653394,7.914679133092875e-11,up,8.009483096876545,0.19864784585653394
ENSG00000123600,METTL8,-0.45029399851940377,8.626056305648007e-05,-0.24474610749985756,2.73200094826427e-11,down,-8.009458998726364,0.24474610749985756
ENSG00000203593,RP5-1096D14.6,0.42970299518945826,6.626369314009359e-05,0.7873297580469713,4.3783319537459833e-11,up,8.008175603938241,0.42970299518945826
ENSG00000066735,KIF26A,0.7307459403286287,1.438586177727882e-06,0.5888510001213251,1.2211464187139287e-08,up,8.007947826012616,0.5888510001213251
ENSG00000213339,QTRT1,0.7958029426505904,1.4012626924767367e-10,0.3550550116599081,9.462499897809731e-05,up,8.00742353296115,0.3550550116599081
ENSG00000205643,CDPF1,0.38676573273767256,1.7753327184933284e-06,0.41700482419840584,9.211932135041822e-09,up,8.007362222250968,0.38676573273767256
ENSG00000074603,DPP8,-0.6007519997660781,1.2768850733099535e-05,-0.38655465231624947,5.912222783641284e-10,down,-8.007169475671946,0.38655465231624947
ENSG00000164011,ZNF691,0.288752892065868,0.000667519826246558,0.35070994661103666,5.55226672441766e-13,up,8.007114385102318,0.288752892065868
ENSG00000241472,PTPRG-AS1,0.3425612732690724,0.0019610527062838743,0.9498486532214768,4.8616958341966814e-14,up,8.006636842068984,0.3425612732690724
ENSG00000245573,BDNF-AS,0.4559650136330883,0.0001281303494339512,0.498419213279399,1.3985453157706912e-11,up,8.005380772366072,0.4559650136330883
ENSG00000234160,RP11-613M10.6,0.8802232800012814,4.2600618455422515e-06,0.403300583228904,2.9484820078267358e-09,up,8.002412825922663,0.403300583228904
ENSG00000118276,B4GALT6,-0.8193605272107674,5.1727059604427914e-05,-0.6043234321975697,7.052691526101902e-11,down,-8.001611724284256,0.6043234321975697
ENSG00000164733,CTSB,-0.44412525631208966,0.0008689725560682433,-0.3293505210560314,3.4187414125028933e-13,down,-8.000025045471288,0.3293505210560314
ENSG00000184787,UBE2G2,-0.24246967674195746,0.0011235743180510534,-0.16387841030030642,1.931210465696728e-13,down,-7.999946792154292,0.16387841030030642
ENSG00000152558,TMEM123,-0.6113214448054032,2.9102507066674146e-06,-0.4111285716852957,5.159545979438995e-09,down,-7.998190653733633,0.4111285716852957
ENSG00000150636,CCDC102B,0.2934555277987032,0.028857067861479818,0.38614940862614655,2.190579400086939e-17,up,7.995661361967097,0.2934555277987032
ENSG00000165194,PCDH19,0.7393744000691348,0.001326673225106955,0.6024508100764456,1.4028045247295382e-13,up,7.994253204463426,0.6024508100764456
ENSG00000100982,PCIF1,0.5906382069781528,2.886309096668202e-08,0.20800428699450516,1.145802839669676e-06,up,7.990431727479399,0.20800428699450516
ENSG00000147383,NSDHL,-0.5365158580765135,0.014680865806436736,-0.5532989300039268,2.302759996760077e-16,down,-7.989339701958957,0.5365158580765135
ENSG00000156222,SLC28A1,0.2814575761873471,0.001500175723936776,0.6984184167645001,1.1037812936148147e-13,up,7.989331903534125,0.2814575761873471
ENSG00000182109,RP11-69E11.4,0.3467998975056522,0.0019026374192398416,0.6683965623101699,6.317483067310892e-14,up,7.989228047766909,0.3467998975056522
ENSG00000133247,SUV420H2,0.610082667823574,3.122125292693886e-07,0.5104299765257797,9.065812421733635e-08,up,7.9884888196372295,0.5104299765257797
ENSG00000056586,RC3H2,-0.3715187996779573,0.00015406648543423023,-0.3202973091019758,1.1896399266967503e-11,down,-7.987495259094801,0.3202973091019758
ENSG00000259480,RP11-26F2.1,-0.8748951351354819,1.1054203897469167e-07,-0.5585553756913363,3.0351899368690545e-07,down,-7.9805568988145925,0.5585553756913363
ENSG00000116120,FARSB,-0.21807115365914764,0.001163317228134093,-0.22967678363365115,2.198680968961826e-13,down,-7.980390190281204,0.21807115365914764
ENSG00000197927,C2orf27A,0.4103878330419475,0.014928745737913654,0.6091969750668254,2.574569458548633e-16,up,7.975229984513044,0.4103878330419475
ENSG00000114520,SNX4,-0.4449002531111632,9.020773398787546e-06,-0.3537499379779185,1.3212354063174789e-09,down,-7.974287354996104,0.3537499379779185
ENSG00000087152,ATXN7L3,-0.3495025554227259,0.002035671173588337,-0.2559375846176596,6.419401613946423e-14,down,-7.972050302373887,0.2559375846176596
ENSG00000187049,TMEM216,0.4396254668699176,0.00014253417754138658,0.2765208891611908,1.6437330317783724e-11,up,7.968073597906369,0.2765208891611908
ENSG00000134138,MEIS2,-0.5522121579221327,1.5421315843593657e-05,-0.2580805688009478,6.357281475733118e-10,down,-7.967400959136259,0.2580805688009478
ENSG00000096968,JAK2,1.2555664762734515,2.834368339644676e-08,0.5414794110888492,1.3877199097676884e-06,up,7.965703453145549,0.5414794110888492
ENSG00000184113,CLDN5,1.5870839852750718,7.588488302504271e-06,1.020682292826537,1.8208386566476515e-09,up,7.9654244706135175,1.020682292826537
ENSG00000225511,LINC00475,0.2865521456810917,0.019655751552903396,0.9527303531687654,1.2208442907658397e-16,up,7.963092649586043,0.2865521456810917
ENSG00000106617,PRKAG2,-0.4646446252605928,2.0692857066077544e-05,-0.2624781438039566,4.3640719589287846e-10,down,-7.960322002684447,0.2624781438039566
ENSG00000135070,ISCA1,-0.14874523329530298,0.0386616180111598,-0.31654075012506944,1.15261699564963e-17,down,-7.959145057400808,0.14874523329530298
ENSG00000230562,FAM133DP,-0.7904429866858744,4.378047752285114e-09,-0.5730606627693309,8.190403118346502e-06,down,-7.95783711620117,0.5730606627693309
ENSG00000102897,LYRM1,-0.35655924457338856,0.00020228741987321546,-0.26353266267817654,9.846997818492084e-12,down,-7.956355828316383,0.26353266267817654
ENSG00000146802,TMEM168,-0.4217786382694354,0.00017240129038616607,-0.39814109740331843,1.3246463912444422e-11,down,-7.955457057057489,0.39814109740331843
ENSG00000124243,BCAS4,0.4727517144106196,0.002092790332267366,0.7884244373409999,7.232346478910942e-14,up,7.954771723055671,0.4727517144106196
ENSG00000135316,SYNCRIP,-0.45925985926762825,1.4121186347931992e-06,-0.2866824971873059,1.9479839762227305e-08,down,-7.953434920296897,0.2866824971873059
ENSG00000177855,CACYBPP2,-1.0701259062635997,6.496733204872752e-11,-0.2580932887394995,0.00021733558362722752,down,-7.952625225761188,0.2580932887394995
ENSG00000267811,RP11-727F15.11,0.5755193413566706,0.0019180567688455213,1.1486866020974815,9.274645224799111e-14,up,7.9511029053046425,0.5755193413566706
ENSG00000165175,MID1IP1,-0.7190166953115439,0.002126234249730125,-0.6553196896999275,7.239397111967677e-14,down,-7.951002624609486,0.6553196896999275
ENSG00000176386,CDC26,-0.9164627897663276,1.2123137673935593e-08,-0.19668762697076722,3.4862584182794075e-06,down,-7.950681266913387,0.19668762697076722
ENSG00000226754,RP5-1024G6.5,0.20112424724658703,0.037279285526348155,0.7385580534201284,1.4815154811352882e-17,up,7.9500639323464,0.20112424724658703
ENSG00000225889,AC074289.1,0.36572590043541775,0.0010752734134444849,0.5615416656917338,3.6243636090301417e-13,up,7.949670738693081,0.36572590043541775
ENSG00000185585,OLFML2A,0.40374682492388697,0.008359371026534895,0.44156103953683523,2.0054834238677473e-15,up,7.948915015039684,0.40374682492388697
ENSG00000049883,PTCD2,0.4059194601498026,0.00024544048281632835,0.36464154159496887,7.372089693326697e-12,up,7.948477387054222,0.36464154159496887
ENSG00000167608,TMC4,0.3820573677723942,0.03635135959605799,0.8047880579293657,1.6740449912076886e-17,up,7.947223257807856,0.3820573677723942
ENSG00000258920,FOXN3-AS1,0.49409241642880813,3.8222178677634565e-05,0.6368101274949696,1.9067566698910866e-10,up,7.946389113632775,0.49409241642880813
ENSG00000226121,AHCTF1P1,-0.5281001030827438,9.296895731281994e-07,-0.5565160157609447,3.4868386776365e-08,down,-7.94604166144931,0.5281001030827438
ENSG00000044115,CTNNA1,-0.27244121061117604,0.001241807426239308,-0.23826212561656088,2.753173072865737e-13,down,-7.944607304952573,0.23826212561656088
ENSG00000253764,RP11-439C15.4,0.4264544431649622,0.0012023934520442416,0.7848946203353124,3.0792797027996563e-13,up,7.940846107182495,0.4264544431649622
ENSG00000254473,RP11-522I20.3,0.27011386628651857,0.031342124361249696,0.5534538852089486,3.171686724996505e-17,up,7.938736665428991,0.27011386628651857
ENSG00000143632,ACTA1,1.4253214564863472,9.69277545053225e-06,0.6678285525813639,1.672940171486832e-09,up,7.934638265426105,0.6678285525813639
ENSG00000137845,ADAM10,-0.7453634059040798,3.1046089699611754e-06,-0.33253880040137085,8.289962224676369e-09,down,-7.930372766050796,0.33253880040137085
ENSG00000226891,RP11-182I10.3,0.31148682990432786,0.034120372554639844,0.8103132106488846,2.6040989544273826e-17,up,7.92990333613833,0.31148682990432786
ENSG00000170161,RP11-262H14.4,0.6419462664497545,0.0020659581245366884,0.4412672078879958,1.0122997282344464e-13,up,7.926053104063051,0.4412672078879958
ENSG00000166821,PEX11A,-0.2955111836046029,0.015875320239968637,-0.438369450476488,3.78270124691648e-16,down,-7.925036936965803,0.2955111836046029
ENSG00000041802,LSG1,-0.2679944541794987,0.007236064055882977,-0.24901584764124723,4.025208177665338e-15,down,-7.922714196394958,0.24901584764124723
ENSG00000156642,NPTN,-0.36058751619568286,1.6393930046305743e-06,-0.29605274257289516,2.0838725058037696e-08,down,-7.91987670046441,0.29605274257289516
ENSG00000184574,LPAR5,-0.39849160125387584,0.0060263749248174875,-0.45197878655437507,6.986497602776164e-15,down,-7.918934128628314,0.39849160125387584
ENSG00000092820,EZR,-0.23969225818749124,0.009116313968484628,-0.3078176657907097,2.2106448517590824e-15,down,-7.917932374515845,0.23969225818749124
ENSG00000129422,MTUS1,-0.380727757738605,0.0032989586809204475,-0.38168832145782916,3.490700182000452e-14,down,-7.916736874324846,0.380727757738605
ENSG00000164104,HMGB2,0.3911541981054495,0.0022094831816442525,0.2860232955970869,9.837892180469742e-14,up,7.913427973947173,0.2860232955970869
ENSG00000187147,RNF220,-0.35636681058965286,3.262693346499748e-06,-0.1847921845112289,9.199177742513557e-09,down,-7.9098132502205045,0.1847921845112289
ENSG00000111913,FAM65B,0.8833949451261824,1.6838373283418e-05,0.5276194764038049,9.301878348336679e-10,up,7.909287359364272,0.5276194764038049
ENSG00000196323,ZBTB44,-0.570992356124839,1.974693309348132e-06,-0.34576656866633637,1.8085357689106855e-08,down,-7.907769545966104,0.34576656866633637
ENSG00000127526,SLC35E1,-0.1640447879908668,0.011355863478212344,-0.20426326975546844,1.3118442857839682e-15,down,-7.907294511888628,0.1640447879908668
ENSG00000132670,PTPRA,0.2712621945797494,0.010042325990612012,0.19674090038415085,1.8848480630163684e-15,up,7.906981204627866,0.19674090038415085
ENSG00000228889,UBAC2-AS1,0.2765945172181017,0.0048216219605242815,0.4985203132734798,1.4913628841033332e-14,up,7.905994515000331,0.2765945172181017
ENSG00000140519,RHCG,0.5728186072791509,0.00039864909323342087,1.3835016894717302,4.423877354336549e-12,up,7.905469870842895,0.5728186072791509
ENSG00000142494,SLC47A1,0.5601307020097943,0.0005448195339278387,0.44692852283633383,2.447205163866722e-12,up,7.903092494323888,0.44692852283633383
ENSG00000159674,SPON2,0.7231247640422606,0.0006992759014557958,0.8948044528174534,1.4623040026556832e-12,up,7.903033392294511,0.7231247640422606
ENSG00000115241,PPM1G,-0.3457160889978833,1.8190896402163123e-07,-0.1806395795186717,3.2185310522362493e-07,down,-7.901891298885599,0.1806395795186717
ENSG00000135446,CDK4,0.2757534263636278,0.0002384254838429475,0.2606851622639589,1.2303265962652057e-11,up,7.901261973944565,0.2606851622639589
ENSG00000138760,SCARB2,-0.6342631629921276,4.665485948916728e-08,-0.1639907461580142,1.3478640567704257e-06,down,-7.900987051504197,0.1639907461580142
ENSG00000162923,WDR26,-0.3492851034539691,4.3927796979527774e-06,-0.3316122904924623,6.875813008624464e-09,down,-7.896922680550461,0.3316122904924623
ENSG00000089091,DZANK1,0.35589236768076454,0.0012582630075688328,0.3445992870421072,4.3943907958872337e-13,up,7.896635136072675,0.3445992870421072
ENSG00000151461,UPF2,-0.5286165575866191,4.386782146058574e-07,-0.2745467629615554,1.2545259994006425e-07,down,-7.896145242430407,0.2745467629615554
ENSG00000132879,FBXO44,0.3820902520367791,5.535731083477014e-05,0.5101461236689612,1.6838642628741558e-10,up,7.895499822614662,0.3820902520367791
ENSG00000110060,PUS3,-0.450714546429215,3.04845636294726e-07,-0.17890614001305793,1.9244711789913847e-07,down,-7.892987461755089,0.17890614001305793
ENSG00000076513,ANKRD13A,-0.32341929124568286,0.0181013806006003,-0.4534413644517681,3.662518999689765e-16,down,-7.892471033002189,0.32341929124568286
ENSG00000228252,COL6A4P2,0.2968775411183449,0.040185714083271595,1.0847895289148555,2.2536741762386214e-17,up,7.891811817652456,0.2968775411183449
ENSG00000151617,EDNRA,0.9122197856816118,4.548727389497438e-05,0.5325122404574804,2.381658866878939e-10,up,7.891759994698173,0.5325122404574804
ENSG00000140678,ITGAX,0.7254490836147105,0.035448513401423305,0.8834242626024595,3.6470186744081976e-17,up,7.889994456832178,0.7254490836147105
ENSG00000144320,KIAA1715,-0.8991408252831931,7.399307480748291e-07,-0.33176978029366805,7.213235261742137e-08,down,-7.889177050874267,0.33176978029366805
ENSG00000155428,TRIM74,0.3169695087224678,0.001225212196166536,0.7980498799869593,5.079939497981522e-13,up,7.8888347330451065,0.3169695087224678
ENSG00000163938,GNL3,-0.4052162723597001,0.0035391137715006338,-0.31141426275342726,4.021212431448936e-14,down,-7.887334228158946,0.31141426275342726
ENSG00000267283,AC005306.3,0.8761924265825358,9.421843960053059e-07,0.8054633891541576,5.479459078715418e-08,up,7.886737003019423,0.8054633891541576
ENSG00000111615,KRR1,-0.6931197191600216,1.9408979452467418e-07,-0.30060580122322433,3.3600506003860927e-07,down,-7.886116451483232,0.30060580122322433
ENSG00000134042,MRO,-0.7180742264246314,0.003198438420178904,-0.7413468059931889,5.3336698009859945e-14,down,-7.8845623869471835,0.7180742264246314
ENSG00000164074,C4orf29,1.0119266728385814,1.0786876991992813e-05,0.5496604910848524,2.2428188877073156e-09,up,7.882521781100528,0.5496604910848524
ENSG00000108556,CHRNE,0.9015692287277582,0.0006235434886266004,0.9436088050525715,2.309155961027774e-12,up,7.88071561482124,0.9015692287277582
ENSG00000166546,BEAN1,-0.38741536748607863,0.005321609185315422,-0.7415561444366967,1.5505729788353908e-14,down,-7.878550759651927,0.38741536748607863
ENSG00000151532,VTI1A,-0.1944957412969717,0.038703964281472804,-0.3084265798651424,3.1605706213293353e-17,down,-7.875129872653589,0.1944957412969717
ENSG00000179542,SLITRK4,0.6517101701273881,0.006722189229011244,1.0460473608659806,8.554620952653884e-15,up,7.873166890850531,0.6517101701273881
ENSG00000106610,STAG3L4,0.5762764950529143,1.0172440223356854e-05,0.2848946995965359,2.759524729469624e-09,up,7.868150879097129,0.2848946995965359
ENSG00000177225,PDDC1,0.38124094835933403,6.674629234395255e-06,0.32178670971595785,5.016508530132871e-09,up,7.866863103988598,0.32178670971595785
ENSG00000230454,U73166.2,0.3454310041885028,0.016119859434836525,0.653144199601728,7.072931357270029e-16,up,7.866372250797812,0.3454310041885028
ENSG00000270164,AC006129.4,0.303778180735563,0.029795060850393025,0.8468845226001162,9.276306358540364e-17,up,7.864856065355758,0.303778180735563
ENSG00000186577,C6orf1,0.569915535532779,2.3407785119577152e-07,0.5042989800504648,3.254105563281849e-07,up,7.862723385774405,0.5042989800504648
ENSG00000233184,RP11-421L21.3,0.43465418854835647,0.000171313658148584,0.2781302732280905,3.382832269548107e-11,up,7.858710737974743,0.2781302732280905
ENSG00000157193,LRP8,-0.5699617139552533,0.0036195359582307405,-0.6150059785484647,5.3001171486775784e-14,down,-7.856139891847695,0.5699617139552533
ENSG00000125885,MCM8,-0.2658502479465837,0.0019720583462145566,-0.6184622064051646,2.4527407931054077e-13,down,-7.852136014565706,0.2658502479465837
ENSG00000267414,RP11-456K23.1,0.25112549980867793,0.004284898996842523,0.6142171837207389,3.695207300794169e-14,up,7.850946978615969,0.25112549980867793
ENSG00000171368,TPPP,-0.8140178020382436,1.1141493912662963e-05,-0.659298658103169,2.843302919481357e-09,down,-7.849503728187963,0.659298658103169
ENSG00000226471,CTA-292E10.6,0.4786971056462346,0.005538764980712824,0.6063467449254305,1.9472735797833808e-14,up,7.846704975733695,0.4786971056462346
ENSG00000167615,LENG8,0.599926166833707,1.0719032837630878e-06,0.3668428753990088,6.543739037111128e-08,up,7.844682333984608,0.3668428753990088
ENSG00000189350,FAM179A,-0.9263621151552089,0.010039447650590986,-1.3021167174770982,3.804893142020672e-15,down,-7.844612820770802,0.9263621151552089
ENSG00000130201,EXOC3L2,0.5161160928501468,0.00021770977083540192,0.7170291336534369,2.5301492887669876e-11,up,7.844122702013394,0.5161160928501468
ENSG00000171517,LPAR3,-0.584788723468511,0.00105013972940726,-0.7387896805200342,1.1398099162279309e-12,down,-7.843604247932639,0.584788723468511
ENSG00000171530,TBCA,0.4656925454193129,2.499187961442506e-07,0.21246097616211354,3.5016272811998963e-07,up,7.842794048590785,0.21246097616211354
ENSG00000116237,ICMT,-0.3083524365578041,0.004965139827812192,-0.26921130881121785,2.7731230214399364e-14,down,-7.842033125600588,0.26921130881121785
ENSG00000112276,BVES,-0.37221188176053766,0.003860520921067458,-0.5484531785130085,5.297830214524483e-14,down,-7.842008811244041,0.37221188176053766
ENSG00000260398,RP11-594N15.3,-0.4820706588922479,0.005568155235901187,-0.6596648895305183,2.0410730283032873e-14,down,-7.841037170471176,0.4820706588922479
ENSG00000100429,HDAC10,0.6925480487546705,4.2813108002555335e-07,0.4514899135316867,1.9594960508859536e-07,up,7.841018358976929,0.4514899135316867
ENSG00000243943,ZNF512,0.28495300421787434,0.0004548006249132193,0.21431203358698137,6.478986077432795e-12,up,7.840692171983455,0.21431203358698137
ENSG00000266010,GATA6-AS1,0.3543989191993041,0.03783835941519293,0.544318523603855,5.492027197866826e-17,up,7.836037781885311,0.3543989191993041
ENSG00000153037,SRP19,-0.4784403924223466,1.877587454499491e-05,-0.3093121408288108,1.5075814188823167e-09,down,-7.835783178548688,0.3093121408288108
ENSG00000178026,FAM211B,0.2776595788573741,0.01862809799986727,0.7380544826387943,6.683188881339382e-16,up,7.832104294667802,0.2776595788573741
ENSG00000269044,CTC-429P9.3,0.5089803285822171,4.758716250894035e-08,0.23419953347326528,2.1406578064965592e-06,up,7.829835150494479,0.23419953347326528
ENSG00000184381,PLA2G6,0.38563214922251615,0.0013723824973381525,0.45572692395433867,7.221711722656582e-13,up,7.829656194568389,0.38563214922251615
ENSG00000155130,MARCKS,0.6279656657911817,0.008989316010357901,0.6538310833513261,6.371099922924945e-15,up,7.826982050835846,0.6279656657911817
ENSG00000198108,CHSY3,0.4406916268528895,0.0009085375721934652,0.6735869745663636,1.849897655555163e-12,up,7.826001198208351,0.4406916268528895
ENSG00000169181,GSG1L,1.6869824255001702,0.00012242236139939567,1.4484995741195874,8.39213475980992e-11,up,7.82548943408269,1.4484995741195874
ENSG00000132463,GRSF1,-0.2855901612964234,9.580877902484637e-05,-0.18794218864840215,1.3040387943668574e-10,down,-7.823569469008469,0.18794218864840215
ENSG00000153132,CLGN,-0.5681622882584584,0.00015057481000817373,-0.46878744919413917,5.924192668094478e-11,down,-7.823281415541968,0.46878744919413917
ENSG00000084754,HADHA,-0.24929688254072646,0.03737085025202483,-0.3655413203704057,6.746175408638307e-17,down,-7.822327694014832,0.24929688254072646
ENSG00000160180,TFF3,1.1013264037918615,1.5029571503894718e-05,1.014906388918255,2.4476993782509744e-09,up,7.8169825464941605,1.014906388918255
ENSG00000099889,ARVCF,0.3611614723448812,0.009881761199755097,0.8124457327461735,5.4989923767543574e-15,up,7.816033712397115,0.3611614723448812
ENSG00000123427,METTL21B,0.3969499752761073,3.819076127734326e-05,0.3230259041938639,6.241151995717364e-10,up,7.81457514125692,0.3230259041938639
ENSG00000164989,CCDC171,0.41210527254227386,0.0005060365019333114,0.518410974387398,6.864654865174696e-12,up,7.813495414428394,0.41210527254227386
ENSG00000140632,GLYR1,-0.6648393362085451,7.577474896437738e-11,-0.6020569824240587,0.00040691814400649524,down,-7.813073436291101,0.6020569824240587
ENSG00000260539,RP11-252A24.7,0.653085940575756,5.00962082739487e-09,0.25698489263618485,1.8301068068175018e-05,up,7.81291606830356,0.25698489263618485
ENSG00000137343,ATAT1,0.5876222005819802,1.809257442966289e-05,0.26119622566874556,1.9571497943815026e-09,up,7.811991902405579,0.26119622566874556
ENSG00000132155,RAF1,-0.19767936107702733,0.001354946918969526,-0.2901857378423854,9.076833790915183e-13,down,-7.810376882827412,0.19767936107702733
ENSG00000257704,PRR24,0.8820889695903057,6.58700367195266e-08,0.7428323158080372,1.7690240977214563e-06,up,7.809030011229492,0.7428323158080372
ENSG00000167380,ZNF226,0.2910637779846273,0.000545291211904959,0.17908054532656992,6.29043613057386e-12,up,7.807699807758262,0.17908054532656992
ENSG00000107731,UNC5B,0.5481495558786608,0.008511357003057331,0.5477625401493323,9.232032912704937e-15,up,7.807637078562187,0.5477625401493323
ENSG00000197442,MAP3K5,-0.630275608213423,1.9858068263387617e-05,-0.3837032685293786,1.8147850367345978e-09,down,-7.805109312404073,0.3837032685293786
ENSG00000116815,CD58,-0.26635080559274166,0.01263152648050472,-0.3570628653676951,2.9896200543232704e-15,down,-7.8050419518060705,0.26635080559274166
ENSG00000134352,IL6ST,-0.967804419070018,0.0003855037626608944,-0.5969570297950272,1.273448207717948e-11,down,-7.80469000034606,0.5969570297950272
ENSG00000006432,MAP3K9,-0.23648492086993728,0.0002675389763163463,-0.5170660199957154,2.5288127574565963e-11,down,-7.804542223928157,0.23648492086993728
ENSG00000229299,RP4-583P15.10,0.5420549847933437,0.0014021566605951774,0.9444366662379649,9.109608512302818e-13,up,7.8021741326533665,0.5420549847933437
ENSG00000213190,MLLT11,1.3014264675635707,1.9078413969862437e-06,0.5316505582249317,4.478905256745137e-08,up,7.800412985360948,0.5316505582249317
ENSG00000215527,AP005482.1,0.5971402733828851,0.001345458046869268,1.0607982029324245,1.037673941644279e-12,up,7.798698629120675,0.5971402733828851
ENSG00000105270,CLIP3,0.4424200492209788,0.004825448755842427,0.5197847411015795,4.785636003750755e-14,up,7.79814393985809,0.4424200492209788
ENSG00000159346,ADIPOR1,-0.2042432747748098,0.00329680051779125,-0.2003169443761291,1.2523563895658916e-13,down,-7.796945464201593,0.2003169443761291
ENSG00000060138,YBX3,-0.4536213827727394,0.010758074036409541,-0.3837802924101425,5.329329824761513e-15,down,-7.7967856774824815,0.3837802924101425
ENSG00000126106,TMEM53,-0.4764962485623602,7.853205153089272e-06,-0.37658089498943875,7.362243121007615e-09,down,-7.7951414144897955,0.37658089498943875
ENSG00000174574,AKIRIN1,-0.2343319485024665,0.02137863192028807,-0.45314501241285304,6.682369421985176e-16,down,-7.792548793537671,0.2343319485024665
ENSG00000225417,RP5-1178H5.2,-0.6047038997290601,0.0026272432398586156,-0.8876812216143414,2.316576047631738e-13,down,-7.79143340195561,0.6047038997290601
ENSG00000163320,CGGBP1,-0.46732191930111056,5.287647204714958e-06,-0.3291232592048501,1.2878347470870525e-08,down,-7.791277697570998,0.3291232592048501
ENSG00000139209,SLC38A4,-0.5010681491960348,6.687614947859435e-05,-1.011618647840265,3.188004267267576e-10,down,-7.790905340330418,0.5010681491960348
ENSG00000124935,SCGB1D2,-0.6390164302095109,0.0021694340332585184,-1.3063103211599443,3.7375737652815915e-13,down,-7.790180668135215,0.6390164302095109
ENSG00000147874,HAUS6,-0.27887889192111903,0.0016188505822549958,-0.46515881233280804,7.411263213493803e-13,down,-7.789958705917321,0.27887889192111903
ENSG00000166432,ZMAT1,0.5070583326874233,0.0014119190658123128,0.6259335367460407,1.0365648116714856e-12,up,7.787827446338986,0.5070583326874233
ENSG00000163412,EIF4E3,-0.2819647612046802,0.0005909983061693412,-0.3113673874589437,6.527711431733268e-12,down,-7.787245674815855,0.2819647612046802
ENSG00000226679,RP13-43E11.1,0.37098449284516677,0.00216298013391818,0.7697892788000336,3.914648019914734e-13,up,7.786448323825078,0.37098449284516677
ENSG00000213366,GSTM2,0.31884549264872897,0.0011608203405623317,0.371123850420128,1.6677004851370125e-12,up,7.783785631161779,0.31884549264872897
ENSG00000140506,LMAN1L,-0.9817344135853893,0.0035640252174553547,-1.3575178405556356,1.2137858384881975e-13,down,-7.781544732198392,0.9817344135853893
ENSG00000169439,SDC2,0.6092304893224777,5.069539807793738e-05,0.29607979073215845,5.436959949540086e-10,up,7.781052884555696,0.29607979073215845
ENSG00000255883,AC099522.2,-0.8958728738695863,2.8499603664083963e-10,-0.33760464075173074,0.00021081820793689455,down,-7.775613556384736,0.33760464075173074
ENSG00000138615,CILP,0.8468992668089248,0.025104614656463232,0.9517251391264097,4.845560203504987e-16,up,7.774561523736602,0.8468992668089248
ENSG00000067248,DHX29,-0.28877065126037205,0.001290680981857861,-0.27586980426394453,1.4760655145774282e-12,down,-7.772850719804986,0.27586980426394453
ENSG00000145833,DDX46,-0.24651962253384632,0.02921749386599125,-0.36429381039814246,2.9584312501418443e-16,down,-7.771793599236863,0.24651962253384632
ENSG00000160862,AZGP1,-0.9591919999796877,0.0008879203810022384,-0.6719463480511915,3.410936943389785e-12,down,-7.769892940742639,0.6719463480511915
ENSG00000256268,RP11-221N13.3,0.3215919778515713,0.001163317228134093,0.8088822144455247,1.9222079379373206e-12,up,7.769304782132699,0.3215919778515713
ENSG00000183401,CCDC159,0.4218884402211667,2.28847573008147e-05,0.4587352466216759,2.031037714189848e-09,up,7.7687438500425126,0.4218884402211667
ENSG00000273290,CTC-297N7.8,-0.25308672759033535,0.002355650832623728,-0.37894020026843755,3.8490973937895563e-13,down,-7.7682440376789526,0.25308672759033535
ENSG00000100784,RPS6KA5,-0.6496596642287562,0.0001072105552371115,-0.6894332564520885,1.797757242334613e-10,down,-7.768122920572368,0.6496596642287562
ENSG00000128908,INO80,-0.5366431154482101,1.567180063247062e-08,-0.20381331447359824,9.019970766908362e-06,down,-7.767882536239478,0.20381331447359824
ENSG00000114779,ABHD14B,0.3969416536040384,0.0001880461743420259,0.4454822774822855,7.120183968153862e-11,up,7.762117078714814,0.3969416536040384
ENSG00000159131,GART,-0.2499043665530272,9.690084194665581e-05,-0.259004640423023,2.281010696407286e-10,down,-7.760124691987468,0.2499043665530272
ENSG00000204655,MOG,-0.938820197606236,0.0005544795103650231,-1.0806982121452824,9.862063115053588e-12,down,-7.758681289392335,0.938820197606236
ENSG00000111203,ITFG2,0.28226718714481663,0.008028240106213847,0.23842135363924813,1.861530320651921e-14,up,7.758544613906488,0.23842135363924813
ENSG00000144895,EIF2A,-0.29834539915286945,0.009923281997977623,-0.3013759019863988,1.0501828174788236e-14,down,-7.756268461310264,0.29834539915286945
ENSG00000271265,RP11-230C9.4,0.2910671779133844,0.03138231193401804,0.9228763079631246,2.7655790782003e-16,up,7.75551029259875,0.2910671779133844
ENSG00000129277,CCL4,0.7161548153214166,0.0424377126052078,1.1072004023568878,9.556317932409482e-17,up,7.753245946030654,0.7161548153214166
ENSG00000225731,AP001627.1,0.3697502610275592,0.0022392759299120183,0.7474765776553091,5.148987656611723e-13,up,7.752177709829451,0.3697502610275592
ENSG00000230306,BANF1P2,1.150256500323065,6.132400809741292e-08,0.5098777473513568,2.800821291880714e-06,up,7.751277147332347,0.5098777473513568
ENSG00000270049,RP11-297D21.4,0.4184041059869745,0.00023401604418330082,0.4341833374400291,5.4066259102753215e-11,up,7.74986987203338,0.4184041059869745
ENSG00000178028,DMAP1,0.4101182322802619,4.187811268784202e-05,0.31788765764675403,9.626734147028066e-10,up,7.749382573127489,0.31788765764675403
ENSG00000171307,ZDHHC16,-0.22868601320025375,0.03669877014939568,-0.32407241544761217,1.7196551021728166e-16,down,-7.748670493766074,0.22868601320025375
ENSG00000125977,EIF2S2,-0.5052790689134025,1.1517958794478137e-06,-0.1875491739135127,1.2722836679142167e-07,down,-7.747736656555143,0.1875491739135127
ENSG00000141140,MYO19,-0.23977249167050982,0.017448758808585967,-0.3768408971656081,2.160317876519157e-15,down,-7.7464756893074975,0.23977249167050982
ENSG00000112335,SNX3,-0.27117616128144356,1.5289488500591573e-06,-0.1592886129629723,9.165191764963645e-08,down,-7.745080424556132,0.1592886129629723
ENSG00000141068,KSR1,0.4320823140950055,0.01063198704039239,0.4183951833149116,9.900458856191563e-15,up,7.743619662836809,0.4183951833149116
ENSG00000177885,GRB2,-0.43686739639833244,0.0019150165507268997,-0.3828825231475692,8.333072446159698e-13,down,-7.741281771032785,0.3828825231475692
ENSG00000196189,SEMA4A,0.5225731592758386,0.00013137728494258292,0.4212543488498553,1.6152488569163003e-10,up,7.7401397444450435,0.4212543488498553
ENSG00000105519,CAPS,0.6139747806124893,3.5552241488003945e-05,0.41654568602634473,1.3696763810441306e-09,up,7.73788689228266,0.41654568602634473
ENSG00000172115,CYCS,-0.5638018511681795,1.326710267678466e-06,-0.26525282626695124,1.1694635157980564e-07,down,-7.737737123205265,0.26525282626695124
ENSG00000100307,CBX7,0.4778075044620183,1.8629368847714117e-07,0.20266760867541375,1.0574164538464615e-06,up,7.733088605657522,0.20266760867541375
ENSG00000185739,SRL,-0.29405587470044925,0.00024891153826898525,-0.3251883814405072,5.674172792542101e-11,down,-7.732427255720338,0.29405587470044925
ENSG00000108061,SHOC2,-0.3625297814972438,0.002996360973486806,-0.42422782434841333,3.257862348891335e-13,down,-7.727908593545714,0.3625297814972438
ENSG00000006625,GGCT,-0.37715332181111305,0.00042858219006326645,-0.3201640785096951,2.2647940967209983e-11,down,-7.723326657090802,0.3201640785096951
ENSG00000170846,AC093323.3,0.4695559640880838,9.624642228215537e-07,0.2817910113866411,1.8913675586401643e-07,up,7.722329967433386,0.2817910113866411
ENSG00000086827,ZW10,-0.15744260240252947,0.012380926058557002,-0.28373416249419287,7.977226703589983e-15,down,-7.721979505609944,0.15744260240252947
ENSG00000147255,IGSF1,1.0103264382676893,0.003751373903227388,0.8041090707388079,2.02256156465421e-13,up,7.721688366949789,0.8041090707388079
ENSG00000267254,CTD-2162K18.5,0.40138903220813515,0.00015214306135751925,0.32383341793934217,1.5144004860424494e-10,up,7.720240737537738,0.32383341793934217
ENSG00000163166,IWS1,-0.425686704546348,3.619519940117512e-08,-0.1458131720063056,6.165884693397368e-06,down,-7.712057733320938,0.1458131720063056
ENSG00000187486,KCNJ11,-0.4817316310536915,0.010506303655817421,-0.7117132470040942,1.468724797258697e-14,down,-7.710926641979749,0.4817316310536915
ENSG00000151150,ANK3,-0.5896072773121385,6.581379352878779e-06,-0.44263258892458146,1.8572891493088274e-08,down,-7.71084268154307,0.44263258892458146
ENSG00000115204,MPV17,0.25248886458899455,0.0011194039966560285,0.24854243836036655,3.775479036505685e-12,up,7.710354193736071,0.24854243836036655
ENSG00000183690,EFHC2,-0.6193927772433493,0.00032997546235784936,-0.6532760910008724,4.311347606299396e-11,down,-7.707542141822733,0.6193927772433493
ENSG00000100220,RTCB,-0.2977855324351471,2.7348544256623446e-07,-0.139066421498032,8.487825513674491e-07,down,-7.707228833044596,0.139066421498032
ENSG00000163491,NEK10,-0.6784791849232605,7.56135182592516e-06,-0.5205773009699698,1.6029429896572237e-08,down,-7.706823834206095,0.5205773009699698
ENSG00000135521,LTV1,-0.2159669713704612,0.039190935507386504,-0.3766047601401063,2.280187952859246e-16,down,-7.704701674506663,0.2159669713704612
ENSG00000246922,UBAP1L,0.6627715134538683,5.725990757717861e-09,0.2736411265604568,3.2016745248905095e-05,up,7.703141088192809,0.2736411265604568
ENSG00000273133,RP11-799M12.2,0.44131216069351387,3.605361256116386e-05,0.7335706605305786,1.8341691436561035e-09,up,7.701630600543527,0.44131216069351387
ENSG00000127415,IDUA,0.815451600451415,1.5557795783645086e-06,0.6123380936777363,1.2705931272518942e-07,up,7.699539787211986,0.6123380936777363
ENSG00000172831,CES2,-0.6114955861301441,0.0011955625033900459,-0.43601269838788415,3.715292166020755e-12,down,-7.69768616284348,0.43601269838788415
ENSG00000167522,ANKRD11,-0.2673757022673187,3.6832562551010185e-05,-0.27932244621803515,1.8430583575503571e-09,down,-7.697387897793964,0.2673757022673187
ENSG00000167244,IGF2,0.778642306169684,0.00029638182473500573,0.4403185125005958,5.851284659022599e-11,up,7.695923308587853,0.4403185125005958
ENSG00000163273,NPPC,-0.7395991609894624,0.0013410497500902757,-1.248542477585973,2.994784487456317e-12,down,-7.694230765961372,0.7395991609894624
ENSG00000139631,CSAD,0.44699757895265896,1.3620762198121167e-05,0.2901243437511593,8.006896086895716e-09,up,7.692171569309276,0.2901243437511593
ENSG00000080031,PTPRH,0.6672099530712418,0.001946502181805389,0.8800824506428854,1.3231507981655318e-12,up,7.69190653814785,0.6672099530712418
ENSG00000225791,TRAM2-AS1,0.48120701596910903,1.805337333581558e-06,0.20795875945894374,1.1206032437169931e-07,up,7.691458188634496,0.20795875945894374
ENSG00000183354,KIAA2026,-0.5213680452580327,7.162839167849609e-07,-0.40147137318936826,3.360584337489985e-07,down,-7.690858779736339,0.40147137318936826
ENSG00000092148,HECTD1,-0.3018551812828226,0.0003317962418330387,-0.46928096535457137,5.103428822839686e-11,down,-7.688346482217876,0.3018551812828226
ENSG00000157657,ZNF618,0.22780185418465052,0.02105396594313682,0.4630464112230537,2.3838260295674733e-15,up,7.684690404090483,0.22780185418465052
ENSG00000112319,EYA4,-0.6584437567282181,0.009033097764216472,-0.7377776998193664,3.0693000258637655e-14,down,-7.682439383701724,0.6584437567282181
ENSG00000048991,R3HDM1,-0.43118341558778267,0.0042443107301410096,-0.301138458507927,2.3100456622040715e-13,down,-7.680460434474225,0.301138458507927
ENSG00000205220,PSMB10,0.6863767017198804,5.35526544991881e-09,0.46535831677096245,3.9168581596091194e-05,up,7.679860391788551,0.46535831677096245
ENSG00000141034,GID4,-0.3655563140750228,0.0013043172525304164,-0.26502250612251305,3.8614102331551405e-12,down,-7.674667703740584,0.26502250612251305
ENSG00000181523,SGSH,0.5970615411374747,1.4450883806232065e-06,0.32643276020210504,1.684817597071026e-07,up,7.674567851568428,0.32643276020210504
ENSG00000176658,MYO1D,0.6356396760710488,0.006135405811101684,0.5042499886095972,9.498317635698839e-14,up,7.674187874528033,0.5042499886095972
ENSG00000140853,NLRC5,0.45861959538140923,0.025336704728679642,0.4624280758701977,1.4907610498993364e-15,up,7.673076806648537,0.45861959538140923
ENSG00000132541,HRSP12,-0.2680405254275258,0.020413554053771817,-0.3813214300680442,3.0209213046761477e-15,down,-7.673010947788132,0.2680405254275258
ENSG00000196456,ZNF775,0.44286925355274326,0.00029778228844966955,0.5245816860182134,7.569439059463851e-11,up,7.667601618233675,0.44286925355274326
ENSG00000143458,GABPB2,0.3053309549777883,0.004806549645133946,0.37289685209262274,1.9277667751622815e-13,up,7.6675826386577794,0.3053309549777883
ENSG00000268913,AC026806.2,1.0156035292466425,7.517600382161708e-05,0.5639182753520304,8.918376526447931e-10,up,7.6536420488273675,0.5639182753520304
ENSG00000125846,ZNF133,0.359054586244815,0.00015250179447827409,0.20211987714859694,2.7736685687771224e-10,up,7.653280046593584,0.20211987714859694
ENSG00000144043,TEX261,-0.23576431515199195,0.00044959452680719264,-0.1698029378099678,4.0642182463518535e-11,down,-7.652460778855289,0.1698029378099678
ENSG00000141378,PTRH2,-0.4506996709586829,2.6619623430712233e-05,-0.2891780801739147,4.44723869913187e-09,down,-7.650903566458609,0.2891780801739147
ENSG00000128989,ARPP19,-0.36382146764045503,0.0007974690013801274,-0.3038303639491553,1.3732671370455562e-11,down,-7.649568657767437,0.3038303639491553
ENSG00000205707,LYRM5,-0.333889897357336,0.002846187788531521,-0.46929023326777636,8.431078662207033e-13,down,-7.648263580692151,0.333889897357336
ENSG00000136111,TBC1D4,-0.5647625287286682,0.00021455561235861838,-0.4203459963814004,1.6395470244950315e-10,down,-7.6469012399871055,0.4203459963814004
ENSG00000181444,ZNF467,0.512634648270535,0.0005810535733147329,0.6803162548473198,2.6331957021065973e-11,up,7.646455902707764,0.512634648270535
ENSG00000163126,ANKRD23,1.0178477676376436,0.0001754805798624878,0.5042172002641202,2.386576118745782e-10,up,7.64374351259329,0.5042172002641202
ENSG00000113555,PCDH12,0.3500829585300376,0.03274872883373733,0.4238443175574327,8.920401102917407e-16,up,7.641284531986036,0.3500829585300376
ENSG00000163751,CPA3,0.6084918326515661,0.012007278472527716,0.8098564201309162,2.1977180601575593e-14,up,7.638318390200058,0.6084918326515661
ENSG00000012171,SEMA3B,0.5516225146015332,3.42632013916309e-05,0.5357118993282295,3.4455217194991055e-09,up,7.636599993044548,0.5357118993282295
ENSG00000165868,HSPA12A,-0.511764137752011,3.586948024050914e-05,-0.24307779829466838,3.243132546277676e-09,down,-7.636054646593117,0.24307779829466838
ENSG00000134775,FHOD3,0.5483430911705988,3.5102100532885488e-06,0.3504838227565931,7.532393099356483e-08,up,7.635966610864945,0.3504838227565931
ENSG00000254017,IGHEP2,0.7060833028062212,0.00011919254093536584,0.9561736940948594,5.127911542614451e-10,up,7.631448130988921,0.7060833028062212
ENSG00000260837,RP11-434B12.1,0.6529354780232314,2.5766249242778537e-06,0.3485508520790041,1.1694587433452623e-07,up,7.6297996742451755,0.3485508520790041
ENSG00000179564,LSMEM2,0.5043921012350198,0.001961501985130003,0.7527533635453069,2.447205163866722e-12,up,7.628769547918025,0.5043921012350198
ENSG00000085832,EPS15,-0.4632743161435763,1.2744421329561152e-05,-0.23857191469704916,1.5061298731709422e-08,down,-7.627762956400179,0.23857191469704916
ENSG00000232973,CYP1B1-AS1,0.604625883963874,0.00047852211061984255,0.5660130395255896,4.576720890769569e-11,up,7.627693132076881,0.5660130395255896
ENSG00000084733,RAB10,-0.411805544310084,0.0001251518767355534,-0.3132929318178637,4.873437768798969e-10,down,-7.627552405539883,0.3132929318178637
ENSG00000165195,PIGA,-0.7049711425211289,0.025776639612424025,-0.5481786782704116,2.351015845195204e-15,down,-7.627402563767895,0.5481786782704116
ENSG00000242247,ARFGAP3,-0.3111508260998231,0.004868504591957617,-0.3012696393513314,2.850998258956275e-13,down,-7.626970990533755,0.3012696393513314
ENSG00000148057,IDNK,0.34056310488292,0.00038248158225119414,0.3490366903098606,7.018325993917809e-11,up,7.626691659539749,0.34056310488292
ENSG00000159714,ZDHHC1,0.4696716148549588,0.00011224156990370433,0.5131965066441525,5.934481790252892e-10,up,7.6261650877421046,0.4696716148549588
ENSG00000092096,SLC22A17,0.5568954055593616,0.000386082340541728,0.523207920704337,6.993386679836178e-11,up,7.625128041883103,0.523207920704337
ENSG00000256269,HMBS,-0.5280761495264326,3.667430880949003e-07,-0.29253753362294954,1.1185049731153971e-06,down,-7.624716238013742,0.29253753362294954
ENSG00000147419,CCDC25,-0.39369013443509876,2.0361851653370433e-05,-0.14748452284340557,8.101649279765075e-09,down,-7.6239455363493,0.14748452284340557
ENSG00000257176,RP11-996F15.2,-0.5012597333207613,0.0007239398580444432,-0.7411568238937226,2.146506275192983e-11,down,-7.6231264307900926,0.5012597333207613
ENSG00000107719,PALD1,0.6031146048772673,1.7840869074610382e-06,0.24404919138170328,1.9599282774008422e-07,up,7.61984019569662,0.24404919138170328
ENSG00000165533,TTC8,0.49625645935729834,5.262648397279724e-05,0.33204049417596715,2.100367756837073e-09,up,7.619683565548274,0.33204049417596715
ENSG00000113583,C5orf15,-0.6138947563020577,1.991471236686288e-06,-0.21886473912130036,1.7441414573882135e-07,down,-7.6176317237918,0.21886473912130036
ENSG00000264278,RP11-162A12.2,0.36477181039267154,3.7863967381223914e-05,0.48044378912425323,3.501442389718393e-09,up,7.617263615303868,0.36477181039267154
ENSG00000235910,APOA1-AS,0.3800818065689063,0.0009748255964492628,1.246282012775287,1.2663863509544658e-11,up,7.6166701601063975,0.3800818065689063
ENSG00000261452,RP11-509E16.1,0.5092884084260437,0.0016286059014614333,0.44295971741524814,4.369705851434904e-12,up,7.612166475392685,0.44295971741524814
ENSG00000268205,CTC-444N24.11,0.8107359139242302,1.2329698636652714e-07,0.27214345368068255,3.776444704413023e-06,up,7.606909301431547,0.27214345368068255
ENSG00000151247,EIF4E,-0.4994715948420021,1.9334774204126525e-06,-0.22711024547585698,1.975945650277371e-07,down,-7.6057447982114175,0.22711024547585698
ENSG00000148053,NTRK2,0.5809384177665771,0.0007201927372621667,0.631729061598523,2.661980908837833e-11,up,7.601664588108994,0.5809384177665771
ENSG00000077150,NFKB2,0.48577615052663903,0.04196986364324978,0.5500567539491763,5.855159157378353e-16,up,7.60156628399054,0.48577615052663903
ENSG00000149485,FADS1,-0.4370117166847805,0.001737041391456187,-0.37797594466826756,4.284317400708641e-12,down,-7.600335472877381,0.37797594466826756
ENSG00000145029,NICN1,0.2058283954821999,0.009871730645617126,0.30540669312027724,5.860951008684296e-14,up,7.5993831100906615,0.2058283954821999
ENSG00000157992,KRTCAP3,0.38362294205539366,0.0026709899749430797,0.7236867209434985,1.6210560919435045e-12,up,7.5987544532332025,0.38362294205539366
ENSG00000221883,ARIH2OS,0.22765022327971793,0.005407946989495841,0.6353298128994085,2.9365896249990664e-13,up,7.598445349603086,0.22765022327971793
ENSG00000181418,DDN,-0.5871313776562619,6.369432555415953e-07,-0.6529921087542097,7.508412712278667e-07,down,-7.597428167669549,0.5871313776562619
ENSG00000213015,ZNF580,0.6841590072411217,1.1893489292116105e-07,0.45406725643706985,4.226473152813128e-06,up,7.595619043543289,0.45406725643706985
ENSG00000213523,SRA1,0.4622845612730646,8.984722628679098e-06,0.37111905315666804,3.169979064406271e-08,up,7.594196423772853,0.37111905315666804
ENSG00000177354,C10orf71,0.48312050205509843,0.00039788677380997824,0.5440395507533444,8.917375620589593e-11,up,7.593008780069672,0.48312050205509843
ENSG00000111331,OAS3,0.6769171680786115,0.0024946510731631484,0.7075656699994155,2.016340504894286e-12,up,7.592891719445343,0.6769171680786115
ENSG00000260231,JHDM1D-AS1,0.348956544032256,1.2253948796050936e-05,0.23356531899516852,2.1179102015890828e-08,up,7.592478014111509,0.23356531899516852
ENSG00000182255,KCNA4,0.5836868717446759,0.0008219302891723677,0.6040966669649682,2.2818531567121662e-11,up,7.590784633001012,0.5836868717446759
ENSG00000066136,NFYC,0.1955477485236523,0.020595000059433415,0.24322050412969393,7.347563870869885e-15,up,7.590270876315792,0.1955477485236523
ENSG00000074706,IPCEF1,0.3507443348105125,0.0039747681118323976,0.5957221325807185,7.066654201560742e-13,up,7.588275458340834,0.3507443348105125
ENSG00000120685,PROSER1,-0.2832796702999425,0.0024824601700101745,-0.27410916801821583,2.145481184269081e-12,down,-7.587780379706241,0.27410916801821583
ENSG00000119682,AREL1,-0.4705426729587547,5.75550740754618e-06,-0.25004420477078004,5.999301900759365e-08,down,-7.585888475964244,0.25004420477078004
ENSG00000197599,CCDC154,0.605518721709617,0.00020732565831168838,0.8673604942698588,3.051812061756121e-10,up,7.585055391059124,0.605518721709617
ENSG00000204815,TTC25,0.3492978362352231,0.0008445743415534946,0.3969293040183255,2.3377480377518013e-11,up,7.583023206582293,0.3492978362352231
ENSG00000259687,RP11-293M10.5,0.6383459274777589,0.028965375366639685,0.9605969910065281,2.688631075094833e-15,up,7.581002769654489,0.6383459274777589
ENSG00000172889,EGFL7,0.9656967699857708,1.3813161207162017e-09,0.6242326700628612,0.0002053521854152011,up,7.580275754590062,0.6242326700628612
ENSG00000141741,MIEN1,-0.49104914670356264,7.726531595448831e-07,-0.3448852180506643,6.946488339725347e-07,down,-7.579562281287719,0.3448852180506643
ENSG00000117013,KCNQ4,0.35947241392680973,0.011990768209143039,0.5542364634961671,4.2631795361268087e-14,up,7.577860784672928,0.35947241392680973
ENSG00000116991,SIPA1L2,-0.5121861393959115,0.00023886953188314547,-0.3822697895479674,2.5401202542381246e-10,down,-7.577833358499497,0.3822697895479674
ENSG00000196975,ANXA4,0.5087906606905241,0.0016207272868102468,0.31739308944337674,6.275360827561426e-12,up,7.576562613064398,0.31739308944337674
ENSG00000121577,POPDC2,-0.2881816103965194,0.0007618696112023668,-0.3158164218403317,3.031765757871718e-11,down,-7.57636992860492,0.2881816103965194
ENSG00000173653,RCE1,0.6286899715887924,1.0574576225417551e-06,0.369624027003503,5.039517568707855e-07,up,7.576011476774809,0.369624027003503
ENSG00000178307,TMEM11,-0.48795113280979424,3.9978818952677436e-08,-0.2637591972389234,1.375694927338459e-05,down,-7.57452853592139,0.2637591972389234
ENSG00000154822,PLCL2,-0.40319751341970705,0.003974368285075351,-0.37624161877792095,8.306504086150346e-13,down,-7.572671171672455,0.37624161877792095
ENSG00000087495,PHACTR3,-0.9724921687464194,0.0006756974053664652,-0.9677026474125111,4.117547739927117e-11,down,-7.568659482721184,0.9677026474125111
ENSG00000128383,APOBEC3A,0.6735946809563713,0.004410946589063432,1.0406093972200674,6.802027585611835e-13,up,7.5673823329131995,0.6735946809563713
ENSG00000183696,UPP1,0.7498584760264874,5.022933621792161e-06,0.25878808268035786,8.307985346173604e-08,up,7.566187819479081,0.25878808268035786
ENSG00000203734,ECT2L,0.8766872463171004,0.0010778164643492354,0.9191969681478251,1.7114194132670633e-11,up,7.563891636136128,0.8766872463171004
ENSG00000182247,UBE2E2,0.4289032153626525,2.503262676256977e-07,0.15312263475852192,2.591974197137424e-06,up,7.560638630962466,0.15312263475852192
ENSG00000099284,H2AFY2,0.2668472096696851,0.0014814100193789273,0.29261530370561334,9.157041929085852e-12,up,7.558435476207739,0.2668472096696851
ENSG00000182771,GRID1,0.28177417761298473,0.02491092048888027,0.6187266917904877,5.70378098004889e-15,up,7.5583253950331395,0.28177417761298473
ENSG00000269892,RP4-761J14.10,0.5002968314853338,4.122427668527109e-06,0.5077251357501765,1.1285286200908075e-07,up,7.558033610584634,0.5002968314853338
ENSG00000115677,HDLBP,-0.4114036835880987,3.280347817932971e-09,-0.10509168399257636,0.00011965374074394932,down,-7.557913466176544,0.10509168399257636
ENSG00000227110,LMCD1-AS1,0.38563047874188006,0.00018069609261357528,0.5716364258857883,4.945201369052032e-10,up,7.557018060549614,0.38563047874188006
ENSG00000143774,GUK1,0.7273263970614533,4.745240385318562e-10,0.39781188240735765,0.0004966030739180342,up,7.554582518565523,0.39781188240735765
ENSG00000076826,CAMSAP3,-0.43865243160118156,0.00030786367429300074,-1.0936064839222637,2.056822812221954e-10,down,-7.552540598378648,0.43865243160118156
ENSG00000165487,MICU2,-0.44025546921113007,6.304086031380962e-05,-0.2605273432487491,2.843302919481357e-09,down,-7.551903968624238,0.2605273432487491
ENSG00000256628,ZBTB11-AS1,0.5492126083349981,1.3526268779463132e-06,0.23368576536479385,4.569793170366544e-07,up,7.551151995312527,0.23368576536479385
ENSG00000148677,ANKRD1,0.9149867237361133,5.6335349375099335e-05,0.4662733693250294,3.426206723065716e-09,up,7.549726754474667,0.4662733693250294
ENSG00000170425,ADORA2B,0.2779712138153474,0.00880391204918145,0.5635425950319289,1.3579061212723883e-13,up,7.5495032832973195,0.2779712138153474
ENSG00000225472,RP11-120J1.1,0.4627733101771151,0.0006700621713061485,0.5732855153779379,5.016130358665066e-11,up,7.549170492481785,0.4627733101771151
ENSG00000107130,NCS1,0.5683383940699338,0.010203206030095217,0.5847955050871501,9.110232146472517e-14,up,7.548789355903273,0.5683383940699338
ENSG00000178685,PARP10,0.3711732133656639,0.018706763156021464,0.8689793254984853,1.5894604630249578e-14,up,7.54777898315323,0.3711732133656639
ENSG00000253982,CTD-2336O2.1,0.5190395755836247,2.8405637322101316e-06,0.35995814329237946,1.931830061590022e-07,up,7.547582913602534,0.35995814329237946
ENSG00000134755,DSC2,-0.38052889498074194,0.002398844676803884,-0.4401260891998271,3.4911024578402058e-12,down,-7.547418762483736,0.38052889498074194
ENSG00000157873,TNFRSF14,0.6170876619686329,7.367188915471265e-05,0.5943661969618229,2.327973465649857e-09,up,7.547249212692697,0.5943661969618229
ENSG00000136758,YME1L1,-0.36069469686770456,1.4975322382479927e-06,-0.2595730394581146,4.234005513083591e-07,down,-7.544724492315157,0.2595730394581146
ENSG00000251002,AE000661.37,-1.8546032648346429,5.027944057266302e-07,-0.9630899913056702,1.4076885407290726e-06,down,-7.544386491751136,0.9630899913056702
ENSG00000226281,RP1-80N2.2,0.4725061452147683,0.0006029937955041419,0.6129349818718931,6.438574160535134e-11,up,7.544223496877743,0.4725061452147683
ENSG00000064547,LPAR2,0.4708381371736144,0.009126781455277204,0.9166679575305497,1.302488118823746e-13,up,7.544081887250133,0.4708381371736144
ENSG00000155096,AZIN1,1.0312618638954731,1.178933266409441e-10,0.22948321972293317,0.001216413029230631,up,7.543066529401743,0.22948321972293317
ENSG00000197863,ZNF790,-0.5259945765380508,1.2170552647238094e-06,-0.2230620713902497,5.520841112893918e-07,down,-7.541199010408838,0.2230620713902497
ENSG00000269609,RP11-18I14.10,0.3794994816035309,0.0016938719524584131,0.4271441231987335,8.265046167650426e-12,up,7.538957669831294,0.3794994816035309
ENSG00000090020,SLC9A1,0.4535655655673398,0.004609872310844356,0.4334584421571858,8.177242942370297e-13,up,7.538923132902589,0.4334584421571858
ENSG00000040608,RTN4R,0.5004696411344121,5.218404176064007e-05,1.1543900833965197,4.2671490849874484e-09,up,7.538186372481887,0.5004696411344121
ENSG00000022976,ZNF839,0.3750933354440546,6.190756928567485e-05,0.1984429339388771,3.3527783999198623e-09,up,7.535963326414938,0.1984429339388771
ENSG00000073670,ADAM11,-1.151596816302026,0.00014324600570536972,-0.7681864052494428,9.065555355396112e-10,down,-7.5313026184080165,0.7681864052494428
ENSG00000154174,TOMM70A,-0.2923845658034483,0.00010546371039111128,-0.23110459669397018,1.5191504886889239e-09,down,-7.530914546640939,0.23110459669397018
ENSG00000213585,VDAC1,-0.6069881282559212,3.73799779157161e-12,-0.08702455633584025,0.009814040933569742,down,-7.527970396212475,0.08702455633584025
ENSG00000141429,GALNT1,-0.4231334809495094,0.0004893633508651421,-0.38731440262572314,1.1221931079449784e-10,down,-7.527298088826116,0.38731440262572314
ENSG00000186815,TPCN1,0.3356612851286413,0.002195376067178962,0.36914523197283244,5.330093126079307e-12,up,7.5250990730850384,0.3356612851286413
ENSG00000003096,KLHL13,0.4093898156472576,0.0037602769065317593,0.5474983381900517,1.5946905473956655e-12,up,7.520703249588046,0.4093898156472576
ENSG00000247121,CTD-2260A17.2,0.23595003692518451,0.01967685638175848,0.42459025708216874,1.884882160843683e-14,up,7.518093056123148,0.23595003692518451
ENSG00000182575,NXPH3,0.2580717563512208,0.04925562751309043,0.5857268215072584,8.920401102917407e-16,up,7.51407272872781,0.2580717563512208
ENSG00000130513,GDF15,0.6595890042055461,0.00897449359257347,1.096359163161135,1.880056480809634e-13,up,7.513452658391694,0.6595890042055461
ENSG00000213123,TCTEX1D2,0.6148883099916344,6.442432516546844e-05,0.5527422856382789,3.832196064736552e-09,up,7.512893106504164,0.5527422856382789
ENSG00000152061,RABGAP1L,0.349952645004412,0.04145902137396481,0.44871792228222057,1.8232818238387143e-15,up,7.505594556567832,0.349952645004412
ENSG00000143149,ALDH9A1,0.5138904611177613,5.411373205000479e-07,0.16900175567471912,1.7147025730656709e-06,up,7.504136650487894,0.16900175567471912
ENSG00000196205,EEF1A1P5,1.5251569532052216,3.5502179832256486e-09,0.3246821124573997,0.0001537762634747053,up,7.503857100350107,0.3246821124573997
ENSG00000107902,LHPP,0.709772225238478,4.262174656066873e-06,0.4051169535993571,1.6845775834826822e-07,up,7.500213941843687,0.4051169535993571
ENSG00000154945,ANKRD40,-0.27688907314190064,7.109574910700701e-05,-0.24183929128786333,3.692538681051996e-09,down,-7.499816688974598,0.24183929128786333
ENSG00000158747,NBL1,0.8044825848178695,5.718693067774715e-05,0.8849287428309677,5.144775875890767e-09,up,7.499022666423079,0.8044825848178695
ENSG00000145041,VPRBP,-0.28782394636051795,1.7399339941132915e-05,-0.22826471050493755,2.8071244458965215e-08,down,-7.49899676285973,0.22826471050493755
ENSG00000070269,TMEM260,0.3431021292946236,0.00018550026008997848,0.23460251543327637,8.279578909095394e-10,up,7.493781861652319,0.23460251543327637
ENSG00000270672,MTRNR2L6,0.4685882894365918,3.803946248023259e-07,0.42840178238788684,2.6719118372255135e-06,up,7.4937640910942465,0.42840178238788684
ENSG00000154845,PPP4R1,-0.34060654171139326,0.00024102412027739913,-0.20207806494818092,5.361139674951435e-10,down,-7.492832489532424,0.20207806494818092
ENSG00000101608,MYL12A,0.8673070468222337,5.088829163204631e-05,0.3316758888383819,6.5165736135103925e-09,up,7.491997749533357,0.3316758888383819
ENSG00000215349,MRPL3P1,-0.517430549884808,2.5420790319353307e-11,-0.3594282796399189,0.004210197681847512,down,-7.489432286247669,0.3594282796399189
ENSG00000161996,WDR90,0.883606973835374,1.4742232489209146e-08,0.3223968246230184,5.495087994095378e-05,up,7.484966304436197,0.3223968246230184
ENSG00000180229,HERC2P3,-0.7569396456521994,0.00018687855441704474,-1.1501473714864456,9.069444594059738e-10,down,-7.482161025536131,0.7569396456521994
ENSG00000044524,EPHA3,0.8801766923344332,0.0003311936468660408,0.7259668300766362,3.42494566103718e-10,up,7.481845305997944,0.7259668300766362
ENSG00000250497,AC007126.1,-1.1109956630960147,6.6559785373621285e-06,-0.9573602276665789,1.1270544304107921e-07,down,-7.480849792127918,0.9573602276665789
ENSG00000117280,RAB7L1,-0.5254104021914852,0.0014247466945874142,-0.28522469392832506,2.13057461459562e-11,down,-7.479661266857752,0.28522469392832506
ENSG00000205339,IPO7,-0.636257143961647,0.0006170780785179374,-0.47051514835826497,1.164002385668453e-10,down,-7.475934847818595,0.47051514835826497
ENSG00000137700,SLC37A4,-0.3841578052992426,0.0014496814150004183,-0.2613755676159428,2.1776052441441284e-11,down,-7.473635554613253,0.2613755676159428
ENSG00000143493,INTS7,-0.2212282012323654,0.009248571771149187,-0.24576025578116814,2.82380763269358e-13,down,-7.466956521684452,0.2212282012323654
ENSG00000167900,TK1,-0.3933934455623327,0.0021206275967121714,-0.9479447896636675,1.0286541631176477e-11,down,-7.466145509065222,0.3933934455623327
ENSG00000170915,PAQR8,0.4214864792862683,9.729975748545646e-05,0.3004781618003086,3.094254105475765e-09,up,7.462588407971358,0.3004781618003086
ENSG00000006576,PHTF2,-0.2972341653111582,0.025317506888856724,-0.6507938855652724,1.5740607244575096e-14,down,-7.461682160128502,0.2972341653111582
ENSG00000175213,ZNF408,0.5450349552447383,1.1427179001734656e-07,0.3590441763678523,1.0649932470270716e-05,up,7.461326152294952,0.3590441763678523
ENSG00000137070,IL11RA,0.4999362534879419,7.220446096656751e-06,0.37244945403480345,1.1883360194589446e-07,up,7.461126933243851,0.37244945403480345
ENSG00000182552,RWDD4,-0.3002482579835617,0.0010483743937173475,-0.24720909208704991,4.824758436431231e-11,down,-7.461089450809631,0.24720909208704991
ENSG00000205579,DYNLL1P1,1.1586329821650907,1.3402001413319135e-05,0.6403050408460631,5.61020894270466e-08,up,7.4544033493348145,0.6403050408460631
ENSG00000186314,PRELID2,-0.7457603859061089,7.941581429075283e-05,-0.43167385424809196,4.533156352504084e-09,down,-7.4541313385383585,0.43167385424809196
ENSG00000230530,LIMD1-AS1,0.20624062214422753,0.024121257920342108,0.6565666284874023,2.0010175772769914e-14,up,7.453481324016685,0.20624062214422753
ENSG00000250786,SNHG18,0.6280006286345756,3.968678372553347e-06,0.3427200446029755,2.605021326769507e-07,up,7.453074132779849,0.3427200446029755
ENSG00000100299,ARSA,0.5133921961170416,1.1635478676701992e-07,0.44195877468518097,1.1100135066082017e-05,up,7.45158080163013,0.44195877468518097
ENSG00000167113,COQ4,0.3452611264883335,4.638081815026342e-07,0.30501286798796423,2.919917753491847e-06,up,7.451168880650917,0.30501286798796423
ENSG00000271993,RP11-285J16.1,0.4622750102875434,0.0005497272219409365,0.5339700983955252,1.854954856309523e-10,up,7.4490357836550025,0.4622750102875434
ENSG00000111726,CMAS,-0.2537753258638658,0.007242669067182193,-0.23172557769004673,6.518757627856519e-13,down,-7.448574530234296,0.23172557769004673
ENSG00000185669,SNAI3,-0.6225431282238835,0.00029304980735325807,-0.8522389240826557,5.899487808131294e-10,down,-7.444775013395931,0.6225431282238835
ENSG00000233131,AC096649.1,0.4226408321431048,0.003128837157606349,0.6425060186128683,5.227661554520352e-12,up,7.444360059061367,0.4226408321431048
ENSG00000100027,YPEL1,0.5400935117765666,3.1755078439470164e-06,0.2871587580134964,3.648118407051788e-07,up,7.4431896338674814,0.2871587580134964
ENSG00000119446,RBM18,-0.22009291901790481,0.004616766668091825,-0.3280367196131147,2.1647897089593042e-12,down,-7.442039270363471,0.22009291901790481
ENSG00000160392,C19orf47,-0.4015276689986527,1.5330634785956967e-06,-0.38171381695410905,8.714466445180571e-07,down,-7.440545920763238,0.38171381695410905
ENSG00000225892,RP11-384K6.2,0.7292690890155658,3.786747200682503e-09,0.6297417924159423,0.00020672241645669243,up,7.4400830954047,0.6297417924159423
ENSG00000108094,CUL2,-0.4969678486546957,1.214972749615157e-06,-0.2373758291868239,1.1464887552182564e-06,down,-7.439858421002761,0.2373758291868239
ENSG00000129355,CDKN2D,-0.529960870599158,1.2375973350351123e-09,-0.25782182696695904,0.0004737439940137306,down,-7.4383014176402895,0.25782182696695904
ENSG00000121966,CXCR4,0.9945722609150704,0.00023806704531688822,0.5932925988303988,8.900043473629273e-10,up,7.437763562774718,0.5932925988303988
ENSG00000023572,GLRX2,-0.430232601466785,0.0005213469396565987,-0.397412262125491,2.266767848253118e-10,down,-7.437370981185168,0.397412262125491
ENSG00000175390,EIF3F,0.5088395007748483,9.235557786115272e-08,0.19717173530843463,1.5125368096294041e-05,up,7.436812536724118,0.19717173530843463
ENSG00000089280,FUS,0.5189081022024798,7.986641280186161e-07,0.17306086930273082,1.8338558510203531e-06,up,7.436452364394193,0.17306086930273082
ENSG00000124701,APOBEC2,-0.5452337149733978,5.3888561087010195e-06,-0.31577170094238405,2.0536460082024835e-07,down,-7.435424891809163,0.31577170094238405
ENSG00000133661,SFTPD,0.34706055632921085,0.016416504906289656,1.0026536763860927,7.828785491238136e-14,up,7.435117368595809,0.34706055632921085
ENSG00000151923,TIAL1,-0.3368797977458017,2.0823440946131717e-05,-0.15315429073611075,3.708989637447869e-08,down,-7.433037926816949,0.15315429073611075
ENSG00000147853,AK3,-0.23749790293152875,0.013172896331496436,-0.38661021339204177,1.5802917945536337e-13,down,-7.428692962792619,0.23749790293152875
ENSG00000255389,C6orf3,0.29890854342327083,0.0027059299015971005,0.5574439507568153,8.55304858797234e-12,up,7.428537673844983,0.29890854342327083
ENSG00000233426,EIF3FP3,0.7372376317103824,6.496733204872752e-11,0.3033286183896777,0.0030017958066877307,up,7.424284519337502,0.3033286183896777
ENSG00000116857,TMEM9,0.44860141764991923,3.100634644376167e-05,0.37517107098217384,2.4032412228945543e-08,up,7.419926545810589,0.37517107098217384
ENSG00000067992,PDK3,0.4501275689037868,0.0011730558388614275,0.2615144952409785,5.677473349931904e-11,up,7.419161025978163,0.2615144952409785
ENSG00000082512,TRAF5,0.4118143729056844,0.005271859747461611,0.44181512346929747,1.9837044343922714e-12,up,7.418988677853225,0.4118143729056844
ENSG00000153982,GDPD1,-0.3312630113614986,0.003591854610530713,-0.4455994043047002,4.880610815501679e-12,down,-7.418755743233301,0.3312630113614986
ENSG00000110274,CEP164,0.42401329673493715,0.000718107038488977,0.25452768598671976,1.5276459856619983e-10,up,7.415832999129996,0.25452768598671976
ENSG00000136709,WDR33,-0.4113148420561226,3.481596775608679e-08,-0.06885561722631427,4.136222778861891e-05,down,-7.415548311856543,0.06885561722631427
ENSG00000144648,ACKR2,0.5251714233239398,3.0012179035426905e-05,0.44648002797218295,2.6414455387277982e-08,up,7.413894052077685,0.44648002797218295
ENSG00000133835,HSD17B4,-0.21753527308528126,0.005969533803798521,-0.4267602391769104,1.5320921544070566e-12,down,-7.412488001593883,0.21753527308528126
ENSG00000186222,BLOC1S4,0.45704200768072073,2.104547370820681e-05,0.32019784493253883,4.3369039390140595e-08,up,7.411647731792215,0.32019784493253883
ENSG00000166831,RBPMS2,-0.340767456091194,1.8443571806467494e-05,-0.33618450133344624,5.209255102024945e-08,down,-7.410472735062407,0.33618450133344624
ENSG00000196482,ESRRG,-0.45082103897794856,0.005869573267053765,-0.6796994867313324,1.6390309986815227e-12,down,-7.410199429790452,0.45082103897794856
ENSG00000136960,ENPP2,0.7571961282065358,0.0001288940258437019,0.5841501326842317,3.1046118059899906e-09,up,7.4094804302907225,0.5841501326842317
ENSG00000169762,TAPT1,-0.4162297906230417,1.368717875414561e-05,-0.22383300487747332,7.761813982544504e-08,down,-7.408934638651347,0.22383300487747332
ENSG00000126218,F10,0.4342567558632534,0.0196499331053921,0.8217363948090163,6.162628179770005e-14,up,7.408808281521261,0.4342567558632534
ENSG00000175183,CSRP2,-0.6287739524021044,0.00012350198561780667,-0.3158034331711674,3.3750508698133618e-09,down,-7.407824083209371,0.3158034331711674
ENSG00000102977,ACD,0.515935000819926,4.588937241160408e-06,0.4639311040009895,3.0797874714029316e-07,up,7.4077401299495005,0.4639311040009895
ENSG00000104517,UBR5,-0.44882890344534465,0.00010070185195173955,-0.35965413417090797,4.749693909919916e-09,down,-7.405789001607573,0.35965413417090797
ENSG00000175197,DDIT3,0.39427431467229196,0.0016208518903738387,0.405299882953252,3.28943706330304e-11,up,7.404978437325262,0.39427431467229196
ENSG00000168826,ZBTB49,0.3527404045133337,0.013443530022853705,0.2904916466857978,2.113802615191173e-13,up,7.395682104141277,0.2904916466857978
ENSG00000134759,ELP2,0.5683289440670117,7.3359274687732e-10,0.08918901743921254,0.0008246658302764401,up,7.3951994748650245,0.08918901743921254
ENSG00000160226,C21orf2,0.6832394012699978,4.626209833421596e-09,0.3958225490965918,0.00022764082730630577,up,7.395102459344991,0.3958225490965918
ENSG00000147010,SH3KBP1,-0.9938601531861034,2.087515140283883e-08,-0.2122360761340203,7.141112872488889e-05,down,-7.394108661907057,0.2122360761340203
ENSG00000034713,GABARAPL2,0.33269317229281764,1.1145012815337505e-05,0.1722464291008646,1.1592023747495078e-07,up,7.3923878778658265,0.1722464291008646
ENSG00000119950,MXI1,-0.2975142513052312,0.005946434760973365,-0.317162713378213,1.9737978041156156e-12,down,-7.388444589461111,0.2975142513052312
ENSG00000235997,AC109642.1,0.6862534767485703,0.0009627264759427659,0.4979559962647985,1.1358421760589352e-10,up,7.387801423572379,0.4979559962647985
ENSG00000272760,RP11-5C23.1,0.3116734819558682,0.030160576359522084,0.3811147942539647,2.0183581436158248e-14,up,7.387034496189145,0.3116734819558682
ENSG00000019144,PHLDB1,0.6026894476340592,1.593129723706558e-05,0.20955726646486142,7.676294102457622e-08,up,7.385805853693091,0.20955726646486142
ENSG00000171100,MTM1,-0.4199686366707194,0.012622180774483184,-0.5493628631894779,2.8228489397236076e-13,down,-7.384988283168829,0.4199686366707194
ENSG00000186827,TNFRSF4,0.7776453300055484,0.01267522800740282,1.5654244417070737,2.8106150568735974e-13,up,7.384412298766682,0.7776453300055484
ENSG00000005194,CIAPIN1,-0.20524022458465668,0.011235890392131454,-0.24084829531853175,4.0577206547515594e-13,down,-7.381951137987494,0.20524022458465668
ENSG00000258708,SLC25A21-AS1,0.2626081224129262,0.008177571945355407,0.4382333733968696,9.456679172708788e-13,up,7.381730766669308,0.2626081224129262
ENSG00000104870,FCGRT,0.9610030235451082,7.575768081399638e-09,0.3843442484488083,0.00017207846170571602,up,7.3786431302205076,0.3843442484488083
ENSG00000136003,ISCU,0.2748533387262728,0.0020763581082958306,0.250531774981327,2.5463185404884937e-11,up,7.376573301007181,0.250531774981327
ENSG00000125122,LRRC29,0.5276896291249138,4.835953119712972e-06,0.6338310640122349,3.687604818977869e-07,up,7.375181118390955,0.5276896291249138
ENSG00000170891,CYTL1,0.3751653889142033,0.009686975604225904,0.827488388817074,6.540069533279083e-13,up,7.374433265006884,0.3751653889142033
ENSG00000143847,PPFIA4,0.6638775822354895,0.001353421713642342,0.4910693307498877,6.552212079967761e-11,up,7.372585505653789,0.4910693307498877
ENSG00000131931,THAP1,-0.5584077901736737,2.874174729892651e-07,-0.25091678386447586,7.960756182729157e-06,down,-7.372470977668111,0.25091678386447586
ENSG00000127083,OMD,1.001043650688746,0.0003312485598969828,0.6710021608172326,9.088070925286936e-10,up,7.371698451056154,0.6710021608172326
ENSG00000075651,PLD1,-0.45787759277967843,0.00019443785806307572,-0.31071922601290214,2.2428188877073156e-09,down,-7.370437738905417,0.31071922601290214
ENSG00000183397,C19orf71,0.665638688496488,5.07715991915545e-07,0.7218233009372855,4.572106908480349e-06,up,7.370437153636494,0.665638688496488
ENSG00000162783,IER5,0.8738132694636562,7.696821592061233e-05,0.34807756584219895,9.835205651119677e-09,up,7.3672016146703045,0.34807756584219895
ENSG00000197044,ZNF441,0.5823367402138914,1.7794600244447763e-05,0.4830048521286853,7.797132832864846e-08,up,7.365146788503807,0.4830048521286853
ENSG00000149534,MS4A2,0.2044591253265185,0.044839860031848255,1.3286479506019595,6.842876157585591e-15,up,7.362835058465904,0.2044591253265185
ENSG00000001497,LAS1L,0.30816579361259283,2.2992942915665143e-05,0.15885742878519715,5.7298674945909106e-08,up,7.361879407587165,0.15885742878519715
ENSG00000006327,TNFRSF12A,1.3923512507199358,0.001473299695876238,0.7727211378582113,6.120178968321255e-11,up,7.360563128752874,0.7727211378582113
ENSG00000144815,NXPE3,-0.23000537423269804,0.00988274775097825,-0.3987113438868602,7.175590159280037e-13,down,-7.36023162052677,0.23000537423269804
ENSG00000235706,DICER1-AS1,0.3743896285843753,0.00035103178718445273,0.4275840254116534,9.263853442056327e-10,up,7.357625714561166,0.3743896285843753
ENSG00000164134,NAA15,-0.2592213598956214,0.03675986735493205,-0.3840963101109354,1.4504812801599765e-14,down,-7.3570461950211605,0.2592213598956214
ENSG00000270996,RP11-342K6.4,0.39253544881226277,1.2478512948418882e-06,0.516662118832445,1.9905121200291635e-06,up,7.357002399053632,0.39253544881226277
ENSG00000162337,LRP5,0.7527375391839011,7.774923436729927e-07,0.39250936047700075,3.27680770695078e-06,up,7.356266626156317,0.39250936047700075
ENSG00000162591,MEGF6,0.9164729411319021,1.105093328953945e-05,0.6882125628993857,1.5420220167253686e-07,up,7.356202400947945,0.6882125628993857
ENSG00000169239,CA5B,0.3730211311262357,0.014467821498880823,0.4097812278622592,2.6332399365090657e-13,up,7.355089627223284,0.3730211311262357
ENSG00000154415,PPP1R3A,-0.9981322696702677,4.786014200320778e-07,-0.4018475175801513,5.455132123968766e-06,down,-7.3529939961906186,0.4018475175801513
ENSG00000184154,LRTOMT,0.44653512915294785,0.00074591673482587,0.3338885027639385,2.5544177553475903e-10,up,7.351176540529464,0.3338885027639385
ENSG00000243819,RN7SL832P,0.4145235001123801,0.0030366411511686055,0.6545808699396591,1.3985453157706912e-11,up,7.350257001572414,0.4145235001123801
ENSG00000163605,PPP4R2,-0.2858345338719406,0.033925048875708644,-0.5332022229618713,2.0777600125616747e-14,down,-7.34800795677834,0.2858345338719406
ENSG00000241684,ADAMTS9-AS2,0.4439903123767985,3.3263218334291007e-06,0.4966074120853279,6.9526167065646e-07,up,7.347076357820411,0.4439903123767985
ENSG00000273056,RP11-77E14.2,-0.3848018344534182,5.244461620006092e-05,-0.6993657736774562,2.0615318568105297e-08,down,-7.3467539325628755,0.3848018344534182
ENSG00000182899,RPL35A,0.6064805033826656,3.280347817932971e-09,0.21922110716525775,0.0003847611801810819,up,7.3444938832878774,0.21922110716525775
ENSG00000131080,EDA2R,0.7735431694831544,0.0006306818091708428,0.690544632727216,3.699465290320388e-10,up,7.343630594401541,0.690544632727216
ENSG00000254901,MEF2BNB,0.43818072076098796,3.7295780869467005e-07,0.2796372311748594,7.484511859092845e-06,up,7.342745429827687,0.2796372311748594
ENSG00000171617,ENC1,0.5093269649848778,0.02794300586409532,0.5768401089895534,4.206464753123481e-14,up,7.342548290469888,0.5093269649848778
ENSG00000132780,NASP,-0.22288320800474284,0.02826896999127872,-0.20330464329595652,4.142776035480731e-14,down,-7.340247465402095,0.20330464329595652
ENSG00000111652,COPS7A,0.4782110580976913,8.433416141076994e-09,0.11711976864682937,0.0001972095923104574,up,7.339332354393439,0.11711976864682937
ENSG00000173992,CCS,0.4781907083128228,7.917446721444914e-07,0.4831866642729579,3.627035986629471e-06,up,7.338592561017101,0.4781907083128228
ENSG00000183571,PGPEP1L,0.517123949220912,0.005929107824255296,0.970402818077784,3.3998980314511813e-12,up,7.3351151471245455,0.517123949220912
ENSG00000167964,RAB26,0.4365167653229483,0.006475313041168524,0.8471170289739915,2.797797029254983e-12,up,7.332851578422532,0.4365167653229483
ENSG00000156958,GALK2,-0.15033385827938478,0.04659942011652135,-0.29252171459873094,8.489126105513576e-15,down,-7.330287073947698,0.15033385827938478
ENSG00000152422,XRCC4,-0.4491702409000592,0.04972364506501939,-0.6344278222421031,6.879649469853144e-15,down,-7.329205094188469,0.4491702409000592
ENSG00000256884,RP11-64B16.3,0.2639247688110888,0.005919598723956321,0.8125970383699938,3.6333450881854723e-12,up,7.328789796664857,0.2639247688110888
ENSG00000105325,FZR1,0.474763314091113,7.262891041382663e-05,0.4679235234810479,1.4997539973410642e-08,up,7.327989020961166,0.4679235234810479
ENSG00000149212,SESN3,0.4939547746889591,0.004186728049835378,0.5615864926389517,8.74340628447305e-12,up,7.324827315122045,0.4939547746889591
ENSG00000140553,UNC45A,0.4666472988812362,8.44866622798545e-06,0.2581549321592943,2.761602957847916e-07,up,7.323320872181037,0.2581549321592943
ENSG00000260896,RP11-314O13.1,0.21214408247158514,0.025104614656463232,0.6434819569266367,7.229308446591732e-14,up,7.32280048617817,0.21214408247158514
ENSG00000110628,SLC22A18,0.9251792360009657,4.946070764749658e-07,0.592336734438236,6.489313712765266e-06,up,7.322003780831672,0.592336734438236
ENSG00000176490,DIRAS1,-0.5695033281774058,6.715861821905556e-05,-0.3855675528709022,1.7745898806684827e-08,down,-7.320780147227384,0.3855675528709022
ENSG00000244486,SCARF2,0.7148568726895393,0.00027196552015948714,0.8589336384382514,1.9851311343961324e-09,up,7.320583434396579,0.7148568726895393
ENSG00000240771,ARHGEF25,0.2967192278570886,0.0432291018756909,0.34755426242352505,1.23752742344961e-14,up,7.320520510223733,0.2967192278570886
ENSG00000251257,CTD-2263F21.1,-0.9244823426563218,0.0008398513530930141,-1.0451276069430846,2.7956242698773203e-10,down,-7.3173345732168285,0.9244823426563218
ENSG00000270246,SNORD109A,-0.7824199778834553,9.63566118975135e-07,-0.9994368804875376,3.4181142408002737e-06,down,-7.316847970750853,0.7824199778834553
ENSG00000228436,RP5-864K19.4,0.6734518852384617,0.0003923821520544915,0.5517291824734694,1.1024961226841773e-09,up,7.31623828887981,0.5517291824734694
ENSG00000138347,MYPN,0.6348430880043003,0.00011217197614437037,0.39915926789507605,8.648301635295404e-09,up,7.313923063459775,0.39915926789507605
ENSG00000272902,RP11-299H21.1,0.17412069198494964,0.010635498010555048,0.43682913877950785,9.477901789062694e-13,up,7.313615056450808,0.17412069198494964
ENSG00000100994,PYGB,0.6047653327947309,2.9730666482306146e-06,0.29569948158203585,1.018998596598859e-06,up,7.312388574935284,0.29569948158203585
ENSG00000167657,DAPK3,0.6139304105807594,0.000467347953286012,0.5692756246463594,8.452203841716479e-10,up,7.3117445573727196,0.5692756246463594
ENSG00000099337,KCNK6,0.744547969952492,0.00048525224248471935,0.43794029248500493,7.939708196292216e-10,up,7.311411785388925,0.43794029248500493
ENSG00000171097,CCBL1,-0.327190658983774,0.0008023338590681877,-0.3371945179181041,3.2625485398735976e-10,down,-7.3089861684693975,0.327190658983774
ENSG00000111729,CLEC4A,0.7094773833531443,1.0674277414837468e-05,0.3734996830085575,2.2939524354968114e-07,up,7.308894749255911,0.3734996830085575
ENSG00000117600,LPPR4,0.23219512246798982,0.04772777765584216,1.061200090027861,1.0088402402818177e-14,up,7.307273542215811,0.23219512246798982
ENSG00000271780,RP11-1017G21.5,0.3267708399302662,0.011831151101469763,0.6585938567013068,7.998292025423602e-13,up,7.302673374210155,0.3267708399302662
ENSG00000172775,FAM192A,-0.3970062147681261,1.508191296136767e-08,-0.07412945747644789,0.0001558412425848165,down,-7.301046256717831,0.07412945747644789
ENSG00000173209,AHSA2,0.4027800688444453,0.00205552710684776,0.3240051392898862,5.36013871289002e-11,up,7.300253392330598,0.3240051392898862
ENSG00000011405,PIK3C2A,-0.36157657608729366,0.028164054828885416,-0.8339975676905766,6.430798813985431e-14,down,-7.299925868598809,0.36157657608729366
ENSG00000178188,SH2B1,0.36325950982599986,0.0003263310125140504,0.3250744160475764,1.7758156618704602e-09,up,7.2981002749419615,0.3250744160475764
ENSG00000272973,KB-1125A3.11,0.2923068990204013,0.02203930000937622,0.7391024613733873,1.3994911908482376e-13,up,7.297786720479978,0.2923068990204013
ENSG00000181997,AQP7P2,-0.4213358615477454,0.03080636877687057,-0.9238651304035861,4.974691143430388e-14,down,-7.296833956890621,0.4213358615477454
ENSG00000007944,MYLIP,0.6009372800067695,4.895541869170679e-06,0.2794744659466066,6.600994846296537e-07,up,7.293591875311086,0.2794744659466066
ENSG00000231367,AC016995.3,0.2560057596879898,0.04475152120605248,1.0191738391162035,1.4929016960407683e-14,up,7.292619242076188,0.2560057596879898
ENSG00000124097,HMGB1P1,0.4263828028034487,0.0014768577293477402,0.48220721388364896,1.1552243438458338e-10,up,7.292054556549803,0.4263828028034487
ENSG00000112511,PHF1,0.4072637565791019,0.0014180627719000247,0.2704684010035319,1.266647845842176e-10,up,7.291143104120406,0.2704684010035319
ENSG00000203791,METTL10,0.25927105363346853,0.0022988078041508804,0.301949703988766,4.7613838632428715e-11,up,7.28722809585799,0.25927105363346853
ENSG00000250182,EEF1A1P13,0.532337600581224,0.0053269050281183885,0.5022737666435968,7.188722755183932e-12,up,7.286358179847814,0.5022737666435968
ENSG00000187837,HIST1H1C,-0.7981449084186384,2.343669262526978e-06,-0.4902079111072508,1.612835556271597e-06,down,-7.2852289356216735,0.4902079111072508
ENSG00000136490,LIMD2,0.5242067961977293,0.011531784050351778,0.8965948697373586,1.0406439388173976e-12,up,7.283508197168015,0.5242067961977293
ENSG00000197568,HHLA3,0.31238973588111996,0.02492473694962268,0.5787384519403971,1.1218193662660632e-13,up,7.2834148051573075,0.31238973588111996
ENSG00000242732,RGAG4,0.26189520223338236,0.01882001476775803,0.3534290208730268,2.6360014933620144e-13,up,7.283179497161797,0.26189520223338236
ENSG00000011198,ABHD5,-0.212116157939155,0.0351635826339894,-0.6512436742417913,3.73495091612938e-14,down,-7.283058286272983,0.212116157939155
ENSG00000124370,MCEE,-0.3012782127285891,0.002781623130846277,-0.2866809675520404,3.292962006211122e-11,down,-7.2815489482637314,0.2866809675520404
ENSG00000234745,HLA-B,0.6295492720283521,0.0003432859182775829,0.4402311097093327,1.8907097294815172e-09,up,7.280327281834782,0.4402311097093327
ENSG00000114030,KPNA1,-0.5286244775529365,4.321340881058027e-05,-0.24820842475526228,4.642886374240888e-08,down,-7.278993322071212,0.24820842475526228
ENSG00000226948,RPS4XP2,1.0005415921077931,7.746394259017946e-10,0.3473479738593614,0.0014290990742121174,up,7.276651012112591,0.3473479738593614
ENSG00000089195,TRMT6,-0.30459941244494093,0.0010483743937173475,-0.24317180730890617,2.78893776319662e-10,down,-7.271095284327301,0.24317180730890617
ENSG00000125409,TEKT3,0.2884718726727207,0.04605209511248411,0.7532500100878421,1.7155145888651642e-14,up,7.270516178741053,0.2884718726727207
ENSG00000170807,LMOD2,0.8280444815171281,3.274165305637052e-05,0.38288437126165614,7.308504952772745e-08,up,7.2695448677661245,0.38288437126165614
ENSG00000132600,PRMT7,0.32739079367083634,6.387749066709347e-05,0.29484976300741883,2.8982920176647086e-08,up,7.269226280588672,0.29484976300741883
ENSG00000260521,CTD-2576F9.1,0.73600603657567,4.939310762216296e-09,0.5727851475126572,0.00042766744292205207,up,7.267127726896938,0.5727851475126572
ENSG00000235847,LDHAP7,-1.0741499792525775,4.811391646037122e-07,-0.6529909929022572,9.522013630777091e-06,down,-7.266950061508062,0.6529909929022572
ENSG00000227155,RP11-165F24.3,0.9590148303049965,4.4915999059752457e-08,0.48248955138388294,8.105298678626092e-05,up,7.266629808011884,0.48248955138388294
ENSG00000134697,GNL2,-0.5009008800646353,0.0004366121741330823,-0.22350682502217675,1.4153498825649677e-09,down,-7.266490382383887,0.22350682502217675
ENSG00000168556,ING2,-0.5790894838984498,3.4502193726649424e-05,-0.2821528185056279,7.021167165684654e-08,down,-7.265585559799905,0.2821528185056279
ENSG00000223478,RP11-545E17.3,-0.3691851345256264,0.0011720836818993265,-0.649012807077608,2.3657694610273806e-10,down,-7.264782337553296,0.3691851345256264
ENSG00000122986,HVCN1,-0.4015935656804818,0.005676284034269106,-0.39732219919790285,7.593551877747042e-12,down,-7.264676635263325,0.39732219919790285
ENSG00000110844,PRPF40B,0.25663653421922633,0.0013667816697375068,0.2604420483223919,1.7449579824208918e-10,up,7.264475865995925,0.25663653421922633
ENSG00000120992,LYPLA1,-0.4406219278280259,0.0005015173095321516,-0.5886365174019995,1.182495148901009e-09,down,-7.259288263768063,0.4406219278280259
ENSG00000185418,TARSL2,-0.5579558020232938,7.11385114047552e-07,-0.1696395822920763,6.867114108212769e-06,down,-7.259264423313826,0.1696395822920763
ENSG00000107815,C10orf2,-0.2923429973358704,0.005707203574503581,-0.2662074064882516,8.012036249962749e-12,down,-7.257974979521494,0.2662074064882516
ENSG00000127419,TMEM175,0.4191963147835484,6.595535175141483e-05,0.42087248046912273,3.1097352913070915e-08,up,7.25463260454716,0.4191963147835484
ENSG00000102572,STK24,-0.37597927142640936,3.6222492753283967e-06,-0.1054910579362354,1.223792418231222e-06,down,-7.254032994350579,0.1054910579362354
ENSG00000162714,ZNF496,0.18591515570804226,0.006492376995694183,0.15415365175902454,6.05317368911096e-12,up,7.253969432440964,0.15415365175902454
ENSG00000184635,ZNF93,-0.2523470030769416,0.0030676256928309233,-0.43448418701197344,3.5118539981677414e-11,down,-7.251973331637457,0.2523470030769416
ENSG00000259460,RP11-128A17.1,0.2910889617888979,0.013718060878216344,0.7338748758835338,9.091449202399414e-13,up,7.249677937458333,0.2910889617888979
ENSG00000188290,HES4,1.0963018699517952,5.01519295990505e-08,0.6141605626277278,8.100663372364025e-05,up,7.24908316022227,0.6141605626277278
ENSG00000155066,PROM2,0.47723827132223406,0.00018052324846608118,0.403450321618926,7.1826464231049275e-09,up,7.246648084513312,0.403450321618926
ENSG00000214063,TSPAN4,0.7883280167137161,9.265469750531377e-08,0.5165450833212634,5.115356222080405e-05,up,7.2376898077621314,0.5165450833212634
ENSG00000100422,CERK,-0.31667535755402276,0.003005370216128466,-0.2275309457903137,4.214937214573072e-11,down,-7.2373649145918915,0.2275309457903137
ENSG00000221944,TIGD1,0.246234440134597,0.005825696964046177,0.3057928911877803,9.3863941453063e-12,up,7.236684308162075,0.246234440134597
ENSG00000135334,AKIRIN2,0.402354954387984,1.976435799454599e-05,0.18615766469023146,1.829629997726296e-07,up,7.236070843432139,0.18615766469023146
ENSG00000109072,VTN,0.9788418342294207,4.733906053532749e-05,0.5369477946615316,5.871479380886957e-08,up,7.233261803742497,0.5369477946615316
ENSG00000111678,C12orf57,0.6350683158740827,1.6888328049837067e-08,0.4862287846819014,0.00021119269359226125,up,7.230209944057878,0.4862287846819014
ENSG00000078114,NEBL,-1.19707269278269,1.057552133415659e-10,-0.19775368738988056,0.005449615264414871,down,-7.228383481476904,0.19775368738988056
ENSG00000177189,RPS6KA3,-0.6409844667149396,3.296600992739887e-06,-0.3993025253088447,1.6540242105312854e-06,down,-7.226498248398976,0.3993025253088447
ENSG00000166987,MBD6,0.7438327524801737,8.4574732684073e-09,0.1682436251180671,0.00037105188490913475,up,7.221399144272043,0.1682436251180671
ENSG00000183569,SERHL2,0.2972075999441515,0.02917980469699915,0.5486423801317369,1.341102645429109e-13,up,7.219917895808394,0.2972075999441515
ENSG00000196371,FUT4,0.36107669400198844,0.00020817130024301428,0.30753717002201375,7.206430699791055e-09,up,7.219163230985476,0.30753717002201375
ENSG00000136878,USP20,0.4126955671766663,0.0005525232371412586,0.3442568781627004,1.4350986555493706e-09,up,7.218110346862785,0.3442568781627004
ENSG00000153786,ZDHHC7,-0.3466988865082583,1.1049188273129456e-06,-0.11102513070380665,5.799568637307794e-06,down,-7.217569764135533,0.11102513070380665
ENSG00000114544,SLC41A3,-0.2237089176485181,0.014512715738285444,-0.2269787963295862,1.088219552129826e-12,down,-7.216826388347763,0.2237089176485181
ENSG00000124641,MED20,-0.2644945894544654,0.003141666552399376,-0.2609178702360028,4.717425686895821e-11,down,-7.215035559248519,0.2609178702360028
ENSG00000175749,EIF3KP1,0.7914592706985486,9.826302919504766e-10,0.42739856740389187,0.0016754568106317977,up,7.212185804392859,0.42739856740389187
ENSG00000223396,RPS10P7,0.4468255004680345,2.095033424468864e-05,0.4507744716186553,2.0372376297486572e-07,up,7.21158161474796,0.4468255004680345
ENSG00000003402,CFLAR,-0.2296149971387209,0.006551651605994821,-0.3444876485001966,9.113209261479567e-12,down,-7.210242625904772,0.2296149971387209
ENSG00000103269,RHBDL1,0.45905759604810903,1.8308765879674057e-05,0.8154466103575566,2.4423465057023146e-07,up,7.209934562008365,0.45905759604810903
ENSG00000102038,SMARCA1,-0.32068719120430433,0.0011223191943427028,-0.28056158782743557,4.2931568961648795e-10,down,-7.207546755675827,0.28056158782743557
ENSG00000237176,RP11-813P10.2,0.8183835817442049,8.234201769019843e-06,0.5798915176072182,6.701251880536098e-07,up,7.206434603859506,0.5798915176072182
ENSG00000083520,DIS3,-0.40999008139012955,0.00010910078131588452,-0.2955735444331953,2.2076383720384513e-08,down,-7.204880850998388,0.2955735444331953
ENSG00000143178,TBX19,0.23015229263627862,0.017405372326320674,0.4499022620537943,7.479313806586445e-13,up,7.20407700913015,0.23015229263627862
ENSG00000119929,CUTC,-0.21671772931541697,0.04319829396020596,-0.3105798263637531,4.5754747958978417e-14,down,-7.200576090240623,0.21671772931541697
ENSG00000109572,CLCN3,-0.7432333345534372,9.72461275792599e-07,-0.31062032448708876,7.370220050386582e-06,down,-7.200016097222639,0.31062032448708876
ENSG00000101470,TNNC2,0.40931311371458007,0.002258299979855785,0.8914022663540845,1.1301040281775356e-10,up,7.199033497017779,0.40931311371458007
ENSG00000094916,CBX5,-0.8588935514667969,1.829471040537696e-12,-0.05826475421624536,0.04231907437261039,down,-7.197617739673646,0.05826475421624536
ENSG00000132323,ILKAP,0.31658101939642475,1.806646610427592e-05,0.23451022494406712,2.842896918227254e-07,up,7.192099613039193,0.23451022494406712
ENSG00000163633,C4orf36,0.2374750857837848,0.009651088123622293,0.41193047665928983,4.2066584375134406e-12,up,7.190859532735257,0.2374750857837848
ENSG00000257267,ZNF271,-0.40003310622960675,7.4339197852919e-05,-0.16676451445181253,4.341801865690166e-08,down,-7.1904771419928855,0.16676451445181253
ENSG00000071246,VASH1,0.4108214500176886,0.025776639612424025,0.3396962651900657,2.7082826123429777e-13,up,7.189835405325843,0.3396962651900657
ENSG00000198400,NTRK1,0.47672409795169685,0.02086859103646002,0.8421046121216617,5.225158206350692e-13,up,7.187642404298573,0.47672409795169685
ENSG00000100302,RASD2,-0.3989397891205895,0.005062374099473314,-0.4558294128386344,2.157615697192068e-11,down,-7.185569716582207,0.3989397891205895
ENSG00000175581,MRPL48,-0.5895678894096703,1.6495552281708015e-06,-0.2278931292894621,4.729980522756668e-06,down,-7.182719963100585,0.2278931292894621
ENSG00000117691,NENF,0.5745999784653413,4.458454602572437e-08,0.35846719183378273,0.00013345131062352284,up,7.181169564223029,0.35846719183378273
ENSG00000197635,DPP4,-0.7866321809164771,5.218653032274577e-05,-0.4451522542549306,7.71555192076908e-08,down,-7.181088218408192,0.4451522542549306
ENSG00000214114,MYCBP,-0.27059659687014037,0.03979309664981782,-0.3485808680077609,7.471350715570531e-14,down,-7.180395086130939,0.27059659687014037
ENSG00000153904,DDAH1,0.901148779706008,0.0002523493657528075,0.5062708341547456,7.335440276123067e-09,up,7.17991086269671,0.5062708341547456
ENSG00000269903,RP11-571M6.18,0.4991944010358242,7.858252002769911e-05,0.5352553054995243,4.372267802913561e-08,up,7.1790389831518135,0.4991944010358242
ENSG00000235160,AC009878.2,-0.8918811342875969,0.0004155484783102181,-1.2138538646896433,3.3630194673536736e-09,down,-7.175010269057623,0.8918811342875969
ENSG00000177463,NR2C2,-0.436013497253536,0.002505519013312674,-0.657509926449534,1.1589323589538366e-10,down,-7.171742067188159,0.436013497253536
ENSG00000228839,RP3-400N23.6,0.4021042102712066,0.005456254602565738,0.7059754863390959,2.068998139956298e-11,up,7.170919975341016,0.4021042102712066
ENSG00000104518,GSDMD,0.9217340420985977,2.2227171435801715e-07,0.48735883101881694,3.604343658397096e-05,up,7.170698848251534,0.48735883101881694
ENSG00000160679,CHTOP,0.34175093658603195,0.00016805678456959552,0.15596843698442006,1.5092625022107574e-08,up,7.170310290465853,0.15596843698442006
ENSG00000052723,SIKE1,-0.36081295011793846,5.984197474904177e-05,-0.24113004780285927,6.9845093369887e-08,down,-7.169498018787122,0.24113004780285927
ENSG00000148450,MSRB2,0.45777587737688774,8.057790523396706e-08,0.32146173186850496,8.692454433169584e-05,up,7.168139329102927,0.32146173186850496
ENSG00000178252,WDR6,0.32848191323449183,0.0004871875783185967,0.23787439380547115,2.7488993933909916e-09,up,7.167607483500578,0.23787439380547115
ENSG00000110455,ACCS,0.7105414921611919,0.0004987143501790191,0.4017625857412591,2.6585412861665844e-09,up,7.166693711044257,0.4017625857412591
ENSG00000263563,UBBP4,0.22903724748584012,0.006786372202221621,0.6132242653977207,1.2796457165724063e-11,up,7.1661020897801,0.22903724748584012
ENSG00000164164,OTUD4,-0.3897755242393435,0.001875130852289316,-0.5891746433651592,2.2923217694664905e-10,down,-7.164202565176587,0.3897755242393435
ENSG00000189129,PLAC9,1.0448613794372954,1.6134837707340905e-06,0.7360253644352422,5.5300148629529895e-06,up,7.163665427644944,0.7360253644352422
ENSG00000197892,KIF13B,0.5909308008327584,7.365563439029792e-08,0.13416981906652942,9.651298201736584e-05,up,7.162165069079945,0.13416981906652942
ENSG00000152128,TMEM163,0.3296596660354442,0.01134104095231331,0.756190539235539,3.7073795087806454e-12,up,7.161641663502564,0.3296596660354442
ENSG00000254402,LRRC24,0.5866007647119144,7.534122359299248e-07,0.7997510255337027,1.2444958899864603e-05,up,7.15865830421206,0.5866007647119144
ENSG00000170248,PDCD6IP,-0.40776889192515164,0.00010204745396248928,-0.2828015809945854,3.549734763837896e-08,down,-7.157542466378316,0.2828015809945854
ENSG00000119866,BCL11A,-0.5884052018219553,0.00027306844937323476,-0.3444182092509427,7.917488152392243e-09,down,-7.156085411019032,0.3444182092509427
ENSG00000223547,ZNF844,0.30912880079969285,0.02112259659893003,0.40320062015321373,7.058662007207474e-13,up,7.155345316874989,0.30912880079969285
ENSG00000177380,PPFIA3,0.7412312204438815,2.5330902366740407e-08,0.41891132984556323,0.00023670916417441485,up,7.155135039362944,0.41891132984556323
ENSG00000143643,TTC13,-0.6141024984137191,2.424959286054153e-06,-0.16928740147885593,3.798228797171994e-06,down,-7.1549365992018235,0.16928740147885593
ENSG00000214264,RP11-356J5.5,-0.5530958260011981,1.1489726739793154e-07,-0.6192690029220463,6.996871725394637e-05,down,-7.154095330006425,0.5530958260011981
ENSG00000196636,ACN9,-0.2699692451759295,0.01092757669427944,-0.3551356069923523,4.451196808376035e-12,down,-7.152880705704737,0.2699692451759295
ENSG00000196810,CTBP1-AS2,0.5161091155330895,4.7174457870084904e-05,0.1642741485525224,1.1118505906622158e-07,up,7.151683852753116,0.1642741485525224
ENSG00000272275,RP11-791G15.2,-0.4902203439125785,0.011528011367589474,-0.7849281415404975,3.942038032299809e-12,down,-7.151116223583401,0.4902203439125785
ENSG00000101557,USP14,-0.18151831954388528,0.044505896011218155,-0.27121410661155254,7.045160394796775e-14,down,-7.1505365685375875,0.18151831954388528
ENSG00000132781,MUTYH,0.2806456887039652,0.002311869177853711,0.329895901062677,1.719131905787601e-10,up,7.147644095917063,0.2806456887039652
ENSG00000169299,PGM2,-0.4054540184123213,0.004989963746438252,-0.40348562800759386,3.2053351726051156e-11,down,-7.147421311674181,0.40348562800759386
ENSG00000156042,TTC18,0.4741974096230903,0.0010724597879414692,0.480292211722072,8.072377956926574e-10,up,7.146788313586898,0.4741974096230903
ENSG00000128917,DLL4,0.8958225298094642,3.4072032705084974e-07,0.29779354757308507,2.842022669071345e-05,up,7.1450764640770315,0.29779354757308507
ENSG00000213588,ZBTB9,0.21696303351214907,0.008701853161311814,0.2340623220113841,8.58409537297337e-12,up,7.145043989896609,0.21696303351214907
ENSG00000127586,CHTF18,0.6140527197253334,1.639329577031857e-05,0.6221586380854954,4.546280289289013e-07,up,7.144806133515192,0.6140527197253334
ENSG00000177103,DSCAML1,0.2073286687701879,0.03709961487494854,0.6940404025093466,1.4348656782208714e-13,up,7.14041966987535,0.2073286687701879
ENSG00000114209,PDCD10,-0.2902771058021803,0.020549598465640164,-0.32611027179960644,9.013923464929534e-13,down,-7.139452458938216,0.2902771058021803
ENSG00000255642,PABPC1P4,0.4623679620461826,0.0001830427088238643,0.4787662485936825,1.7632397623687428e-08,up,7.135190999749746,0.4623679620461826
ENSG00000072818,ACAP1,0.7887865582712981,9.255179390776897e-05,0.6445625899135067,4.920404672428456e-08,up,7.135182347145244,0.6445625899135067
ENSG00000170871,KIAA0232,-0.29299289048935506,0.00114207152771411,-0.2976588073425347,7.909403927395627e-10,down,-7.134753039407309,0.29299289048935506
ENSG00000138678,AGPAT9,0.6158164842654289,0.0028127763358936305,0.4354586098113071,1.2855803221172215e-10,up,7.133415056745614,0.4354586098113071
ENSG00000005486,RHBDD2,0.6807199467466735,2.5330902366740407e-08,0.28714703880973563,0.0002669666203712351,up,7.132638587583442,0.28714703880973563
ENSG00000132646,PCNA,-0.30501527096846415,0.0002525510311133816,-0.20178524254916844,1.1284753052742548e-08,down,-7.127882171935092,0.20178524254916844
ENSG00000099139,PCSK5,0.6115564844017446,1.1913372350121272e-05,0.3152610006915057,7.65971331519238e-07,up,7.125816704676757,0.3152610006915057
ENSG00000213970,RP11-264F23.1,1.6988760790451534,4.88871860075526e-10,0.41098261406106995,0.0038608265332794713,up,7.1218486789099975,0.41098261406106995
ENSG00000056661,PCGF2,0.48428045821117865,5.542163321741547e-08,0.19964677600281328,0.00015537519718894366,up,7.120993099730571,0.19964677600281328
ENSG00000250318,CTA-963H5.5,0.5135135713208314,0.00025685029195756043,0.6260267445187111,1.1741951098554668e-08,up,7.119868307120595,0.5135135713208314
ENSG00000155330,C16orf87,-0.6418825233405218,1.4752189631197064e-06,-0.25898627522040063,8.325614206273612e-06,down,-7.116284382995455,0.25898627522040063
ENSG00000134323,MYCN,0.23029620202384155,0.033000607834059614,0.8863712646100494,2.7209225676793385e-13,up,7.114883060064252,0.23029620202384155
ENSG00000187609,EXD3,0.5397284174030668,1.3378387123742771e-06,0.43252520939720396,9.40288555794267e-06,up,7.1140856790797775,0.43252520939720396
ENSG00000106333,PCOLCE,0.49192066265435774,0.033000607834059614,0.8580927830529221,2.753037639339746e-13,up,7.113801840534996,0.49192066265435774
ENSG00000103202,NME4,0.4593218881114725,1.0128380567517899e-05,0.34909073698707965,1.0285136917311823e-06,up,7.112102169145743,0.34909073698707965
ENSG00000014919,COX15,0.2874681094432588,1.671096253008665e-05,0.14950907241120276,5.682441829807551e-07,up,7.1108455937215815,0.14950907241120276
ENSG00000137055,PLAA,-0.3300980022254612,4.211386780917203e-05,-0.2064593349754033,1.7942887566792347e-07,down,-7.108505692088955,0.2064593349754033
ENSG00000130669,PAK4,0.5391286506327345,5.823834412543925e-06,0.44377494988957933,2.035166950218743e-06,up,7.105384636871944,0.44377494988957933
ENSG00000132128,LRRC41,0.36932970666344234,1.1481082526265417e-06,0.11397055431660595,1.1930177495686163e-05,up,7.100332128728648,0.11397055431660595
ENSG00000138593,SECISBP2L,-0.8853366600112926,9.380787520879459e-08,-0.35602228525138574,0.00011279999455834711,down,-7.09982118340964,0.35602228525138574
ENSG00000145247,OCIAD2,-0.5102015236196996,0.002196419111217232,-0.45837959005678214,2.9886020046203176e-10,down,-7.098545264466504,0.45837959005678214
ENSG00000221886,C5orf54,0.3120396571688152,0.01205197070341153,0.37141535670394143,6.224288957260956e-12,up,7.092440203708937,0.3120396571688152
ENSG00000118495,PLAGL1,0.5655562215965009,0.00044512726115806145,0.5427980044971497,6.06854101495362e-09,up,7.091833015444687,0.5427980044971497
ENSG00000139990,DCAF5,-0.24427247538321206,0.00033201280266249405,-0.24471892441344228,9.835205651119677e-09,down,-7.091641052534857,0.24427247538321206
ENSG00000133131,MORC4,0.28879477742103526,0.024005716622622894,0.35907030481707036,9.351717982175384e-13,up,7.090713973675157,0.28879477742103526
ENSG00000162290,DCP1A,-0.41090742211738035,6.780011198905283e-05,-0.2450760198657182,1.1074503055852007e-07,down,-7.0875003085190285,0.2450760198657182
ENSG00000214575,CPEB1,0.5170189067687513,0.001715164583346551,0.8458017313732591,5.468732231239888e-10,up,7.086779345522282,0.5170189067687513
ENSG00000061676,NCKAP1,-0.26800875508913724,0.01131970107921287,-0.5611709885974336,7.820462789302832e-12,down,-7.086410972615817,0.26800875508913724
ENSG00000100916,BRMS1L,-0.6808500477331212,2.0188889040093656e-05,-0.3457264063467886,5.436125623528163e-07,down,-7.0852391508688495,0.3457264063467886
ENSG00000171109,MFN1,-0.3566868694504514,0.002672450878076216,-0.33176884490202185,2.238479974281705e-10,down,-7.084914429374849,0.33176884490202185
ENSG00000113448,PDE4D,-0.3701394313906474,0.04891750163858624,-0.5246774981127884,1.0284930766587566e-13,down,-7.084908709829714,0.3701394313906474
ENSG00000176971,FIBIN,1.0012701818979521,0.00025223630278755715,0.4396969840674256,1.7078168469159552e-08,up,7.077540299519744,0.4396969840674256
ENSG00000226015,CCT8P1,-0.35621099739284595,3.0060930320740045e-05,-0.38895494359175115,3.5060167957528914e-07,down,-7.077258913208876,0.35621099739284595
ENSG00000106565,TMEM176B,1.0636110091839617,1.5748475614471075e-05,0.5079233478582423,7.767387337586168e-07,up,7.077074948873801,0.5079233478582423
ENSG00000183513,COA5,0.3359443854075427,7.365563439029792e-08,0.10319255929632133,0.0001583199353549134,up,7.075062501149915,0.10319255929632133
ENSG00000141298,SSH2,-0.2387724873366936,0.0012398330340758048,-0.2949914619699957,1.1643601821147682e-09,down,-7.073178601293771,0.2387724873366936
ENSG00000119688,ABCD4,0.30715595264036893,0.001190654334226053,0.23058884714968098,1.2649529465763038e-09,up,7.072369440876369,0.23058884714968098
ENSG00000163637,PRICKLE2,0.5607321778285006,4.296811858108341e-05,0.2506694136672265,2.3088180376483824e-07,up,7.071088553627863,0.2506694136672265
ENSG00000139318,DUSP6,0.7890402828182245,7.136679183696126e-06,0.28364202153330725,2.096538487952726e-06,up,7.068536019896986,0.28364202153330725
ENSG00000163512,AZI2,-0.31448576939278916,0.0019391870720297407,-0.2509630603785758,5.086208439901372e-10,down,-7.067310510796482,0.2509630603785758
ENSG00000119403,PHF19,0.2708031898904055,0.006081097405797238,0.22452599718523172,4.3772156839294025e-11,up,7.064997909717662,0.22452599718523172
ENSG00000166582,CENPV,-0.7948844025838975,0.00016462019698499378,-0.4717621215897345,3.672883940800562e-08,down,-7.0633909510744735,0.4717621215897345
ENSG00000105708,ZNF14,0.2539061812402451,0.003844183312930006,0.25531186221872904,1.2646243296246833e-10,up,7.062911416502712,0.2539061812402451
ENSG00000172893,DHCR7,-0.35402421584089083,0.003137515880544527,-0.35622287345346987,1.9657368019772274e-10,down,-7.0613969711905,0.35402421584089083
ENSG00000163781,TOPBP1,-0.4626813086303503,0.00015421724827697396,-0.35173686928431336,4.20718939176695e-08,down,-7.058424479674665,0.35173686928431336
ENSG00000164403,SHROOM1,0.3904500927618349,0.0011137281769468175,0.2997553478203752,1.6690748316236142e-09,up,7.055120123545969,0.2997553478203752
ENSG00000176171,BNIP3,-0.22453966940746048,0.03190774199584514,-0.39156531216776924,5.694973031573316e-13,down,-7.054039916299213,0.22453966940746048
ENSG00000259287,RP11-3D4.2,-0.400370833802258,0.0023903205337988385,-0.6304797886157941,3.773819977724724e-10,down,-7.052757674229569,0.400370833802258
ENSG00000121892,PDS5A,-0.40845597463863864,0.00022074083239234345,-0.267585996997214,2.612779280799241e-08,down,-7.05141685779001,0.267585996997214
ENSG00000197561,ELANE,-0.2912045872846675,0.010635498010555048,-1.3071584515569088,1.3084336700863705e-11,down,-7.049398172772822,0.2912045872846675
ENSG00000166532,RIMKLB,0.32971443209512064,0.017999808535819874,0.28441285724020515,3.3014918047930857e-12,up,7.048193559133007,0.28441285724020515
ENSG00000196387,ZNF140,0.31291492053050285,0.0003778667767835462,0.18346199196718674,1.1507149321857036e-08,up,7.047712470580897,0.18346199196718674
ENSG00000132906,CASP9,0.17474703986577228,0.03250768993655262,0.30591204477849165,5.911661219365637e-13,up,7.044741040149519,0.17474703986577228
ENSG00000142864,SERBP1,-0.5466068517124245,1.4797222477777322e-07,-0.11835398037334435,0.00010683276485764527,down,-7.044266680308803,0.11835398037334435
ENSG00000272343,RP11-140I16.3,0.5187867636857219,0.0022713952025434697,0.5355302146615171,4.5321750544371205e-10,up,7.044035333836254,0.5187867636857219
ENSG00000156802,ATAD2,-0.4858281502128455,0.037283413876026045,-0.6685253719053462,3.900095067004182e-13,down,-7.043284939429494,0.4858281502128455
ENSG00000153233,PTPRR,0.29932137370312883,0.0215086405085342,0.6357042020740461,2.08293241437085e-12,up,7.042850729255972,0.29932137370312883
ENSG00000239697,TNFSF12,0.3870038228028157,0.0002688936847631301,0.49548345293089613,2.0684397639414358e-08,up,7.042133574978518,0.3870038228028157
ENSG00000261353,CTA-14H9.5,0.5634646951735912,0.002738773544442669,0.5995544302726353,3.1829786059235004e-10,up,7.040189291385282,0.5634646951735912
ENSG00000120594,PLXDC2,0.5677609864906071,0.007269305520108877,0.4536601185582927,3.63875842877324e-11,up,7.039720075000122,0.4536601185582927
ENSG00000125652,ALKBH7,0.8708114946740099,2.9690620376100995e-09,0.5141187336340579,0.001913704211356353,up,7.039441141964026,0.5141187336340579
ENSG00000112874,NUDT12,-0.36439700219773286,0.0033223717116197034,-0.4633031725041511,2.1925452423048113e-10,down,-7.036119724586326,0.36439700219773286
ENSG00000198604,BAZ1A,-0.47215147914312416,0.014343236636608032,-0.47217807336894074,6.8601590748459635e-12,down,-7.035901499869153,0.47215147914312416
ENSG00000236312,RPL34P34,1.3078067982041983,1.3756452208090584e-09,0.3654402688841084,0.003116526517019803,up,7.03554695637178,0.3654402688841084
ENSG00000107282,APBA1,0.40200714483462313,0.015694829852145604,0.5074381559547092,5.590067742444711e-12,up,7.031595404232273,0.40200714483462313
ENSG00000228887,EEF1DP1,1.0528653032355286,4.416711467997999e-11,0.28557165155549524,0.019197316943824063,up,7.0306566195666385,0.28557165155549524
ENSG00000176723,ZNF843,0.4279789713772882,1.4845093180294436e-05,0.4841372610383563,1.1694910010291056e-06,up,7.029910133466047,0.4279789713772882
ENSG00000124570,SERPINB6,-0.3737915121031668,2.3407785119577152e-07,-0.24277104220023293,8.116098946341049e-05,down,-7.0261788563915,0.24277104220023293
ENSG00000143457,GOLPH3L,-0.35921809179663383,3.9577572613587166e-05,-0.19528351043717315,3.583881463358374e-07,down,-7.026172658050403,0.19528351043717315
ENSG00000197930,ERO1L,-0.37746367371527967,0.012755639504179479,-0.3335325664883998,1.0398091546946553e-11,down,-7.024408209519146,0.3335325664883998
ENSG00000144847,IGSF11,-0.5085601498468967,0.000567977671477489,-0.5868953131435283,7.248695235655153e-09,down,-7.021973082679737,0.5085601498468967
ENSG00000129991,TNNI3,0.42570384336779754,0.0053744577056620965,0.5976955800718275,8.769387401618252e-11,up,7.021950599497446,0.42570384336779754
ENSG00000143369,ECM1,0.6873753808053851,0.0004914300362067885,0.41139527276152843,9.241996002555566e-09,up,7.0217060558671545,0.41139527276152843
ENSG00000163531,NFASC,0.36321603520759027,0.018887375683315975,0.4864208813481836,3.7598081791001744e-12,up,7.021465040964708,0.36321603520759027
ENSG00000264364,DYNLL2,0.42813170074705226,3.3662619556952884e-07,0.15226246884967595,6.072250498240558e-05,up,7.021231496128204,0.15226246884967595
ENSG00000272143,FGF14-AS2,0.37283844894506535,0.007396804679953307,0.40538709866100764,4.176364409058649e-11,up,7.020933314221031,0.37283844894506535
ENSG00000162636,FAM102B,0.5012577755837988,0.0070733477530585944,0.4786170526486,4.711245247663724e-11,up,7.019331619539597,0.4786170526486
ENSG00000148248,SURF4,-0.33710010940186247,3.5858050327588384e-05,-0.15266493249950325,4.3951477236919746e-07,down,-7.016057472943318,0.15266493249950325
ENSG00000273081,RP4-813F11.4,0.2656150905055731,0.0011104191200545636,0.369139724217946,2.3730584578652042e-09,up,7.014886753214065,0.2656150905055731
ENSG00000230896,RP11-767N6.7,0.7154091500812017,2.0717300302732738e-08,0.21428289762430927,0.0005748794578395752,up,7.01413788399558,0.21428289762430927
ENSG00000213312,RPL7AP34,1.8590306729414017,9.94012164639989e-11,0.32664851909907494,0.013437000084745203,up,7.012162318373029,0.32664851909907494
ENSG00000108932,SLC16A6,0.5182153888608388,7.281603761674842e-05,0.6708884099669744,1.7991116389970173e-07,up,7.0107966090897476,0.5182153888608388
ENSG00000178966,RMI1,-0.2909476989089974,0.0026216604807601214,-0.5043575001084876,4.592460349189607e-10,down,-7.009132282750062,0.2909476989089974
ENSG00000160075,SSU72,-0.44467277108777775,1.3301209091561318e-08,-0.21666065337057747,0.0008165402694772331,down,-7.008577850311926,0.21666065337057747
ENSG00000149451,ADAM33,0.38174006012668316,0.03772881141021001,0.5933962132105783,5.458141396694086e-13,up,7.0072909958308625,0.38174006012668316
ENSG00000108823,SGCA,0.5131157742042197,3.4780484675059823e-07,0.41779023644662716,6.451199707358946e-05,up,7.006379588477626,0.41779023644662716
ENSG00000245060,LINC00847,0.25146482312172647,0.004267432650516402,0.2549070866032542,1.7979441440135205e-10,up,6.999841896922088,0.25146482312172647
ENSG00000271646,RP11-326I11.3,0.316381389891142,3.097404699035881e-05,0.24769304879570767,5.989609862591768e-07,up,6.999104821871718,0.24769304879570767
ENSG00000137218,FRS3,0.26013426023412367,0.02887572869849065,0.4889042266951136,1.37175838604815e-12,up,6.998888787648553,0.26013426023412367
ENSG00000101104,PABPC1L,0.5262989783842542,0.0016102064031816269,0.405877268754107,1.3868695946779246e-09,up,6.99463291537885,0.405877268754107
ENSG00000236120,RP11-733O18.1,-0.4194130815538368,0.000349179195697079,-0.6410681218480327,2.0067691111635474e-08,down,-6.994509916687741,0.4194130815538368
ENSG00000131747,TOP2A,-0.892562693798488,0.0003530228179622546,-0.9052700748705754,2.0052894185246854e-08,down,-6.9924660007631045,0.892562693798488
ENSG00000127989,MTERF,-0.5241684078413027,8.732122591400611e-07,-0.1489546103099203,3.03818359925598e-05,down,-6.992034803096264,0.1489546103099203
ENSG00000178631,ACTG1P1,1.8782877520112131,1.383430283500263e-09,0.385507379801442,0.0037757678010785648,up,6.990139525367784,0.385507379801442
ENSG00000186446,ZNF501,0.3215319636192275,0.0010044089357692273,0.3733237293884807,3.592385318139391e-09,up,6.987641540758261,0.3215319636192275
ENSG00000185920,PTCH1,-0.5227035374198095,0.0005542992247112523,-0.35672724282989593,1.0050300017656185e-08,down,-6.987600812323149,0.35672724282989593
ENSG00000243147,MRPL33,-0.563294308361394,4.676574674699876e-06,-0.23823219664891201,5.734587866037113e-06,down,-6.987488279074443,0.23823219664891201
ENSG00000128731,HERC2,-0.2207193562497592,0.0003075640591408892,-0.29934747871047496,2.6748840989948405e-08,down,-6.984520080652852,0.2207193562497592
ENSG00000236060,HSPB1P1,0.8607965431052628,5.49010900130123e-06,0.7901217012496975,4.9905692721594875e-06,up,6.982320006357074,0.7901217012496975
ENSG00000129521,EGLN3,0.82248790083082,5.6323415522198764e-05,0.33958463444676834,3.14126907802061e-07,up,6.982143756249557,0.33958463444676834
ENSG00000137821,LRRC49,0.4398615596866216,0.01341754950119277,0.41717408815532114,1.4113276511482564e-11,up,6.979299769896503,0.41717408815532114
ENSG00000246339,EXTL3-AS1,0.25749212262184734,0.02271067046955724,0.6463744238589196,3.4351062291804873e-12,up,6.9773806068189215,0.25749212262184734
ENSG00000173258,ZNF483,0.3586670031033376,5.0801585960363456e-06,0.44499101295155,5.888118220108949e-06,up,6.969766090005826,0.3586670031033376
ENSG00000091164,TXNL1,-0.4165878613484017,5.337169095005861e-08,-0.09354659374576543,0.00036605068433426296,down,-6.967742682511469,0.09354659374576543
ENSG00000141002,TCF25,0.5072146282421757,3.591421365384033e-08,0.1658899613301735,0.0004964363652288071,up,6.967167284195645,0.1658899613301735
ENSG00000125851,PCSK2,0.46106900068392176,0.01967685638175848,0.7158328052336184,5.866210240372829e-12,up,6.964977558238688,0.46106900068392176
ENSG00000214530,STARD10,-0.7420006591631685,1.493347334381706e-07,-0.3534216751330504,0.0001667576532881082,down,-6.96364200210193,0.3534216751330504
ENSG00000126461,SCAF1,0.6950183184304829,4.359238394947814e-09,0.34187669052401626,0.0020883158246065344,up,6.962921466471012,0.34187669052401626
ENSG00000163932,PRKCD,-0.4063020141657852,0.014401138051865938,-0.384589212735534,1.4027460300328088e-11,down,-6.960965170348968,0.384589212735534
ENSG00000238193,RP11-555H23.1,-0.8537770886569399,1.1891483858810515e-07,-0.5353853209745434,0.00020372658410558957,down,-6.959898262061229,0.5353853209745434
ENSG00000174485,DENND4A,-0.42792211774456873,8.216029863007145e-05,-0.4407052697093797,2.2177754324554672e-07,down,-6.959886088694067,0.42792211774456873
ENSG00000167077,MEI1,0.7058618316872339,0.0027366045604374275,0.6987092463972078,6.67788084651057e-10,up,6.95718152045148,0.6987092463972078
ENSG00000248367,CTB-129O4.1,0.45036841607971057,0.003334805864645075,0.7703637423381673,4.46229778784112e-10,up,6.956232072787497,0.45036841607971057
ENSG00000174989,FBXW8,0.5906799429182055,7.55464084627443e-08,0.2198360007476421,0.0002987494880015611,up,6.954489954967479,0.2198360007476421
ENSG00000240857,RDH14,-0.4505841898773055,2.8656727816215297e-06,-0.17185971120144447,1.1916087231269402e-05,down,-6.953890722700221,0.17185971120144447
ENSG00000106069,CHN2,-0.4614606372432992,0.001829020531128905,-0.414116594943544,1.5713038583956025e-09,down,-6.952567576956985,0.414116594943544
ENSG00000116151,MORN1,0.24749566895509906,0.038587897589168196,0.47500322954148994,8.966458805668461e-13,up,6.95247308748595,0.24749566895509906
ENSG00000178425,NT5DC1,-0.2135374423619323,0.03218291019727331,-0.34788365748480415,1.5725476085335902e-12,down,-6.951918930567683,0.2135374423619323
ENSG00000181264,TMEM136,0.5255012154625353,7.373795624498748e-05,0.20542500653916518,2.7653579745990433e-07,up,6.950783883014402,0.20542500653916518
ENSG00000185163,DDX51,0.3661926382528037,9.231711781713879e-07,0.18170275839487612,3.7938340012948516e-05,up,6.947413656178323,0.18170275839487612
ENSG00000100258,LMF2,0.6190366143149564,6.609428291555274e-08,0.44006635426866975,0.00034483401541298976,up,6.947081457864182,0.44006635426866975
ENSG00000146426,TIAM2,0.5355921385169468,4.436408710501102e-05,0.2557161733267238,5.534784363981657e-07,up,6.946943634174179,0.2557161733267238
ENSG00000182578,CSF1R,0.5829651030606416,0.005783612256394309,0.46934947080697853,1.4923260054059793e-10,up,6.946018859085831,0.46934947080697853
ENSG00000143578,CREB3L4,0.3489425530542587,0.008974375330438326,0.298079901704373,5.41612937592428e-11,up,6.944326911191765,0.298079901704373
ENSG00000143793,C1orf35,0.348022566810571,0.00037385000977785366,0.5106921857579959,2.8007912073940907e-08,up,6.940525115573328,0.348022566810571
ENSG00000105373,GLTSCR2,0.6335216958605383,7.737636859038568e-07,0.4396136261266218,4.664210134240106e-05,up,6.9402102064461255,0.4396136261266218
ENSG00000213930,GALT,0.4237336285661187,7.57034511755316e-06,0.2600414374561105,4.6922562535417584e-06,up,6.9397600460552935,0.2600414374561105
ENSG00000119699,TGFB3,0.5000917055922973,0.010934337507303124,0.3096105085659516,3.522525095834432e-11,up,6.9391933713809735,0.3096105085659516
ENSG00000256045,MTRNR2L10,0.7758643367857495,4.296811858108341e-05,0.4473146266900574,6.166708260045138e-07,up,6.937791826453453,0.4473146266900574
ENSG00000159079,C21orf59,0.2956268533230408,0.00037811854533444306,0.2537516872120571,2.8129996517403412e-08,up,6.937493146987199,0.2537516872120571
ENSG00000023892,DEF6,0.5020016461723897,0.007393325999306355,0.6565343575110415,9.168447623229955e-11,up,6.9372121179744815,0.5020016461723897
ENSG00000196104,SPOCK3,-0.9081627919441759,0.0001304342791291616,-1.0747150570216806,1.379211078143164e-07,down,-6.937166013379786,0.9081627919441759
ENSG00000186952,TMEM232,0.3266956796641393,0.007498736414660205,0.5514694691177938,8.876334472356743e-11,up,6.936870283260236,0.3266956796641393
ENSG00000127241,MASP1,0.42802015430508633,0.03773380686046729,0.4436880757422038,1.1465611206631546e-12,up,6.934829485776881,0.42802015430508633
ENSG00000010295,IFFO1,0.272603679566035,0.006675009863120359,0.3441393002016249,1.1975953892232664e-10,up,6.933731143841106,0.272603679566035
ENSG00000260023,RP11-49C24.1,0.8338176906755499,7.147263616691922e-07,0.5326731072878207,5.2260647919311625e-05,up,6.9336288506623935,0.5326731072878207
ENSG00000107281,NPDC1,0.6280182427389267,2.682404597362744e-08,0.4579173825683111,0.0007238761648097789,up,6.932979771585207,0.4579173825683111
ENSG00000112659,CUL9,0.5164190569256082,2.9784424184226923e-05,0.20357622963656274,1.0135482104351567e-06,up,6.932710706431963,0.20357622963656274
ENSG00000271895,RP4-635E18.8,0.5711465622758524,2.8976546226916483e-06,0.3173871729356294,1.3644491046795153e-05,up,6.930944787643483,0.3173871729356294
ENSG00000147894,C9orf72,-0.5257649591190782,1.3545705741520789e-05,-0.37571909959611094,2.583609555500771e-06,down,-6.930239763748202,0.37571909959611094
ENSG00000178821,TMEM52,-0.7430165578976341,2.3908661103562827e-06,-0.6272705107631885,1.6621284926158763e-05,down,-6.929267906273211,0.6272705107631885
ENSG00000100196,KDELR3,0.5520059020138605,0.02287441336607206,0.43382267387338386,5.464913614620969e-12,up,6.928014865405028,0.43382267387338386
ENSG00000171703,TCEA2,0.614741534100314,0.03225774862577751,0.6997731674121369,2.0265992896067356e-12,up,6.92590293857196,0.614741534100314
ENSG00000168275,COA6,-0.26061005987059777,0.020368317633829427,-0.34673387906991654,7.880689247368268e-12,down,-6.925323001848227,0.26061005987059777
ENSG00000125611,CHCHD5,0.6021824421538761,6.175846415916568e-08,0.44854006741866354,0.00040691814400649524,up,6.924395385348204,0.44854006741866354
ENSG00000151348,EXT2,0.5657124526708325,4.819848843270223e-06,0.12488861020872437,8.513908173905691e-06,up,6.922614313341778,0.12488861020872437
ENSG00000245205,EEF1A1P4,0.5600146685113289,3.741702842719344e-07,0.4062701610257129,9.953920109085834e-05,up,6.92040329811529,0.4062701610257129
ENSG00000247796,CTD-2366F13.1,0.2981454673090603,0.004545538870066052,0.419766647178056,3.2327367208600917e-10,up,6.919896612146961,0.2981454673090603
ENSG00000156931,VPS8,0.29041285007229495,0.014145163524348471,0.3757101537082929,2.2050710955855514e-11,up,6.91913412716852,0.29041285007229495
ENSG00000138658,C4orf21,-0.32180919784847006,0.0010663938120881193,-0.48233099792683476,5.774865269386022e-09,down,-6.918893997480495,0.32180919784847006
ENSG00000234545,FAM133B,-0.19858633298052006,0.03123717912654622,-0.43078308728637776,2.5115369465172286e-12,down,-6.914324543193143,0.19858633298052006
ENSG00000256262,USP30-AS1,0.3667010080579208,0.021055233094053757,0.8937644354289587,7.999704058543786e-12,up,6.913695119176455,0.3667010080579208
ENSG00000206149,HERC2P9,-0.388171498001688,0.0021663004602196557,-0.4785819094373605,1.594408946131794e-09,down,-6.9122958400332095,0.388171498001688
ENSG00000105792,C7orf63,0.34979626730569535,0.004806506659774867,0.4050038775163429,3.134382134062391e-10,up,6.909957449560501,0.34979626730569535
ENSG00000100030,MAPK1,-0.3626516595918997,0.0003130678354827378,-0.2981571847303879,4.691325584878437e-08,down,-6.909944478666808,0.2981571847303879
ENSG00000267270,AC139100.2,0.29524812174172294,0.0014599500193770668,0.5244984729819031,3.4748066049546643e-09,up,6.909810002252471,0.29524812174172294
ENSG00000166257,SCN3B,0.3833824959983781,0.0019610527062838743,0.4172921076391962,1.9851638803058952e-09,up,6.909160403921133,0.3833824959983781
ENSG00000163608,C3orf17,-0.26912621825837424,0.003505792986597988,-0.22686779308850544,6.211240316162133e-10,down,-6.907490779853338,0.22686779308850544
ENSG00000107438,PDLIM1,0.3925083695833392,7.397595823670465e-05,0.23788582508433537,3.792081285285625e-07,up,6.907334787832637,0.23788582508433537
ENSG00000203896,LIME1,1.154862459747828,1.3475750402784652e-06,0.4322547870953329,3.453008831204881e-05,up,6.904773698798837,0.4322547870953329
ENSG00000144824,PHLDB2,0.7394314929971495,4.0562977609497324e-05,0.42647796510321945,8.46151939578642e-07,up,6.903499913351645,0.42647796510321945
ENSG00000092094,OSGEP,0.210950913645853,0.005200207916133972,0.23241627590627204,2.829633275835667e-10,up,6.902708437833674,0.210950913645853
ENSG00000272669,RP3-508I15.21,0.5967903601766446,0.0011490269465458246,0.7677164389809255,5.785562351606751e-09,up,6.901930546147087,0.5967903601766446
ENSG00000168542,COL3A1,1.0672750840688117,0.004772173232387919,0.6978521780722241,3.4615360922984593e-10,up,6.90046952316477,0.6978521780722241
ENSG00000103024,NME3,0.8399064163593455,1.4045852546828956e-08,0.6290604723328685,0.0013279385683430136,up,6.899866906800405,0.6290604723328685
ENSG00000267838,AC008746.12,0.33619402364395734,0.014037396115294051,0.8170071916382913,2.7123402425877714e-11,up,6.899463360879773,0.33619402364395734
ENSG00000138434,SSFA2,-0.30694758121316484,0.016575722543690205,-0.5813782305257935,1.7513287684164995e-11,down,-6.898837067316177,0.30694758121316484
ENSG00000090554,FLT3LG,0.5954600146737143,6.760844251970655e-05,0.5320792444854828,4.569911380851211e-07,up,6.898278731870609,0.5320792444854828
ENSG00000196422,PPP1R26,0.47399900723296096,2.8204580495577534e-05,0.24922388785773925,1.3874808833142309e-06,up,6.897902869399594,0.24922388785773925
ENSG00000118873,RAB3GAP2,-0.32551460960602696,0.00039788677380997824,-0.3305180248490972,3.671031644921119e-08,down,-6.893670911230493,0.32551460960602696
ENSG00000237854,LINC00674,-0.3532572724632413,0.025198054409497794,-0.4222612396522984,5.893196984094125e-12,down,-6.892955350547082,0.3532572724632413
ENSG00000083123,BCKDHB,-0.24279825270614375,0.0395289097870509,-0.48317199004000955,1.5588366296040943e-12,down,-6.889992290391472,0.24279825270614375
ENSG00000235501,RP4-639F20.1,0.5825473267428336,0.00011687544604977151,0.291857447336783,2.3446162873848798e-07,up,6.8878249099426405,0.291857447336783
ENSG00000179859,AC025335.1,0.33104109152505184,0.00012182985205088307,0.24715169837302298,2.228876870328723e-07,up,6.886786628914491,0.24715169837302298
ENSG00000269946,RP11-2B6.3,0.5694141674636753,0.03923670222033809,0.7117481698077548,1.6677004851370125e-12,up,6.885474756202489,0.5694141674636753
ENSG00000159239,C2orf81,0.19807103743267845,0.02886446079243437,0.8258481699074944,4.365191384404856e-12,up,6.88334088071873,0.19807103743267845
ENSG00000233930,KRTAP5-AS1,0.3418531981077356,0.00750121595240345,0.966320348265481,1.466514442488873e-10,up,6.882408451092339,0.3418531981077356
ENSG00000234882,EIF3EP1,0.34784509724501733,0.0020944336515821564,0.4512318953344945,2.2099781095517826e-09,up,6.882139965835912,0.34784509724501733
ENSG00000106009,BRAT1,0.5344745252393782,8.310566220117162e-08,0.3772287840745198,0.00041453760445298536,up,6.880088467677466,0.3772287840745198
ENSG00000145332,KLHL8,-0.4896911635858829,0.00019317716345630011,-0.3435854190457495,1.2299314932946173e-07,down,-6.87887767816108,0.3435854190457495
ENSG00000215246,RP11-43F13.3,0.9542482538750567,4.957284786246877e-06,0.5003172763598412,1.098047068070331e-05,up,6.878441000711803,0.5003172763598412
ENSG00000156876,SASS6,-0.43058044090885866,6.0452185389728125e-06,-0.3089623331142626,8.902458165763738e-06,down,-6.878139253443658,0.3089623331142626
ENSG00000230970,HHATL-AS1,0.3074122104894964,0.00309143734995055,0.8507024298001957,1.038865208666729e-09,up,6.878121925873149,0.3074122104894964
ENSG00000136143,SUCLA2,-0.698208369014098,2.252831216159081e-07,-0.2430363103114766,0.0001957177273687245,down,-6.876475961517117,0.2430363103114766
ENSG00000213139,CRYGS,0.31400748180790233,0.0024222327327001153,0.34984085307425805,1.7354615193210953e-09,up,6.876285543401721,0.31400748180790233
ENSG00000116729,WLS,0.23052508191252968,0.000564791356412524,0.18140369482977275,2.4910732212290975e-08,up,6.873015513269111,0.18140369482977275
ENSG00000135835,KIAA1614,0.5639133325685236,1.8145205621682865e-05,0.20203081696776926,2.7753327081776126e-06,up,6.871252786948649,0.20203081696776926
ENSG00000105072,C19orf44,0.3100360887702014,0.021325026934028518,0.3274701514840844,1.1718953041134987e-11,up,6.870600922968484,0.3100360887702014
ENSG00000104375,STK3,-0.4147811647685837,9.373438507477377e-05,-0.24088346388460374,3.660772770694906e-07,down,-6.869263216702128,0.24088346388460374
ENSG00000269887,RP11-477H21.2,0.3841564223609097,0.000667519826246558,0.5561132174818392,1.9426180231687813e-08,up,6.868582050023608,0.3841564223609097
ENSG00000113070,HBEGF,0.6649087451259802,0.01283071488227714,0.48414334135731285,4.624929122851489e-11,up,6.866805681537484,0.48414334135731285
ENSG00000272048,RP11-458N5.1,0.5324098571277154,0.0021694340332585184,0.8308769808577077,2.366343190852173e-09,up,6.86594095483422,0.5324098571277154
ENSG00000156113,KCNMA1,0.6395743877383626,0.016694943318816175,0.6067365540240899,2.416954495485634e-11,up,6.863529748258328,0.6067365540240899
ENSG00000240065,PSMB9,0.4556002124711089,0.01861393636771374,0.5411979068089601,1.842470844048101e-11,up,6.862564981936303,0.4556002124711089
ENSG00000100865,CINP,-0.531637783675413,1.4045852546828956e-08,-0.14099991922266966,0.0015908966638790898,down,-6.8617932841439515,0.14099991922266966
ENSG00000260630,SNAI3-AS1,0.4786458535300887,0.001182546593855406,0.437729541133549,7.972903137372613e-09,up,6.8576087056432575,0.437729541133549
ENSG00000108387,4-Sep,-0.5770381243015306,1.860385602336791e-05,-0.21485229756267865,2.9594858071894174e-06,down,-6.857474316323495,0.21485229756267865
ENSG00000138308,PLA2G12B,-0.519731825587872,4.842899415376513e-06,-0.6783867448446074,1.2917572802387975e-05,down,-6.856690100789625,0.519731825587872
ENSG00000142002,DPP9,-0.4953344298583095,3.826458454004522e-08,-0.16542282062725133,0.0008354184182396968,down,-6.85548819877678,0.16542282062725133
ENSG00000186501,TMEM222,0.5616747015485218,3.216332663550626e-09,0.20548660981030628,0.004210053850694368,up,6.853744478240071,0.20548660981030628
ENSG00000260400,RP11-119F7.5,0.2662447166208265,0.018163986145934,0.617121755725713,2.15755030590089e-11,up,6.853062427405689,0.2662447166208265
ENSG00000154655,L3MBTL4,0.3039139820824767,0.00725159223277172,0.5099123496520186,2.0790047580463976e-10,up,6.852579860319663,0.3039139820824767
ENSG00000270039,RP11-571M6.17,0.5201384375347154,1.4642609475282127e-06,0.22449781149413217,4.413643422462885e-05,up,6.850343391544677,0.22449781149413217
ENSG00000164941,INTS8,-0.3097928569228975,0.0034751556802331204,-0.23901945931209573,1.0557910668972285e-09,down,-6.849352970070343,0.23901945931209573
ENSG00000136840,ST6GALNAC4,0.6473741823726573,6.3764980100037905e-06,0.47693499399826805,1.0345155720769614e-05,up,6.84628539665091,0.47693499399826805
ENSG00000162415,ZSWIM5,0.2616115891750451,0.003344344121073919,0.45735106599257824,1.2079098322320353e-09,up,6.84269952024047,0.2616115891750451
ENSG00000260918,RP11-731J8.2,0.43516936849251464,0.00034918559639426477,0.5662993480189027,6.790098921961569e-08,up,6.841182806038411,0.43516936849251464
ENSG00000150093,ITGB1,-0.5926177152131734,2.1103073704351102e-05,-0.5649538526049316,2.8808124604194832e-06,down,-6.840104807741101,0.5649538526049316
ENSG00000100401,RANGAP1,-0.3660617783856245,6.065089040777151e-06,-0.3014862432552291,1.1861490366596184e-05,down,-6.832817662879974,0.3014862432552291
ENSG00000140876,NUDT7,0.3173663646243343,0.007929448318482479,0.41125646546674144,2.042128022301461e-10,up,6.832721299837172,0.3173663646243343
ENSG00000198363,ASPH,-0.4418078578531684,2.1229077755999738e-05,-0.26975207882569063,3.0197296942513045e-06,down,-6.832260825191932,0.26975207882569063
ENSG00000082458,DLG3,-0.5954507256096376,0.001068011109046495,-0.18873185244671745,1.192736023615729e-08,down,-6.8314328088677625,0.18873185244671745
ENSG00000159445,THEM4,-0.26850762368752984,0.0002461387666672949,-0.14291487738177183,1.241322645211422e-07,down,-6.831083449230261,0.14291487738177183
ENSG00000220472,RP11-69L16.5,0.6509284562828136,3.919451667849886e-08,0.3428337646337571,0.0009292398016551684,up,6.831068285805067,0.3428337646337571
ENSG00000111602,TIMELESS,-0.26029185322725606,0.013277423071060385,-0.37897997661028826,5.970927386259494e-11,down,-6.830610406465585,0.26029185322725606
ENSG00000134375,TIMM17A,-0.18331107645348993,0.034864328171976516,-0.28645947487991663,4.228600121529766e-12,down,-6.828878758018752,0.18331107645348993
ENSG00000188559,RALGAPA2,-0.3788080802066033,0.0002349316159028432,-0.3000588012177957,1.3556080255357902e-07,down,-6.8287151342913655,0.3000588012177957
ENSG00000259523,RP11-680F8.3,0.39564988556451974,0.0001677049925162378,0.35677407772455455,2.211152791388679e-07,up,6.827592501225004,0.35677407772455455
ENSG00000119227,PIGZ,0.29268099906450334,0.0009771961852684252,0.3488734906051259,1.4403140277375355e-08,up,6.827260349184139,0.29268099906450334
ENSG00000124783,SSR1,-0.32883220632729165,0.001724547674554887,-0.2303439265365016,5.139926436199765e-09,down,-6.826480194910632,0.2303439265365016
ENSG00000143194,MAEL,0.6650292173090563,3.886403795775707e-06,0.3056308964659218,1.9569496409547584e-05,up,6.825126315020125,0.3056308964659218
ENSG00000073754,CD5L,-0.706694586243123,5.561176760855745e-05,-0.8219407058778913,1.0071262969106224e-06,down,-6.824012961064729,0.706694586243123
ENSG00000153531,ADPRHL1,0.4448325651544636,0.000346920334247371,0.38134057831454843,7.82852624146092e-08,up,6.82394609254373,0.38134057831454843
ENSG00000122870,BICC1,0.5378848342651242,0.0031161878196124112,0.45023489820655377,1.657945384180875e-09,up,6.822756807793806,0.45023489820655377
ENSG00000093134,VNN3,0.2503952173633737,0.03567931287869271,1.0434161075064796,4.2188300459736395e-12,up,6.821984306312621,0.2503952173633737
ENSG00000214456,PLIN5,-0.4391109654640523,0.005005098985243848,-0.5502089035083181,6.289840314173275e-10,down,-6.821981744380784,0.4391109654640523
ENSG00000074370,ATP2A3,0.3875541506284397,0.021325026934028518,0.5176602079713222,1.9534047003842615e-11,up,6.817404506834901,0.3875541506284397
ENSG00000164187,LMBRD2,-0.6735741889372945,8.057676589281035e-06,-0.37873069042931434,9.903338793070575e-06,down,-6.815442765979231,0.37873069042931434
ENSG00000257135,RP11-320M2.1,0.270603709360572,0.008337609623120152,0.5193788541902891,2.142178753727765e-10,up,6.8146186470640755,0.270603709360572
ENSG00000243335,KCTD7,0.4060145861795342,0.00010153672928342432,0.30616321271814134,5.05298075555063e-07,up,6.809826673551659,0.30616321271814134
ENSG00000183723,CMTM4,-0.19068204781818907,0.035495613173922407,-0.3470487315959417,4.832117372434188e-12,down,-6.8096817139220365,0.19068204781818907
ENSG00000131471,AOC3,0.8038763091779493,0.00016603945968129765,0.45195972461613243,2.574554322594321e-07,up,6.80899274137309,0.45195972461613243
ENSG00000100068,LRP5L,0.46900366946542316,6.463285415285186e-05,0.3067443020117892,9.256056566606654e-07,up,6.808613532193002,0.3067443020117892
ENSG00000249264,EEF1A1P9,0.32761077759939805,0.004958425805671274,0.6772454479255747,7.272666630931373e-10,up,6.807972999523174,0.32761077759939805
ENSG00000204713,TRIM27,0.3397622815027936,1.6218627487107621e-06,0.11933049218045644,5.229343248262253e-05,up,6.804821531074081,0.11933049218045644
ENSG00000188549,C15orf52,-0.5807798776883463,4.2957842413942775e-09,-0.14652475467022089,0.004372624085115258,down,-6.801256112945948,0.14652475467022089
ENSG00000135052,GOLM1,0.4179998354652753,0.004734525435325546,0.39492594306490686,8.482564246853483e-10,up,6.801206974689872,0.39492594306490686
ENSG00000182400,TRAPPC6B,-0.559285699358395,3.142877542091955e-06,-0.12584312782016233,2.8688008894969295e-05,down,-6.797483556740891,0.12584312782016233
ENSG00000169169,CPT1C,0.4717836001325,0.005186425557951239,0.5361167699320238,7.276830937154593e-10,up,6.797183537266527,0.4717836001325
ENSG00000228205,RP11-778D9.4,0.7634583816431929,1.8730428721447763e-08,0.3480285423400471,0.0017886726244640294,up,6.796240981493943,0.3480285423400471
ENSG00000261252,RP11-318L16.6,1.301702491577082,2.634609480821064e-06,0.5469847704361941,3.49061815145219e-05,up,6.794404648406382,0.5469847704361941
ENSG00000152952,PLOD2,-0.5735231441956113,8.730459132410702e-05,-0.3971353552664858,7.046683710334622e-07,down,-6.791718239849742,0.3971353552664858
ENSG00000224043,CCNT2-AS1,-0.3694710716546102,9.522102019391174e-05,-0.2833337894028266,6.434547719333505e-07,down,-6.7890770755839815,0.2833337894028266
ENSG00000138379,MSTN,0.350109995750441,0.024137363885249317,0.997956694979465,1.8561684684814497e-11,up,6.786921916928433,0.350109995750441
ENSG00000104856,RELB,0.758033303583002,0.005736457838345982,0.7081543609261549,6.433832389942449e-10,up,6.785464615234696,0.7081543609261549
ENSG00000188707,ZBED6CL,0.17728424378592383,0.02020900103057216,0.4227063567318494,3.1072640281011085e-11,up,6.785301827606047,0.17728424378592383
ENSG00000142039,CCDC97,0.4642346946796672,8.791125659968483e-06,0.15307176998760413,1.1088854151778586e-05,up,6.783595101554907,0.15307176998760413
ENSG00000272079,LA16c-380H5.5,0.5466190585265652,4.6658981253656033e-05,0.44635227185652493,1.6699513932846557e-06,up,6.782792747243365,0.44635227185652493
ENSG00000267980,AC007292.6,0.2720773962484693,0.004687996625231601,0.7609581581094266,1.0316854002885263e-09,up,6.781485765871155,0.2720773962484693
ENSG00000067533,RRP15,-0.459217778326848,0.00016101271873309342,-0.22027721488318272,3.3085496095990397e-07,down,-6.781225633308385,0.22027721488318272
ENSG00000198734,F5,-1.252992006524537,0.00470128951802998,-1.0591778963189509,1.0615725833752344e-09,down,-6.777537185092633,1.0591778963189509
ENSG00000107951,MTPAP,-0.259463411849262,0.005285207667510253,-0.2364545089632094,8.43804375818589e-10,down,-6.775836298002221,0.2364545089632094
ENSG00000107581,EIF3A,-0.42467994680794474,5.328077637856716e-06,-0.3215628923719091,1.9481867452745636e-05,down,-6.7750526881096285,0.3215628923719091
ENSG00000174928,C3orf33,0.3183458908216696,0.000636069254051326,0.23522841368120773,4.452762946263667e-08,up,6.774579378421045,0.23522841368120773
ENSG00000133101,CCNA1,0.2887600046734063,0.005777164459676931,0.8333399604042375,7.241669937131893e-10,up,6.7703197638382075,0.2887600046734063
ENSG00000204859,ZBTB48,0.5852293797153644,6.486098592337183e-07,0.25473593219062735,0.0001475709708815361,up,6.768889465021861,0.25473593219062735
ENSG00000007392,LUC7L,0.31333286455411896,0.001290680981857861,0.24298530487476583,1.4271580259494579e-08,up,6.768253280185762,0.24298530487476583
ENSG00000130222,GADD45G,1.7565868410936731,1.133671397171846e-05,0.8320720203147748,9.366358619342535e-06,up,6.76708235885335,0.8320720203147748
ENSG00000204576,PRR3,0.4699206026806684,2.971073696503032e-05,0.18115509246097475,3.23212925734177e-06,up,6.765749275861399,0.18115509246097475
ENSG00000128595,CALU,-0.44334458961300177,0.001527602341185342,-0.373693257488776,1.1052764700926109e-08,down,-6.7609974880043,0.373693257488776
ENSG00000231684,RP11-416K24.2,1.2003869941881795,1.1883958030052417e-10,0.23626421237493322,0.030890008568989814,up,6.759785021730571,0.23626421237493322
ENSG00000115947,ORC4,-0.21313477766215863,0.04533531293605115,-0.23936379658562335,3.798845789691052e-12,down,-6.7580187389698025,0.21313477766215863
ENSG00000213977,TAX1BP3,0.44517126994209144,8.182836350415442e-06,0.4395869880122072,1.4066737526254651e-05,up,6.757787701121384,0.4395869880122072
ENSG00000187187,ZNF546,0.3003957951564013,0.006846309234578503,0.391219936604103,5.709173191769114e-10,up,6.754455938366033,0.3003957951564013
ENSG00000163904,SENP2,-0.5617300967184068,4.361811935533092e-06,-0.1977723258561698,2.7115537816754887e-05,down,-6.754240569631996,0.1977723258561698
ENSG00000168060,NAALADL1,0.3309594739812778,0.02281327989327463,0.557638980768125,3.061682312908321e-11,up,6.751037416611287,0.3309594739812778
ENSG00000220201,ZGLP1,0.4441181704519172,0.0011219930495328942,0.7316580868677465,2.1096718405203088e-08,up,6.750258575190932,0.4441181704519172
ENSG00000224541,AP001439.2,0.4720007329253517,0.0012180003193971256,0.7240329969990046,1.8321681937665953e-08,up,6.749930300611496,0.4720007329253517
ENSG00000132840,BHMT2,-0.5490282854581127,0.013367034648591368,-0.5983822995914174,1.2519110493537405e-10,down,-6.749338397739335,0.5490282854581127
ENSG00000229728,RP11-314N13.3,0.35561705376145863,0.00532777168950061,0.557995603332656,1.048542445990494e-09,up,6.748588968651972,0.35561705376145863
ENSG00000205334,AC074091.13,0.2302531908843575,0.01511945543769238,0.5173637118473627,9.363379960281641e-11,up,6.747585164294554,0.2302531908843575
ENSG00000146809,ASB15,-0.7683035513875115,4.98768490856476e-05,-0.7953038880637224,2.077760364814379e-06,down,-6.739896582822572,0.7683035513875115
ENSG00000262484,CCER2,0.3307939010534651,0.0022748829755184848,0.8436245292336054,6.352334802028103e-09,up,6.738081947105743,0.3307939010534651
ENSG00000006075,CCL3,0.7729684101325457,0.04647556461426326,1.2303367441409303,4.4185935191183525e-12,up,6.7342627734874805,0.7729684101325457
ENSG00000255856,RP11-87C12.5,0.3457966647052262,0.02601780734259222,0.5416163963769802,2.521731489771549e-11,up,6.733202263270613,0.3457966647052262
ENSG00000228395,RP11-216B9.6,0.3414910148170412,0.012248403408736295,0.33943882506634754,1.7988069681078177e-10,up,6.732790459527743,0.33943882506634754
ENSG00000126603,GLIS2,0.8450233371765242,2.6618555383122597e-05,0.45169693020969753,4.6008122079957524e-06,up,6.7325112502533235,0.45169693020969753
ENSG00000074755,ZZEF1,-0.4941029107267895,5.873163221991222e-06,-0.22261358786726573,2.3073025190298338e-05,down,-6.732320876203583,0.22261358786726573
ENSG00000139438,FAM222A,-0.5948051276400559,0.0029613197289328763,-0.6196398157955854,4.013466993970698e-09,down,-6.7311453348798524,0.5948051276400559
ENSG00000073536,NLE1,0.3561482141073607,0.002186155030286392,0.35389610172056507,7.427232595908682e-09,up,6.728709134841888,0.35389610172056507
ENSG00000148341,SH3GLB2,0.28387093707260613,0.00010146688554616386,0.31542118757201487,9.117846511031164e-07,up,6.72801208558594,0.28387093707260613
ENSG00000155893,ACPL2,0.9393526816113578,4.734060161722598e-07,0.2616124834450939,0.00023910058161782306,up,6.727997575216881,0.2616124834450939
ENSG00000160606,TLCD1,-0.6749291511678667,0.0003130678354827378,-0.5459177335692951,1.9202777085267542e-07,down,-6.727106524190821,0.5459177335692951
ENSG00000196937,FAM3C,-0.5851163945398301,9.056410446008497e-07,-0.23272162648336164,0.00014119387570550557,down,-6.7260130436465735,0.23272162648336164
ENSG00000173535,TNFRSF10C,0.44343402923710545,0.003655846287610841,0.4834834113195537,2.766099573403129e-09,up,6.725720081316848,0.44343402923710545
ENSG00000232310,RP11-557H15.4,0.8889866997313298,0.0004111071193807453,0.556253648671542,1.2893917905049296e-07,up,6.7255596593755005,0.556253648671542
ENSG00000138629,UBL7,0.34246731644059003,2.9007192134077093e-06,0.24829603099376915,4.932207399060196e-05,up,6.72215100747435,0.24829603099376915
ENSG00000089682,RBM41,-0.7602475690371359,4.656352946170686e-06,-0.4550290640896534,3.107518836649971e-05,down,-6.721981854268189,0.4550290640896534
ENSG00000110931,CAMKK2,0.17809234733245424,0.032376227137029846,0.15418089909290464,1.498239961865927e-11,up,6.721676779159598,0.15418089909290464
ENSG00000070371,CLTCL1,0.4514049221541014,0.0005137199249158082,0.2509268872379145,9.663028375179131e-08,up,6.7191814587428516,0.2509268872379145
ENSG00000237943,PRKCQ-AS1,0.4157698849561202,0.005872896418532249,0.6910731851491466,1.1221546218923717e-09,up,6.716184899253863,0.4157698849561202
ENSG00000132394,EEFSEC,0.5079961494179485,5.56248434854679e-06,0.3211723804477262,2.728816115504209e-05,up,6.713819455652914,0.3211723804477262
ENSG00000104863,LIN7B,0.4743817692470256,8.36140260148292e-05,0.5722876001595479,1.3023145288898564e-06,up,6.713182900060994,0.4743817692470256
ENSG00000213741,RPS29,0.6702566486784041,5.00962082739487e-09,0.2122284438981851,0.0058320830898216415,up,6.711806509150419,0.2122284438981851
ENSG00000106554,CHCHD3,-0.593852984091019,7.561320507096494e-09,-0.10208744387679139,0.004632732299487336,down,-6.7108575869734155,0.10208744387679139
ENSG00000085872,CHERP,0.32071037559356047,5.83900978692208e-05,0.300172974709951,2.1078554775343947e-06,up,6.709548669274655,0.300172974709951
ENSG00000185105,MYADML2,0.4338698546204393,0.023551586140788536,0.9364388953862844,4.161006780234859e-11,up,6.709290944991422,0.4338698546204393
ENSG00000120708,TGFBI,0.628989221033215,0.0017557498337209404,0.3329480545923243,1.3550141770329752e-08,up,6.70623271705239,0.3329480545923243
ENSG00000243960,RP11-552M11.4,-0.5571101422440978,9.07704779704843e-08,-0.29179931843714946,0.0009515724499376016,down,-6.704293518334701,0.29179931843714946
ENSG00000167720,SRR,0.4706805712927333,0.001725649417733849,0.24544160739608842,1.424575485907568e-08,up,6.703849420787599,0.24544160739608842
ENSG00000227260,AC116035.1,-0.3639215680461913,0.015844977944605845,-0.7995206083737342,1.2435976451999225e-10,down,-6.703614985633684,0.3639215680461913
ENSG00000058799,YIPF1,-0.311607471060253,7.410945117093971e-05,-0.190333501680018,1.630411009233633e-06,down,-6.703304179913496,0.190333501680018
ENSG00000155506,LARP1,-0.4812707057483192,5.5144400428883695e-05,-0.1966929177908368,2.388526825946477e-06,down,-6.701998810902115,0.1966929177908368
ENSG00000163703,CRELD1,0.4047671063691106,0.0007724367964184428,0.3306265538131313,5.7838267233801535e-08,up,6.701921891544493,0.3306265538131313
ENSG00000196440,ARMCX4,1.1702843736447501,9.298883990000295e-07,0.21011902074618194,0.00015831446801367312,up,6.701060312666343,0.21011902074618194
ENSG00000167695,FAM57A,0.655737948484551,1.3140358925116755e-05,0.26836007834372616,1.2205874644567062e-05,up,6.700499853865066,0.26836007834372616
ENSG00000248593,DSTNP2,0.5987312850918919,3.2037509633989305e-05,0.2508475179198137,4.602898143363626e-06,up,6.699828768076053,0.2508475179198137
ENSG00000196504,PRPF40A,-0.33730138061182907,0.008347218603048549,-0.29250045923387025,5.986052248995639e-10,down,-6.699757336453284,0.29250045923387025
ENSG00000174891,RSRC1,-0.2336321147096582,0.022279905809741853,-0.2529978548163781,5.3535406056410714e-11,down,-6.69853920473534,0.2336321147096582
ENSG00000159788,RGS12,0.5946460603473167,0.0001393048697564402,0.2584274340005224,7.401585933643749e-07,up,6.69730799468321,0.2584274340005224
ENSG00000131116,ZNF428,0.34118215708759814,5.9011452178213595e-06,0.4213528987557902,2.8488545390051513e-05,up,6.697235614780793,0.34118215708759814
ENSG00000095787,WAC,-0.39256911455190385,0.00045491159255372067,-0.21843680080376426,1.3785140129026872e-07,down,-6.696989820014566,0.21843680080376426
ENSG00000167642,SPINT2,0.9441547955691743,2.1229077755999738e-05,0.38615520566116124,7.471042979739671e-06,up,6.696534449414279,0.38615520566116124
ENSG00000170275,CRTAP,0.4082030879526816,0.002206355164776422,0.1850265712538006,9.660202489041437e-09,up,6.694935624448777,0.1850265712538006
ENSG00000165406,8-Mar,-0.45532652905327725,4.927162756662091e-07,-0.1486389395706807,0.00027682066122043935,down,-6.694644331707688,0.1486389395706807
ENSG00000096384,HSP90AB1,0.43701317199272643,3.821967415189439e-05,0.18942788687925488,3.944526405063328e-06,up,6.692035458132485,0.18942788687925488
ENSG00000261355,RP11-698N11.4,0.3835228577396336,4.264098671454814e-06,0.198974345751365,4.063588028205285e-05,up,6.6913310637233625,0.198974345751365
ENSG00000053371,AKR7A2,0.2908208062057073,0.0036209608784072665,0.4339273043022709,3.805901105372551e-09,up,6.690316851223064,0.2908208062057073
ENSG00000267507,CTD-2587H24.1,0.46715648746379673,0.01283255663433528,1.0071927517815331,2.3973400168925e-10,up,6.688774383570292,0.46715648746379673
ENSG00000164683,HEY1,0.60943858110714,2.1359867643072424e-06,0.18088212200331208,8.005609320074196e-05,up,6.688287487372807,0.18088212200331208
ENSG00000171016,PYGO1,-0.34912367714636244,0.000699158821524695,-0.4974738801417742,7.600136436989328e-08,down,-6.687510279793178,0.34912367714636244
ENSG00000136450,SRSF1,-0.42667538462065213,7.321981295244918e-05,-0.14128283548319712,1.8709850328919501e-06,down,-6.686206922512805,0.14128283548319712
ENSG00000253389,RP11-930P14.1,-1.3360418423243494,5.929122441138915e-06,-0.6383324306626966,3.03818359925598e-05,down,-6.686138896152414,0.6383324306626966
ENSG00000264968,RP11-387H17.4,0.5380918986455877,0.013066299055420711,0.6426392768764528,2.3613673870680933e-10,up,6.685821233676006,0.5380918986455877
ENSG00000118260,CREB1,-0.590015459389702,1.4264159105695315e-05,-0.26488205213660915,1.2566278210175849e-05,down,-6.6821115881246325,0.26488205213660915
ENSG00000149179,C11orf49,0.4200314144671358,4.434370283292547e-05,0.26509812696913376,3.5468942738355194e-06,up,6.681763884361351,0.26509812696913376
ENSG00000253878,RP11-347C18.3,0.19910943270921894,0.04417433712998588,0.639641280067406,8.824354762031413e-12,up,6.680764906200468,0.19910943270921894
ENSG00000233822,HIST1H2BN,0.2180805371068463,0.01776333377521388,0.32771876306659964,1.1919873448084153e-10,up,6.677684565207331,0.2180805371068463
ENSG00000261372,RP11-529H20.6,0.6234656198058572,1.3138333150188477e-05,0.3791913438199644,1.4295274442972437e-05,up,6.67570127461336,0.3791913438199644
ENSG00000140464,PML,0.6600089447313507,9.334853336985005e-08,0.17558149269292617,0.0010773683609905257,up,6.673169902679062,0.17558149269292617
ENSG00000241494,RP11-796G6.1,1.1499709642124838,1.3408609268092646e-09,0.23080139191690924,0.014289104605256023,up,6.6722106505042875,0.23080139191690924
ENSG00000185236,RAB11B,0.5286508122992328,5.257233355270251e-08,0.3241401737414787,0.0016207256956141225,up,6.672124687736397,0.3241401737414787
ENSG00000197111,PCBP2,0.45244585981837726,1.5547202595987917e-07,0.10896852774520095,0.000770407913603376,up,6.668472301892169,0.10896852774520095
ENSG00000262903,RP11-235E17.6,0.4835372792843191,9.598323017441697e-05,0.41102813369811575,1.5135767665615056e-06,up,6.666873907049764,0.41102813369811575
ENSG00000177432,NAP1L5,0.6404899964049109,3.821967415189439e-05,0.2607986429200732,4.731161832892914e-06,up,6.6647451370507,0.2607986429200732
ENSG00000243679,RP11-274B21.3,1.0227595266309435,2.4531659999537814e-09,0.41425963480878464,0.010930387525946147,up,6.663664245821809,0.41425963480878464
ENSG00000218502,H2AFZP3,-0.7907185323827348,1.4312945232959303e-09,-0.2955602330756888,0.014086142068237523,down,-6.661646491831756,0.2955602330756888
ENSG00000117305,HMGCL,0.23557243274190828,0.010145191002248167,0.3511974892103671,5.440037071720879e-10,up,6.659783873891626,0.23557243274190828
ENSG00000151892,GFRA1,-0.5078421020449478,0.001237161048691692,-0.6063622618487567,3.706450166651518e-08,down,-6.658913034952328,0.5078421020449478
ENSG00000172748,ZNF596,0.46595393195087953,9.86815541842297e-05,0.2842329618111029,1.5758345769270696e-06,up,6.6559413003406185,0.2842329618111029
ENSG00000050438,SLC4A8,0.32142144259855426,0.02174522076402363,0.7759234055086629,8.589775064255e-11,up,6.655292899389698,0.32142144259855426
ENSG00000198039,ZNF273,0.5132732011119249,7.36156742054889e-06,0.2631873044060892,2.9661618222459746e-05,up,6.65497798012483,0.2631873044060892
ENSG00000179284,DAND5,0.4121437448110288,0.004376174874096133,0.5920205158867138,3.615220120867417e-09,up,6.652656932410325,0.4121437448110288
ENSG00000114993,RTKN,0.33586939712092756,0.010635498010555048,0.3070694850619982,5.23779586884769e-10,up,6.652040435150534,0.3070694850619982
ENSG00000266903,CTB-171A8.1,-1.1663960648552543,4.3907146017857885e-05,-0.734696481192019,4.393521026130661e-06,down,-6.651752228701674,0.734696481192019
ENSG00000166025,AMOTL1,0.7484312682435489,8.490584178296682e-07,0.20850931659398092,0.00022927526345960304,up,6.647354999922915,0.20850931659398092
ENSG00000143882,ATP6V1C2,-0.48332192861560025,0.002586364368367885,-0.749345398098998,1.0583139308134285e-08,down,-6.646755081692975,0.48332192861560025
ENSG00000138660,AP1AR,-0.5750263611078686,0.00033400999286934384,-0.4840561880097618,3.2636354893883414e-07,down,-6.643157508288006,0.4840561880097618
ENSG00000185052,SLC24A3,0.21390719842528008,0.01837105135694675,0.5003363066328549,1.5297029118182974e-10,up,6.641357678928453,0.21390719842528008
ENSG00000139192,TAPBPL,0.33709530702029467,0.032318925373831485,0.3782579273685693,3.2560492029885404e-11,up,6.641227118709878,0.33709530702029467
ENSG00000138768,USO1,-0.24054844569341363,0.01641228497248489,-0.44665305593517696,2.0350435003184688e-10,down,-6.6401397924322145,0.24054844569341363
ENSG00000143761,ARF1,0.3971222119490676,1.9408979452467418e-07,0.1348323171357166,0.0007768451581114465,up,6.635227979524111,0.1348323171357166
ENSG00000100592,DAAM1,-0.6354320558887101,5.104184642351769e-05,-0.20145756145186275,4.125760069657567e-06,down,-6.635096449928442,0.20145756145186275
ENSG00000206503,HLA-A,0.7343480328045583,0.00024342692814082208,0.40725214853097175,5.450889331477908e-07,up,6.634475740613811,0.40725214853097175
ENSG00000260025,RP11-490M8.1,0.8217500164704201,1.4364134270019504e-05,0.42930601512961825,1.6981829736060826e-05,up,6.633104572847711,0.42930601512961825
ENSG00000161011,SQSTM1,0.36949822140068916,0.003396714243538889,0.2816684466822629,7.015976562983334e-09,up,6.632611424416276,0.2816684466822629
ENSG00000060339,CCAR1,-0.2638481011483975,0.03684961022503758,-0.3148237532083568,2.4713835761405687e-11,down,-6.630461747098141,0.2638481011483975
ENSG00000147996,CBWD5,-0.1908278118589543,0.027626102930754962,-0.4483811648938958,5.730440639485687e-11,down,-6.629490699160587,0.1908278118589543
ENSG00000136933,RABEPK,0.38350209672349067,0.00022032407766049976,0.2237528820425316,6.5938452869365e-07,up,6.627888330096287,0.2237528820425316
ENSG00000230442,RP11-390E23.3,-0.8588489662897886,1.3868463919451842e-06,-0.3729381584375211,0.0001700420104099724,down,-6.626329839742957,0.3729381584375211
ENSG00000226862,RP11-569A11.1,0.6840596387636682,0.0006601433065513458,0.6585886525598629,1.362807282659442e-07,up,6.623213181350483,0.6585886525598629
ENSG00000231584,FAHD2CP,0.38910699310424757,0.00022144770190861583,0.39394955814130034,6.844626774052784e-07,up,6.621494421851558,0.38910699310424757
ENSG00000100360,IFT27,0.15754089120694273,0.04161106990655729,0.37656183724846387,1.883127039000144e-11,up,6.6207301103533664,0.15754089120694273
ENSG00000272341,RP1-151F17.2,0.3813641545478957,0.0036701700280985104,0.46960290027198964,6.710514934100224e-09,up,6.619952689576505,0.3813641545478957
ENSG00000164402,8-Sep,0.20362024987195548,0.04705473536522607,0.24028881317285372,1.3324669345594465e-11,up,6.617400759844211,0.20362024987195548
ENSG00000168300,PCMTD1,-0.5735326901567188,6.3028987556354645e-06,-0.25193259612018826,4.372271803524918e-05,down,-6.616396846244791,0.25193259612018826
ENSG00000164961,KIAA0196,-0.48359616322105253,4.060534612227531e-06,-0.21223299552245736,6.679709264753422e-05,down,-6.616061870653198,0.21223299552245736
ENSG00000112320,SOBP,0.30213870414311017,0.00862067707606892,0.23159029647568552,1.1804621289938903e-09,up,6.614249425861802,0.23159029647568552
ENSG00000225706,RP11-75C9.1,0.33566643348058844,0.006482206876913756,0.5974185852498796,2.218948280961817e-09,up,6.612998172082585,0.33566643348058844
ENSG00000171421,MRPL36,-0.5608377754453349,6.950682439293285e-08,-0.2064886910450243,0.0017678919064317267,down,-6.61263387798625,0.2064886910450243
ENSG00000182923,CEP63,-0.3877345712807351,0.001904129118722649,-0.14541349944517076,2.5286349897387704e-08,down,-6.611244202492941,0.14541349944517076
ENSG00000134824,FADS2,0.5754176086319565,0.01586478489832643,0.5142909169856199,2.895835714062069e-10,up,6.610544671692871,0.5142909169856199
ENSG00000130881,LRP3,0.5285939552327478,1.4861378515299365e-06,0.4927055045219924,0.00017701309564334012,up,6.607410748126558,0.4927055045219924
ENSG00000067057,PFKP,0.40072562128336653,0.0002491143188194103,0.2981951047117851,6.468158231173231e-07,up,6.606291443543867,0.2981951047117851
ENSG00000147144,CCDC120,0.22355891460516378,0.0351635826339894,0.32416550209834594,3.592449188240909e-11,up,6.605238812855595,0.22355891460516378
ENSG00000266053,RP11-143J12.2,0.372623665295851,0.00043455400775044533,0.345076793806878,2.9576414576328447e-07,up,6.604578778795878,0.345076793806878
ENSG00000257093,KIAA1147,-0.3596852628068277,0.0004105634612952521,-0.37603026787949356,3.2875914413229263e-07,down,-6.601123019849649,0.3596852628068277
ENSG00000175573,C11orf68,0.3634448340877085,3.164660799477681e-06,0.296178856272351,9.198738841632353e-05,up,6.601097006324217,0.296178856272351
ENSG00000072864,NDE1,0.600732010340632,1.1874515441412888e-05,0.2531133363033114,2.5429892563522675e-05,up,6.600941944447507,0.2531133363033114
ENSG00000269904,MAP2K4P1,0.21534170833314858,0.007126769436873919,0.5916037211149595,2.01426876810877e-09,up,6.600353830422865,0.21534170833314858
ENSG00000197579,TOPORS,-0.2773395810737028,0.002217521683615214,-0.3656291097619532,2.096972769130179e-08,down,-6.599151306875529,0.2773395810737028
ENSG00000164068,RNF123,0.48164283813964515,2.819250344176398e-07,0.13844060285966786,0.0007092696623036235,up,6.597481090797193,0.13844060285966786
ENSG00000260516,RP11-17M15.4,-1.2765824745559633,0.000327155615168073,-0.9076046631878678,4.81640013687603e-07,down,-6.594362173713806,0.9076046631878678
ENSG00000264350,SNRPGP2,-0.7141705259385429,3.4688136000340216e-07,-0.21635006849514593,0.0006192367392624205,down,-6.593930219315479,0.21635006849514593
ENSG00000180011,ZADH2,-0.2890903470075252,0.0005777147623413514,-0.196079556480336,2.1185379134290016e-07,down,-6.592296447876489,0.196079556480336
ENSG00000165171,WBSCR27,0.4613974905545135,0.0180810988172216,0.9651935968745253,2.495087293981449e-10,up,6.591843737812802,0.4613974905545135
ENSG00000013016,EHD3,0.3714618686291642,0.015197433095613853,0.3544358537505931,3.949915447287695e-10,up,6.587721663154078,0.3544358537505931
ENSG00000235453,TOPORS-AS1,0.47614962817160184,1.187562597806414e-05,0.3768120717051239,2.8015262921129887e-05,up,6.585035296753827,0.3768120717051239
ENSG00000226479,TMEM185B,0.4352784396422045,7.534306683577982e-07,0.11500433538044944,0.0003561371526409472,up,6.58445192968185,0.11500433538044944
ENSG00000183208,GDPGP1,0.4825816135905902,0.0001952108694541156,0.2637242952086263,1.0587144720185084e-06,up,6.584169198019533,0.2637242952086263
ENSG00000008516,MMP25,0.6226276057339108,0.002951659783044999,0.8034306610445024,1.3951773540090536e-08,up,6.5828020013144,0.6226276057339108
ENSG00000167378,IRGQ,0.4605569281130813,7.228721111929496e-07,0.16099506502424876,0.00037105188490913475,up,6.582643017024924,0.16099506502424876
ENSG00000206344,HCG27,0.4080100359465535,0.006822928147652705,0.399533262278119,2.5750518514853363e-09,up,6.582536979603489,0.399533262278119
ENSG00000142552,RCN3,0.7754594903639296,0.0019362145629799768,0.7821528604511816,3.125031990253289e-08,up,6.580327386699274,0.7754594903639296
ENSG00000255085,AF186192.5,0.4049015143865252,0.006713426365553024,0.5024947929700547,2.7488993933909916e-09,up,6.578953989551557,0.4049015143865252
ENSG00000179119,SPTY2D1,-0.5158585266686083,2.9616738418065027e-06,-0.22198900059228951,0.00011224622086887445,down,-6.577788058448949,0.22198900059228951
ENSG00000179344,HLA-DQB1,0.9892599208142492,0.0009018586377473108,0.7663082837338403,1.1916678660799934e-07,up,6.5772854879400136,0.7663082837338403
ENSG00000251615,RP11-774O3.3,0.3915521698265676,0.0011153641485097151,0.28524872053779227,8.40331607930492e-08,up,6.57698978640267,0.28524872053779227
ENSG00000138757,G3BP2,-0.5686259898309355,1.3797139316644448e-05,-0.30983199032080727,2.5281837321140785e-05,down,-6.5759232514554125,0.30983199032080727
ENSG00000181789,COPG1,0.470277949096926,7.565263302856512e-07,0.10259701897166078,0.000373679529975458,up,6.574176660916767,0.10259701897166078
ENSG00000145779,TNFAIP8,-0.7204294232071344,0.005132158404315888,-0.430695396758743,5.099773118667637e-09,down,-6.574139616402686,0.430695396758743
ENSG00000257556,RP11-44N21.1,0.5116106752938984,0.0038141195925008487,0.7381588815668532,9.228402484278358e-09,up,6.57310463568745,0.5116106752938984
ENSG00000196510,ANAPC7,-0.30178072467430556,3.515675879904541e-07,-0.09206276019145652,0.0006882429684186834,down,-6.570393756757079,0.09206276019145652
ENSG00000261662,RP5-1042I8.7,0.20298436289132724,0.03321161026485662,0.4354375648450323,5.894464377321533e-11,up,6.569758880048773,0.20298436289132724
ENSG00000180871,CXCR2,0.44034391188353694,0.02577255290223266,0.9534683855286388,1.2185039337463083e-10,up,6.568531947213906,0.44034391188353694
ENSG00000035928,RFC1,-0.865916760586504,1.748504533152401e-08,-0.10177567471808946,0.00520256154862556,down,-6.567322128161503,0.10177567471808946
ENSG00000057657,PRDM1,0.3440761683014156,0.028954484664392988,0.5652522453026024,9.026445534582834e-11,up,6.5666534184086185,0.3440761683014156
ENSG00000008294,SPAG9,-0.6902914218757732,1.2047364475302073e-05,-0.24886878665029696,3.1363792659944e-05,down,-6.564530524124911,0.24886878665029696
ENSG00000096093,EFHC1,0.384902595454151,0.002007123663052581,0.253761600589556,3.3576345104903704e-08,up,6.562965206173357,0.253761600589556
ENSG00000145743,FBXL17,-0.627350891939343,1.3465410158310624e-05,-0.30666266541799486,2.8100960866887262e-05,down,-6.562936085131891,0.30666266541799486
ENSG00000102904,TSNAXIP1,0.1936484201048477,0.04887602996643784,0.4901470005029579,2.0441879775025574e-11,up,6.561319006409405,0.1936484201048477
ENSG00000168546,GFRA2,0.46847840082934533,0.016131024804163716,0.5955320548939632,4.33989220276899e-10,up,6.560622766505225,0.46847840082934533
ENSG00000128581,RABL5,0.2490484502366113,0.002238525102582042,0.261391588214612,2.8287352607170055e-08,up,6.559886656932482,0.2490484502366113
ENSG00000159685,CHCHD6,0.3783550708990473,0.001403435920090401,0.5019011981803373,6.551135160424854e-08,up,6.558663415837523,0.3783550708990473
ENSG00000189157,FAM47E,0.6276459494779324,3.514393419493462e-05,0.3106521638595501,1.0521112906119234e-05,up,6.557268219520934,0.3106521638595501
ENSG00000256540,RP11-598F7.6,-0.6765637733246328,0.005315364439173009,-0.5850352573819398,5.4516662409855595e-09,down,-6.557098143677759,0.5850352573819398
ENSG00000110841,PPFIBP1,-0.3180884928407183,0.04641874894697335,-0.4708169421063325,2.5705829333044506e-11,down,-6.553513439421859,0.3180884928407183
ENSG00000226005,RP11-464C19.3,0.8189479279890007,0.0004480355762774167,0.7051814017822756,4.1630938452892654e-07,up,6.55224473338995,0.7051814017822756
ENSG00000005175,RPAP3,-0.528800327646636,6.111760917739549e-06,-0.16109006989305627,6.649896631376842e-05,down,-6.550723766156722,0.16109006989305627
ENSG00000156650,KAT6B,-0.23897216459525567,0.009210468821984303,-0.44943175471317176,1.7864082815593e-09,down,-6.549738668489192,0.23897216459525567
ENSG00000196700,ZNF512B,0.30993745815550805,0.00013988498968321787,0.28159095419936964,2.090446285737662e-06,up,6.549705477123866,0.28159095419936964
ENSG00000163374,YY1AP1,-0.24338613860145822,0.000346920334247371,-0.25352004137355993,6.128071790196694e-07,down,-6.549554448316044,0.24338613860145822
ENSG00000268836,LA16c-OS12.2,0.4886833944547157,0.0019150165507268997,0.8635510042147603,4.1473884325828065e-08,up,6.547315895324111,0.4886833944547157
ENSG00000163281,GNPDA2,-0.23968991961744224,0.011656649059774702,-0.372719889643666,1.0815510842353863e-09,down,-6.546003442234364,0.23968991961744224
ENSG00000189114,BLOC1S3,0.6107889256122876,2.1525377214588468e-05,0.21775817596105537,1.9276109913923405e-05,up,6.545465789414943,0.21775817596105537
ENSG00000066379,ZNRD1,0.7259884729551604,1.5463834193687747e-08,0.1919043712618378,0.006146946104749174,up,6.545067123006773,0.1919043712618378
ENSG00000071189,SNX13,-0.6260603260863636,9.959555215225314e-06,-0.30469714628798006,4.282645401866648e-05,down,-6.54498904361008,0.30469714628798006
ENSG00000091592,NLRP1,0.30516745615409,0.025622322857964147,0.31663601935865116,1.5499298816268956e-10,up,6.544271814121385,0.30516745615409
ENSG00000185324,CDK10,0.5372690944101992,0.0001870285759903464,0.3746841854495758,1.5272090352496183e-06,up,6.540492830420958,0.3746841854495758
ENSG00000149654,CDH22,-0.41981499295493513,7.972720069608677e-06,-0.5279344817822004,5.513651898787898e-05,down,-6.5397948284283665,0.41981499295493513
ENSG00000213574,LDHAP5,-0.6546139547528365,0.00041114678265791914,-0.5715591213675296,5.155811797897768e-07,down,-6.539322559469936,0.5715591213675296
ENSG00000231327,AC016700.5,0.33749145359241783,0.0046102374353708415,0.8269705184921424,8.47198881598176e-09,up,6.5387181898641265,0.33749145359241783
ENSG00000009950,MLXIPL,-1.293660369453053,3.5766379012203814e-06,-0.8144507126824606,0.00011795619355099758,down,-6.538388244542094,0.8144507126824606
ENSG00000119787,ATL2,-0.38593201070566024,0.00045078840551178906,-0.3929221128137179,4.5705503218160764e-07,down,-6.537891908982224,0.38593201070566024
ENSG00000144712,CAND2,0.39908204086776744,0.00012677069020214151,0.2663206984200658,2.57116438220618e-06,up,6.537872813354697,0.2663206984200658
ENSG00000170653,ATF7,-0.4813398514992155,4.060673701331698e-08,-0.15100302825530115,0.003601840418663372,down,-6.53753152299827,0.15100302825530115
ENSG00000258794,RP11-313F23.5,0.38523847592312327,0.00034381559542347135,0.6371781672188385,6.797356862680582e-07,up,6.536842260456868,0.38523847592312327
ENSG00000090861,AARS,-0.3380658945967793,9.677502474171472e-06,-0.12342432486563491,4.663561451859495e-05,down,-6.535624636838438,0.12342432486563491
ENSG00000168811,IL12A,0.2690292119775896,0.011631658076962084,0.5572179533537231,1.204430832516671e-09,up,6.53436862935457,0.2690292119775896
ENSG00000157077,ZFYVE9,-0.26083078733861703,0.0005215817878227067,-0.32905283783606415,3.794999680718737e-07,down,-6.534177768219417,0.26083078733861703
ENSG00000184441,AP001062.7,0.23986704540303128,0.0010974190284574427,0.4267562795007131,1.2239588255169427e-07,up,6.532480428136542,0.23986704540303128
ENSG00000165312,OTUD1,1.5746037287986763,1.0522215474641778e-05,0.4313084615916794,4.365342655968923e-05,up,6.532456032763831,0.4313084615916794
ENSG00000112304,ACOT13,-0.46983288754938207,6.315766897405324e-07,-0.1543480340058879,0.0005347527451318324,down,-6.532108632038442,0.1543480340058879
ENSG00000128534,NAA38,-0.4919450485825913,0.0002102787815811292,-0.1765667868318138,1.3979390482338029e-06,down,-6.530591592553983,0.1765667868318138
ENSG00000153339,TRAPPC8,-0.30406049392865675,0.0025878479206062547,-0.47804682530851234,2.7620973778078435e-08,down,-6.528988997228247,0.30406049392865675
ENSG00000153162,BMP6,0.6188960805074984,0.005143033511688148,0.4694160513240288,7.491413693648246e-09,up,6.5274690274261955,0.4694160513240288
ENSG00000235978,AC018816.3,0.6493165420782188,0.026283290805591646,0.750206038746298,1.6918576839861037e-10,up,6.526620846243998,0.6493165420782188
ENSG00000070404,FSTL3,1.2703656666062815,4.111115315945218e-06,0.36495017896047083,0.00011119367337333359,up,6.526329975446663,0.36495017896047083
ENSG00000223745,RP4-717I23.3,0.4234750293713801,0.008742884460221631,0.4054341118107767,2.471647020685836e-09,up,6.525198598690848,0.4054341118107767
ENSG00000242612,DECR2,0.5606788361165662,1.8931673696491091e-06,0.40627447684770673,0.0002247932258500617,up,6.525099999741565,0.40627447684770673
ENSG00000127528,KLF2,0.9966125847357403,3.581493239313832e-06,0.38352842570028844,0.0001276131448708266,up,6.524121824145261,0.38352842570028844
ENSG00000273344,PAXIP1-AS1,0.3584447284969442,3.679271464270835e-05,0.1666109903310706,1.267015196679552e-05,up,6.520206694366059,0.1666109903310706
ENSG00000168658,VWA3B,0.29509372122024496,0.009258150361490901,0.6331655288651334,2.2761634291748707e-09,up,6.520000286765117,0.29509372122024496
ENSG00000113621,TXNDC15,-0.20925392667305004,0.006191443299714158,-0.12169132226140147,5.4083599753923885e-09,down,-6.519158460963537,0.12169132226140147
ENSG00000180611,MB21D2,0.5006505363405127,0.00012801136025985543,0.2424620492710657,2.8811146675562438e-06,up,6.519060816858016,0.2424620492710657
ENSG00000183495,EP400,0.3663022828767886,1.095192519818547e-05,0.13570171090444572,4.6154713818974326e-05,up,6.516301977982371,0.13570171090444572
ENSG00000162851,TFB2M,-0.23095251061898384,0.012227668148673328,-0.24173332060546585,1.248683422988573e-09,down,-6.515826676720252,0.23095251061898384
ENSG00000213269,AC004386.4,0.5356828052372082,3.5062900343542955e-06,0.6123318815619374,0.00013671889673094072,up,6.51556549712049,0.5356828052372082
ENSG00000105732,ZNF574,0.4404877944515284,1.6359831975092892e-06,0.2610962971963782,0.0002676832571629277,up,6.515213126689849,0.2610962971963782
ENSG00000125459,MSTO1,0.29534405033583894,0.0022645679301062983,0.2281036295432656,3.974846309922083e-08,up,6.514362013265343,0.2281036295432656
ENSG00000213290,PGK1P2,0.4587379965571609,8.287193554779676e-07,0.39296778893697326,0.0004734576178057486,up,6.514152372437177,0.39296778893697326
ENSG00000266865,RP11-848P1.9,0.26167571042454807,0.043594493809385446,0.3000973723660583,4.545314063905914e-11,up,6.513772625611611,0.26167571042454807
ENSG00000119402,FBXW2,-0.2217958848409598,1.1756674774278325e-05,-0.2045531730771236,4.414347644237648e-05,down,-6.512157453552582,0.2045531730771236
ENSG00000254141,RP11-642D21.1,0.258328952174509,0.00865387559033291,0.5472056190162748,2.8316536817899916e-09,up,6.511751249546677,0.258328952174509
ENSG00000133678,TMEM254,0.2753902992390756,0.021260006245512227,0.2216428857509897,3.538668292016224e-10,up,6.506493815142794,0.2216428857509897
ENSG00000106636,YKT6,-0.2693159917398589,0.004053924331676117,-0.1909538598061646,1.4332587068342785e-08,down,-6.506076755152076,0.1909538598061646
ENSG00000175602,CCDC85B,0.9459818443154758,1.2151263727114244e-06,0.8450505716221685,0.0003661989009431187,up,6.505130025758211,0.8450505716221685
ENSG00000100731,PCNX,-0.39156645842738125,0.0014607992420734362,-0.31830446283312613,9.423529359640409e-08,down,-6.502816654180953,0.31830446283312613
ENSG00000171735,CAMTA1,0.517598408517869,1.2190626888719621e-09,0.11160131776246486,0.028036084884349454,up,6.499395313685999,0.11160131776246486
ENSG00000111341,MGP,0.6499491547323409,0.02539013572246318,0.44837888106416296,2.4416388293876936e-10,up,6.496835667908957,0.44837888106416296
ENSG00000103485,QPRT,0.7270042958430059,9.522102019391174e-05,0.3557820015959957,4.940487831194064e-06,up,6.495100966663177,0.3557820015959957
ENSG00000172086,KRCC1,-0.36966125246476006,0.00017635933779856043,-0.22625395320414474,2.2722996027209465e-06,down,-6.494198877964667,0.22625395320414474
ENSG00000006638,TBXA2R,0.5742712738423279,4.568505027024265e-05,0.44256318469152134,1.1761433122647517e-05,up,6.493799105783459,0.44256318469152134
ENSG00000104814,MAP4K1,0.5675268861366913,0.018521229578394076,0.5161816670198061,5.659598776238881e-10,up,6.4937709804619725,0.5161816670198061
ENSG00000196458,ZNF605,-0.4341138918720573,0.00017257920899653312,-0.2531666198685663,2.3565459266611056e-06,down,-6.492826185831181,0.2531666198685663
ENSG00000008710,PKD1,0.4997456698815885,2.9981278917571985e-06,0.38934316635674543,0.0001798856417312846,up,6.491305957552431,0.38934316635674543
ENSG00000146085,MUT,-0.25608193372131705,0.0018735661224371205,-0.3001499218589194,6.801798475040821e-08,down,-6.489820664718789,0.25608193372131705
ENSG00000074695,LMAN1,-0.41201312567282344,0.0010068933755737741,-0.3312351797125329,1.9768548680492353e-07,down,-6.486855850866897,0.3312351797125329
ENSG00000182810,DDX28,0.3534401933126008,3.969313779182001e-05,0.23192384807775782,1.455199069268657e-05,up,6.484715916740715,0.23192384807775782
ENSG00000273437,RP11-434H6.7,1.127330340626444,3.3132038733057856e-08,0.36271221786722746,0.005136370273591546,up,6.4838319062944505,0.36271221786722746
ENSG00000197555,SIPA1L1,0.5050348134678875,0.00016112133309523075,0.22382398136466783,2.739396505958682e-06,up,6.48339672268623,0.22382398136466783
ENSG00000215375,MYL5,0.7042456863608957,1.6404016069195041e-06,0.4876462156968475,0.0003177659627107641,up,6.482359150637122,0.4876462156968475
ENSG00000236753,MKLN1-AS,-0.41088138794837353,0.0001709792939348868,-0.3686526588081383,2.5695460100489216e-06,down,-6.4817130548390915,0.3686526588081383
ENSG00000243964,RP11-16F15.1,0.7368519447157892,1.3815692817339743e-08,0.2772960698185478,0.008630072832254405,up,6.481044454510496,0.2772960698185478
ENSG00000259918,NDUFA5P11,-0.8740482949366265,1.9677728953529856e-08,-0.2535946016615555,0.007006374472962178,down,-6.480893087431099,0.2535946016615555
ENSG00000138835,RGS3,0.45297628756252994,0.005069245509650263,0.2969300847696087,1.1354945536066157e-08,up,6.480749845268772,0.2969300847696087
ENSG00000173852,DPY19L1,-0.22444158946200218,0.034343315474454225,-0.4402627889848965,1.2358933493473531e-10,down,-6.480484080529064,0.22444158946200218
ENSG00000196565,HBG2,0.6897051082958637,0.018436939123410427,1.0923947091255004,6.475457704041008e-10,up,6.479700039823245,0.6897051082958637
ENSG00000115461,IGFBP5,0.6261984191740563,0.0009323980751379898,0.35992723185798065,2.402323042273827e-07,up,6.4773471080314025,0.35992723185798065
ENSG00000213772,RP11-385J23.1,1.0395423006229791,1.4338337206056053e-07,0.24047926548042475,0.002054839691401444,up,6.476487040757043,0.24047926548042475
ENSG00000101463,SYNDIG1,0.5889753217956338,7.654048904318915e-06,0.2518922842662229,8.457986159103198e-05,up,6.473590771714784,0.2518922842662229
ENSG00000135930,EIF4E2,-0.33521221567432513,0.029397811976819916,-0.19347416262252956,2.0535470190357916e-10,down,-6.472236694530474,0.19347416262252956
ENSG00000142197,DOPEY2,-0.30823875191261857,0.04323832812414969,-0.34421774059400845,7.302868711823608e-11,down,-6.465570182657543,0.30823875191261857
ENSG00000162009,SSTR5,-0.8320860559842022,0.009543931184156657,-1.5748307338869338,3.410629219603418e-09,down,-6.464878500584474,0.8320860559842022
ENSG00000158373,HIST1H2BD,-0.6655685008527634,4.966974238997933e-07,-0.24579552483145847,0.0009030101565683056,down,-6.4644837426135755,0.24579552483145847
ENSG00000157837,SPPL3,0.265275387931621,0.0018984181166596008,0.15521203284039584,8.101317303244307e-08,up,6.4641699164422874,0.15521203284039584
ENSG00000272142,RP11-428J1.5,-0.2730310203335718,0.006990117339178603,-0.48683481167136117,6.669252228197517e-09,down,-6.46396305064566,0.2730310203335718
ENSG00000121361,KCNJ8,-0.36362518175360864,0.01574440366313288,-0.32409692322434785,1.0842277510313468e-09,down,-6.46361623283821,0.32409692322434785
ENSG00000121964,GTDC1,-0.30832512850388283,0.0013928061325279306,-0.18775267997285464,1.3856512877964003e-07,down,-6.463197232576222,0.18775267997285464
ENSG00000112773,FAM46A,-0.6429517114922386,2.6721268990576477e-05,-0.1951198715058752,2.632924112777572e-05,down,-6.4589512691058415,0.1951198715058752
ENSG00000250222,CTC-338M12.5,0.40573934044208304,0.008136373694897085,0.62733207096123,5.16994715235877e-09,up,6.456463385287083,0.40573934044208304
ENSG00000125991,ERGIC3,0.5729465281374013,2.3707422580279707e-07,0.18684819523151155,0.0016065227039388974,up,6.456237229589084,0.18684819523151155
ENSG00000172215,CXCR6,0.34711953693447695,0.03632184109148928,0.9821280943839485,1.3213805934545724e-10,up,6.455949135461485,0.34711953693447695
ENSG00000157927,RADIL,0.5449343652506716,6.55219209799103e-05,0.4593229113666629,1.0019889352230422e-05,up,6.455280312779813,0.4593229113666629
ENSG00000165192,ASB11,-0.43768084951024094,0.0016805803536559377,-0.449614603674286,1.0703847781504872e-07,down,-6.45504683741506,0.43768084951024094
ENSG00000141564,RPTOR,0.4288606182013817,4.8501063274441535e-05,0.2954776167726992,1.4181902525350745e-05,up,6.453602404691919,0.2954776167726992
ENSG00000140691,ARMC5,0.5721257610972876,2.9660676314708115e-05,0.5092602941686578,2.5106680951138535e-05,up,6.448875221118834,0.5092602941686578
ENSG00000133104,SPG20,-0.780549056761978,1.0553876347919763e-07,-0.1679863045253173,0.0028691741243269055,down,-6.448465993995035,0.1679863045253173
ENSG00000188343,FAM92A1,-0.41037113049136253,0.00022438815872368213,-0.1722593422776307,2.2906628771265186e-06,down,-6.447341389875322,0.1722593422776307
ENSG00000232810,TNF,0.2696841432371676,0.02621030504870938,0.748037230147503,3.4877306830397855e-10,up,6.447301872596574,0.2696841432371676
ENSG00000048392,RRM2B,-0.6768407082666021,0.005732220980831625,-0.3943518592561534,1.163978407289587e-08,down,-6.446805127339679,0.3943518592561534
ENSG00000173327,MAP3K11,0.4135600627352082,5.429990104351019e-06,0.33411875526885854,0.0001353910702675031,up,6.446712239968352,0.33411875526885854
ENSG00000143479,DYRK3,-0.32365474960000573,0.023881102552896907,-0.3991366846492971,4.4810357525679536e-10,down,-6.44656830026381,0.32365474960000573
ENSG00000258472,RP11-192H23.4,0.4791866933912124,0.0005045927876185899,0.3565097089694557,7.561187056306601e-07,up,6.445778621432503,0.3565097089694557
ENSG00000129946,SHC2,0.6187430686387136,3.38353002979873e-08,0.36407917298631814,0.006021946594853148,up,6.443751190896612,0.36407917298631814
ENSG00000123552,USP45,-0.3689368405246179,0.001521656335365322,-0.4295918471493889,1.397878409653724e-07,down,-6.441959823869247,0.3689368405246179
ENSG00000260711,RP11-747H7.3,-0.21955168918902457,0.040821544217205546,-0.7527354349164503,1.0865859932991211e-10,down,-6.441293203756929,0.21955168918902457
ENSG00000132356,PRKAA1,-0.40125146175437926,0.006341605010872695,-0.4859213716997205,9.936262279529278e-09,down,-6.440346566666332,0.40125146175437926
ENSG00000229931,RP1-151F17.1,0.39047407606918993,0.006663601097424841,0.6419883597269994,8.981355426794868e-09,up,6.4401067232109614,0.39047407606918993
ENSG00000177674,AGTRAP,0.8221205401782127,4.311134468275388e-08,0.2893789946255824,0.0053189705331104465,up,6.439857361118491,0.2893789946255824
ENSG00000178175,ZNF366,-0.4205395085657255,0.009254761111052853,-1.0923241925727676,4.592064038367265e-09,down,-6.437718504654753,0.4205395085657255
ENSG00000130363,RSPH3,-0.4970900355911211,1.2552275575341083e-05,-0.17964853555662133,6.557908881477165e-05,down,-6.434916297826381,0.17964853555662133
ENSG00000227954,RP3-323P13.2,0.5413073837214922,0.003720210830054414,0.6764596474076446,2.981365406871296e-08,up,6.434899957057922,0.5413073837214922
ENSG00000025772,TOMM34,0.35122185751298796,5.29409843150277e-05,0.17673217134537897,1.4545009492594367e-05,up,6.434373065143314,0.17673217134537897
ENSG00000164674,SYTL3,0.3209211589386975,0.007384266266355417,0.28320833883849295,7.753705543629345e-09,up,6.432330763154244,0.28320833883849295
ENSG00000084774,CAD,0.7373452058684412,9.49474477200912e-07,0.1477031005747417,0.0006490336569827833,up,6.431901706124331,0.1477031005747417
ENSG00000158092,NCK1,-0.41047577499067384,0.0018502360723762672,-0.440776607428329,1.0922545037168639e-07,down,-6.43146578734731,0.41047577499067384
ENSG00000103995,CEP152,-0.6505138208208846,1.8419343013223532e-05,-0.2844099604152462,4.6998323092531576e-05,down,-6.4260748681881905,0.2844099604152462
ENSG00000106608,URGCP,0.21888572513818938,0.00036689497295265246,0.17210289638827161,1.3755924408498331e-06,up,6.425512559204822,0.17210289638827161
ENSG00000117395,EBNA1BP2,-0.5666193679793361,4.458454602572437e-08,-0.12750301247124673,0.005547310490858688,down,-6.424935713025046,0.12750301247124673
ENSG00000260655,CTA-250D10.23,-0.36420433862367485,0.0015036415077743252,-0.7380332132062061,1.626645905865522e-07,down,-6.4248300707779,0.36420433862367485
ENSG00000272696,RP11-339B21.13,0.31935335452635194,0.008807488085960406,0.6299402835657663,5.774865269386022e-09,up,6.422909662630525,0.31935335452635194
ENSG00000139684,ESD,-0.31903585423710945,7.171560094418814e-06,-0.09836730798216436,0.00012132496031606425,down,-6.421435930161462,0.09836730798216436
ENSG00000120526,NUDCD1,-0.21328476449025296,0.034764590270678436,-0.3523572650661982,2.0813814791394962e-10,down,-6.419581982956637,0.21328476449025296
ENSG00000241431,RP11-17A4.1,0.8087085697189468,7.691082189914923e-06,0.5982919095590802,0.00011531564610683655,up,6.418833713290729,0.5982919095590802
ENSG00000247092,SNHG10,0.5961953572018155,0.0018658616981604645,0.26792936752753493,1.1891596308654145e-07,up,6.418687239361665,0.26792936752753493
ENSG00000272720,CTA-228A9.3,0.5179230285898646,8.198992747369522e-05,0.33226861097121313,9.715256668424268e-06,up,6.4182493433377665,0.33226861097121313
ENSG00000186063,AIDA,-0.3037453547324641,0.002399834784790052,-0.5837383070678364,7.600136436989328e-08,down,-6.4181865260385,0.3037453547324641
ENSG00000225193,RPS12P26,-0.3250884980691453,0.045218371164663845,-0.9591742569109388,1.008048262035245e-10,down,-6.417128054547175,0.3250884980691453
ENSG00000106113,CRHR2,-0.54105265545379,0.00020732565831168838,-0.681105595794825,3.158265429391832e-06,down,-6.414997678968073,0.54105265545379
ENSG00000068078,FGFR3,0.6274569306228132,6.201459624982343e-05,0.35311483045130176,1.3852926199806207e-05,up,6.414047486022826,0.35311483045130176
ENSG00000182983,ZNF662,0.30771990114822173,0.01373035188721046,0.27302335650487547,2.3281268065695695e-09,up,6.412930853396926,0.27302335650487547
ENSG00000180089,TMEM86B,0.5369012190297378,7.674936500999513e-08,0.28582770700229326,0.00412210492108956,up,6.412274587752085,0.28582770700229326
ENSG00000023041,ZDHHC6,-0.20355271050041876,0.028857417261710042,-0.18459579535385504,3.720592089049472e-10,down,-6.412043422496617,0.18459579535385504
ENSG00000104442,ARMC1,-0.2207359068491498,0.007770245783008244,-0.3851566917216267,8.441309784197297e-09,down,-6.4094467721757935,0.2207359068491498
ENSG00000154240,CEP112,-0.6699325581996596,2.2511966774474188e-05,-0.29367336408834666,4.3771886370329366e-05,down,-6.4049361361523225,0.29367336408834666
ENSG00000152137,HSPB8,0.5993465914685131,5.611642258001535e-07,0.13340103594155356,0.0011037064713421022,up,6.404621124914263,0.13340103594155356
ENSG00000213923,CSNK1E,0.2634211197895279,0.0001350351505192299,0.1632203462655715,5.796478262536958e-06,up,6.404563417625619,0.1632203462655715
ENSG00000143546,S100A8,-1.0318053414438206,0.013619818683243877,-0.9189833351068751,2.5748536690108546e-09,down,-6.403296396192667,0.9189833351068751
ENSG00000223656,HMGB3P10,0.38492640263322786,0.0005616813678922368,0.37290760147754587,8.840746742838461e-07,up,6.40283494927645,0.37290760147754587
ENSG00000270964,RP11-502I4.3,0.22028106522284369,0.030459079149097366,0.48275472531418134,3.4902274882304115e-10,up,6.402705810262557,0.22028106522284369
ENSG00000146243,IRAK1BP1,-0.25722885534340806,0.01586628720349663,-0.3028699460514146,1.8438459237583127e-09,down,-6.400479173793366,0.25722885534340806
ENSG00000176678,FOXL1,0.20783118051340588,0.004611652091695467,0.4186186959854671,2.6291941596541623e-08,up,6.400436845687961,0.20783118051340588
ENSG00000176472,ZNF575,0.22175054631029667,0.0158867491942437,0.6301793363325743,1.8430583575503571e-09,up,6.400147056309006,0.22175054631029667
ENSG00000138778,CENPE,-0.31793901492987187,0.029266694859546336,-0.6607917145557477,3.986176992811009e-10,down,-6.399853836867693,0.31793901492987187
ENSG00000184216,IRAK1,-0.32930581196936276,0.01628357747313585,-0.41991032479542717,1.7641746916934128e-09,down,-6.398541093407082,0.32930581196936276
ENSG00000261701,HPR,-0.650951194955078,0.04345739472867595,-0.8521173188904093,1.3556454261797223e-10,down,-6.397432392748495,0.650951194955078
ENSG00000150471,LPHN3,0.5949915315840374,0.0015249835263915642,0.5154169908420012,1.970935416280245e-07,up,6.395927834734283,0.5154169908420012
ENSG00000167383,ZNF229,-0.33322942567174735,6.749658233742306e-07,-0.23040943776905365,0.0010139942626568226,down,-6.395842988829724,0.23040943776905365
ENSG00000174456,C12orf76,0.2616928791374053,0.007498736414660205,0.19812626252427548,1.0150583284191325e-08,up,6.395591736167877,0.19812626252427548
ENSG00000112531,QKI,-0.5057372003025005,3.752902867561378e-05,-0.2658534314681827,2.750231056460851e-05,down,-6.39283341835164,0.2658534314681827
ENSG00000123908,AGO2,-0.513473290679882,0.0006984528211661052,-0.32814985912254047,6.914543493761824e-07,down,-6.392480590197495,0.32814985912254047
ENSG00000217330,SSXP10,0.774172307856237,0.002822142435090046,1.0183946434462072,7.021167165684654e-08,up,6.390795799448212,0.774172307856237
ENSG00000253738,GS1-251I9.4,-0.32203648486443465,0.00792794748439876,-0.30480788876963044,9.51713302450132e-09,down,-6.390106413701223,0.30480788876963044
ENSG00000184348,HIST1H2AK,1.0825241335686162,2.250103945879525e-08,0.5236327627060169,0.00949308807004006,up,6.388078748497958,0.5236327627060169
ENSG00000171159,C9orf16,0.8196852434870303,6.994922182616892e-08,0.44749278848843477,0.004871530728457213,up,6.387190434624925,0.44749278848843477
ENSG00000049860,HEXB,0.5538437712014269,0.0004477763046649256,0.19473651337930473,1.3703779859707393e-06,up,6.386332159270355,0.19473651337930473
ENSG00000167680,SEMA6B,-0.7274900385287855,0.0002912758347794825,-0.5451075905301095,2.4964748761460802e-06,down,-6.384647574195359,0.5451075905301095
ENSG00000115137,DNAJC27,-0.31124056303308545,0.0004477179374681376,-0.2768786292502931,1.396877092538746e-06,down,-6.383600677861493,0.2768786292502931
ENSG00000173926,3-Mar,0.4812713577269457,0.0019152638637526414,0.2755780063970706,1.517832278672705e-07,up,6.380005260019968,0.2755780063970706
ENSG00000134061,CD180,-0.3008213977941781,0.03440073463268765,-0.6335297847866747,3.067153261346785e-10,down,-6.379908445719578,0.3008213977941781
ENSG00000131094,C1QL1,-0.8578325626189361,2.9784424184226923e-05,-0.6957995659389846,3.8385290164335694e-05,down,-6.378745800155138,0.6957995659389846
ENSG00000187824,TMEM220,-0.4242511743054185,0.0007964139006443311,-0.22688213640750993,6.34279574211467e-07,down,-6.377672961583416,0.22688213640750993
ENSG00000185049,NELFA,0.39190538339415354,3.977310959789187e-06,0.29695130107905526,0.00026202048871740646,up,6.376650788558885,0.29695130107905526
ENSG00000198586,TLK1,-0.4962663382069243,5.786942563960427e-06,-0.2161290248766211,0.00019087096438611512,down,-6.374628223204638,0.2161290248766211
ENSG00000103227,LMF1,0.5355853513441575,3.7791021445369927e-06,0.2878133288155015,0.0002770150887441897,up,6.374367438399316,0.2878133288155015
ENSG00000103199,ZNF500,0.39642043375398744,0.0004073388141883459,0.25111413769514873,1.7234747959988145e-06,up,6.371877628653254,0.25111413769514873
ENSG00000111725,PRKAB1,0.6798006024063398,5.6800739736403436e-08,0.08210346207521801,0.005962287643430671,up,6.371091059086223,0.08210346207521801
ENSG00000130479,MAP1S,0.8065378841171648,2.6770812628890117e-09,0.2918974271516241,0.030606740238757146,up,6.371065218489695,0.2918974271516241
ENSG00000154175,ABI3BP,0.6208850994834992,0.03383799301937595,0.5735938238215436,3.527922398638346e-10,up,6.369263468498908,0.5735938238215436
ENSG00000267280,RP11-332H18.4,0.3195047480278099,0.031754691170374515,0.6467286222655703,4.261797850954261e-10,up,6.367504788276703,0.3195047480278099
ENSG00000171462,DLK2,0.547010012867458,0.016182008241910982,0.9470515788861141,2.3599690498678444e-09,up,6.366364820713284,0.547010012867458
ENSG00000263586,RP11-309N17.4,0.24301151618844552,0.01816306199890901,0.7396383047785348,1.8208386566476515e-09,up,6.3656706987699705,0.24301151618844552
ENSG00000137825,ITPKA,-0.48123067395480573,0.022549390943256857,-0.9930273037265437,1.0623615312594235e-09,down,-6.365252875165282,0.48123067395480573
ENSG00000162413,KLHL21,-0.4828856599512514,0.004425943100738793,-0.2900250920622479,3.8038726220974286e-08,down,-6.36361445803886,0.2900250920622479
ENSG00000184307,ZDHHC23,-0.1958034752915084,0.026940650088642992,-0.5247471613609561,6.882014676982761e-10,down,-6.3632836661568675,0.1958034752915084
ENSG00000148773,MKI67,-0.6416803057432295,0.0003407937171792754,-0.78049283902434,2.400543174927227e-06,down,-6.359103934873039,0.6416803057432295
ENSG00000157985,AGAP1,-0.5398858047880591,2.124973842993303e-06,-0.14614667823894187,0.0004896831446327371,down,-6.358985058608874,0.14614667823894187
ENSG00000100442,FKBP3,-0.5079453280684938,2.507597784997408e-07,-0.13448981525408737,0.0024512619472071622,down,-6.356667184509121,0.13448981525408737
ENSG00000013619,MAMLD1,0.4282209550680612,0.003737655306167948,0.28464981243851584,5.5088599463796397e-08,up,6.356468475519464,0.28464981243851584
ENSG00000155252,PI4K2A,0.6590670445329713,1.2874830418963784e-07,0.12876622868966436,0.0037890566560522497,up,6.3562300681214445,0.12876622868966436
ENSG00000119812,FAM98A,-0.5003919194653247,8.225309700794124e-07,-0.11895898062190007,0.0010662413223815196,down,-6.354590897708255,0.11895898062190007
ENSG00000170430,MGMT,0.44531316648229896,0.00011942434659130667,0.5769239380928973,9.445760570518409e-06,up,6.353573173398764,0.44531316648229896
ENSG00000004455,AK2,-0.4024731013103524,1.369199146322948e-07,-0.111696161272342,0.003727430677932368,down,-6.3518560803329605,0.111696161272342
ENSG00000011426,ANLN,-0.400667251644617,0.012755639504179479,-0.9294642990398763,4.659478024208157e-09,down,-6.351025040810079,0.400667251644617
ENSG00000165695,AK8,0.2984481989634898,0.018102824640302474,0.6100803431987273,2.0920973906949273e-09,up,6.350407826392559,0.2984481989634898
ENSG00000235641,LINC00484,0.26379729428416243,0.01790987913742903,0.7559573086342398,2.2088119176886326e-09,up,6.347100609275518,0.26379729428416243
ENSG00000257017,HP,-0.9312033279449997,0.039126085488264475,-1.3200428653296483,2.978698760116885e-10,down,-6.344072282843579,0.9312033279449997
ENSG00000163762,TM4SF18,-0.5855046673740039,0.014896035521234946,-0.46328986442438397,3.7006917684515425e-09,down,-6.336651402877362,0.46328986442438397
ENSG00000204580,DDR1,0.667831637479242,0.00123782543874141,0.2853599282849049,4.331128751479469e-07,up,6.336564657519663,0.2853599282849049
ENSG00000187068,C3orf70,0.292049159493456,0.0070067308579725126,0.31435704492033895,1.904606758097519e-08,up,6.33597253196822,0.292049159493456
ENSG00000213963,AC074286.1,0.27366403118353494,0.0024100880196100587,0.42478670637320526,1.4256482207307215e-07,up,6.3353859077157475,0.27366403118353494
ENSG00000173762,CD7,0.4193584539411055,0.012841592757022402,1.0643096605500257,5.2285615295261425e-09,up,6.3353425108312,0.4193584539411055
ENSG00000156299,TIAM1,0.5097009815081036,0.010551058323611235,0.4291806053956967,8.235510547549966e-09,up,6.333554455928655,0.4291806053956967
ENSG00000243746,EEF1A1P10,0.2602731951858485,0.003965541772002023,0.5320473699708451,5.953251934382594e-08,up,6.33321931043282,0.2602731951858485
ENSG00000228360,RP11-365F18.1,1.0585322474527468,1.3633799555728255e-06,0.4588388700204843,0.000807867778364748,up,6.3329393580826805,0.4588388700204843
ENSG00000130540,SULT4A1,-0.2561005368946184,0.041726571145267496,-0.796455386856151,2.7640478316931857e-10,down,-6.332054527541677,0.2561005368946184
ENSG00000061918,GUCY1B3,-0.39813175919360894,0.002769460330062821,-0.30137514427362533,1.1564130061549981e-07,down,-6.330787671047685,0.30137514427362533
ENSG00000090971,NAT14,0.7215558302124364,3.6571113078719316e-06,0.42668639153534166,0.0003591165253022038,up,6.330751639871498,0.42668639153534166
ENSG00000164294,GPX8,0.5548679069920577,0.04641543943289333,0.4520505426171658,2.073588452687312e-10,up,6.329651711124038,0.4520505426171658
ENSG00000103148,NPRL3,0.43621102479577595,1.244770100255238e-05,0.2765904535677725,0.000122092337429343,up,6.328951933113952,0.2765904535677725
ENSG00000235663,SAPCD1-AS1,0.3987765555739317,0.008326969460210248,0.6315574983971719,1.4259619962862925e-08,up,6.328888985688392,0.3987765555739317
ENSG00000009307,CSDE1,-0.5156867302895015,5.691621781073968e-07,-0.13966469112611668,0.0015817769284096393,down,-6.327307925355968,0.13966469112611668
ENSG00000242759,LINC00882,0.29909586864560167,0.013579177096098495,0.3398858964361808,4.949027347018411e-09,up,6.327095890521528,0.29909586864560167
ENSG00000131871,VIMP,-0.2745537167487818,0.040000335210576055,-0.2705062328269237,3.3118581834253536e-10,down,-6.325297631039523,0.2705062328269237
ENSG00000139116,KIF21A,-0.34820553043234426,0.005487699655232057,-0.41032041557607696,3.4238840092216366e-08,down,-6.323989972043236,0.34820553043234426
ENSG00000116783,TNNI3K,0.5225732890110618,0.00011202550879642219,0.3943358511450838,1.2432812041083854e-05,up,6.3226996768415775,0.3943358511450838
ENSG00000122335,SERAC1,-0.28726067229983643,0.007461050849407462,-0.309507627604466,1.8770618521696126e-08,down,-6.3220936017107405,0.28726067229983643
ENSG00000232951,IPO7P1,-0.9287203772514062,2.2594978581758935e-08,-0.39869605702601657,0.012275677245226437,down,-6.321867454325023,0.39869605702601657
ENSG00000074660,SCARF1,0.4113976656909511,0.00019832897855640792,0.27550009832876504,6.382178089765208e-06,up,6.318272571527429,0.27550009832876504
ENSG00000244153,WWP1P1,-0.4093863681110544,2.461739979116412e-05,-0.56179675012521,6.708908780277172e-05,down,-6.318197971105447,0.4093863681110544
ENSG00000131462,TUBG1,-0.3003018892065558,0.0038029007202520096,-0.2927951166759782,7.303948078796422e-08,down,-6.3164364742237495,0.2927951166759782
ENSG00000177570,SAMD12,0.39811991024743576,0.02281327989327463,0.5122125159810842,1.5828033909481322e-09,up,6.316338813783646,0.39811991024743576
ENSG00000130529,TRPM4,0.7119425178444749,1.3781389664303892e-07,0.21632067513934788,0.004398095919600061,up,6.31305840026249,0.21632067513934788
ENSG00000132613,MTSS1L,-0.9129606720734023,1.3688957950995808e-09,-0.14098946762365366,0.04969755687241179,down,-6.312499235251617,0.14098946762365366
ENSG00000127720,METTL25,0.4775317546407619,0.00018821860866093557,0.1657525975716621,7.085672788947497e-06,up,6.3122586819608655,0.1657525975716621
ENSG00000105583,WDR83OS,0.5102455086628713,6.930119267811728e-08,0.24983765668617142,0.0067582525381793546,up,6.310893995352978,0.24983765668617142
ENSG00000162066,AMDHD2,0.5900259676313698,6.166444883390416e-05,0.5141218397972316,2.6801527952212838e-05,up,6.309429258857,0.5141218397972316
ENSG00000183032,SLC25A21,-0.4786274611945518,0.028417377113022318,-0.5120478626320863,9.936404430047323e-10,down,-6.305731514951454,0.4786274611945518
ENSG00000115318,LOXL3,0.3845585150011217,0.01783710957068704,0.37061354490529497,3.213871083222085e-09,up,6.304118978956682,0.37061354490529497
ENSG00000182957,SPATA13,-0.3010799347960011,0.020737949296931908,-0.3773367628162422,2.2428188877073156e-09,down,-6.303605949940407,0.3010799347960011
ENSG00000167925,GHDC,0.4592248200794002,0.00022438815872368213,0.3458699274206345,6.037289541231956e-06,up,6.303316103876648,0.3458699274206345
ENSG00000074211,PPP2R2C,-1.0263739874722357,2.695082126190658e-05,-0.49517911099438555,6.700895231004642e-05,down,-6.3028147927347495,0.49517911099438555
ENSG00000140199,SLC12A6,-0.7137326842923837,1.181151168541176e-05,-0.688179831490365,0.00014929670145099987,down,-6.302101763446737,0.688179831490365
ENSG00000205060,SLC35B4,-0.4774992872496249,0.0006074352317719329,-0.19226051567416821,1.60743184694422e-06,down,-6.30195741740202,0.19226051567416821
ENSG00000057294,PKP2,-0.44922541549819894,0.00023285732846452652,-0.3935103388663137,5.886603532756691e-06,down,-6.299889796743329,0.3935103388663137
ENSG00000185009,AP3M1,-0.2733735870918996,0.000756120028658926,-0.29936368534682584,1.1944962049688326e-06,down,-6.299456228849072,0.2733735870918996
ENSG00000155629,PIK3AP1,-0.35173675344441524,0.019084792038491782,-0.40500553602163003,2.8477292795532457e-09,down,-6.2993715640058765,0.35173675344441524
ENSG00000241058,NSUN6,0.323317364858291,0.009871730645617126,0.26609887849095526,1.2722834209415977e-08,up,6.298794498450049,0.26609887849095526
ENSG00000155313,USP25,-0.5981618352159964,0.021565450003468097,-0.40973951586805074,2.1399757564211055e-09,down,-6.297771719716511,0.40973951586805074
ENSG00000160801,PTH1R,-0.739088746282248,0.0013902837219743757,-0.5498377595053373,4.772187898251803e-07,down,-6.297590136875943,0.5498377595053373
ENSG00000198483,ANKRD35,0.2518380851725648,0.006366639434603339,0.5478220707172744,3.169757607575289e-08,up,6.2968298182813385,0.2518380851725648
ENSG00000111886,GABRR2,-0.46407169414648436,0.0002347769705724651,-0.9204003752203942,5.954814109786015e-06,down,-6.296470830324967,0.46407169414648436
ENSG00000118007,STAG1,-0.3732239286955389,0.0005824964103943482,-0.23659223587001615,1.799947994210045e-06,down,-6.294109235348141,0.23659223587001615
ENSG00000077152,UBE2T,-0.28463134867621276,0.02024537861911569,-0.30787200588390395,2.5987931465756506e-09,down,-6.293862504190428,0.28463134867621276
ENSG00000256211,RP11-1018J11.1,0.5526161448727913,1.0164073200465107e-05,0.4578159212236499,0.0001803724411307747,up,6.292521269639652,0.4578159212236499
ENSG00000167191,GPRC5B,-0.46085561621880694,0.00010858293164731582,-0.18780649529908508,1.56467113874649e-05,down,-6.292253238591895,0.18780649529908508
ENSG00000168002,POLR2G,0.36738474876964133,0.00022767259591529516,0.25631419096875957,6.406381203604728e-06,up,6.291195023542155,0.25631419096875957
ENSG00000167588,GPD1,-1.2616909058283492,1.00518629006243e-06,-0.5193259242038412,0.0012519694458085495,down,-6.291175758758526,0.5193259242038412
ENSG00000251286,RP11-588F10.1,0.8927446887234178,0.0003029758580211861,0.6730299671314777,4.510672559823234e-06,up,6.289551089695199,0.6730299671314777
ENSG00000160932,LY6E,0.8537876451728502,7.007763675759066e-06,0.4316223718868362,0.0002572193322124012,up,6.289253555155388,0.4316223718868362
ENSG00000168785,TSPAN5,0.5251659737248005,0.0008540399415425105,0.30259531089984343,1.0805606202042054e-06,up,6.289032378984821,0.30259531089984343
ENSG00000164761,TNFRSF11B,1.3407375432469146,7.8986205390215e-05,0.6773815149972053,2.312094171827119e-05,up,6.287432425345279,0.6773815149972053
ENSG00000225408,RP11-207C16.4,-0.45230460722956567,5.0611001012048423e-05,-0.43601017398439,3.872729925122822e-05,down,-6.284381122945044,0.43601017398439
ENSG00000232040,SCAND3,-0.2521602993758139,0.006578053011954445,-0.524481801667011,3.307371275629641e-08,down,-6.28329798619087,0.2521602993758139
ENSG00000189056,RELN,0.5915863339309403,0.029081246043609198,0.8336408559811531,1.1405412186687636e-09,up,6.283001228700768,0.5915863339309403
ENSG00000120913,PDLIM2,0.757569353043854,0.0012561840789611003,0.4677080929908805,6.470000898573836e-07,up,6.278287386754178,0.4677080929908805
ENSG00000111011,RSRC2,-0.5636078709329052,7.235119835979164e-06,-0.16352553184220872,0.00026786864948032823,down,-6.276283243970581,0.16352553184220872
ENSG00000198056,PRIM1,-0.4463966192792997,0.0052995709441617045,-0.28010903464911335,5.443056584672715e-08,down,-6.275098133727274,0.28010903464911335
ENSG00000149308,NPAT,-0.326009216307227,0.0008536778189982295,-0.3572725060625023,1.1954386831241012e-06,down,-6.274999300119427,0.326009216307227
ENSG00000161640,SIGLEC11,-0.28642993393070626,0.006971089159214078,-0.5774350154840748,3.169979064406271e-08,down,-6.273969084905932,0.28642993393070626
ENSG00000176597,B3GNT5,0.8822197232365553,0.00020265710118027154,0.4512372289313967,8.352315532994068e-06,up,6.273198079045851,0.4512372289313967
ENSG00000166780,C16orf45,0.36573621774424625,0.0019464696354966672,0.18138600705815883,3.3134097458746403e-07,up,6.2719810424972255,0.18138600705815883
ENSG00000237857,RP11-435O5.2,-0.37430133416260464,3.27073460354267e-05,-0.3127443979557821,6.606415424935603e-05,down,-6.271216299734672,0.3127443979557821
ENSG00000055483,USP36,0.8399511966247429,9.636970596419406e-09,0.08154235176764173,0.023157847187134612,up,6.26875692059118,0.08154235176764173
ENSG00000132388,UBE2G1,-0.2912266251159289,0.0002939223449238067,-0.1688932520618914,5.416011030171937e-06,down,-6.267618762049933,0.1688932520618914
ENSG00000054116,TRAPPC3,-0.2714954085812149,0.0010456015599857474,-0.1681069467121242,9.493314276230996e-07,down,-6.264730070543879,0.1681069467121242
ENSG00000165898,ISCA2,0.5428676537322237,3.3037660110549057e-07,0.14119597305702575,0.003141848683289362,up,6.26212072957191,0.14119597305702575
ENSG00000121152,NCAPH,-0.19713845969198465,0.03398412054250568,-0.6446970797715781,9.072970436787447e-10,down,-6.26165157377367,0.19713845969198465
ENSG00000272411,RP11-44B19.1,-0.5545031271924757,0.004621297812305979,-0.6155101766179962,7.906712316647554e-08,down,-6.259979793875089,0.5545031271924757
ENSG00000083642,PDS5B,-0.4099837075359391,0.0010012743413504617,-0.2534673055692767,1.0458557413626392e-06,down,-6.259902325948119,0.2534673055692767
ENSG00000110315,RNF141,-0.27831572671552796,0.0008036794159063813,-0.22972097963381777,1.4767684505104937e-06,down,-6.25677267349606,0.22972097963381777
ENSG00000232818,RPS2P32,0.3963446121004459,0.0024122705797045376,0.4915281192243275,2.6144903584151415e-07,up,6.254324669960618,0.3963446121004459
ENSG00000148362,C9orf142,0.6265303383133005,4.420778769634742e-07,0.44973917401987157,0.00267610185131508,up,6.25348371008466,0.44973917401987157
ENSG00000265888,RP11-408H20.2,0.27577393316685794,0.02637729521753443,0.4856996356156271,1.894693289387433e-09,up,6.25340747263164,0.27577393316685794
ENSG00000165912,PACSIN3,0.368675533406965,0.0010762460629695377,0.4950456970877916,9.976254789910356e-07,up,6.251671849248998,0.368675533406965
ENSG00000089177,KIF16B,-0.5072942638847874,1.7569350619105378e-05,-0.3071129164623841,0.00013665290657235993,down,-6.251320727027978,0.3071129164623841
ENSG00000187608,ISG15,0.6470234215957452,0.008812640919489478,1.1011090820844533,2.418766830788073e-08,up,6.2489958118187765,0.6470234215957452
ENSG00000241061,RPL5P1,0.4953762662609006,1.9543000069675025e-06,0.3059341034440797,0.0009161982941202611,up,6.248922107607208,0.3059341034440797
ENSG00000248896,CTD-2135J3.3,-0.3379658987644368,0.045566539890964854,-0.7515523905066533,4.525776074713977e-10,down,-6.248838866616732,0.3379658987644368
ENSG00000185519,FAM131C,-0.5176599932226508,0.0003051614867188456,-0.6333601205945256,5.863029145316916e-06,down,-6.248537586669279,0.5176599932226508
ENSG00000271858,XXcos-LUCA11.4,0.2439323726699947,0.03768756126228081,0.8192807248900966,7.811613456194148e-10,up,6.247175012745363,0.2439323726699947
ENSG00000245317,CTC-241N9.1,0.35299593801216295,0.001116055968825675,0.3253369849521743,9.879649164540407e-07,up,6.244695740571092,0.3253369849521743
ENSG00000121089,NACA3P,0.593295479257967,3.347755028716542e-05,0.5930394958611774,7.527670351690076e-05,up,6.244641898467459,0.5930394958611774
ENSG00000164039,BDH2,0.3105811296260132,0.00418382353017343,0.23427713822542381,1.094582804981098e-07,up,6.242133553967382,0.23427713822542381
ENSG00000175309,PHYKPL,0.29017534321778093,0.00024102412027739913,0.1584421455171443,8.257391738847848e-06,up,6.241412214149657,0.1584421455171443
ENSG00000185436,IFNLR1,-0.26101207643630425,0.02930079381891613,-0.5516100997955219,1.6084505993423016e-09,down,-6.241318641807422,0.26101207643630425
ENSG00000137642,SORL1,0.29311606629535675,0.04177989747071083,0.44577927078739266,6.241151995717364e-10,up,6.2402866152179906,0.29311606629535675
ENSG00000184232,OAF,0.5043606143660248,0.0327538764398762,0.4732482378120228,1.206013881889853e-09,up,6.2402263603828185,0.4732482378120228
ENSG00000105429,MEGF8,0.6386313009750235,1.9678173110291395e-06,0.17771520023212412,0.0009699014815896047,up,6.2361825235081945,0.17771520023212412
ENSG00000185189,NRBP2,0.3803969850308751,5.927599636229093e-05,0.25529683306306866,4.3804113801116916e-05,up,6.235405333371727,0.25529683306306866
ENSG00000140365,COMMD4,0.6088530962784113,2.2130388391724023e-08,0.23035600716626412,0.017575113083930435,up,6.2303498819035354,0.23035600716626412
ENSG00000198934,MAGEE1,0.27072546717552853,0.007025093723197242,0.2932221816648653,4.417669976364044e-08,up,6.230289638867603,0.27072546717552853
ENSG00000129173,E2F8,-0.480867720639778,0.0034751556802331204,-0.5545126615045595,1.7376599195694293e-07,down,-6.224323688827404,0.480867720639778
ENSG00000100417,PMM1,0.33129989438511626,0.0008457020814511548,0.3777515965366607,1.7367334441161848e-06,up,6.223447888969606,0.33129989438511626
ENSG00000181588,MEX3D,0.6506694394597188,1.1701297670762134e-06,0.1979864155406266,0.001562760700778895,up,6.2217508220466105,0.1979864155406266
ENSG00000233668,RP11-571F15.3,0.9454577344616822,4.807035473011541e-08,0.3031678584275841,0.012028563202146693,up,6.221498039166862,0.3031678584275841
ENSG00000077522,ACTN2,0.4750948990996283,2.3617878289341785e-05,0.17735893549844664,0.00012274988834866932,up,6.220583013399747,0.17735893549844664
ENSG00000102753,KPNA3,-0.4185475897587492,0.0007291968063339449,-0.351575635208898,2.2086212335628608e-06,down,-6.218676349948693,0.351575635208898
ENSG00000100065,CARD10,0.41800596737877416,0.019007729214949535,0.4666522986287981,5.727751851138416e-09,up,6.217905172266897,0.41800596737877416
ENSG00000186654,PRR5,0.6025067241272709,0.0009208551443021208,0.623288221249858,1.6198433311663826e-06,up,6.215800581463228,0.6025067241272709
ENSG00000271975,RP11-383J24.6,-0.2648919266404466,0.03874244548037606,-0.33061259425125217,9.548920860934377e-10,down,-6.215707903596934,0.2648919266404466
ENSG00000155666,KDM8,0.3799750850107143,0.001516943141656762,0.28355287826235004,7.461040903471889e-07,up,6.215680149465371,0.28355287826235004
ENSG00000124116,WFDC3,0.3536038244516452,0.0414746611080411,0.9592647711148338,7.933049446434536e-10,up,6.215365798115423,0.3536038244516452
ENSG00000181982,CCDC149,-0.6074803646645536,2.020193403994409e-06,-0.08716678542434328,0.0010524971595156606,down,-6.214984003661585,0.08716678542434328
ENSG00000165948,IFI27L1,0.6165284335169128,6.54481800077713e-07,0.24167680575060116,0.0024399707041216074,up,6.2148581344540785,0.24167680575060116
ENSG00000196428,TSC22D2,0.719138809987411,2.6024730115557666e-05,0.23246971722025048,0.00012125293951819921,up,6.206568692102486,0.23246971722025048
ENSG00000197361,FBXL22,0.5738139000557546,0.002736108687835743,0.46847117722909154,3.0251700021280073e-07,up,6.205724704198405,0.46847117722909154
ENSG00000167685,ZNF444,0.6595936157409809,7.656710323954491e-07,0.2599675883164941,0.002301002170513338,up,6.204005765885003,0.2599675883164941
ENSG00000007255,TRAPPC6A,0.5200299294990829,3.96061548060465e-06,0.470784529148544,0.0006522084929879884,up,6.202839895243713,0.470784529148544
ENSG00000168778,TCTN2,0.2590644667492538,0.021437463066245104,0.2790409269399991,4.861605643984436e-09,up,6.20275681004861,0.2590644667492538
ENSG00000253716,RP13-582O9.5,0.4429389150872607,0.0009929941146417632,0.4370769639276534,1.604761780851461e-06,up,6.201085047534001,0.4370769639276534
ENSG00000139436,GIT2,-0.23225099262382629,0.008714651634833034,-0.22895585752803846,3.634719715811691e-08,down,-6.200693060432976,0.22895585752803846
ENSG00000162148,PPP1R32,0.4584203639933899,0.0001963525804099602,0.3488906975128882,1.378443726270012e-05,up,6.200548760994106,0.3488906975128882
ENSG00000135837,CEP350,-0.3036913926505702,0.02091708031163348,-0.37922490911699647,5.383419741237555e-09,down,-6.197912948130586,0.3036913926505702
ENSG00000080546,SESN1,-0.3494164913554513,0.013889838611783546,-0.2678707001437867,1.387232572859241e-08,down,-6.197557080068083,0.2678707001437867
ENSG00000119042,SATB2,-0.22279470916583258,0.00842744476409241,-0.4815484104968108,3.997531116298444e-08,down,-6.197435179646353,0.22279470916583258
ENSG00000159579,RSPRY1,-0.26300036372894064,0.020467664296271157,-0.30486705103207423,5.726540445374194e-09,down,-6.196950894680159,0.26300036372894064
ENSG00000109113,RAB34,0.7149617066792121,7.197639707355517e-06,0.2803285402569598,0.00041453572571449013,up,6.194933654929188,0.2803285402569598
ENSG00000108654,DDX5,-0.5711344578331955,4.730360966336792e-06,-0.20841583666619495,0.0005903517247409665,down,-6.194585155925713,0.20841583666619495
ENSG00000063244,U2AF2,0.5693635402336478,5.314742223574707e-07,0.11791123213959198,0.0030823458919187457,up,6.194069959097826,0.11791123213959198
ENSG00000185507,IRF7,0.6143528854502751,0.0005080598267369215,0.6825147545159771,4.313001490585504e-06,up,6.1934836754820415,0.6143528854502751
ENSG00000062370,ZNF112,-0.24611309321885058,0.00472560033595019,-0.28995374121216405,1.2668232922873976e-07,down,-6.19342845845044,0.24611309321885058
ENSG00000140511,HAPLN3,0.8661016340271374,0.0005894567697141462,0.3734320618543359,3.6304843093832353e-06,up,6.189192853794779,0.3734320618543359
ENSG00000184990,SIVA1,0.840801598425881,3.9272606512098564e-09,0.21553229438646757,0.04605235400687539,up,6.189158829488544,0.21553229438646757
ENSG00000183155,RABIF,-0.2117930914096262,0.015599259270363474,-0.21109347425813985,1.152500466915409e-08,down,-6.187863562347708,0.21109347425813985
ENSG00000112137,PHACTR1,-0.5581538160143521,0.006890748616959118,-0.7230084203176803,6.426488800476201e-08,down,-6.18736431330831,0.5581538160143521
ENSG00000123219,CENPK,-0.298796783031829,0.04112600979039953,-0.7515617252178743,1.057247739872346e-09,down,-6.185279793830495,0.298796783031829
ENSG00000182963,GJC1,-0.3857021628381435,0.0024818554421724244,-0.24890420438073618,4.210357787232914e-07,down,-6.18341045276007,0.24890420438073618
ENSG00000236778,INTS6-AS1,0.3639132435067584,0.004284940991005883,0.32586390955360317,1.6645112124676367e-07,up,6.181298033312317,0.32586390955360317
ENSG00000166411,IDH3A,-0.3677309345421028,0.0032802397350590925,-0.24163911602187754,2.650495518174343e-07,down,-6.180847994394741,0.24163911602187754
ENSG00000171747,LGALS4,0.6940534375417206,7.395302673678127e-05,0.4780214739453612,4.809568215548599e-05,up,6.180213014299309,0.4780214739453612
ENSG00000176401,EID2B,0.2216792855494579,0.022193408019975054,0.3287864484072829,5.525240602109242e-09,up,6.177359354483556,0.2216792855494579
ENSG00000270069,RP6-99M1.2,0.7350340788484191,0.00040943850556812624,0.4079675061181306,6.406091325026559e-06,up,6.1765261044654345,0.4079675061181306
ENSG00000165716,FAM69B,0.6096466557434905,1.5296300874838832e-08,0.22057682500619405,0.02586356087095223,up,6.173624643550845,0.22057682500619405
ENSG00000121486,TRMT1L,-0.7648947864838155,1.5318167299721576e-06,-0.16257262595161892,0.001599876791597793,down,-6.1733849016404765,0.16257262595161892
ENSG00000204054,LINC00963,0.5695307954678185,0.000283857511294741,0.2322863717110315,1.0679044827259825e-05,up,6.170512958855982,0.2322863717110315
ENSG00000125337,KIF25,0.265120262129988,0.028342327603843382,0.6394886139247103,3.230801931120569e-09,up,6.17016358925822,0.265120262129988
ENSG00000142102,ATHL1,0.6682287640172776,7.115609191713952e-05,0.4036246659111019,5.3744728837399097e-05,up,6.169112095366654,0.4036246659111019
ENSG00000242802,AP5Z1,0.8150966318888871,4.694757357686643e-08,0.2804177495842936,0.014988294676346301,up,6.168991100035005,0.2804177495842936
ENSG00000188997,KCTD21,-0.33857027901110387,0.0019661372593306504,-0.18875285322913643,6.907102334430696e-07,down,-6.1685772701356365,0.18875285322913643
ENSG00000241135,LINC00881,-0.7145461997422831,0.022117266270160373,-0.6733445200078453,6.2046815140370625e-09,down,-6.164638728491431,0.6733445200078453
ENSG00000197217,ENTPD4,-0.42157897030663516,0.00032079029180195494,-0.24006857217869593,9.535470445320708e-06,down,-6.164290987593312,0.24006857217869593
ENSG00000254004,ZNF260,-0.39714598679467045,0.0007692622154077191,-0.23570218615248564,2.9781015444018655e-06,down,-6.163503241409676,0.23570218615248564
ENSG00000105173,CCNE1,-0.3845183333823817,0.000358686193452451,-0.27079265728004936,8.400699577750195e-06,down,-6.161698402351159,0.27079265728004936
ENSG00000270332,RP11-82L2.1,-0.2820708997152038,0.030475186480165038,-0.5861971987298542,2.9155296590601407e-09,down,-6.16000659652007,0.2820708997152038
ENSG00000221923,ZNF880,0.45664739267121823,5.037470639593803e-06,0.1784442759136809,0.0006793969068546614,up,6.156497662976712,0.1784442759136809
ENSG00000071127,WDR1,-0.3552085394186487,0.0019163009093741761,-0.1722876546988552,7.902278459837855e-07,down,-6.155591952313627,0.1722876546988552
ENSG00000196923,PDLIM7,0.7343489348761796,0.0005861689984992514,0.5617036605051461,4.581358723847153e-06,up,6.155575477807546,0.5617036605051461
ENSG00000173545,ZNF622,-0.28305315537074743,0.030412383523954666,-0.3979500034152408,3.085908933195749e-09,down,-6.154331449679411,0.28305315537074743
ENSG00000173163,COMMD1,0.38394331794131337,0.0009464123866325068,0.33365548570224235,2.3952699994844883e-06,up,6.153477490764826,0.33365548570224235
ENSG00000144134,RABL2A,0.41235706781144715,0.0005854079302685474,0.189464636130536,4.655592414775865e-06,up,6.153467396201243,0.189464636130536
ENSG00000141052,MYOCD,0.5621693033869243,0.019153235144629348,0.3634808081011711,9.683077150013295e-09,up,6.152803315691709,0.3634808081011711
ENSG00000069275,NUCKS1,-0.5992811496518999,5.915258464588736e-08,-0.10259253193275568,0.01398128936028961,down,-6.150950567617275,0.10259253193275568
ENSG00000258727,RP11-66N24.3,0.40011469034369385,0.0014604099101144007,0.2730142031782913,1.2631030778699552e-06,up,6.150699383612909,0.2730142031782913
ENSG00000102763,VWA8,-0.5263212395111636,3.9294628543229296e-07,-0.2420943825498262,0.004619169280307149,down,-6.148234572501343,0.2420943825498262
ENSG00000225265,RP11-378J18.3,0.30416416618887965,0.008511357003057331,0.38354226652434165,5.818100035003028e-08,up,6.147558900262045,0.30416416618887965
ENSG00000243989,ACY1,0.33787516142340923,0.011350616259457325,0.3992166189021813,3.215473211846154e-08,up,6.147530752359178,0.33787516142340923
ENSG00000155008,APOOL,-0.40585380567058377,0.0405371198134356,-0.6942150700400564,1.548493116662855e-09,down,-6.146308077702891,0.40585380567058377
ENSG00000149932,TMEM219,0.42716585593211726,3.4355731860940176e-05,0.3342632440879206,0.00013124734490648114,up,6.14367358041908,0.3342632440879206
ENSG00000107165,TYRP1,0.7832036366867843,2.1446052309472634e-07,0.24343133948966048,0.006969114390917612,up,6.142575924340673,0.24343133948966048
ENSG00000006756,ARSD,0.2905180446594489,0.008151580814225241,0.2133460753622578,6.604436702072367e-08,up,6.142035792702247,0.2133460753622578
ENSG00000152402,GUCY1A2,-0.25185919487860203,0.03866067558240634,-0.6388924434680756,1.83851323478279e-09,down,-6.141364445778939,0.25185919487860203
ENSG00000188747,NOXA1,0.6022279199580878,1.0574576225417551e-06,0.5271951072159274,0.002508322540135858,up,6.13591353757307,0.5271951072159274
ENSG00000122591,FAM126A,-0.623801583977417,6.953452673178948e-06,-0.28514852773203575,0.0005813092066562865,down,-6.134897043714754,0.28514852773203575
ENSG00000273148,RP5-1068E13.7,0.29084627853899286,0.0011730558388614275,0.27306056792639266,1.9818196448583175e-06,up,6.1347994312752085,0.27306056792639266
ENSG00000131188,PRR7,0.6036891218960021,1.3319488403654495e-05,0.6533338743850653,0.00033326509964545754,up,6.133595395569932,0.6036891218960021
ENSG00000113312,TTC1,-0.2753594487573758,0.002772915025183076,-0.24810880672721,5.018809479509743e-07,down,-6.133443501885704,0.24810880672721
ENSG00000011347,SYT7,-0.7101419286089485,5.183276963528424e-05,-0.2627536516731723,9.249517882024193e-05,down,-6.133263270368714,0.2627536516731723
ENSG00000233971,RPS20P10,1.454738956581733,3.346599183396293e-08,0.2665612265100043,0.020388739112066047,up,6.13322875411019,0.2665612265100043
ENSG00000225022,UBE2D3P1,-0.32194191367800257,5.871916070483611e-05,-0.3451097010870961,8.176349169684471e-05,down,-6.131917170680549,0.32194191367800257
ENSG00000258199,RP11-977G19.5,0.4328035527620027,3.131195738665097e-05,0.45196005146042145,0.0001539983185691053,up,6.131529581834997,0.4328035527620027
ENSG00000249242,TMEM150C,-0.35589825942720615,0.00334024412551927,-0.25910148006176104,3.749536397963993e-07,down,-6.129915639625154,0.25910148006176104
ENSG00000122641,INHBA,0.7504211289353597,0.00015638368228197664,0.5179855385031641,2.8100960866887262e-05,up,6.1286731837877415,0.5179855385031641
ENSG00000172037,LAMB2,0.43173260669531766,8.02609725811566e-06,0.2126397657068138,0.0005368297926965985,up,6.127281525829979,0.2126397657068138
ENSG00000262165,RP11-81A22.5,0.32053380420003025,0.0067529693248788245,0.8441829816678091,1.0783575431656123e-07,up,6.125724316224482,0.32053380420003025
ENSG00000087460,GNAS,0.31241490221696105,1.2764466385981525e-05,0.12538220022527125,0.0003665244883677982,up,6.123232099378518,0.12538220022527125
ENSG00000133110,POSTN,1.2536185587035316,0.02099281140338723,0.8448563302070116,1.013608386974592e-08,up,6.121038740471496,0.8448563302070116
ENSG00000212694,AC084018.1,0.4058816635310736,0.003473715201096353,0.4498432623205452,3.8642093659946226e-07,up,6.116958740750735,0.4058816635310736
ENSG00000266916,CTD-3064H18.1,-0.5146528682308964,0.00010496380588021925,-0.2634888205133864,4.8334594952413976e-05,down,-6.115009759476162,0.2634888205133864
ENSG00000253954,HMGN1P38,0.6778988740150734,0.0004218969924804139,0.4539952244338632,9.236304341698967e-06,up,6.114465959620074,0.4539952244338632
ENSG00000234694,RP1-92O14.3,0.24744529969737544,0.025008683357882682,0.6270664506913362,7.1451041252260355e-09,up,6.1125336559362236,0.24744529969737544
ENSG00000033122,LRRC7,-0.5160547301402556,4.355474599270485e-05,-0.6577373633494001,0.0001242597853622818,down,-6.112013338047189,0.5160547301402556
ENSG00000106123,EPHB6,-0.33302877756986515,0.023445124474250054,-0.5502779308013773,8.488160325896961e-09,down,-6.10993191264833,0.33302877756986515
ENSG00000130175,PRKCSH,0.5067259176846676,2.205096594632492e-06,0.229802056790551,0.0016350190561599503,up,6.109188455101645,0.229802056790551
ENSG00000143420,ENSA,-0.3186270029404095,1.1439800084207828e-06,-0.07127759335471466,0.002681109146393843,down,-6.109140664368588,0.07127759335471466
ENSG00000255529,POLR2M,0.5483979757538633,4.624279630479627e-06,0.17517530295224745,0.0009248897690523342,up,6.108938926386795,0.17517530295224745
ENSG00000179403,VWA1,0.8373038990278571,3.9325840641141794e-05,0.5874985811535945,0.0001405322706677853,up,6.108118487170449,0.5874985811535945
ENSG00000143228,NUF2,-0.39864577309928595,0.0030093655825003444,-0.5710158572601007,5.264973651278894e-07,down,-6.10768036782312,0.39864577309928595
ENSG00000166896,XRCC6BP1,-0.5362125094951593,0.011997909297636583,-0.39658311959435644,3.960623606049561e-08,down,-6.106398404333273,0.39658311959435644
ENSG00000100461,RBM23,-0.3663325205558619,0.000961809599885817,-0.12627424600754297,3.2216714902326204e-06,down,-6.106383374484713,0.12627424600754297
ENSG00000154305,MIA3,-0.24915154978461762,0.011844980362489193,-0.24149752649827536,4.1233698164800147e-08,down,-6.105070446882485,0.24149752649827536
ENSG00000187244,BCAM,0.48369749790834604,0.00021911568478112447,0.4667715693500563,2.2290373816144633e-05,up,6.103281324236594,0.4667715693500563
ENSG00000187231,SESTD1,-0.35408468952961847,0.0026802382843441504,-0.33682541351650747,6.644171993453432e-07,down,-6.103108574759809,0.33682541351650747
ENSG00000135698,MPHOSPH6,-0.4012578568091822,0.0011376727630749012,-0.1959575776167855,2.585998305039733e-06,down,-6.102263876379793,0.1959575776167855
ENSG00000138641,HERC3,-0.27756810138399257,0.006898621142446612,-0.5455358631323942,1.2452191677870372e-07,down,-6.101601300147857,0.27756810138399257
ENSG00000037042,TUBG2,0.28894014549935404,0.001670299109968253,0.23240603715316008,1.4446440350569639e-06,up,6.101368079105145,0.23240603715316008
ENSG00000110888,CAPRIN2,-0.5482183078085003,4.3777456954731964e-07,-0.11579195322079967,0.005293689582597255,down,-6.100744638312626,0.11579195322079967
ENSG00000226419,SLC16A1-AS1,0.2779253873365438,0.0017483436350346814,0.2794834256452653,1.3792753600051274e-06,up,6.098239786352037,0.2779253873365438
ENSG00000156966,B3GNT7,-0.35443347346134685,0.011138357279912189,-0.548998540723857,5.002428217137831e-08,down,-6.097198273811868,0.35443347346134685
ENSG00000169727,GPS1,0.5484062572921551,9.146073530469914e-08,0.2207398887108023,0.013578031805143402,up,6.096855527954927,0.2207398887108023
ENSG00000262097,CTD-2135D7.5,-0.5281054125056527,0.0048951840940863346,-0.7881281291647858,2.477965868306326e-07,down,-6.095821955822508,0.5281054125056527
ENSG00000198964,SGMS1,-0.38453747707878505,0.005493422223586462,-0.39858669480816183,2.016005203157142e-07,down,-6.094780452519717,0.38453747707878505
ENSG00000107897,ACBD5,-0.5295748011343565,5.195755221103142e-06,-0.23543451361408343,0.0009214592524640981,down,-6.090589971809398,0.23543451361408343
ENSG00000140474,ULK3,-0.23710188386960585,0.0005664394669594082,-0.1990226613857461,7.40364824853816e-06,down,-6.090290584080973,0.1990226613857461
ENSG00000185379,RAD51D,0.3583731606814966,0.006170182186752121,0.2398647278886035,1.6817011842174219e-07,up,6.09011177919234,0.2398647278886035
ENSG00000189058,APOD,-0.6526164364261623,0.008579104698127659,-0.479845004525903,9.018688702866676e-08,down,-6.088986567394089,0.479845004525903
ENSG00000108443,RPS6KB1,-0.2697294030731587,0.03172497329422256,-0.33732066306774633,4.931741168655567e-09,down,-6.085706379531448,0.2697294030731587
ENSG00000172269,DPAGT1,-0.36232518700613353,0.00014253417754138658,-0.14169750079150373,4.059202631701269e-05,down,-6.085629149899537,0.14169750079150373
ENSG00000114948,ADAM23,-0.33181927121780597,0.0003903319805132687,-0.26092194022119614,1.2323995149491165e-05,down,-6.085322691113938,0.26092194022119614
ENSG00000180329,CCDC43,-0.27117391146964354,9.974165889556184e-05,-0.11930557193093509,6.190276469038614e-05,down,-6.082562470157942,0.11930557193093509
ENSG00000214389,RPS3AP26,0.6637326080996815,8.795295489434238e-08,0.227650941099043,0.01476525813782987,up,6.080309662326005,0.227650941099043
ENSG00000167311,ART5,-0.7608167055727435,0.0006582441230644526,-0.557441642607434,6.503912550220883e-06,down,-6.078860651883645,0.557441642607434
ENSG00000134917,ADAMTS8,0.3385216036934239,0.011276661486919668,0.6460280919446342,5.6545026354671564e-08,up,6.078236698795265,0.3385216036934239
ENSG00000166199,ALKBH3,-0.31465223672677034,0.0014062709583032224,-0.2524488044575876,2.2218367894378898e-06,down,-6.078024186589512,0.2524488044575876
ENSG00000230177,RP5-1112D6.4,0.5904261933657409,2.731698863465958e-06,0.22313035805564407,0.0016545178261505907,up,6.073511151855884,0.22313035805564407
ENSG00000111816,FRK,-0.46057301077615326,0.0013770385195598224,-0.40175059161563,2.372521007245832e-06,down,-6.073446825821755,0.40175059161563
ENSG00000163827,LRRC2,-0.574673761158065,4.074949148108046e-05,-0.287978360962027,0.00016424982928946026,down,-6.073446380441222,0.287978360962027
ENSG00000003393,ALS2,-0.5197475130246895,1.0447727147302318e-06,-0.1692684781732911,0.0033739272618577183,down,-6.072324092835391,0.1692684781732911
ENSG00000129933,MAU2,0.5617981645370596,2.3339050015812e-07,0.11405180435506274,0.00879635997539013,up,6.07191841021836,0.11405180435506274
ENSG00000166886,NAB2,0.5872266835160344,0.0006028811625815578,0.25934633577380783,7.67369874481329e-06,up,6.071721568908198,0.25934633577380783
ENSG00000102996,MMP15,0.4010919014860271,0.01469225610202027,0.6272802358468857,3.40300583303524e-08,up,6.070802478670262,0.4010919014860271
ENSG00000088826,SMOX,0.6053850019738664,0.0059932890856265846,0.4223271823803891,2.098452090253135e-07,up,6.067509183223574,0.4223271823803891
ENSG00000105011,ASF1B,-0.23777714581296464,0.026600621679450452,-0.5824208144003965,8.956595632198927e-09,down,-6.066940916455443,0.23777714581296464
ENSG00000101997,CCDC22,0.5428824857526109,0.0016312897497972338,0.3990005295837217,1.908386635236045e-06,up,6.066698251370086,0.3990005295837217
ENSG00000151893,CACUL1,-0.3008862354696573,0.0016323379958083767,-0.14591168531016246,1.9084228115509683e-06,down,-6.0664683322830175,0.14591168531016246
ENSG00000269834,CTD-3018O17.3,0.30134221939756173,0.0027703659865951093,0.23496113059285634,8.137899916817598e-07,up,6.066434605481412,0.23496113059285634
ENSG00000156172,C8orf37,-0.21324121123048084,0.033342076959094545,-0.5296940756464522,5.133600987115112e-09,down,-6.0654669218106525,0.21324121123048084
ENSG00000147113,CXorf36,-0.35518433821282314,0.004712612539891484,-0.2022036124022126,3.3299157636466935e-07,down,-6.065047416385885,0.2022036124022126
ENSG00000177239,MAN1B1,0.3520904587631591,0.0005851370350869522,0.2645995408796945,8.355300211570596e-06,up,6.064671029640751,0.2645995408796945
ENSG00000118961,C2orf43,-0.403324586118193,0.00017852188331527952,-0.15752345483545202,3.6375391726644425e-05,down,-6.061972307291663,0.15752345483545202
ENSG00000020922,MRE11A,-0.3045001779253168,0.0029108731558926534,-0.3871597136511565,7.791612145742957e-07,down,-6.06109277248597,0.3045001779253168
ENSG00000254855,RP11-867G23.1,0.38981961585195174,0.012169257190998619,0.7340691138994692,5.5061010563681324e-08,up,6.060746283775902,0.38981961585195174
ENSG00000164604,GPR85,0.4235588217929925,0.008246597094047481,0.4101146775735089,1.2258264943551338e-07,up,6.059318849956758,0.4101146775735089
ENSG00000179335,CLK3,0.22003533874625872,0.042590650767504026,0.20396441803102183,2.889423888409333e-09,up,6.057872266124132,0.20396441803102183
ENSG00000110013,SIAE,-0.2558714230119447,0.0036939348475294037,-0.22220001737188763,5.385991540120316e-07,down,-6.057125964890069,0.22220001737188763
ENSG00000229116,RP11-20J15.3,0.49221014677125985,0.01176612433031434,0.5409844592240703,6.108620194474872e-08,up,6.05704432652378,0.49221014677125985
ENSG00000225857,RP11-46A10.2,0.42825719012275393,0.00402388344420137,0.7724251069219216,4.678892323224833e-07,up,6.056888991405087,0.42825719012275393
ENSG00000110880,CORO1C,-0.4086686815331854,0.0018982427857769041,-0.2707405132063432,1.6453700610070413e-06,down,-6.054863421533137,0.2707405132063432
ENSG00000102738,MRPS31,-0.42948475585017537,1.1854434885092204e-05,-0.10357916361990174,0.0005576647018023428,down,-6.054849785339649,0.10357916361990174
ENSG00000101331,CCM2L,0.5369740551224274,2.0522075107564388e-05,0.23050929962191516,0.0003463323368573957,up,6.054314001842571,0.23050929962191516
ENSG00000079393,DUSP13,-0.7438420093947734,0.0002725300099806986,-0.4326364474734978,2.3590268999319672e-05,down,-6.052054988426443,0.4326364474734978
ENSG00000179133,C10orf67,0.2463760735862004,0.00955072747082857,0.4208365579003899,9.76828932292255e-08,up,6.051028537902179,0.2463760735862004
ENSG00000113739,STC2,-0.6672382016353153,0.011154011018648529,-0.4311696749742099,7.351093686011959e-08,down,-6.04775916354052,0.4311696749742099
ENSG00000198791,CNOT7,-0.4656486649606412,1.5253572122979771e-05,-0.17455149662368813,0.00046592996439163303,down,-6.047203391808114,0.17455149662368813
ENSG00000105662,CRTC1,0.356735700569307,0.00039864909323342087,0.3191287879688106,1.530678484357735e-05,up,6.046548396392919,0.3191287879688106
ENSG00000197558,SSPO,0.28402494697366565,0.0073863792164088424,0.5803724234548219,1.708750421788491e-07,up,6.043061856062948,0.28402494697366565
ENSG00000166164,BRD7,0.17135775032072226,0.049433742335726845,0.12844629801080779,2.2093557706569343e-09,up,6.042258929653797,0.12844629801080779
ENSG00000136631,VPS45,0.24877005679240288,0.0007187822250269368,0.13159786684700117,7.3660133999668935e-06,up,6.042195848116959,0.13159786684700117
ENSG00000124181,PLCG1,0.5161838788531515,2.538903921616705e-05,0.1379398710901778,0.0003093008059112246,up,6.040468502570537,0.1379398710901778
ENSG00000108528,SLC25A11,0.22669857255961573,0.01787548997331155,0.4270519113555875,2.8559264934652794e-08,up,6.0393578542892445,0.22669857255961573
ENSG00000154719,MRPL39,-0.33154261649563765,0.00018752079041684287,-0.1486627967895142,3.955157715505213e-05,down,-6.039080866898777,0.1486627967895142
ENSG00000234323,RP11-308N19.1,-0.49344564347561054,0.007104338782768814,-0.5004974041057474,1.9137563621462627e-07,down,-6.03753903478025,0.49344564347561054
ENSG00000105220,GPI,0.345878492806067,1.9946727328895645e-06,0.15769369161352095,0.002484732111338988,up,6.035843453237056,0.15769369161352095
ENSG00000143198,MGST3,0.38888592053802734,0.0003340600049910201,0.18809395877995577,2.036050140444173e-05,up,6.035774139457229,0.18809395877995577
ENSG00000130559,CAMSAP1,-0.43823761929292826,1.405791323973462e-05,-0.12725869860214237,0.0005314122924438114,down,-6.034837425189173,0.12725869860214237
ENSG00000161921,CXCL16,0.6289377744633551,0.00635389723666925,0.42978464960875423,2.4666920368214945e-07,up,6.031554343137131,0.42978464960875423
ENSG00000134852,CLOCK,-0.3246890771793514,0.005595692601477555,-0.3567160853879469,3.1672720574810604e-07,down,-6.029478187825871,0.3246890771793514
ENSG00000147889,CDKN2A,0.3053157174643374,0.03898211517944282,0.7412814389818042,4.7357673395761715e-09,up,6.027831574475633,0.3053157174643374
ENSG00000172236,TPSAB1,0.716715674595914,0.0006304205764143842,0.7494997445286867,9.613212838224847e-06,up,6.027245755588228,0.716715674595914
ENSG00000261217,RP11-598D12.3,-0.6528451405491199,2.91251060607624e-07,-0.34252989324108923,0.009209413236941539,down,-6.027122022423922,0.34252989324108923
ENSG00000005448,WDR54,0.46899344013864747,0.00032338494093718355,0.38959422076127315,2.247617995820095e-05,up,6.026654293406801,0.38959422076127315
ENSG00000196459,TRAPPC2,0.3678858327562192,5.315443304365372e-05,0.14334524481242963,0.00016580214794445893,up,6.02522340961416,0.14334524481242963
ENSG00000198898,CAPZA2,-0.3739209506935302,0.01948112291985589,-0.29444862552174506,2.6515568127732097e-08,down,-6.025047323573086,0.29444862552174506
ENSG00000157353,FUK,0.538891865023541,1.3579033739133853e-06,0.17676461304984808,0.003469083894526737,up,6.024991444294237,0.17676461304984808
ENSG00000142046,TMEM91,0.5829213413612456,0.0019625377790876983,0.4167361903265641,1.9202092992187427e-06,up,6.024316476738434,0.4167361903265641
ENSG00000188153,COL4A5,0.5689759574637113,0.017934756973755083,0.4844200138818762,3.21100738371699e-08,up,6.023701445440384,0.4844200138818762
ENSG00000146834,MEPCE,0.4809009725088126,7.263219163132132e-05,0.2316871762434769,0.0001256191386499722,up,6.019391338409826,0.2316871762434769
ENSG00000049246,PER3,0.5928948803103427,0.0020975022912545186,0.4559541714433697,1.8467766980133162e-06,up,6.01536297446909,0.4559541714433697
ENSG00000240371,RPS4XP13,0.8629938634763212,7.932816146254484e-05,0.45524244105779904,0.00011690334763375933,up,6.014522232906196,0.45524244105779904
ENSG00000130764,LRRC47,0.29727857102590405,0.0006155058819044222,0.2203379847125204,1.0828803319540027e-05,up,6.0140608466940275,0.2203379847125204
ENSG00000125686,MED1,-0.2529409434286502,0.0004996046832012919,-0.236967420307291,1.429318123510777e-05,down,-6.0126668241367645,0.236967420307291
ENSG00000141446,ESCO1,-0.23284881339688931,0.013518347648309923,-0.26885998013158374,6.446708066313258e-08,down,-6.012217264387788,0.23284881339688931
ENSG00000007516,BAIAP3,0.32176823241145647,0.04094355491728843,0.6684616939689886,4.741972565214441e-09,up,6.012056481829464,0.32176823241145647
ENSG00000235297,FAUP1,0.4186702973883803,1.1376173944146604e-05,0.4093557904215664,0.000717879460103996,up,6.011760911452905,0.4093557904215664
ENSG00000112667,DNPH1,0.4716756232179132,3.997409099662084e-05,0.4493111981379418,0.0002369906431759238,up,6.010338707801437,0.4493111981379418
ENSG00000109762,SNX25,-0.22610449408032235,0.015986751270004238,-0.3399275640931225,4.562488320128496e-08,down,-6.010338118233441,0.22610449408032235
ENSG00000137077,CCL21,0.8677199359221113,0.024053001952550862,0.9572134938990849,1.842780627770806e-08,up,6.008723095724172,0.8677199359221113
ENSG00000142961,MOB3C,0.26472751007656337,0.03981251214482541,0.1838720114566644,5.271410842558121e-09,up,6.008363306719206,0.1838720114566644
ENSG00000165113,GKAP1,-0.5986300530885038,1.8750168049698722e-07,-0.10660306295762609,0.012840206490437576,down,-6.007719926634676,0.10660306295762609
ENSG00000143977,SNRPG,-0.44606137928526063,3.265532026403229e-05,-0.1774191269974752,0.00029190373746957427,down,-6.006780248250264,0.1774191269974752
ENSG00000270804,CTD-2583A14.11,0.3636007357026459,0.004973062581124605,0.30677986768111515,4.6928186405068234e-07,up,6.005608672218222,0.30677986768111515
ENSG00000136267,DGKB,0.19939556299152125,0.026595597061921668,0.6168432871065165,1.5012407908818925e-08,up,6.0045639308802,0.19939556299152125
ENSG00000153922,CHD1,-0.3165873853809275,0.04352584251530363,-0.45943325011349206,4.306627356387372e-09,down,-6.004356811186007,0.3165873853809275
ENSG00000077380,DYNC1I2,-0.49289443273095407,5.287647204714958e-06,-0.22509665133762702,0.0013862405754856446,down,-6.003465837972086,0.22509665133762702
ENSG00000186522,10-Sep,-0.26205359767874353,0.021822660275570227,-0.4986137204800019,2.4328541943390828e-08,down,-6.00250844174737,0.26205359767874353
ENSG00000163811,WDR43,-0.31566834295423496,0.023294021008811713,-0.3751662084688954,2.096611862322412e-08,down,-6.00164796272282,0.31566834295423496
ENSG00000182463,TSHZ2,0.23797663664599197,0.016887559138825455,0.3832224324340738,4.341801865690166e-08,up,6.0015463682320345,0.23797663664599197
ENSG00000101166,SLMO2,-0.21640243061779366,0.0089053740967045,-0.2619654278307758,1.6370267583015235e-07,down,-6.001475339431599,0.21640243061779366
ENSG00000234614,AL450992.2,0.4212042306075146,0.017738823440393486,0.606324913122781,3.9676978577694706e-08,up,6.000390586511345,0.4212042306075146
ENSG00000144908,ALDH1L1,-0.4751976696342316,0.01918162843929979,-0.4568348341965676,3.344652522750072e-08,down,-5.999712554166952,0.4568348341965676
ENSG00000112855,HARS2,0.24561743010887735,0.002897606046782029,0.14727477974709952,1.221019860640475e-06,up,5.999238078295419,0.14727477974709952
ENSG00000272894,RP5-1159O4.1,0.5912704649758911,0.01876594191872327,0.5255864120248489,3.553188589122977e-08,up,5.9982883094558765,0.5255864120248489
ENSG00000007168,PAFAH1B1,-0.22641817076426637,0.005480322167159464,-0.19425864378786625,4.1786673408024857e-07,down,-5.99727621252831,0.19425864378786625
ENSG00000034677,RNF19A,-0.597705249348642,3.9340500158017703e-05,-0.29901406794020546,0.000259902470676478,down,-5.996128157112501,0.29901406794020546
ENSG00000188783,PRELP,1.1621004670538984,0.0011774891975197368,0.47503196835412953,5.122676385020832e-06,up,5.993792800457931,0.47503196835412953
ENSG00000127129,EDN2,-0.40407657654952484,0.021325026934028518,-0.9029393448601738,2.7555970434426717e-08,down,-5.993723158183419,0.40407657654952484
ENSG00000114737,CISH,0.9022503806548239,0.0005662600077519661,0.4180493669809152,1.3908690368171375e-05,up,5.992178759532372,0.4180493669809152
ENSG00000172349,IL16,0.5867883118554769,0.0020143297894080234,0.272482902072103,2.372654685747762e-06,up,5.987984165582167,0.272482902072103
ENSG00000173511,VEGFB,0.2661853063669946,0.0022232116299231754,0.4101846225419521,2.0344151384799247e-06,up,5.9879470901553535,0.2661853063669946
ENSG00000137628,DDX60,0.5351347695210774,0.0006469345884876022,0.3791924586140494,1.19779551427666e-05,up,5.987905608573409,0.3791924586140494
ENSG00000069431,ABCC9,-0.5320632108977541,0.00018276831504450192,-0.3047327555716377,5.5820552826872155e-05,down,-5.986494986715386,0.3047327555716377
ENSG00000228502,EEF1A1P11,0.3476853721562357,0.015460904385528124,0.5164389043331069,5.9381580313772675e-08,up,5.986417411048133,0.3476853721562357
ENSG00000154001,PPP2R5E,-0.30235148016162505,0.0026052720755177718,-0.17847868530966085,1.6157909182510116e-06,down,-5.984021871136374,0.17847868530966085
ENSG00000130300,PLVAP,1.495223872833023,4.4119379845258826e-05,0.4455125373612815,0.00025065704724747194,up,5.982834693630351,0.4455125373612815
ENSG00000242687,AC004893.11,0.28753306187869204,0.0036739845197663397,0.20213577889918405,9.627709858361818e-07,up,5.977245000249201,0.20213577889918405
ENSG00000163069,SGCB,-0.44314986795778477,5.566681396538772e-05,-0.19343282847712814,0.0002074565725597546,down,-5.976276212399595,0.19343282847712814
ENSG00000130402,ACTN4,0.5903733668833315,0.00012477302031083389,0.2270201847404946,9.118958731072536e-05,up,5.974869064664389,0.2270201847404946
ENSG00000230216,HSPB1P2,0.5661160549418344,0.0023045218186793595,0.7623577395727007,2.1424484152418944e-06,up,5.972206167705999,0.5661160549418344
ENSG00000050426,LETMD1,0.38012309378752224,0.002162343906871305,0.17752950238962484,2.4018373375641704e-06,up,5.970295699109179,0.17752950238962484
ENSG00000113638,TTC33,-0.4742324226185014,0.000137456771724777,-0.4011053049795109,8.539382417354572e-05,down,-5.967680017018327,0.4011053049795109
ENSG00000013288,MAN2B2,0.43395773378462194,0.005162282652102163,0.21356035239942708,5.884295747004296e-07,up,5.966104638986846,0.21356035239942708
ENSG00000104983,CCDC61,0.28208425754670857,0.006519515320771518,0.5641088030343052,3.8848080819625225e-07,up,5.963840320378536,0.28208425754670857
ENSG00000229944,AC004797.1,-0.5586582730858545,3.954714534124924e-06,-0.3965846393719608,0.0021012249245699628,down,-5.962696589817584,0.3965846393719608
ENSG00000134308,YWHAQ,0.41706588890352675,0.0002471618777024392,0.16271663822800284,4.5841541294202254e-05,up,5.9615779502685236,0.16271663822800284
ENSG00000213402,PTPRCAP,0.4426923658269176,0.030723801966796083,0.8532711214414856,1.5120029150397213e-08,up,5.960654538161856,0.4426923658269176
ENSG00000165934,CPSF2,-0.39137117426342877,0.002017649193404973,-0.2180080334413761,2.8540262529230402e-06,down,-5.960154422378708,0.2180080334413761
ENSG00000141013,GAS8,0.26216142406427917,0.011447886213930801,0.2582146053895814,1.3799904443093669e-07,up,5.95871020730097,0.2582146053895814
ENSG00000124374,PAIP2B,-0.5455096717802592,0.0007567365132782167,-0.2850198396093941,1.1998592480725621e-05,down,-5.955618701109866,0.2850198396093941
ENSG00000272593,RP11-339B21.11,0.5372152244362084,4.308183506789935e-06,0.2783473195621179,0.0020396810347534503,up,5.955321512597989,0.2783473195621179
ENSG00000119574,ZBTB45,0.39437666977461056,2.364355816610721e-06,0.3183604338457839,0.0031732320391995405,up,5.954976671812447,0.3183604338457839
ENSG00000161671,EMC10,0.6060540637983894,2.7692543748839562e-05,0.3052449141361275,0.00045715753182511127,up,5.95098025607481,0.3052449141361275
ENSG00000235106,LINC00094,0.5085566668109258,7.224989236614356e-05,0.12976058982520083,0.00018521239468983355,up,5.950562538726064,0.12976058982520083
ENSG00000233913,CTC-575D19.1,0.7337945471153098,3.562499879853573e-08,0.22837651144544155,0.03766410264775674,up,5.949577875287319,0.22837651144544155
ENSG00000189308,LIN54,-0.25705471148329173,0.005898167561650716,-0.34162074243146656,5.183287383736389e-07,down,-5.9492072676064955,0.25705471148329173
ENSG00000186350,RXRA,-0.26948295961231583,0.003946664764674372,-0.2723868209448165,1.0716337279681056e-06,down,-5.946188240478796,0.26948295961231583
ENSG00000271361,HTATSF1P2,-1.0619255637986653,0.0018798206717626673,-1.065676058688377,3.612837710428253e-06,down,-5.942218386107016,1.0619255637986653
ENSG00000178163,ZNF518B,-0.21642842815693347,0.008615261173488311,-0.24091255276087314,2.7272253987616344e-07,down,-5.941690873002268,0.21642842815693347
ENSG00000197562,RAB40C,0.5418137214661953,5.2787243973529314e-05,0.3512121457482533,0.00026410990645204743,up,5.941521747222261,0.3512121457482533
ENSG00000157045,NTAN1,-0.8506581168188024,1.8193076935361492e-07,-0.12113922679477032,0.016825579880956607,down,-5.941040827431658,0.12113922679477032
ENSG00000184500,PROS1,0.8765188121308954,0.00022528877195505966,0.320427129516637,5.7914919353528515e-05,up,5.9404920012780815,0.320427129516637
ENSG00000240057,RP11-572M11.4,0.2892479911603956,0.018842206683047986,0.4856814956087853,5.5788424253969216e-08,up,5.940353732274385,0.2892479911603956
ENSG00000091536,MYO15A,0.2835369500793941,0.004379606025039612,0.37621563765748,9.367610542310689e-07,up,5.940340857683006,0.2835369500793941
ENSG00000142675,CNKSR1,0.7605193364918471,2.953269611933139e-06,0.2550272817195646,0.0028983841654553525,up,5.939795511612494,0.2550272817195646
ENSG00000106034,CPED1,0.598482913644767,8.171770792712274e-05,0.3771621617628762,0.00017262980797312785,up,5.939597075158513,0.3771621617628762
ENSG00000138166,DUSP5,1.1600380148134757,0.00015057481000817373,0.3525773725465457,9.148140189095624e-05,up,5.938676690156144,0.3525773725465457
ENSG00000249274,PDLIM1P4,0.5296445491202441,4.0271442237591465e-06,0.39804799052700546,0.002337038484432862,up,5.936293135126574,0.39804799052700546
ENSG00000008282,SYPL1,-0.18596689114964274,0.018100834441851576,-0.2947828237547137,6.360229527143256e-08,down,-5.9348046784551505,0.18596689114964274
ENSG00000133112,TPT1,-0.43077276879215853,4.700729691680581e-07,-0.0931798589914556,0.010018943982937614,down,-5.934182382351804,0.0931798589914556
ENSG00000151746,BICD1,0.6397749139348904,4.760218266782465e-05,0.2867307432056963,0.00030306710322211474,up,5.933786733095558,0.2867307432056963
ENSG00000166189,HPS6,0.5698198300956991,1.2127940177686475e-07,0.14985835894799107,0.021385190653147264,up,5.932435242687542,0.14985835894799107
ENSG00000125449,ARMC7,0.4145491532390864,0.00029094809956156084,0.30188502263283085,4.545769079083213e-05,up,5.9321709443193456,0.30188502263283085
ENSG00000235423,RP11-282O18.3,-0.3583836737662735,0.012698702934956212,-0.48897461885282273,1.3801880612690584e-07,down,-5.9303533607919485,0.3583836737662735
ENSG00000237886,RP11-611D20.2,0.3005604962533163,0.02939877807383892,0.7490211848398166,2.1590855537901614e-08,up,5.930077892984168,0.3005604962533163
ENSG00000129515,SNX6,-0.2466640770958132,0.00994695766269436,-0.31390017252728614,2.2546005308073374e-07,down,-5.929988392957789,0.2466640770958132
ENSG00000106080,FKBP14,-0.5765066059929707,9.273284217844407e-05,-0.2505084949487713,0.00016146753816972386,down,-5.9295953899801885,0.2505084949487713
ENSG00000130511,SSBP4,0.6680389784953604,1.261196146958587e-05,0.45285102104405783,0.0009998893731128094,up,5.928391308158635,0.45285102104405783
ENSG00000157613,CREB3L1,-0.37929175360033435,0.005279756438414045,-0.3535802083394758,7.423487940660733e-07,down,-5.927871868756037,0.3535802083394758
ENSG00000176909,MAMSTR,0.41786292174140266,0.03534367027036035,0.5984595130777186,1.3967333456207995e-08,up,5.927718887369814,0.41786292174140266
ENSG00000225648,SBDSP1,0.7329190064196728,1.643958875386412e-06,0.1501353915123765,0.004648098715680262,up,5.925661527294619,0.1501353915123765
ENSG00000165943,MOAP1,0.2690436736480311,4.0289778841540536e-05,0.14048011291017587,0.00037201775302997755,up,5.924592123074465,0.14048011291017587
ENSG00000177830,CHID1,0.20607257703051476,0.011653721787313227,0.41812674901859065,1.7430428742565497e-07,up,5.923433410021212,0.20607257703051476
ENSG00000198924,DCLRE1A,-0.3411327910476779,0.0013279254157253673,-0.3113076578702321,6.8512000603653934e-06,down,-5.923238750395531,0.3113076578702321
ENSG00000158457,TSPAN33,0.3503355801826126,0.014752567260975397,0.34260579811077624,1.0780440147826697e-07,up,5.922878832409731,0.34260579811077624
ENSG00000244998,CTD-3064M3.4,-0.31448098451780887,2.9996147228828845e-05,-0.44905737428501735,0.0004964363652288071,down,-5.920869816115001,0.31448098451780887
ENSG00000114127,XRN1,-0.45525573297040783,0.0007679876509020981,-0.3507118000421484,1.4662763442328567e-05,down,-5.92086577354585,0.3507118000421484
ENSG00000241158,ADAMTS9-AS1,0.39774605518412454,0.002921841449377639,0.5997507122630172,2.123246541572006e-06,up,5.9179748969179045,0.39774605518412454
ENSG00000240950,RP11-372E1.1,0.5291579518976272,7.950404112045949e-06,0.3317992603771828,0.0015289778174788708,up,5.917541909250637,0.3317992603771828
ENSG00000153896,ZNF599,0.29671705161859036,0.0007654883636687219,0.13942573724077512,1.5036895030168908e-05,up,5.917530502940078,0.13942573724077512
ENSG00000204389,HSPA1A,0.49579045700051144,0.0054947461406842915,0.41604129038105553,7.498520558624725e-07,up,5.915552122392827,0.41604129038105553
ENSG00000121775,TMEM39B,0.2647944377990796,0.012411210576139742,0.312799229869078,1.6276140888028257e-07,up,5.914672819243388,0.2647944377990796
ENSG00000115084,SLC35F5,-0.27686660808113045,0.016493726105770913,-0.37404207889450847,9.134795055220142e-08,down,-5.912901151622233,0.27686660808113045
ENSG00000010219,DYRK4,0.3041591850812966,0.00011067636511142269,0.17321237268760054,0.00014769610464874134,up,5.9127600763037025,0.17321237268760054
ENSG00000244073,RPS4XP6,0.41406406281074,0.00021569209412147406,0.5798954910863894,7.186860445028451e-05,up,5.912563181351348,0.41406406281074
ENSG00000171757,LRRC34,0.35170471653312413,0.029371822119436654,0.3299908589663548,2.5135424829114907e-08,up,5.911876522558046,0.3299908589663548
ENSG00000025796,SEC63,-0.43929782985882493,0.0001782785856237748,-0.18387439099186031,9.179061936290668e-05,down,-5.906715026634082,0.18387439099186031
ENSG00000173141,MRP63,0.3734743494388895,3.7242313228754003e-06,0.21376569209901472,0.002846529804064541,up,5.905829040954156,0.21376569209901472
ENSG00000125733,TRIP10,-0.5307056055057554,6.753649901774402e-05,-0.1862641067561683,0.00025359806502962053,down,-5.905044810083445,0.1862641067561683
ENSG00000130856,ZNF236,-0.7269806374259432,0.0009258171813725937,-0.3173683902144076,1.2828997183625339e-05,down,-5.903985789047834,0.3173683902144076
ENSG00000147654,EBAG9,-0.2934892393682792,0.0013847602342243496,-0.1323499448969021,7.322029627827057e-06,down,-5.903920902973451,0.1323499448969021
ENSG00000010322,NISCH,0.41584450946080326,0.000591314703348465,0.1891962837183985,2.2918495004823972e-05,up,5.902886654802151,0.1891962837183985
ENSG00000135643,KCNMB4,0.49667336378551935,0.002440344060900287,0.24789388076165342,3.1321272549979476e-06,up,5.902618858819905,0.24789388076165342
ENSG00000137216,TMEM63B,-0.5177634482800745,7.076077968636959e-07,-0.12114864554467611,0.008904582043412441,down,-5.90258538570512,0.12114864554467611
ENSG00000099797,TECR,0.4837928392847102,3.3235782011010873e-06,0.24366271455887953,0.0031655901784991515,up,5.900431477197029,0.24366271455887953
ENSG00000158109,TPRG1L,0.30327799829032304,0.00010112064125142321,0.14802638329490722,0.00017633455227558507,up,5.897248066325417,0.14802638329490722
ENSG00000229604,MTATP8P2,-1.099806596850639,5.081198049130993e-08,-0.3069959285724404,0.03763656185074343,down,-5.897088057125643,0.3069959285724404
ENSG00000248890,HHIP-AS1,0.2324715769489687,0.04170936757893835,0.45482820310621414,1.1860286944992745e-08,up,5.896224529690648,0.2324715769489687
ENSG00000186523,FAM86B1,0.24157207027296246,0.04856438355152123,0.5910060436791954,7.950463821763673e-09,up,5.896153052398855,0.24157207027296246
ENSG00000261351,CTD-3185P2.1,0.2974883585803849,0.00039551665725327736,0.2934862317565332,3.927097131850166e-05,up,5.895675770031674,0.2934862317565332
ENSG00000083828,ZNF586,0.31338485605945093,0.002406391147217629,0.20812032784662635,3.381685792217512e-06,up,5.894746732354471,0.20812032784662635
ENSG00000183199,HSP90AB3P,0.533800012508177,4.953770819334979e-06,0.29708863724538503,0.002438837590132587,up,5.894560607877169,0.29708863724538503
ENSG00000162517,PEF1,0.40907976753556063,7.743561603881242e-07,0.13359429972426473,0.008689936233804959,up,5.894469558425137,0.13359429972426473
ENSG00000269939,RP11-727A23.11,0.3025415620776408,0.0008201175799615688,0.2857296389278783,1.6008764147312226e-05,up,5.893508333837162,0.2857296389278783
ENSG00000170604,IRF2BP1,0.34207183911950667,0.0006540950184686587,0.4410184753787742,2.13925171813886e-05,up,5.893333465876331,0.34207183911950667
ENSG00000137502,RAB30,-0.5664301904768321,5.1902163998649884e-05,-0.2604938920147961,0.00034876719111390524,down,-5.89258837445089,0.2604938920147961
ENSG00000188186,LAMTOR4,0.5239340571130078,2.650292692748709e-07,0.3089189755025884,0.01643735379193041,up,5.891467086105958,0.3089189755025884
ENSG00000259344,RP11-566K19.6,-1.0097632315399119,3.899503636796349e-05,-0.278912706530571,0.00045738120534619635,down,-5.890353624908772,0.278912706530571
ENSG00000179134,SAMD4B,0.5230055635925231,4.164969773575001e-05,0.11378974793496191,0.0004336682282213162,up,5.88947649588112,0.11378974793496191
ENSG00000038002,AGA,-0.6046524751539314,0.00016814327362237947,-0.17284137169381897,0.00010983142735214231,down,-5.88608594222393,0.17284137169381897
ENSG00000263335,AF001548.5,0.6068861354686762,8.906854014040633e-05,0.39758245776576306,0.00021359292160246497,up,5.886022561619482,0.39758245776576306
ENSG00000148143,ZNF462,0.3439785700746642,0.002354319242285671,0.19988019326545367,3.7252822473844918e-06,up,5.885972480275231,0.19988019326545367
ENSG00000157823,AP3S2,-0.43625140744935653,2.518398090262932e-05,-0.13110320169277057,0.0007005056887879698,down,-5.884004974470755,0.13110320169277057
ENSG00000066777,ARFGEF1,-0.31485816281882323,0.020149250505581313,-0.3357116984511926,7.518574005967938e-08,down,-5.883413769927664,0.31485816281882323
ENSG00000174365,SNHG11,0.49683768643295934,6.163147039002514e-05,0.26281048031888565,0.0003116537567930687,up,5.883318314277928,0.26281048031888565
ENSG00000121310,ECHDC2,0.24718701472548738,0.005860669845652635,0.2599583765318238,8.49526959374203e-07,up,5.882252681470547,0.24718701472548738
ENSG00000266904,LINC00663,0.38959555726834294,0.0009627264759427659,0.2032452571528403,1.4027530809299755e-05,up,5.881683812601558,0.2032452571528403
ENSG00000159377,PSMB4,0.4557704705886153,4.697318725917421e-08,0.11038920756522175,0.04162988983434931,up,5.880515142505741,0.11038920756522175
ENSG00000272506,RP4-535B20.4,0.23782499400619292,0.039398307956838845,0.6916523716457545,1.5635177638059316e-08,up,5.880449879494504,0.23782499400619292
ENSG00000145244,CORIN,-0.9839235040736569,0.031342124361249696,-0.7636326551357386,2.7702405179915213e-08,down,-5.8794177438933195,0.7636326551357386
ENSG00000026025,VIM,0.636681765508164,0.0010672518256438306,0.24318865838249135,1.2443084227014854e-05,up,5.8786829361341875,0.24318865838249135
ENSG00000118785,SPP1,-1.5820738995428298,0.0011413251482438973,-0.6443905638074164,1.140316898722786e-05,down,-5.877300691110587,0.6443905638074164
ENSG00000075336,TIMM21,-0.38586348638798945,3.954714534124924e-06,-0.11578712900397496,0.003105684007966721,down,-5.877111079930734,0.11578712900397496
ENSG00000125826,RBCK1,0.3707494506020125,0.00016534985466631785,0.289242893047274,0.00011827172666952156,up,5.876127510473304,0.289242893047274
ENSG00000137992,DBT,-0.3548939126678803,0.00877985685040606,-0.3301277558522618,4.2958109107346624e-07,down,-5.875371294530307,0.3301277558522618
ENSG00000167434,CA4,0.9970648001282856,0.0002479769736170727,0.3805835167730339,7.689426064276598e-05,up,5.8738597308285145,0.3805835167730339
ENSG00000221838,AP4M1,0.46068542120921785,2.979833075356062e-05,0.18937715994659482,0.0006369428293745902,up,5.873284935353931,0.18937715994659482
ENSG00000255857,PXN-AS1,0.24603669957560154,0.02481886273058387,0.42967772323052106,5.103828316716184e-08,up,5.87228147921318,0.24603669957560154
ENSG00000129270,MMP28,0.5724476174246054,0.0016035080435274115,0.4708658602704889,7.300536815984435e-06,up,5.871107345305079,0.4708658602704889
ENSG00000205559,CHKB-AS1,0.29433311638024684,0.01201015794770475,0.6291388788043932,2.427661584718043e-07,up,5.870453733885626,0.29433311638024684
ENSG00000143434,SEMA6C,0.44853243765352657,0.004378235665140742,0.3092263744862571,1.5424618439562424e-06,up,5.87001204043526,0.3092263744862571
ENSG00000204946,ZNF783,0.605235529850408,2.0412519553056854e-06,0.11461223202612014,0.00515659304172077,up,5.866888513377911,0.11461223202612014
ENSG00000213862,CTD-2270N23.1,1.1980180628043218,1.1374916526232164e-07,0.22039394698779702,0.028130922092518076,up,5.86684523193794,0.22039394698779702
ENSG00000108591,DRG2,0.4662669457474937,1.8663327771695748e-06,0.15073137305280257,0.005546801105100042,up,5.86533380002699,0.15073137305280257
ENSG00000069248,NUP133,-0.16399319399255255,0.027816856717381842,-0.15787165690525204,4.175772841246992e-08,down,-5.86465778286087,0.15787165690525204
ENSG00000138138,ATAD1,-0.31093407495936376,0.004444693952576207,-0.22478333857065222,1.5692818168110616e-06,down,-5.863840866833191,0.22478333857065222
ENSG00000162630,B3GALT2,-1.0399990069649627,0.002031085459832339,-0.4714966741838688,5.4130446050225595e-06,down,-5.863767400518601,0.4714966741838688
ENSG00000196754,S100A2,0.3643935009045742,0.02747976431664548,0.6663302216888962,4.755741754625358e-08,up,5.851722736755181,0.3643935009045742
ENSG00000249755,RP11-466G12.2,0.3269377804319541,0.000695447373452087,0.5723287867478241,2.591905845606738e-05,up,5.85020530319094,0.3269377804319541
ENSG00000171298,GAA,0.5759093610922544,7.09615446522302e-08,0.20007675694064203,0.03777582490165216,up,5.847199785424631,0.20007675694064203
ENSG00000130589,HELZ2,0.4880880750887107,0.0022877561290110147,0.3869200663549727,5.066986178392005e-06,up,5.84666244386243,0.3869200663549727
ENSG00000145331,TRMT10A,-0.5772160408092155,0.0021896669962184053,-0.24937519053748838,5.454503542015573e-06,down,-5.845519068405864,0.24937519053748838
ENSG00000104154,SLC30A4,-0.24381916500517345,0.015599259270363474,-0.3676941628834514,1.724491671307916e-07,down,-5.845260961771849,0.24381916500517345
ENSG00000168918,INPP5D,0.4281681667674827,0.020020404950004986,0.2797222294143567,1.0333021452879249e-07,up,5.844220455514818,0.2797222294143567
ENSG00000204227,RING1,0.293816192392157,0.0025793979167535843,0.20370277900262632,4.265506931506928e-06,up,5.844210847021889,0.20370277900262632
ENSG00000184752,NDUFA12,-0.5482175667166149,4.274945986699469e-06,-0.12922752087744696,0.003426689520563522,down,-5.842340822869548,0.12922752087744696
ENSG00000153560,UBP1,-0.26065907736412686,0.0022962424042231025,-0.19661704323195178,5.226018078110746e-06,down,-5.841184031743735,0.19661704323195178
ENSG00000271959,CTD-3064M3.7,0.7800649863894201,0.00035103178718445273,0.4833794408471283,6.266760138841719e-05,up,5.8408504657478995,0.4833794408471283
ENSG00000267242,AC069278.4,0.2225400982613631,0.017845375583440938,0.418219826774628,1.3565437907526076e-07,up,5.8404772116714465,0.2225400982613631
ENSG00000151575,TEX9,0.26196732194421163,0.011528333332047934,0.5610714328677254,3.3195367739198864e-07,up,5.839678890914426,0.26196732194421163
ENSG00000091039,OSBPL8,-0.591171669053304,0.0007255472487255771,-0.4186379566247188,2.6430586054392565e-05,down,-5.838230807209383,0.4186379566247188
ENSG00000067167,TRAM1,-0.30872493204039186,0.012333948269916765,-0.4325693042765403,2.9414152874424465e-07,down,-5.837194436104786,0.30872493204039186
ENSG00000167220,HDHD2,-0.4646149169506517,1.0170491100936967e-06,-0.09256788912427062,0.00930493911569898,down,-5.8357925246899525,0.09256788912427062
ENSG00000138798,EGF,-0.2777469048032047,0.030452623214235933,-0.43505288397230035,4.271030795029478e-08,down,-5.834244633317965,0.2777469048032047
ENSG00000126456,IRF3,0.3085433429200803,0.006289382857251079,0.37926544877668134,1.0612597278384062e-06,up,5.833341003022552,0.3085433429200803
ENSG00000163093,BBS5,0.37171704680982764,0.0010584519601499651,0.2284276701351248,1.69993637190568e-05,up,5.8309251273861555,0.2284276701351248
ENSG00000150048,CLEC1A,0.3180201741694335,0.02415845813370194,0.3377890366706031,7.499261823209624e-08,up,5.830831414729648,0.3180201741694335
ENSG00000082212,ME2,-0.3238411766363614,0.0039581901272264615,-0.3341182406577242,2.3952699994844883e-06,down,-5.830261878629471,0.3238411766363614
ENSG00000158321,AUTS2,0.3747949394695151,0.03793274864815862,0.25623732627161483,2.621640820010369e-08,up,5.828560448407875,0.25623732627161483
ENSG00000196355,AC021860.1,0.39675691295509175,2.2047019490847876e-06,0.5086810645886436,0.005787476008307421,up,5.828130274416663,0.39675691295509175
ENSG00000198551,ZNF627,0.4764627804570171,3.3622072047588703e-07,0.16030712147568535,0.018285142874458142,up,5.827782811310747,0.16030712147568535
ENSG00000119703,ZC2HC1C,-0.33732729628633906,0.0027448253750378252,-0.2515310487952991,4.3374581200719056e-06,down,-5.827467712491574,0.2515310487952991
ENSG00000272836,RP3-402G11.27,0.4641685000730596,0.0009270473601994516,0.5900475116701438,2.0919415753969684e-05,up,5.825790844933971,0.4641685000730596
ENSG00000268858,C20ORF135,1.0214529918113828,3.051198655929945e-05,0.7121203784737269,0.0007952607535512711,up,5.825225705631568,0.7121203784737269
ENSG00000262528,LA16c-349E10.1,0.3508180448437775,0.001184376212754137,0.8051883241062544,1.5210706354919266e-05,up,5.823946271835271,0.3508180448437775
ENSG00000162520,SYNC,-0.7620655081808716,0.0004425333680592425,-0.24255176769196313,5.309108049382244e-05,down,-5.823469436706984,0.24255176769196313
ENSG00000141279,NPEPPS,-0.16133772711956373,0.030486734991936725,-0.24039852364263065,4.703326402285275e-08,down,-5.8215942073569105,0.16133772711956373
ENSG00000260643,RP11-303E16.8,-0.43961136031187525,0.001380859646024401,-0.51808322056925,1.248701945478611e-05,down,-5.82154682093021,0.43961136031187525
ENSG00000166407,LMO1,-0.8142904813700721,3.584572932681986e-06,-0.47548412781106764,0.004277752382709491,down,-5.819935953374982,0.47548412781106764
ENSG00000125952,MAX,-0.5941470603519163,1.4706528808109487e-07,-0.06960526247686394,0.02906889957436242,down,-5.819367936430203,0.06960526247686394
ENSG00000189403,HMGB1,-0.31916263324626487,0.0004179258427657075,-0.12679158809496408,5.825499943275524e-05,down,-5.818621064279507,0.12679158809496408
ENSG00000168961,LGALS9,0.6161241136987599,0.008057981374643152,0.4852385620017623,7.63958121466942e-07,up,5.8174769160990945,0.4852385620017623
ENSG00000136819,C9orf78,-0.5437031525450883,1.001611495514766e-07,-0.0423510691677739,0.035395238830691435,down,-5.816650852099833,0.0423510691677739
ENSG00000264608,RP11-192H23.8,0.434794502985954,0.006180712849087684,0.4400935636727177,1.2436437321270269e-06,up,5.81540194531372,0.434794502985954
ENSG00000158427,TMSB15B,0.3060883315186319,0.006410894384263046,0.35598784675591194,1.1876904059948052e-06,up,5.813011620395428,0.3060883315186319
ENSG00000131876,SNRPA1,-0.37200356445415667,1.1315698903713831e-05,-0.09946215263931765,0.001932166542544674,down,-5.809138562123117,0.09946215263931765
ENSG00000236264,RPL26P30,0.541771918166786,0.00015566330845852316,0.38935696151039806,0.00018369127420974664,up,5.808294292210101,0.38935696151039806
ENSG00000103197,TSC2,0.32580541351289394,7.907625854586359e-05,0.20323779201565725,0.00036294647756537484,up,5.8082644459528,0.20323779201565725
ENSG00000259891,CTA-204B4.2,0.30818151741577915,0.0014800380634735614,0.19990701661721752,1.232524870996014e-05,up,5.807776145659365,0.19990701661721752
ENSG00000134202,GSTM3,-0.5055868199454887,0.01374640317743388,-0.36201251204427287,2.9531412553374415e-07,down,-5.807612033352633,0.36201251204427287
ENSG00000272821,CTA-384D8.36,0.4033615129503045,0.002523051286699591,0.6143618749123269,5.646820900230452e-06,up,5.807281267804776,0.4033615129503045
ENSG00000160633,SAFB,0.4119447917745044,0.0001233796973177758,0.14044325736127308,0.0002382078802396856,up,5.805334392344501,0.14044325736127308
ENSG00000162976,PQLC3,0.6723477048646131,2.5845949552529173e-05,0.15983437407253198,0.0010308045816154105,up,5.802347697196601,0.15983437407253198
ENSG00000116062,MSH6,-0.31632958790918153,0.016045442158974608,-0.16327436407416798,2.2800542353073984e-07,down,-5.800001982291798,0.16327436407416798
ENSG00000182795,C1orf116,-0.36074825278273476,0.00841989010910409,-0.4999372675090009,8.019034850751179e-07,down,-5.799610351115041,0.36074825278273476
ENSG00000177694,NAALADL2,0.4649312619126522,0.0036496149879377913,0.4275223780477185,3.3826011915555615e-06,up,5.797467128531523,0.4275223780477185
ENSG00000229043,AC091729.9,0.3990385750264282,0.015520902879165917,0.36656360069989835,2.49959252097199e-07,up,5.796910754473594,0.36656360069989835
ENSG00000178234,GALNT11,0.27875191369381824,0.0016993509357322082,0.2131456344151534,1.0879766205122929e-05,up,5.796582255536767,0.2131456344151534
ENSG00000174502,SLC26A9,-0.5432046752199259,0.011232529928309507,-0.4899585545428716,4.810401348789446e-07,down,-5.796311844520103,0.4899585545428716
ENSG00000158019,BRE,0.34333143414586825,2.0764701297190594e-05,0.16107031581990422,0.0012751825793052046,up,5.794823570622922,0.16107031581990422
ENSG00000105443,CYTH2,0.4237205997547991,0.0009643184660289583,0.18832207837911674,2.487338094733843e-05,up,5.789570295982488,0.18832207837911674
ENSG00000111907,TPD52L1,0.4245315833076487,0.004030270186939932,0.24527500632047347,3.080848463408522e-06,up,5.788753827672434,0.24527500632047347
ENSG00000198342,ZNF442,0.25180050501439766,0.021944873626771447,0.3522266410337851,1.2858069966813443e-07,up,5.788380967514499,0.25180050501439766
ENSG00000225093,RPL3P7,0.5941108751905805,4.7512293385006836e-05,0.38045265363476966,0.0006504488104435573,up,5.787157560420189,0.38045265363476966
ENSG00000167747,C19orf48,0.4974653387205396,1.9543000069675025e-06,0.3056809083178425,0.007460884607041204,up,5.786132082826203,0.3056809083178425
ENSG00000162601,MYSM1,-0.2723329146510383,0.018092780472945467,-0.5395853734163761,2.0166492544367635e-07,down,-5.784184362933623,0.2723329146510383
ENSG00000257526,RP11-20E24.1,0.6584447798433185,0.002450720441424779,0.5236751828008571,6.895339572522092e-06,up,5.783459405925139,0.5236751828008571
ENSG00000172977,KAT5,0.3537070111365189,0.00012426902718696805,0.13482382371637733,0.00027144674100622156,up,5.779568835595557,0.13482382371637733
ENSG00000237773,AC003075.4,0.5637311189002175,0.014164771422206167,0.6460239249368521,3.432379000924105e-07,up,5.779547366869311,0.5637311189002175
ENSG00000106211,HSPB1,0.6408523023067583,0.0005632929989038586,0.6163782836074473,5.218645842528425e-05,up,5.778351092257706,0.6163782836074473
ENSG00000133424,LARGE,-0.26410926536041446,0.0208644816984479,-0.232167639211682,1.5627705498909758e-07,down,-5.777758218617223,0.232167639211682
ENSG00000213866,YBX1P10,-0.5867828041494036,2.3098912903012335e-07,-0.20727330040089448,0.026905255530157855,down,-5.777480341347093,0.20727330040089448
ENSG00000170903,MSANTD4,-0.21327522298990712,0.02798950274599071,-0.2921606839774701,8.242548449741878e-08,down,-5.77591738378503,0.21327522298990712
ENSG00000272273,XXbac-BPG252P9.10,-0.539705888250949,1.400553995523626e-05,-0.24786681758967058,0.0019050740992260513,down,-5.775766196898855,0.24786681758967058
ENSG00000272106,RP11-345P4.9,0.2762393374268198,0.003220366127363721,0.2715526449225126,4.7734079301520675e-06,up,5.775671147831883,0.2715526449225126
ENSG00000184313,MROH7,1.0094136972841192,2.999052533073993e-06,0.28899512230177515,0.005870159230787695,up,5.775655168155242,0.28899512230177515
ENSG00000058453,CROCC,0.4933039508866001,0.0006228870065764814,0.4245080333578199,4.763316780557639e-05,up,5.772326981942579,0.4245080333578199
ENSG00000089902,RCOR1,-0.3878768108904643,0.00452986418711247,-0.23162266688175592,2.8506523650119444e-06,down,-5.772111719835582,0.23162266688175592
ENSG00000100181,TPTEP1,0.35706821892130175,0.035400169742267604,0.34109064483278706,4.847249904989434e-08,up,5.772027463292038,0.34109064483278706
ENSG00000114026,OGG1,0.2600978887076148,0.027257415435253896,0.16726535023708225,9.10911944398659e-08,up,5.770742607975461,0.16726535023708225
ENSG00000085644,ZNF213,0.4373928422915406,2.6338834973912837e-05,0.25364756191765736,0.0011864538211539158,up,5.770086985221778,0.25364756191765736
ENSG00000076242,MLH1,-0.3107083752767271,0.003945723864254862,-0.1564234177944198,3.6304843093832353e-06,down,-5.769962923813137,0.1564234177944198
ENSG00000204706,MAMDC2-AS1,0.2362264260841716,0.042808892079464235,0.4601877900964151,3.095729060267842e-08,up,5.769716049887763,0.2362264260841716
ENSG00000163815,CLEC3B,0.6867841671760959,2.9831490383621205e-05,0.3847983325996313,0.0010689253117212537,up,5.7695916074217095,0.3847983325996313
ENSG00000226887,ERVMER34-1,-0.6028334345383117,0.0020167342364618953,-0.4947841703707047,1.0126929082421714e-05,down,-5.769404041391421,0.4947841703707047
ENSG00000175334,BANF1,0.5340419410723138,3.815657104493484e-05,0.2239719362989487,0.000878745870358235,up,5.766036133125665,0.2239719362989487
ENSG00000182700,IGIP,0.5495182789833175,0.00018496739975480924,0.18303841858115,0.0001954391368123868,up,5.765250486032639,0.18303841858115
ENSG00000107295,SH3GL2,1.003577796393306,0.00014373005365901203,0.44072889311217056,0.00025435530908463836,up,5.763688622977099,0.44072889311217056
ENSG00000165288,BRWD3,-0.20314682907945958,0.045566539890964854,-0.5548529746703054,2.8099482113308842e-08,down,-5.761921843181643,0.20314682907945958
ENSG00000261377,RP11-578F21.12,-0.3656172954186647,0.0023437813149407307,-0.3336982970670063,8.52209188575563e-06,down,-5.761726166352486,0.3336982970670063
ENSG00000068650,ATP11A,-0.3693059064409741,0.010392602446515924,-0.436324828778003,7.229877081368751e-07,down,-5.759348110208579,0.3693059064409741
ENSG00000212719,C17orf51,-0.19331048801712883,0.046581845585154574,-0.1929689610285824,2.7106065461555756e-08,down,-5.759324437928759,0.1929689610285824
ENSG00000099308,MAST3,0.3118272295348975,0.03351649549860145,0.3502973703436112,6.122102826878621e-08,up,5.758881325325996,0.3118272295348975
ENSG00000250571,GLI4,0.5271564178458683,3.0172873653745946e-07,0.2412197115810623,0.02493442407081551,up,5.758166813272547,0.2412197115810623
ENSG00000177752,YIPF7,0.24645245175674627,0.028764197562598168,0.39949678540577804,8.89379254514882e-08,up,5.757932696243514,0.24645245175674627
ENSG00000180900,SCRIB,1.5246831750095389,2.6655520021708796e-07,0.2592979630795006,0.026720776779093347,up,5.75751746359245,0.2592979630795006
ENSG00000010379,SLC6A13,0.49623307981917647,0.004980716833489676,0.38371944137310954,2.7040610765579405e-06,up,5.757219748164927,0.38371944137310954
ENSG00000100504,PYGL,-0.38989439962757305,0.016689017858141947,-0.3885543311581924,2.909051954944525e-07,down,-5.756373168033004,0.3885543311581924
ENSG00000263069,CTD-2047H16.4,0.2509249482132976,0.0019358328534724893,0.29269941145326084,1.1753543940409464e-05,up,5.755414010767835,0.2509249482132976
ENSG00000234465,PINLYP,0.4412108039423086,0.009618774854012399,0.41860046042522403,8.683049300932865e-07,up,5.7543301857188025,0.41860046042522403
ENSG00000140983,RHOT2,0.41870526458974705,2.234957949050025e-07,0.23626033294774088,0.02977304364039899,up,5.75340984737172,0.23626033294774088
ENSG00000120907,ADRA1A,-0.5022578759384908,0.010760268264433557,-0.6333093387052133,7.498520558624725e-07,down,-5.745500775783762,0.5022578759384908
ENSG00000087470,DNM1L,-0.3700606328117416,0.0013688501946489532,-0.17675113386003877,2.039799689325894e-05,down,-5.745346610122532,0.17675113386003877
ENSG00000222020,AC062017.1,0.45115824273482785,0.005465415887952643,0.7963930087555174,2.5234239171831257e-06,up,5.744293522606535,0.45115824273482785
ENSG00000138821,SLC39A8,-0.639604357778335,0.0032909003118536716,-0.39087815446323726,5.6943724744241365e-06,down,-5.743914226557335,0.39087815446323726
ENSG00000074356,C17orf85,0.444726892432457,6.470508402488755e-05,0.16164556821243928,0.000614515812114283,up,5.743649338934896,0.16164556821243928
ENSG00000128563,PRKRIP1,0.20797078161965057,0.022118956135372653,0.2897786835845769,1.7780847941150482e-07,up,5.743565192315802,0.20797078161965057
ENSG00000188517,COL25A1,-0.4554002601010291,0.03611683849963413,-0.8173302086342775,5.8395243261035215e-08,down,-5.7424521641767665,0.4554002601010291
ENSG00000113209,PCDHB5,0.3772677245211948,0.0008050835024130137,0.25628823970805814,4.160641332129019e-05,up,5.742451835295473,0.25628823970805814
ENSG00000143442,POGZ,0.2790062232477906,0.02244077358146509,0.23594391526774727,1.7771896371878226e-07,up,5.739350102191285,0.23594391526774727
ENSG00000153721,CNKSR3,0.30322712106593386,0.04306872501535578,0.2618965393647929,3.905495643535117e-08,up,5.738407723715085,0.2618965393647929
ENSG00000175198,PCCA,-0.2966769767763006,0.0002473302717430283,-0.15317890150235375,0.00016722414855057144,down,-5.737560608136376,0.15317890150235375
ENSG00000238172,RPS2P35,1.0690377513517582,5.446291031791446e-07,0.42928964026850824,0.019450811397787572,up,5.736728072582906,0.42928964026850824
ENSG00000115944,COX7A2L,0.18882108304733264,0.0025638774036026387,0.1399554620473722,8.757510850005617e-06,up,5.736179550189872,0.1399554620473722
ENSG00000273137,RP3-402G11.28,0.4253169809520849,0.000160609749021033,0.5711539407879348,0.00026499812120524415,up,5.735744716378481,0.4253169809520849
ENSG00000271918,CTD-2287O16.5,0.1912992778837809,0.03033542265410578,0.3627235913953791,9.480870500058731e-08,up,5.73370776904774,0.1912992778837809
ENSG00000153944,MSI2,-0.30119717103507193,0.0014953694446282896,-0.2327769026735592,1.9474061879967486e-05,down,-5.732642594030057,0.2327769026735592
ENSG00000122779,TRIM24,-0.28506642441515556,0.005956713272672326,-0.15649447356516916,2.390172747308079e-06,down,-5.730544990518935,0.15649447356516916
ENSG00000159214,CCDC24,0.3085879303513103,0.02310868076543949,0.48230349430011465,1.7844187333960412e-07,up,5.730153837998404,0.3085879303513103
ENSG00000268816,CTD-3093M3.1,0.3475818593947039,0.0027350289260029245,0.3410066957269461,8.328879880149386e-06,up,5.729527056577139,0.3410066957269461
ENSG00000088682,COQ9,-0.27261455199756807,2.3082957026374486e-05,-0.1648672090939962,0.001601383052183603,down,-5.72938371287639,0.1648672090939962
ENSG00000153291,SLC25A27,0.46026756321253126,0.003618952920669527,0.29184681578112864,5.410137509777527e-06,up,5.729358207426855,0.29184681578112864
ENSG00000005007,UPF1,0.46867571247600187,2.6342164861172992e-06,0.14128037430611892,0.007833691509730855,up,5.726699100860496,0.14128037430611892
ENSG00000076108,BAZ2A,-0.4985511502310177,1.2613937678497923e-05,-0.15962242054108083,0.002621089404154183,down,-5.724779406808991,0.15962242054108083
ENSG00000226360,RPL10AP6,0.4893656247382989,8.145742861879856e-06,0.2953698629139466,0.0036955690588352805,up,5.721345141257026,0.2953698629139466
ENSG00000130518,KIAA1683,0.40868865134730525,0.0015153191186593608,0.3653679346292139,2.0572910019655035e-05,up,5.720946257414164,0.3653679346292139
ENSG00000125821,DTD1,0.3790992883537567,3.477746342492825e-06,0.1099664684586123,0.00672518933856796,up,5.7188289327809505,0.1099664684586123
ENSG00000260027,HOXB7,-0.46667154476544026,7.838529680312505e-05,-0.425040493176888,0.000584725484211854,down,-5.717918741515689,0.425040493176888
ENSG00000163939,PBRM1,-0.43374870453337944,0.00013778127073483094,-0.20261540223338964,0.00033982715912715,down,-5.7177916231543335,0.20261540223338964
ENSG00000108292,MLLT6,0.3223354019827096,0.0019610527062838743,0.12176427397870823,1.4674224437400589e-05,up,5.717110221275344,0.12176427397870823
ENSG00000273107,RP11-165A20.3,0.5910477223273747,0.00802467923240673,0.6077952321370759,1.6179625937619463e-06,up,5.71296613188107,0.5910477223273747
ENSG00000114988,LMAN2L,0.23822841222325694,0.016615411249121966,0.220685839064802,4.048491483748266e-07,up,5.7128400098897885,0.220685839064802
ENSG00000126249,PDCD2L,0.40297713305260896,2.78878747381547e-05,0.17468069546158888,0.0015187327828223552,up,5.70872012794869,0.17468069546158888
ENSG00000155463,OXA1L,0.3333838003142247,1.3267549549158177e-05,0.10526404209717159,0.002710181553162606,up,5.70843763817942,0.10526404209717159
ENSG00000170962,PDGFD,0.5773041722949467,0.0015267231953540342,0.34165806794332665,2.2456503151806335e-05,up,5.7051293302559465,0.34165806794332665
ENSG00000101624,CEP76,-0.25347286445118034,0.014462848441740051,-0.30807262928020224,5.77053502257173e-07,down,-5.70284572721516,0.25347286445118034
ENSG00000162585,C1orf86,0.5063117800908591,1.991688690863599e-05,0.3889826249365794,0.002081225069905536,up,5.698345289573321,0.3889826249365794
ENSG00000116754,SRSF11,-0.39781616353388927,0.0042239269081437835,-0.3001275022069626,5.272736898813967e-06,down,-5.697801813366891,0.3001275022069626
ENSG00000271711,RP11-392O18.2,-0.6724641235188259,3.6543586634936137e-06,-0.3266245764975633,0.0071458484277838194,down,-5.695576031003899,0.3266245764975633
ENSG00000232699,BDH2P1,0.4945931640797147,3.7054651443962936e-05,0.43107200505641113,0.0012806105319846694,up,5.694460887044081,0.43107200505641113
ENSG00000226094,RPL7P3,0.9643067649875691,0.005274855324063023,0.6351918376932929,3.790902584589131e-06,up,5.694163356701864,0.6351918376932929
ENSG00000126368,NR1D1,0.680037253971773,0.03123059184321683,0.6068884962253914,1.2032670798693972e-07,up,5.693268508698144,0.6068884962253914
ENSG00000115761,NOL10,-0.21475297409374458,0.0013871329909084676,-0.10676116202991255,2.827030159870218e-05,down,-5.689688983562876,0.10676116202991255
ENSG00000137101,CD72,0.5617508891962918,0.011026463802907593,0.5676117598605821,1.0823061460001453e-06,up,5.688154314347963,0.5617508891962918
ENSG00000153902,LGI4,0.4921814974963284,0.005443259914082802,0.3804194901994984,3.728070713208653e-06,up,5.687965387796978,0.3804194901994984
ENSG00000115073,ACTR1B,0.3167937963184576,3.7295780869467005e-07,0.09393345396216388,0.02857731033426066,up,5.687955395681373,0.09393345396216388
ENSG00000126870,WDR60,-0.4238825719369093,0.00011498409755530415,-0.17257047681482807,0.0004773422451320259,down,-5.687299714611042,0.17257047681482807
ENSG00000132953,XPO4,0.4222701274552953,0.014758272565746477,0.4001063668578003,6.279645083424632e-07,up,5.685951844006285,0.4001063668578003
ENSG00000172247,C1QTNF4,0.46310390515567623,0.0003844350421453091,0.6546626404931144,0.00014206919701880016,up,5.681887479803137,0.46310390515567623
ENSG00000103254,FAM173A,0.6776226969401579,4.060534612227531e-06,0.5359063528672512,0.007161704077441486,up,5.678352464730758,0.5359063528672512
ENSG00000224877,C17orf89,0.4107791334898471,0.00017315073888368482,0.3859023685448356,0.00033527131541924606,up,5.67776642632019,0.3859023685448356
ENSG00000116005,PCYOX1,-0.4033483035732916,0.0007201927372621667,-0.25534383575154146,7.024857065972706e-05,down,-5.67775628432692,0.25534383575154146
ENSG00000136770,DNAJC1,-0.48968952926686676,6.577639148533039e-05,-0.16149916307216305,0.0008456997505545245,down,-5.677392000485234,0.16149916307216305
ENSG00000159842,ABR,-0.5776561324506159,8.192973740503563e-07,-0.10037158703622788,0.019423340157219925,down,-5.676683928107145,0.10037158703622788
ENSG00000174405,LIG4,-0.28044255449191446,0.014367489131302471,-0.47734063638730406,7.06180994224575e-07,down,-5.6765974138465625,0.28044255449191446
ENSG00000108679,LGALS3BP,0.5588629184947129,3.817045733441448e-05,0.2794130982176953,0.0013611269415329046,up,5.676395548940377,0.2794130982176953
ENSG00000267316,RP11-879F14.3,0.5654909716579524,0.0194990879708183,0.6056483981326106,3.8516159021571974e-07,up,5.676329655585144,0.5654909716579524
ENSG00000224870,RP4-758J18.2,0.38704874657528565,0.0005688005938110387,0.17889708232089413,9.568311372906281e-05,up,5.672993958210014,0.17889708232089413
ENSG00000089053,ANAPC5,-0.18171793046799994,0.001473977123774415,-0.07483882392899313,2.8822142511742532e-05,down,-5.672650339447177,0.07483882392899313
ENSG00000106344,RBM28,-0.38806046385743376,5.7551628905970695e-05,-0.13783536898587062,0.0009847366987673456,down,-5.670498772781966,0.13783536898587062
ENSG00000145022,TCTA,0.38669576192090693,4.187811268784202e-05,0.10733267251682124,0.0012971032825303478,up,5.67046484323784,0.10733267251682124
ENSG00000255318,RP11-655M14.13,-0.4171825106134215,0.00020504449836851113,-0.46067375622275164,0.00029483502923150623,down,-5.669905824328043,0.4171825106134215
ENSG00000175215,CTDSP2,-0.23695624323764622,0.028940551258015163,-0.20632912076678106,1.7348528138845972e-07,down,-5.6687055327930205,0.20632912076678106
ENSG00000146556,WASH2P,0.3060938164860055,5.577103565690254e-05,0.36736529681355656,0.0010222660287147382,up,5.668670136295841,0.3060938164860055
ENSG00000104213,PDGFRL,0.7522825016570402,4.5718296304271577e-05,0.23845184779664547,0.0012132566470353149,up,5.668543880565288,0.23845184779664547
ENSG00000223496,EXOSC6,0.4344487539823846,0.0020559241024070366,0.23439959093812024,1.890481012120624e-05,up,5.666366139113202,0.23439959093812024
ENSG00000119396,RAB14,-0.29630401847190246,7.916304503467227e-05,-0.11138554145995035,0.0007561889493975994,down,-5.665183212436986,0.11138554145995035
ENSG00000147650,LRP12,-0.2883382867556275,0.03569015116668284,-0.48204553729822186,1.1068526552299101e-07,down,-5.663515560083258,0.2883382867556275
ENSG00000261244,RP11-114H24.7,0.33765950577153353,0.02360508576134085,0.8253398837401,2.8216958313363916e-07,up,5.662608009696211,0.33765950577153353
ENSG00000270755,RP11-138E2.1,0.36192359107722266,0.0017652898640262665,0.5141665757328511,2.4066351709251678e-05,up,5.661938821631516,0.36192359107722266
ENSG00000164404,GDF9,0.20218791972382047,0.025741825244617936,0.7481642134100513,2.391117291140844e-07,up,5.660432642008979,0.20218791972382047
ENSG00000272597,RP11-446H18.6,0.3077321950579005,0.025776639612424025,0.6134297643245065,2.408777881517835e-07,up,5.6587859917255905,0.3077321950579005
ENSG00000242349,NPPA-AS1,0.6217728786414423,0.004207627858175073,0.8771100902892894,6.902617528417312e-06,up,5.657803042201409,0.6217728786414423
ENSG00000166938,DIS3L,-0.5003051788655414,2.980333973364256e-06,-0.15783117032807897,0.00954857192641526,down,-5.65743197204041,0.15783117032807897
ENSG00000168032,ENTPD3,0.32215281241425936,0.0035888330091247223,0.42410650414943657,8.763439866504627e-06,up,5.65724568941503,0.32215281241425936
ENSG00000070010,UFD1L,-0.35618145093924697,1.3513533803787557e-05,-0.10687757466201488,0.003386199190669901,down,-5.655945095494915,0.10687757466201488
ENSG00000188375,H3F3C,0.4978287240761847,1.2153064759879448e-06,0.19446840696504838,0.016826003986299316,up,5.6547155366256,0.19446840696504838
ENSG00000001084,GCLC,-0.427674578939168,8.626056305648007e-05,-0.2069971065136505,0.0007448872583533414,down,-5.653139149618719,0.2069971065136505
ENSG00000136319,TTC5,0.35777887563880345,0.00017522461510955026,0.172873710317663,0.00037892943912248736,up,5.652268401903777,0.172873710317663
ENSG00000124459,ZNF45,-0.31992013859787316,0.00023540873278576368,-0.23741922242360042,0.0002807666359099071,down,-5.652211797982801,0.23741922242360042
ENSG00000127191,TRAF2,0.3599251567278642,0.04533942275047018,0.4690058844538647,6.890382564811329e-08,up,5.650309060746172,0.3599251567278642
ENSG00000183621,ZNF438,-0.2445419902994266,0.0016818841976165013,-0.1069283279870857,2.784246295934829e-05,down,-5.64874197808505,0.1069283279870857
ENSG00000131378,RFTN1,-0.33534853269130477,0.005796332077226054,-0.171756303440252,4.388348023451997e-06,down,-5.647993461025307,0.171756303440252
ENSG00000110696,C11orf58,-0.21868125964980306,0.021822660275570227,-0.2388102011100711,3.7347967185711376e-07,down,-5.6475063864103685,0.21868125964980306
ENSG00000141756,FKBP10,0.6047335057304929,0.012062760060948835,0.4167307036058826,1.2275266018784762e-06,up,5.645968675717854,0.4167307036058826
ENSG00000131591,C1orf159,0.49900717786477744,1.4747001849876422e-06,0.30708721805559314,0.015654654099045713,up,5.643491010865792,0.30708721805559314
ENSG00000204590,GNL1,0.41979420424488095,0.00016145110958057935,0.15728935191369184,0.0004323317118053835,up,5.642294211994734,0.15728935191369184
ENSG00000165801,ARHGEF40,0.3237409174972012,0.04485767275669622,0.23496485219235563,7.522556127620147e-08,up,5.642262889478998,0.23496485219235563
ENSG00000134815,DHX34,0.3993479515935744,0.0021124160062656345,0.289991087493704,2.1484633469803217e-05,up,5.63969535086246,0.289991087493704
ENSG00000140326,CDAN1,0.3404858110457612,0.0005137199249158082,0.13902354922109697,0.0001309003976432356,up,5.638332143837165,0.13902354922109697
ENSG00000109736,MFSD10,0.6774858288823925,1.4213598974552065e-06,0.3353161736112634,0.016376836709450844,up,5.637375959945294,0.3353161736112634
ENSG00000001631,KRIT1,-0.3905282663127254,2.656073643953026e-05,-0.2833840106673528,0.0022217094653309392,down,-5.636049217389283,0.2833840106673528
ENSG00000135482,ZC3H10,0.3836247363731571,3.872090958505249e-05,0.09221457552849556,0.0016322144020378257,up,5.635349681289758,0.09221457552849556
ENSG00000170955,PRKCDBP,0.42081498051785565,0.0022287345582102094,0.4929587697925206,2.0845048427328724e-05,up,5.632045338912655,0.42081498051785565
ENSG00000112877,CEP72,0.18681736990708878,0.035221129501785804,0.3398455175557201,1.4482895613454968e-07,up,5.632025460435182,0.18681736990708878
ENSG00000196155,PLEKHG4,0.35235941362496953,0.015660759570687834,0.4089734570905416,8.186825434186494e-07,up,5.631804177010179,0.35235941362496953
ENSG00000167178,ISLR2,0.7975585602890437,0.0003076785377312825,0.41015901193589716,0.0002399858597208494,up,5.630299910049761,0.41015901193589716
ENSG00000270157,RP5-894A10.6,-0.3704979620886622,0.024710910267832814,-0.5216363698771823,3.347552295299831e-07,down,-5.626829721800496,0.3704979620886622
ENSG00000154429,CCSAP,0.37168634916128096,0.0004553550623544245,0.24483177272300854,0.00016057411634686492,up,5.625656067574434,0.24483177272300854
ENSG00000269345,VN1R85P,0.7965348692029993,6.827876266758737e-05,0.32049650118001843,0.001060241506779453,up,5.625174426703786,0.32049650118001843
ENSG00000115145,STAM2,-0.3656823334519551,0.001093060210846517,-0.21230265740067458,5.768816861039871e-05,down,-5.62419409752241,0.21230265740067458
ENSG00000116273,PHF13,0.5461496947307778,0.00016448963029203406,0.12589469201264872,0.00046601328621305324,up,5.623988725444504,0.12589469201264872
ENSG00000164754,RAD21,-0.2190207787431843,0.03190774199584514,-0.3519476658444721,1.939538523885134e-07,down,-5.623517185096414,0.2190207787431843
ENSG00000125675,GRIA3,0.8121314435612794,0.001159229098500834,0.5455485591890459,5.4999359746764e-05,up,5.619071536064088,0.5455485591890459
ENSG00000129493,HEATR5A,-0.36394171346145965,5.786204113641609e-05,-0.23173418746220514,0.0012607501630642148,down,-5.618819520471435,0.23173418746220514
ENSG00000104889,RNASEH2A,0.35881523563999085,0.0006266605470180279,0.31348560892622784,0.000116189517656077,up,5.618635088870092,0.31348560892622784
ENSG00000081692,JMJD4,0.3392067822060253,0.0013067914502372722,0.3749578060023416,4.7245430283823545e-05,up,5.618173246910921,0.3392067822060253
ENSG00000065243,PKN2,-0.44893812103944675,0.0005638968445377453,-0.37433733964837385,0.00013254942809077245,down,-5.6178820745014875,0.37433733964837385
ENSG00000180902,D2HGDH,0.3190927941169343,0.01462062118406094,0.5041914444643412,1.042921298054979e-06,up,5.61720531978409,0.3190927941169343
ENSG00000127328,RAB3IP,-0.409220032618268,0.0018010510366936305,-0.23582682600066332,3.088515393672356e-05,down,-5.617190598987211,0.23582682600066332
ENSG00000124787,RPP40,-0.4406966288881463,0.001534217523419748,-0.20991315818005465,3.8546767142653153e-05,down,-5.6155786868355335,0.20991315818005465
ENSG00000168283,BMI1,-0.5773189037426266,7.397595823670465e-05,-0.2686070689077352,0.0010749597232070326,down,-5.607446458427027,0.2686070689077352
ENSG00000130956,HABP4,0.24007670466019168,0.008216751224652064,0.17196647815340574,3.215837478959099e-06,up,5.60651873508592,0.17196647815340574
ENSG00000147955,SIGMAR1,-0.2716501976103369,0.0008688102185467977,-0.14914997994793586,8.565183329002744e-05,down,-5.605618088642568,0.14914997994793586
ENSG00000187667,WHAMMP3,-0.4507862613217963,0.0005380737295341016,-0.17737913710268127,0.0001510853048676006,down,-5.603817820414638,0.17737913710268127
ENSG00000152213,ARL11,-0.2451854213437404,0.03541378340090403,-0.4062194838687688,1.7790804463697858e-07,down,-5.603432968529261,0.2451854213437404
ENSG00000221926,TRIM16,-0.7078601704573682,5.83900978692208e-05,-0.1910616773578364,0.0013485018828655398,down,-5.603256782864295,0.1910616773578364
ENSG00000139168,ZCRB1,-0.463624495768579,2.540628169803015e-06,-0.0773338233136978,0.013123855099074948,down,-5.602466879806984,0.0773338233136978
ENSG00000248144,ADH1C,-0.6804156112094317,0.008970391718144326,-0.5583362502151019,2.844128606575266e-06,down,-5.601997631903488,0.5583362502151019
ENSG00000176340,COX8A,0.43954338387523034,4.060534612227531e-06,0.21772886929516924,0.00977400741057577,up,5.601445498223662,0.21772886929516924
ENSG00000197265,GTF2E2,-0.2913489778098122,0.0037818103803640393,-0.1745297395274153,1.1671524571771577e-05,down,-5.6014071475639335,0.1745297395274153
ENSG00000149923,PPP4C,0.5383227701577907,1.3373157584733706e-06,0.18370843904656245,0.01949087854143711,up,5.601219243775944,0.18370843904656245
ENSG00000105767,CADM4,-0.271563084685818,0.027997022663497524,-0.24623801816457208,3.1049354895673666e-07,down,-5.600660359711877,0.24623801816457208
ENSG00000000457,SCYL3,-0.2001058506335986,0.01208581232790083,-0.1703281574364788,1.6875115103349956e-06,down,-5.600106828688011,0.1703281574364788
ENSG00000126264,HCST,0.8430125790901999,0.0024065488042032276,0.5752086454666875,2.2763714821594337e-05,up,5.599886549733429,0.5752086454666875
ENSG00000234520,AC018464.3,-0.5614481555460771,0.020673944895119246,-0.38962598241850593,5.962222689018838e-07,down,-5.599418435983439,0.38962598241850593
ENSG00000180573,HIST1H2AC,0.39164513611364427,0.014571595803401283,0.2624012894841811,1.1924578791380598e-06,up,5.599294503515834,0.2624012894841811
ENSG00000248362,CTC-327F10.5,0.5293954625289846,0.0022203295497578344,0.49035067968979984,2.5918169205373926e-05,up,5.597770543837159,0.49035067968979984
ENSG00000127252,HRASLS,0.3181484711476781,0.013658352337117858,0.2981134215151638,1.3620690575529782e-06,up,5.59759017240775,0.2981134215151638
ENSG00000110031,LPXN,0.3585542924365283,0.003796441034839653,0.1912418964568075,1.1902010378709176e-05,up,5.59735884772289,0.1912418964568075
ENSG00000006744,ELAC2,-0.42857849094181394,3.5948892477396483e-07,-0.06789650751644301,0.039898002717065464,down,-5.59490016886566,0.06789650751644301
ENSG00000267278,MAP3K14-AS1,0.4238830766166972,2.9400469165648627e-06,0.3838860075807828,0.012417888494987645,up,5.5934529835624085,0.3838860075807828
ENSG00000228265,RP5-1125A11.1,0.3058356894500743,0.02922423959754803,0.47288961053957246,2.994425527782352e-07,up,5.592210872493095,0.3058356894500743
ENSG00000235605,RP5-827C21.1,0.46720089994170083,4.8422537778302384e-05,0.42138718783590023,0.0016893851465650666,up,5.588735506594478,0.42138718783590023
ENSG00000111707,SUDS3,0.36272845927413844,5.911526359981784e-05,0.11235503010604382,0.0014349694983452445,up,5.5881096423468,0.11235503010604382
ENSG00000231365,RP11-418J17.1,0.30272529873391796,0.004974108209264744,0.18104075124430138,8.39330958483035e-06,up,5.587578777986694,0.18104075124430138
ENSG00000003249,DBNDD1,-0.43302439613869753,0.006653794959995286,-0.444319423943858,5.274165562267326e-06,down,-5.585630430459284,0.43302439613869753
ENSG00000131196,NFATC1,0.33052120038781124,0.013201296304127308,0.2802074206368905,1.584221280357217e-06,up,5.585527146763224,0.2802074206368905
ENSG00000164008,C1orf50,0.2618536025226664,0.0023718338571995326,0.2535671966537222,2.5504851170539824e-05,up,5.585210409916118,0.2535671966537222
ENSG00000077458,FAM76B,-0.5776495945969932,0.00020764017013572252,-0.334038571810497,0.0004580867438031249,down,-5.583592337643074,0.334038571810497
ENSG00000248781,PSMC1P4,0.44415937632476876,6.30909967414566e-06,0.3309236252082679,0.007899070013208503,up,5.583257278419708,0.3309236252082679
ENSG00000157766,ACAN,0.33377584919246284,0.013975010262011214,0.6965304679560584,1.4473826206485062e-06,up,5.583180568646132,0.33377584919246284
ENSG00000225450,RP3-508I15.14,0.3032356266995532,0.022888475417683966,0.4805153409482854,5.468950662083578e-07,up,5.581528599439936,0.3032356266995532
ENSG00000164414,SLC35A1,0.2563795368254992,0.020695416612556722,0.17332003818710445,6.864658603313351e-07,up,5.579484234602938,0.17332003818710445
ENSG00000106330,MOSPD3,0.46658902043448386,8.668700936675952e-07,0.22323093209503544,0.026815738731835112,up,5.578702546937721,0.22323093209503544
ENSG00000229186,ADAM1A,0.40049132007996036,9.643051458191496e-05,0.20981825938450582,0.0009967365848491802,up,5.574288828006882,0.20981825938450582
ENSG00000145936,KCNMB1,0.4785282565927372,0.005325428251039559,0.33146136424111733,8.365795197038825e-06,up,5.571516198696901,0.33146136424111733
ENSG00000167578,RAB4B,0.5855828511047815,1.59505621777839e-06,0.18413201957631173,0.01946942562893154,up,5.571427113352002,0.18413201957631173
ENSG00000119723,COQ6,0.322886604774537,2.3981065401323473e-05,0.11427699983026542,0.0032279924542502054,up,5.571229347770263,0.11427699983026542
ENSG00000115464,USP34,-0.21933241828708203,0.04303271221551044,-0.277785858067266,1.4410591360118805e-07,down,-5.57066892417689,0.21933241828708203
ENSG00000214194,LINC00998,0.33383561738939843,0.0014653166991327093,0.19207652893047195,5.402941287529458e-05,up,5.5702830463454,0.19207652893047195
ENSG00000013275,PSMC4,0.4113985626184956,4.625056377644529e-07,0.09017833658196082,0.038411048833269304,up,5.568901678775967,0.09017833658196082
ENSG00000260274,RP11-817O13.8,0.2335995243503142,0.003098848931514897,0.2598696476674104,1.9583048610461548e-05,up,5.5649686142118,0.2335995243503142
ENSG00000164010,ERMAP,0.3398208274307464,0.00040840606418109663,0.1600023789612703,0.00025293645151092586,up,5.56437386433658,0.1600023789612703
ENSG00000116957,TBCE,-0.22471365995279224,0.004110967675315885,-0.13505330494695686,1.3038029645930031e-05,down,-5.564352272694215,0.13505330494695686
ENSG00000182809,CRIP2,0.5231603064466483,5.116817115445699e-07,0.3407193680916357,0.0369872689269332,up,5.563993114605576,0.3407193680916357
ENSG00000153815,CMIP,0.6603423090136747,0.00011791991242837979,0.1660633057632215,0.0008763369377122891,up,5.562810760739847,0.1660633057632215
ENSG00000048162,NOP16,-0.30897868111079724,0.04440113532586308,-0.3221150874938958,1.426075097077602e-07,down,-5.562340357863145,0.30897868111079724
ENSG00000167617,CDC42EP5,0.47113160959006223,0.0037343674181100207,0.6006154896232307,1.5445010961047762e-05,up,5.559903250899084,0.47113160959006223
ENSG00000180425,C11orf71,0.2623632604998856,0.012179964484366649,0.3658457497445659,2.2346044640412495e-06,up,5.557327733885613,0.2623632604998856
ENSG00000170456,DENND5B,-0.4118207871972998,0.0004078484518621837,-0.26230588017485407,0.00026330462626435717,down,-5.557070947881622,0.26230588017485407
ENSG00000164197,RNF180,-0.32260221219254176,0.030621154458985517,-0.45228971466565443,3.502370058184458e-07,down,-5.557027171185804,0.32260221219254176
ENSG00000181240,SLC25A41,0.2387543291377822,0.012407598649625528,0.6717126496478687,2.207390689712699e-06,up,5.553884424999749,0.2387543291377822
ENSG00000114503,NCBP2,-0.1936569838365069,0.009118128719083938,-0.12807270289585007,3.83999860033665e-06,down,-5.553777201396076,0.12807270289585007
ENSG00000177425,PAWR,-0.7990339573449663,2.953269611933139e-06,-0.1838565985661165,0.01441185669006438,down,-5.553153385808595,0.1838565985661165
ENSG00000128965,CHAC1,0.716035252764732,0.014651429022319373,0.6430744493060957,1.632154369438346e-06,up,5.553084391934764,0.6430744493060957
ENSG00000197128,ZNF772,-0.3500614237462344,0.001834538910494661,-0.26344262615961767,4.4575750383862156e-05,down,-5.552502237366282,0.26344262615961767
ENSG00000127838,PNKD,0.27243225591906595,0.0001272541875245761,0.26888758768491366,0.0008578663194544028,up,5.5524851202449375,0.26888758768491366
ENSG00000173848,NET1,0.33755222456311335,0.00611236778918737,0.22828172231106272,7.624905945574471e-06,up,5.550903085185645,0.22828172231106272
ENSG00000197045,GMFB,-0.3556490073404538,0.020406442007960362,-0.37039843880867246,8.723595897675353e-07,down,-5.550377259214603,0.3556490073404538
ENSG00000271327,RP11-1109F11.3,0.2478229929485313,0.012347454951974923,0.3675882055384522,2.28480354092473e-06,up,5.550199000838969,0.2478229929485313
ENSG00000006459,KDM7A,-0.29490818829044185,0.015493896970242275,-0.394172509442281,1.501291498265823e-06,down,-5.549585422047484,0.29490818829044185
ENSG00000124802,EEF1E1,-0.22027469039632153,0.005606267324052158,-0.31371040229276603,9.065222728773258e-06,down,-5.545439344000032,0.22027469039632153
ENSG00000086475,SEPHS1,-0.34822802706830575,7.940409328386592e-07,-0.04102367821425084,0.03157550767441312,down,-5.544908441038767,0.04102367821425084
ENSG00000077943,ITGA8,0.653585443060909,0.0029452848771789443,0.4298506443096714,2.3946770574552477e-05,up,5.5447392949853205,0.4298506443096714
ENSG00000159761,C16orf86,0.3797071476212025,0.0011371577165476439,0.5500168294572192,8.749254253610686e-05,up,5.544327246968053,0.3797071476212025
ENSG00000104897,SF3A2,0.3796828708198112,0.001011113187774295,0.4456980021084415,0.00010127952266730275,up,5.544092210396777,0.3796828708198112
ENSG00000164880,INTS1,0.5338550205552701,6.269541796119235e-06,0.2860430330770036,0.009321805170147633,up,5.543440390709803,0.2860430330770036
ENSG00000109158,GABRA4,0.8187564909202713,0.002962571167645399,0.4162760540202824,2.4352781887139378e-05,up,5.54045835653707,0.4162760540202824
ENSG00000242259,C22orf39,0.2623007744020435,0.0003111837098522817,0.12026634367066985,0.00039004511411167025,up,5.537005108647138,0.12026634367066985
ENSG00000126790,L3HYPDH,-0.4135847951340835,0.011971950967531286,-0.2482159944619829,2.656172974941642e-06,down,-5.536796750474035,0.2482159944619829
ENSG00000138297,TIMM23,-0.3695068734626428,9.22091403593848e-07,-0.10906513641638078,0.030301464776355154,down,-5.534693486969708,0.10906513641638078
ENSG00000163875,MEAF6,0.2555282853366087,0.004090605178325925,0.17322384387641548,1.5909556777125696e-05,up,5.534157859506037,0.17322384387641548
ENSG00000213411,RBM22P2,0.3003956790974416,0.00019089520942008106,0.3927702606311205,0.0006419673045072437,up,5.533783034802579,0.3003956790974416
ENSG00000126091,ST3GAL3,0.24642994540142582,0.0034767568351850467,0.22941477760923995,2.051923120863173e-05,up,5.5310580117854515,0.22941477760923995
ENSG00000248124,RRN3P1,0.3020604780099648,0.005298016175705481,0.21508250965934675,1.099875585738833e-05,up,5.530523811912453,0.21508250965934675
ENSG00000119977,TCTN3,0.3967347898258581,1.9978774198851523e-05,0.09518659352026261,0.0044222341573059215,up,5.529942435779406,0.09518659352026261
ENSG00000162437,RAVER2,-0.2836306561430888,0.002128782694589672,-0.18756632807517543,4.1705380973916654e-05,down,-5.529721310910563,0.18756632807517543
ENSG00000197016,ZNF470,0.4089970812772969,0.0010983719586573264,0.16470078661333318,0.00010047207787630178,up,5.528176831599101,0.16470078661333318
ENSG00000164736,SOX17,1.3271287457059204,5.386316944133795e-06,0.24084613717650555,0.010939263123834413,up,5.527559993322692,0.24084613717650555
ENSG00000160703,NLRX1,0.3028923705232333,0.002198511074772998,0.26935881050154414,4.03780431941793e-05,up,5.527537017069433,0.26935881050154414
ENSG00000040633,PHF23,-0.26037922719516293,0.00880264568140962,-0.18732301924376651,5.001508408317173e-06,down,-5.523549210849592,0.18732301924376651
ENSG00000204991,SPIRE2,0.2711545804320503,0.026426278762529284,0.44817587856617597,6.182649191523284e-07,up,5.5230039122261845,0.2711545804320503
ENSG00000196220,SRGAP3,0.34321478059275795,0.0034745047967965044,0.28263323616143904,2.1789429544259663e-05,up,5.5217496914361135,0.28263323616143904
ENSG00000119632,IFI27L2,0.30892593382580963,0.03244193508609444,0.6563371168961315,3.9804735044154516e-07,up,5.521726227875852,0.30892593382580963
ENSG00000123689,G0S2,-1.6242292500643616,1.093771888698951e-05,-0.3668844143818528,0.007076075681860356,down,-5.519937625405346,0.3668844143818528
ENSG00000155368,DBI,-0.5830721987752554,6.770417049016364e-07,-0.11082068118284041,0.03749850139076218,down,-5.518676505574881,0.11082068118284041
ENSG00000168754,FAM178B,0.3025933075888978,0.00514820714164176,0.6800577482774369,1.249706407471674e-05,up,5.5175668027357005,0.3025933075888978
ENSG00000259516,ANP32AP1,0.32672062488622805,0.0020475561531755012,0.48639391332271004,4.7407786174053106e-05,up,5.5171658200497795,0.32672062488622805
ENSG00000204120,GIGYF2,-0.26523586707876107,0.0013330153311744929,-0.19437879973144362,8.39725446745045e-05,down,-5.516885845122399,0.19437879973144362
ENSG00000116157,GPX7,0.43457775697451456,0.00023874198050614987,0.1652159426484764,0.0005679500553070756,up,5.514928644392123,0.1652159426484764
ENSG00000169955,ZNF747,0.3340475244488174,2.2910489581578073e-05,0.13503270480464993,0.0042986767657422695,up,5.514195275212332,0.13503270480464993
ENSG00000272861,RP11-332H14.1,-0.4508930672241284,0.0005107039453036001,-0.49065832915406044,0.0002614146853923894,down,-5.513844830155181,0.4508930672241284
ENSG00000109686,SH3D19,-0.41268663023563296,0.0003634161555635683,-0.23557284196714656,0.00037735186370402784,down,-5.51278884825488,0.23557284196714656
ENSG00000164180,TMEM161B,-0.1927869559713501,0.041598730437700016,-0.4263682099851087,2.4285530753872075e-07,down,-5.512081546683947,0.1927869559713501
ENSG00000226944,RP1-120G22.11,0.7328736249936411,0.0001179137546666381,0.4174579977111685,0.0011413480140400722,up,5.509245087662622,0.4174579977111685
ENSG00000152822,GRM1,0.4928824452447395,0.007696577086381398,0.6196909790156416,6.9155347475864204e-06,up,5.508146100737162,0.4928824452447395
ENSG00000183580,FBXL7,0.31165331155144477,0.005117548513568999,0.13841939263413178,1.3617208051583635e-05,up,5.50546564358913,0.13841939263413178
ENSG00000135916,ITM2C,0.3274216127434949,0.009857203925080231,0.25860211495822977,4.657879403878231e-06,up,5.505157392550728,0.25860211495822977
ENSG00000236740,RP11-411K7.1,0.2888949124639314,0.0011921191457093642,0.38729330616004454,0.00010356387105316656,up,5.504793761444953,0.2888949124639314
ENSG00000164465,DCBLD1,-0.20004157065339737,0.031920404054364644,-0.20015201369625132,4.6753626016100757e-07,down,-5.504588088045974,0.20004157065339737
ENSG00000068079,IFI35,0.3832365382105182,0.02046291845309958,0.4329461977445193,1.2032948720543444e-06,up,5.504321378213013,0.3832365382105182
ENSG00000149541,B3GAT3,0.47713639935129876,2.6619623430712233e-05,0.34253641963921555,0.004012794672294483,up,5.504240225086913,0.34253641963921555
ENSG00000234072,AC074117.10,0.48379035153113753,0.0002658822211997887,0.15265529840156095,0.0005440236512368895,up,5.5031351809216345,0.15265529840156095
ENSG00000249679,RP11-279O9.4,0.5389012986804643,9.380822603774193e-05,0.4850118723290456,0.0014703417646471557,up,5.499583669369654,0.4850118723290456
ENSG00000247081,RP11-318M2.2,-0.3873839952329498,0.0012790194956018637,-0.32934909554952146,9.832121350627162e-05,down,-5.498351978179844,0.32934909554952146
ENSG00000220563,PKMP3,0.4317256898455757,0.0009460861071149644,0.33359445060060516,0.0001432278689709729,up,5.497724491063218,0.33359445060060516
ENSG00000169641,LUZP1,-0.2924834779609511,0.006298247002881278,-0.247221242877979,1.0378816263639071e-05,down,-5.495632506723487,0.247221242877979
ENSG00000138185,ENTPD1,0.4426424346759224,0.006607097863015715,0.22639284123659875,9.630031609052543e-06,up,5.495290314473122,0.22639284123659875
ENSG00000105926,MPP6,-0.294984423986033,0.031856040624385074,-0.41278549635149925,5.067474371369703e-07,down,-5.494216027880021,0.294984423986033
ENSG00000122490,PQLC1,0.4422502778481664,5.024565061724588e-07,0.21326236394184403,0.04724032792999694,up,5.492289058181996,0.21326236394184403
ENSG00000133961,NUMB,-0.2888745161434161,0.001028741800373577,-0.16786895547721484,0.00013515255277702138,down,-5.490379558089692,0.16786895547721484
ENSG00000197818,SLC9A8,0.4602858751452945,3.879065738249403e-06,0.08654846318767592,0.01548059090797935,up,5.490327768356818,0.08654846318767592
ENSG00000102786,INTS6,-0.27338135586448226,0.04273140361336486,-0.35408430727513573,2.703066276936413e-07,down,-5.489232129772064,0.27338135586448226
ENSG00000026652,AGPAT4,0.38438004664011505,0.0012152768506515292,0.1705002512290072,0.00011062023580461998,up,5.489115629664858,0.1705002512290072
ENSG00000005206,SPPL2B,0.5429056867164493,1.3475750402784652e-06,0.20367545372028223,0.02899780068206156,up,5.488844097119262,0.20367545372028223
ENSG00000103502,CDIPT,0.31879368498911437,0.00032452674611890077,0.2336943310977695,0.00048015332646270326,up,5.488527613985713,0.2336943310977695
ENSG00000059758,CDK17,-0.42917893049584205,0.004965139827812192,-0.38683576995581326,1.5928662593949425e-05,down,-5.487469238076431,0.38683576995581326
ENSG00000090581,GNPTG,0.35224504254111255,0.0002253857287147711,0.2177539999019588,0.0006998065440867044,up,5.485305288127111,0.2177539999019588
ENSG00000163918,RFC4,-0.40562907078912935,0.000329703949839383,-0.1297534979597791,0.0004820937201126392,down,-5.484671165059502,0.1297534979597791
ENSG00000064490,RFXANK,0.5008908538062317,2.2911306929395922e-05,0.2990532010336981,0.004900552461303806,up,5.484062079013966,0.2990532010336981
ENSG00000114853,ZBTB47,0.41121712694319934,0.014989645319290444,0.2574688059242543,2.523315644738162e-06,up,5.483636040002496,0.2574688059242543
ENSG00000064726,BTBD1,-0.3651942774747845,0.0008766071135036415,-0.175427028144611,0.00016965680408245613,down,-5.482817684014752,0.175427028144611
ENSG00000267799,CTC-478M6.1,-0.44781545409063084,0.004678653556270834,-0.8056550930065074,1.798529169619618e-05,down,-5.482470614209659,0.44781545409063084
ENSG00000196199,MPHOSPH8,0.2715902442764939,0.016446673539303923,0.13977370090551194,2.1383678844243446e-06,up,5.482047438309294,0.13977370090551194
ENSG00000104419,NDRG1,0.4044416645287421,0.0050323159098271675,0.18903089362697215,1.639335614762168e-05,up,5.479551704160907,0.18903089362697215
ENSG00000160563,MED27,0.267874050810779,9.754472044917186e-05,0.18651974771202803,0.0015614590671536872,up,5.479171547353172,0.18651974771202803
ENSG00000168101,NUDT16L1,0.44709130734670016,0.00037207850331619197,0.31251241303934146,0.00044549155480479966,up,5.476438047066003,0.31251241303934146
ENSG00000000971,CFH,0.7609777351229576,0.011045725334269212,0.3768323608185201,4.642323294656352e-06,up,5.476127696364788,0.3768323608185201
ENSG00000027847,B4GALT7,0.5728360938870296,0.0001591705956685623,0.2741607641999435,0.0010312115573183685,up,5.473275250501369,0.2741607641999435
ENSG00000260572,RP11-16N11.2,0.2527698790414773,0.012700166619030848,0.27847932972541667,3.6745743494487716e-06,up,5.472850999108833,0.2527698790414773
ENSG00000134020,PEBP4,-0.7822881558910082,0.0017797392275124362,-0.4089072182654055,7.487042837619871e-05,down,-5.472132008666289,0.4089072182654055
ENSG00000272047,GTF2H5,0.23115080422371762,0.0009568454521221096,0.19468365725261608,0.00016403626156220923,up,5.470838330393974,0.19468365725261608
ENSG00000123545,NDUFAF4,-0.2904462319567793,0.002838464827890912,-0.16795167536316152,4.0624299515758064e-05,down,-5.466856154330902,0.16795167536316152
ENSG00000074696,PTPLAD1,0.27513553190668133,0.02013844871030477,0.21365069296312322,1.624107822017571e-06,up,5.466478232158824,0.21365069296312322
ENSG00000207696,MIR659,2.07280115747822,0.00815787290286114,0.5017010463031579,8.279846746238252e-06,up,5.466169081184641,0.5017010463031579
ENSG00000172239,PAIP1,-0.22092748672030568,0.0016445465588405506,-0.2033577554291918,8.598744858718608e-05,down,-5.465363511223924,0.2033577554291918
ENSG00000166333,ILK,0.31409906600178,0.0010349326570199594,0.15214307344836162,0.0001554173995111747,up,5.4640154301444115,0.15214307344836162
ENSG00000132635,PCED1A,0.3387641325106623,0.021180469929914136,0.3456757453587745,1.4984786003045897e-06,up,5.4628759232386335,0.3387641325106623
ENSG00000116539,ASH1L,-0.24394842362330987,0.01603156792654082,-0.4426131323184422,2.5629344498182507e-06,down,-5.462490175422228,0.24394842362330987
ENSG00000213145,CRIP1,0.6952228086712491,0.0009207953141694875,0.6838223622162753,0.00018015748051130557,up,5.461737419960796,0.6838223622162753
ENSG00000267858,AC016629.8,-0.23489344066082193,0.028843576415860727,-0.3140028473048745,8.011837618781698e-07,down,-5.461182892101432,0.23489344066082193
ENSG00000139637,C12orf10,0.5779226018946186,9.056410446008497e-07,0.1506769146443794,0.03923398719034683,up,5.460897338205213,0.1506769146443794
ENSG00000083312,TNPO1,-0.3861726111120457,0.00896718340493299,-0.318261676697667,7.323874863310991e-06,down,-5.4607218377478794,0.318261676697667
ENSG00000103051,COG4,0.27747007918262057,0.0006582612718305727,0.11904172013427972,0.00026534739260093736,up,5.459249669387234,0.11904172013427972
ENSG00000198919,DZIP3,0.22777724504053187,0.04102926645990606,0.23737693415454128,3.711660702743646e-07,up,5.459101903054943,0.22777724504053187
ENSG00000120451,SNX19,-0.2293204019389605,0.005941999528992083,-0.17295933006779993,1.4354786356743005e-05,down,-5.459084585190316,0.17295933006779993
ENSG00000107890,ANKRD26,-0.3691272927663185,0.002580516735084817,-0.335321625694357,4.874368769026697e-05,down,-5.458814353555327,0.335321625694357
ENSG00000181555,SETD2,-0.356759536475162,2.5851141179688593e-05,-0.15907407288080963,0.005031596786782763,down,-5.457848421107697,0.15907407288080963
ENSG00000177045,SIX5,0.30202497826182073,0.0024329718950237777,0.3941982509844239,5.339112099272256e-05,up,5.457274175571081,0.30202497826182073
ENSG00000108592,FTSJ3,-0.2908445423903699,0.0023045218186793595,-0.12216320277508022,5.7860361172468504e-05,down,-5.456614798582547,0.12216320277508022
ENSG00000164818,HEATR2,0.45574796390023475,0.0002559111254051933,0.11811271676314979,0.0007174678749707137,up,5.455544220409848,0.11811271676314979
ENSG00000149679,CABLES2,-0.4296365809367028,0.0007601582644271615,-0.17230698583252418,0.00023173547479708056,down,-5.4550542641517294,0.17230698583252418
ENSG00000089101,C20orf26,0.4435592698867843,0.01856117862218677,0.3791622210072186,2.070021894475609e-06,up,5.454501392881494,0.3791622210072186
ENSG00000261879,RP11-333E1.1,0.34219748560285984,0.006659317741101502,0.253770065452781,1.249877784330997e-05,up,5.452399636983733,0.253770065452781
ENSG00000237214,RP11-12M9.3,1.110324256625051,2.36604207366746e-05,0.4410987212631883,0.005501893101590877,up,5.45137801603603,0.4410987212631883
ENSG00000259658,RP11-89K11.1,0.4943574713001841,0.0011253738954647553,0.3226614125238018,0.00015178995370220317,up,5.449624135938076,0.3226614125238018
ENSG00000235919,ASH1L-AS1,0.40337862309836475,0.00019009446977062786,0.2045982482549438,0.000987473562088544,up,5.44882749035652,0.2045982482549438
ENSG00000162384,C1orf123,0.12355560573302342,0.020710890809126924,0.2026538227202285,1.7434091775286405e-06,up,5.447478489271145,0.12355560573302342
ENSG00000076924,XAB2,0.2939522897223776,0.00022460429759944993,0.31521540928814057,0.000850152599277913,up,5.4472231240319005,0.2939522897223776
ENSG00000131748,STARD3,0.5509474042318135,2.743199367175691e-05,0.15152756299131775,0.0050414241539721676,up,5.446952562053697,0.15152756299131775
ENSG00000141027,NCOR1,-0.23327088487746306,0.001460579095084937,-0.1817496594386366,0.00011194522459409099,down,-5.446277947813285,0.1817496594386366
ENSG00000164323,KIAA1430,-0.43484600094495657,0.0009573026989527976,-0.3041273302750451,0.00018912067104271118,down,-5.444901462092339,0.3041273302750451
ENSG00000196653,ZNF502,0.2819894238796754,0.0023974729465188176,0.16159968212134937,5.884337943563781e-05,up,5.44458785743731,0.16159968212134937
ENSG00000154553,PDLIM3,0.5969577364602784,0.0032453829907617875,0.2970498816951589,3.868206739101397e-05,up,5.4436207321869405,0.2970498816951589
ENSG00000226251,RP11-15I11.3,-0.7003014226846515,0.0016334823459673014,-0.4626977162209681,9.827077641977501e-05,down,-5.443530724483642,0.4626977162209681
ENSG00000136213,CHST12,0.46709699779812086,2.906879895708947e-05,0.28314655806230726,0.0049524239492980135,up,5.440902810674056,0.28314655806230726
ENSG00000273075,RP11-122G18.8,0.3620871514852597,0.0006245089449979928,0.40592894581988687,0.0003106287280582655,up,5.440598587875049,0.3620871514852597
ENSG00000235238,SUMO2P1,-0.6467258571143707,1.7522615220794847e-05,-0.20497301056864473,0.007111632530279616,down,-5.440024897039747,0.20497301056864473
ENSG00000114439,BBX,-0.629670417125216,0.0001915183210243464,-0.26377077968387774,0.0010332664194311004,down,-5.4382504773382765,0.26377077968387774
ENSG00000165152,TMEM246,0.26931676844667013,0.000478212040273418,0.14653659623037854,0.0004220659769396024,up,5.4369386648543765,0.14653659623037854
ENSG00000165689,SDCCAG3,-0.2773468511808075,0.004110040149970227,-0.19268147973693228,2.9282740459220555e-05,down,-5.434670991632842,0.19268147973693228
ENSG00000156531,PHF6,-0.303457968254931,0.040821544217205546,-0.4627372552138241,4.5008429958312167e-07,down,-5.434436778986741,0.303457968254931
ENSG00000169057,MECP2,-0.23962497887028772,0.0006120674905993403,-0.12596324389151284,0.00032996438658295675,down,-5.433562874284933,0.12596324389151284
ENSG00000198825,INPP5F,0.5505303010621222,5.278943630052302e-05,0.18146144846040288,0.0032566913840668533,up,5.431654482041148,0.18146144846040288
ENSG00000100197,CYP2D6,0.2495748378618663,0.002399834784790052,0.5719343236522756,6.350183891638567e-05,up,5.431367022093357,0.2495748378618663
ENSG00000143179,UCK2,0.566726373030654,0.0032668943398110623,0.24058659668828314,4.131418467064237e-05,up,5.43135603657169,0.24058659668828314
ENSG00000175216,CKAP5,-0.39228171169598747,1.4120401412149943e-06,-0.13443760863912083,0.03443197192343209,down,-5.430604812959486,0.13443760863912083
ENSG00000167895,TMC8,0.590153327512377,0.004737995172374447,0.37569669698319286,2.4604641236006913e-05,up,5.428883409741776,0.37569669698319286
ENSG00000177640,CASC2,0.31782011315691305,0.013029301505178163,0.33189294985726864,4.712904004586571e-06,up,5.4288772420525735,0.31782011315691305
ENSG00000143924,EML4,0.3773386326258513,0.02205422915089048,0.2980334588289289,1.7565540481472035e-06,up,5.428209379939449,0.2980334588289289
ENSG00000240849,TMEM189,-0.4107236376763337,0.0010456015599857474,-0.31301689858117193,0.00018708954128938052,down,-5.428143987619156,0.31301689858117193
ENSG00000261713,SSTR5-AS1,-1.3533242152713265,0.0015667930969213008,-0.9624022088716998,0.00011328627104033071,down,-5.428001249572961,0.9624022088716998
ENSG00000234964,FABP5P7,-0.4445424430291749,0.01833162201340327,-0.46949619614880844,2.5649065426789236e-06,down,-5.426482563078905,0.4445424430291749
ENSG00000142694,EVA1B,0.7128802540548694,0.00012477302031083389,0.7251453014324001,0.0016133142377212683,up,5.426258538656186,0.7128802540548694
ENSG00000272156,RP11-477N3.1,0.33689379370715583,0.0029164057211650226,0.390859226426514,5.025018840680317e-05,up,5.425187640743009,0.33689379370715583
ENSG00000095319,NUP188,0.6423283199333963,1.3138333150188477e-05,0.13010345173707683,0.009191198848999634,up,5.424521163561623,0.13010345173707683
ENSG00000235636,NUS1P1,-0.2775873583273532,0.00060302141987285,-0.5199629528265539,0.0003540574402690303,down,-5.423310103424894,0.2775873583273532
ENSG00000266402,SNORA76,0.6034863720187676,0.02464647196139072,0.7347384240268066,1.4628911783217103e-06,up,5.422701219786992,0.6034863720187676
ENSG00000232838,PET117,-0.25472615055660525,0.00687904840929724,-0.38306255058181116,1.440063604327164e-05,down,-5.421880362241744,0.25472615055660525
ENSG00000205476,CCDC85C,-0.47557057778887885,0.00025338165324163744,-0.17305517863500042,0.0008608600157980256,down,-5.421070020614444,0.17305517863500042
ENSG00000205730,ITPRIPL2,0.5389940758307935,0.00017533746555979925,0.15032900189394147,0.001226810014427296,up,5.419739924883786,0.15032900189394147
ENSG00000185885,IFITM1,0.7137323437678091,7.519425515739342e-05,0.21159793761640752,0.0025834698184845958,up,5.4187786172763275,0.21159793761640752
ENSG00000213859,KCTD11,0.3961639219710796,0.0012115852532948636,0.15163259126467424,0.00016497863671631789,up,5.41854539102905,0.15163259126467424
ENSG00000240399,RP1-228P16.1,0.5145324776734013,0.031236179566018846,0.4056011862286694,9.2431704468516e-07,up,5.4165609338711445,0.4056011862286694
ENSG00000226432,CTD-2015B23.2,-0.2414815184584374,0.02419256044878126,-0.589649262935867,1.5915207513306176e-06,down,-5.4159157740761685,0.2414815184584374
ENSG00000176715,ACSF3,0.37074980673299024,0.00030886586099682453,0.16800436282827247,0.0007396711386001173,up,5.413626702095136,0.16800436282827247
ENSG00000131759,RARA,0.7189702367881557,3.595285719253789e-05,0.21627392153834482,0.0047411322395537,up,5.413576324571081,0.21627392153834482
ENSG00000223599,RP11-216N14.7,-0.6867820331981358,0.0021240018649700183,-0.5207573444677763,8.371359742440686e-05,down,-5.41293884166534,0.5207573444677763
ENSG00000164151,KIAA0947,-0.17839510208863504,0.036304576791931144,-0.30876101729036287,6.914543493761824e-07,down,-5.411560642379501,0.17839510208863504
ENSG00000171222,SCAND1,0.7081589579350249,1.5489744572548677e-06,0.46971959777576,0.03532845380395353,up,5.407751809129028,0.46971959777576
ENSG00000197747,S100A10,-0.7300167523214071,5.155441921876922e-05,-0.2503129800442498,0.0037027379538483018,down,-5.407267395447888,0.2503129800442498
ENSG00000058056,USP13,-0.22233153644960224,0.013420762527631793,-0.2555660195329273,5.270356827938813e-06,down,-5.404261365072362,0.22233153644960224
ENSG00000182173,TSEN54,0.4629079707046011,0.002107673058817903,0.27844234085021424,9.021314190504438e-05,up,5.401925443249281,0.27844234085021424
ENSG00000230587,AC093609.1,0.7238814955872881,0.0002779261533178031,0.29974602006207096,0.0008717893612993972,up,5.4014014147677925,0.29974602006207096
ENSG00000083097,DOPEY1,0.37172823828938534,0.00020337690672798267,0.2533314916079474,0.001173543208814743,up,5.400784001189284,0.2533314916079474
ENSG00000272386,RP11-666A8.12,0.40506618572936687,0.021877416675711938,0.4465758827196622,2.1625610930406077e-06,up,5.400424441430621,0.40506618572936687
ENSG00000166169,POLL,0.20000437741655624,0.034510547450998234,0.21277714065461173,8.357550980398025e-07,up,5.400295145913195,0.20000437741655624
ENSG00000205981,DNAJC19,-0.41012191447593926,1.59686891228209e-06,-0.0856596984098081,0.03555696988919383,down,-5.400234170473606,0.0856596984098081
ENSG00000099624,ATP5D,0.5344142655946101,1.5493061203985024e-06,0.39434396565033847,0.036234765882907104,up,5.400009454328992,0.39434396565033847
ENSG00000103710,RASL12,-0.32323353281216716,0.010055841357039024,-0.2060659010241031,9.006353542394113e-06,down,-5.398884320723599,0.2060659010241031
ENSG00000272065,U91328.20,0.37016230105098397,0.0005277159834597607,0.5059583203448341,0.00046434693736831505,up,5.3982631272961825,0.37016230105098397
ENSG00000170234,PWWP2A,-0.26259298470027925,0.017789984417700883,-0.25498812065127596,3.2948743416264795e-06,down,-5.397728492869197,0.25498812065127596
ENSG00000100528,CNIH1,-0.19802087743410782,0.009768465148563077,-0.24436949736456093,9.546254020486342e-06,down,-5.397717906175391,0.19802087743410782
ENSG00000138814,PPP3CA,-0.30614251964857664,0.029438205223982942,-0.2576118517709185,1.2052885568286755e-06,down,-5.397565722480812,0.2576118517709185
ENSG00000226243,RPL37AP1,0.6323357227489096,4.966621828656595e-06,0.2433228223221013,0.018952562046797884,up,5.396759685419805,0.2433228223221013
ENSG00000227953,RP11-439E19.3,0.5376281732417049,0.0011004885734879099,0.29478332267137103,0.0002092758221171503,up,5.396505935529876,0.29478332267137103
ENSG00000105963,ADAP1,0.5053869550861172,0.0006582441230644526,0.6530418246789959,0.00037105188490913475,up,5.396402819337806,0.5053869550861172
ENSG00000244560,RP4-800G7.2,0.7031272644002449,2.192604360757259e-05,0.3127580652009792,0.007381078765645596,up,5.393139766580545,0.3127580652009792
ENSG00000215817,ZC3H11B,-0.501315626819936,7.265161218631347e-06,-0.47388047220127233,0.015300718197642863,down,-5.392094316854881,0.47388047220127233
ENSG00000206921,RNU6-481P,1.3957237083262406,0.049761081455586456,0.5009479437495764,3.8959865414330557e-07,up,5.3912582377715275,0.5009479437495764
ENSG00000245694,CRNDE,0.9565830464925155,0.00013207695796309507,0.23727579900292944,0.0018129651959966908,up,5.3899954146053854,0.23727579900292944
ENSG00000189180,ZNF33A,-0.2928537576885363,0.0031616718198597274,-0.18053203649665342,5.553272900085445e-05,down,-5.38952679333723,0.18053203649665342
ENSG00000259775,RP11-45P15.4,0.4473581107755451,0.0006041361274498351,0.36943279190494643,0.0004220659769396024,up,5.389371399376698,0.36943279190494643
ENSG00000260054,RP11-611L7.1,0.2988588771170164,0.003842404983599583,0.314069127427207,4.2872307847676894e-05,up,5.388014237055478,0.2988588771170164
ENSG00000122970,IFT81,-0.5189348553746682,0.0014768352387659592,-0.2620005559731017,0.00015517328919054902,down,-5.3859262480315815,0.2620005559731017
ENSG00000233058,LINC00884,0.39180303349060963,0.04049669708032067,0.5556265167033575,6.597805921359013e-07,up,5.384596828405798,0.39180303349060963
ENSG00000232874,RP11-135A1.2,0.3382502232764666,0.0330725401031486,0.521796560023088,1.034929776140673e-06,up,5.3832566408555,0.3382502232764666
ENSG00000226721,EEF1DP2,0.37113327859525214,0.0002744663387029138,0.32778821084588017,0.0009648108555228946,up,5.383203718598424,0.32778821084588017
ENSG00000179314,WSCD1,-0.3367030917979548,0.0011360767611453557,-0.22666755497351254,0.0002170032889069968,down,-5.38274061808784,0.22666755497351254
ENSG00000248015,AC005329.7,0.2667132644926109,0.003556419373065971,0.7916649668853298,4.9711659954175766e-05,up,5.380570138753991,0.2667132644926109
ENSG00000145703,IQGAP2,0.748810376788997,0.00017852188331527952,0.23912678566420406,0.0014710214364661018,up,5.378366862106144,0.23912678566420406
ENSG00000164830,OXR1,-0.24306110801793937,0.03698973684997462,-0.5089168495883041,8.458470349942561e-07,down,-5.377828203037391,0.24306110801793937
ENSG00000181666,HKR1,0.1949069238112205,0.013480141034843551,0.1565308694198537,6.39337583479786e-06,up,5.373692126516063,0.1565308694198537
ENSG00000117115,PADI2,0.220914343003199,0.016587249110366114,0.5725932418025941,4.4207426392729065e-06,up,5.372462134332049,0.220914343003199
ENSG00000105223,PLD3,0.33237941686261363,0.0014694154133599474,0.30841987790101416,0.0001690759837624135,up,5.37124369709801,0.30841987790101416
ENSG00000164270,HTR4,0.5994311071808399,0.0006645400963731142,0.5636218122417112,0.0004188348576148331,up,5.371176295569876,0.5636218122417112
ENSG00000219023,RP3-340B19.2,1.197830995892265,1.567064102690381e-06,0.2844724418719245,0.03965813123435728,up,5.370797128287672,0.2844724418719245
ENSG00000272871,RP11-408A13.4,0.23818622373216186,0.03132857107405951,0.2974012575108447,1.2887071857179004e-06,up,5.368769362056575,0.23818622373216186
ENSG00000189241,TSPYL1,0.26320394506170874,0.00016193714661977534,0.14370754277887657,0.0016788537897570676,up,5.368564283901434,0.14370754277887657
ENSG00000272374,RP3-329A5.8,0.18690496377429056,0.002954490982943202,0.2885355743317441,6.935787231009427e-05,up,5.368008493905366,0.18690496377429056
ENSG00000167280,ENGASE,0.41476931643239934,0.00020678611929502073,0.20090517297642954,0.0013688161688717182,up,5.365759685996921,0.20090517297642954
ENSG00000131634,TMEM204,0.9967516339004383,2.6323731776670833e-06,0.19973855874242663,0.030729156739215634,up,5.363936821762604,0.19973855874242663
ENSG00000149187,CELF1,-0.36033812015263106,0.00031874779845099903,-0.11850728655482615,0.0009235055600376152,down,-5.363259323897566,0.11850728655482615
ENSG00000014164,ZC3H3,0.41314952931210047,1.3051351003672882e-06,0.2036683760816837,0.04502735140747909,up,5.363106340074374,0.2036683760816837
ENSG00000237441,RGL2,0.16609478260386532,0.03401311426375031,0.17188730191118223,1.1288913201583013e-06,up,5.36279747158779,0.16609478260386532
ENSG00000043093,DCUN1D1,-0.2782044040149846,0.01055719892720072,-0.2384152111384242,1.0626873251092573e-05,down,-5.36072270089123,0.2384152111384242
ENSG00000154079,C6orf57,0.36132700084216113,4.551674830394603e-06,0.12579873932872349,0.02275615908811353,up,5.36060037495193,0.12579873932872349
ENSG00000131069,ACSS2,-0.20602151340717048,0.028800599138378426,-0.17330462975289943,1.6483222453441896e-06,down,-5.359842181001315,0.17330462975289943
ENSG00000230812,RP4-794H19.4,0.7501314006056402,0.02167292748746355,0.5011756851679235,2.9501235000663655e-06,up,5.357587360086148,0.5011756851679235
ENSG00000270264,NDUFB8P2,0.311700982715995,8.394569401546287e-05,0.46097530211005566,0.0031216985738572955,up,5.356864306766328,0.311700982715995
ENSG00000272677,RP11-127B20.3,0.5188223956157242,6.065089040777151e-06,0.23042598138432496,0.019615864026747035,up,5.354202688804333,0.23042598138432496
ENSG00000133818,RRAS2,0.7333646150773903,0.00047377113691087305,0.27142329424734934,0.0006529527793442155,up,5.353724248550214,0.27142329424734934
ENSG00000111802,TDP2,-0.15701005718018127,0.04296167056739849,-0.18269222479025352,7.18995826708258e-07,down,-5.3534979233770335,0.15701005718018127
ENSG00000255366,RP11-1134I14.8,0.2048723569394384,0.01716849906790976,0.396012288316505,4.749389840723991e-06,up,5.352771659713629,0.2048723569394384
ENSG00000197993,KEL,0.3829752178369389,0.007161256601740766,0.37934653855600137,2.1177106455005497e-05,up,5.350158319514444,0.37934653855600137
ENSG00000223508,RPL23AP53,0.3033168209095047,0.034675991391850444,0.30085500833929224,1.2046863866564243e-06,up,5.347737911036049,0.30085500833929224
ENSG00000124098,FAM210B,-0.23380467381764852,0.0026971956140580057,-0.14681757360996414,8.910258601144052e-05,down,-5.346776575135819,0.14681757360996414
ENSG00000128694,OSGEPL1,-0.3432191124852765,0.002769460330062821,-0.21534866514282644,8.601188534017063e-05,down,-5.3465182736061205,0.21534866514282644
ENSG00000073921,PICALM,-0.28527195179248094,0.02878086665526432,-0.2735703253898976,1.836475676435422e-06,down,-5.344531568137283,0.2735703253898976
ENSG00000225784,RP11-592B15.4,-0.4568963559067969,5.150043398806039e-06,-0.3757003846866561,0.022454291445962445,down,-5.34419995967197,0.3757003846866561
ENSG00000135702,CHST5,0.2941421220638488,0.0071437913992662295,0.5558942654333878,2.2168215441563815e-05,up,5.343629118330727,0.2941421220638488
ENSG00000071051,NCK2,-0.32336619705059205,0.001960397336332147,-0.1524650958482,0.000138067640221564,down,-5.3434347941150895,0.1524650958482
ENSG00000127445,PIN1,0.31952802675829794,0.00020741663393710543,0.29986976940720717,0.0015411839013336436,up,5.340092431567001,0.29986976940720717
ENSG00000166012,TAF1D,-0.3051772950253959,0.009509154683314106,-0.1678465908712992,1.4616231907232464e-05,down,-5.337798603988578,0.1678465908712992
ENSG00000124193,SRSF6,0.4603359910273402,3.19868182139667e-05,0.09669883193666726,0.007142164657571036,up,5.336376136850873,0.09669883193666726
ENSG00000055147,FAM114A2,-0.40439010788805896,2.1323761618557527e-05,-0.12041349249339066,0.00946293958245039,down,-5.33598568675444,0.12041349249339066
ENSG00000152284,TCF7L1,0.23745486297751678,0.04735113549128944,0.27820053531844446,6.735240385683593e-07,up,5.331729364356363,0.23745486297751678
ENSG00000219201,RP11-181C21.4,-0.45140024341804846,6.503932596562099e-05,-0.5515978395854664,0.004298361311204465,down,-5.331426692573829,0.45140024341804846
ENSG00000242262,RP11-100N21.1,-0.5956783782791373,0.005419463297856304,-0.3890610179608704,3.6560301486312236e-05,down,-5.331391584178041,0.3890610179608704
ENSG00000102096,PIM2,0.36517898196954074,0.04724527447259621,0.2916330051716957,6.784627751164859e-07,up,5.331293285424993,0.2916330051716957
ENSG00000160318,CLDND2,0.4934009226728123,0.0026839137510411516,0.5962596165807729,9.816264488891724e-05,up,5.330936906554005,0.4934009226728123
ENSG00000120519,SLC10A7,-0.24953738804929992,0.04910461086454234,-0.41286524149284026,6.27907338556632e-07,down,-5.330287791166,0.24953738804929992
ENSG00000122694,GLIPR2,0.5444187524348563,0.005446345422176185,0.3274068023786832,3.650987347232547e-05,up,5.3302159237962385,0.3274068023786832
ENSG00000149823,VPS51,0.32580858932474094,2.4068168513629924e-05,0.2706523706868811,0.009015279965183948,up,5.328335411560559,0.2706523706868811
ENSG00000269938,RP11-214K3.20,-0.4344629072897683,7.519425515739342e-05,-0.4255775690705041,0.003895014644468616,down,-5.327242527355059,0.4255775690705041
ENSG00000159216,RUNX1,0.6274233283959516,0.031031431181513813,0.5018231814051587,1.7599101304267875e-06,up,5.327155619984356,0.5018231814051587
ENSG00000156170,NDUFAF6,-0.31458012894316995,0.0001576574628411354,-0.10493210928680208,0.002091739100657128,down,-5.32687808821322,0.10493210928680208
ENSG00000135090,TAOK3,-0.3067080029166391,0.0005851370350869522,-0.15276258001723692,0.000602190081667174,down,-5.3268083213715025,0.15276258001723692
ENSG00000116678,LEPR,0.6713244231952461,0.00032128207172117055,0.3547319007081911,0.0011003683014928934,up,5.3262419809645545,0.3547319007081911
ENSG00000173846,PLK3,0.820549884642599,1.0900901778812258e-05,0.1689899651182849,0.015329479575442801,up,5.324509823768587,0.1689899651182849
ENSG00000177034,MTX3,-0.6204762791214843,0.00039072664073809,-0.6553360727410148,0.0009183853557520908,down,-5.32416616969846,0.6204762791214843
ENSG00000103550,KNOP1,-0.5717159209297829,0.0027648824689781486,-0.19234921261953294,9.818198780104631e-05,down,-5.32385021229083,0.19234921261953294
ENSG00000147180,ZNF711,0.47200353958940355,0.0040136093929860235,0.5348241104637246,5.968986114424622e-05,up,5.32245439460549,0.47200353958940355
ENSG00000248569,CTC-512J14.5,0.310566862581582,4.232559533691647e-05,0.3210501114448501,0.006202193500351086,up,5.321768346935401,0.310566862581582
ENSG00000135924,DNAJB2,0.25483653055624844,0.01888085353052058,0.30788207866735845,4.924685931751126e-06,up,5.321519561154487,0.25483653055624844
ENSG00000065427,KARS,-0.2781199099858879,0.0008361194493736946,-0.10368508766485288,0.0004262197015543287,down,-5.321344722233566,0.10368508766485288
ENSG00000075711,DLG1,-0.43617078194162334,0.008614212913583325,-0.32304035104807793,1.9481841470913306e-05,down,-5.317402935710161,0.32304035104807793
ENSG00000107758,PPP3CB,-0.2757571619806939,4.741117028276669e-05,-0.10393851597851408,0.0058218116948019595,down,-5.316919164715908,0.10393851597851408
ENSG00000267605,CTD-3220F14.1,0.30971839403200935,0.01903683744208412,0.46265219756703635,5.046573649326872e-06,up,5.315482425739331,0.30971839403200935
ENSG00000131055,COX4I2,0.5283105031753582,0.0005002692108401518,0.42694967441730886,0.0007581639464323083,up,5.313128153500744,0.42694967441730886
ENSG00000107331,ABCA2,0.37311653645534926,0.001808010149767412,0.2877149316338514,0.00018134905076699337,up,5.312593143797387,0.2877149316338514
ENSG00000204388,HSPA1B,0.6613716704426333,0.0006198179819632277,0.27838447084213586,0.0006143941990816651,up,5.310943470602487,0.27838447084213586
ENSG00000130305,NSUN5,0.4570710731662608,3.9746687683223465e-06,0.19161051656150416,0.029266040021852728,up,5.310835357546818,0.19161051656150416
ENSG00000196526,AFAP1,0.36012301504811317,0.025764473247315373,0.2712391010113855,2.8984172952414186e-06,up,5.310452475311327,0.2712391010113855
ENSG00000111328,CDK2AP1,-0.26564225348145215,0.002899261238945252,-0.3394357736652054,9.950016946518325e-05,down,-5.310390422767051,0.26564225348145215
ENSG00000115942,ORC2,-0.5296184318060878,5.086729610420527e-05,-0.12956939505383083,0.005731141070954536,down,-5.308706738675647,0.12956939505383083
ENSG00000198598,MMP17,0.39896430406598354,0.006623569594034122,0.7588585113288656,3.091967674199463e-05,up,5.308650038816046,0.39896430406598354
ENSG00000156384,SFR1,0.47727872612101613,1.3898389231139422e-05,0.106014178853415,0.013964489520319702,up,5.30779504718636,0.106014178853415
ENSG00000245017,RP11-181C3.1,0.5887361725240442,0.010763047237625308,0.3778753649744833,1.4477757401071623e-05,up,5.307126822948254,0.3778753649744833
ENSG00000126254,RBM42,0.4031583356071183,0.00011267175922817805,0.3440584561746863,0.0030642029538124377,up,5.307092282147574,0.3440584561746863
ENSG00000083812,ZNF324,0.3077003839689695,0.00024102412027739913,0.10976192981741731,0.0015765452019017043,up,5.3063929155356835,0.10976192981741731
ENSG00000077235,GTF3C1,0.2900996601078571,6.127752304793269e-05,0.11054556976575647,0.005062018684391055,up,5.304754498444917,0.11054556976575647
ENSG00000108669,CYTH1,-0.33455501090792966,0.001798958680001846,-0.11974505620584312,0.00019059944433499527,down,-5.3046802728925355,0.11974505620584312
ENSG00000182263,FIGN,-0.28881678599727106,0.030343821844466927,-0.3663697423647336,2.1875054810155305e-06,down,-5.303404988951311,0.28881678599727106
ENSG00000264433,RP11-720L2.3,0.48800401321808373,0.015512322854146584,0.5235664316969388,7.963694736162762e-06,up,5.302095839675231,0.48800401321808373
ENSG00000225399,RP11-3B7.1,0.2928474753544924,0.006089364290315425,0.35965574919799653,3.6857868348570996e-05,up,5.300671258812335,0.2928474753544924
ENSG00000104731,KLHDC4,0.26281031811862804,0.015099813542134405,0.3023830128516563,8.452494421083171e-06,up,5.300386810615249,0.26281031811862804
ENSG00000174839,DENND6A,-0.49591697614852903,0.00014889230164311028,-0.1623178396754747,0.0024953101919031493,down,-5.299281172820084,0.1623178396754747
ENSG00000116698,SMG7,-0.1887732440592861,0.0124985285265143,-0.1364851150815991,1.2022300707453937e-05,down,-5.296197194964544,0.1364851150815991
ENSG00000109689,STIM2,0.3902250251727576,0.0014040733097365303,0.12021896502294274,0.00027310642084798765,up,5.2935295196626075,0.12021896502294274
ENSG00000259790,ANP32BP1,0.5157988870961926,2.031851702644113e-06,0.1831512144704212,0.04450581596697013,up,5.293325557329502,0.1831512144704212
ENSG00000196465,MYL6B,0.24516187471136422,0.005521175833078077,0.34159973822434864,4.493634276585048e-05,up,5.292351280463393,0.24516187471136422
ENSG00000186439,TRDN,-0.3730135084364841,0.0013588543814072175,-0.21152772091721378,0.0002862279817822357,down,-5.292315545416909,0.21152772091721378
ENSG00000163288,GABRB1,0.5305565675577343,0.0025711083651970995,0.3962857554375983,0.00012965680708171477,up,5.2920184470984015,0.3962857554375983
ENSG00000242477,CTD-2161E19.1,0.40984036809120994,0.0002866926564504576,0.3669692241108401,0.0014586733586304948,up,5.290121068613278,0.3669692241108401
ENSG00000172830,SSH3,0.5255811093097683,0.00034330077863231633,0.1798634871444444,0.0012362816533059338,up,5.288637063871596,0.1798634871444444
ENSG00000221890,NPTXR,0.26704042577128373,0.00923891972495312,0.2006402509033862,2.08858322918517e-05,up,5.288119177582375,0.2006402509033862
ENSG00000179111,HES7,0.2953130924391745,0.006621377256302804,0.5121473159334002,3.51376863699529e-05,up,5.287776959479085,0.2953130924391745
ENSG00000113924,HGD,0.22475784892776923,0.040677576365419243,0.4476324347300965,1.3143836328778726e-06,up,5.286326592724193,0.22475784892776923
ENSG00000169271,HSPB3,-0.5063001277106643,0.00010855803389580749,-0.2093020905501284,0.0034854511462358447,down,-5.285302528812259,0.2093020905501284
ENSG00000090661,CERS4,0.3786437754517905,0.012279838621863218,0.26625899727255464,1.3307630153586289e-05,up,5.284856662362158,0.26625899727255464
ENSG00000102878,HSF4,0.2616745434271216,0.049042523035682954,0.4728531130613717,8.699925715185113e-07,up,5.284851999037152,0.2616745434271216
ENSG00000105793,GTPBP10,-0.27676406464544273,0.0025490221102483527,-0.1866846837843085,0.0001369997367925292,down,-5.28425866063507,0.1866846837843085
ENSG00000131148,EMC8,-0.18554246877623345,0.002462054609615349,-0.15778383594366718,0.00014334479746973259,down,-5.283995248839836,0.15778383594366718
ENSG00000110717,NDUFS8,0.4146873895228233,2.5590480159257327e-06,0.2774740807891713,0.041024101290170714,up,5.282491066766008,0.2774740807891713
ENSG00000256043,CTSO,0.3701345167285857,0.011910233245008096,0.2748728280659945,1.4401214551021453e-05,up,5.281284600111472,0.2748728280659945
ENSG00000175899,A2M,-0.27169398410859524,0.021260006245512227,-0.17007185518946913,5.132031933175572e-06,down,-5.281125803746204,0.17007185518946913
ENSG00000172466,ZNF24,-0.2508921261780449,0.009917238093219918,-0.19186285885641072,1.950501494840461e-05,down,-5.280792683205126,0.19186285885641072
ENSG00000143368,SF3B4,0.22187316355381084,0.016434105429552405,0.1890658330224961,8.259049258308476e-06,up,5.280443781692827,0.1890658330224961
ENSG00000164167,LSM6,-0.33406570955344445,0.004399986663394803,-0.20427476013911428,6.782542060532299e-05,down,-5.27916505962469,0.20427476013911428
ENSG00000110048,OSBP,-0.3409628956761185,2.086435908500143e-05,-0.12075486386318134,0.01205526717541389,down,-5.2784415877818995,0.12075486386318134
ENSG00000033327,GAB2,0.3501003847175202,0.006074988010959943,0.22076895371880617,4.243527735131313e-05,up,5.2781312126854205,0.22076895371880617
ENSG00000172264,MACROD2,-0.3392122103316176,0.0028485917170022615,-0.312467912726979,0.0001227977648284184,down,-5.27744965417114,0.312467912726979
ENSG00000198793,MTOR,-0.15231379001232181,0.008532443816607936,-0.19443738971455896,2.5566174945713825e-05,down,-5.276124106848172,0.15231379001232181
ENSG00000125901,MRPS26,0.3976609623276761,5.68674362683264e-05,0.20726685432185907,0.00608883892779537,up,5.273849555663028,0.20726685432185907
ENSG00000140682,TGFB1I1,0.5165596041381524,0.002382683002878617,0.2966295142850109,0.00015900593844680436,up,5.273585939134655,0.2966295142850109
ENSG00000077463,SIRT6,0.392932992470902,2.377546512779941e-05,0.31684049298080774,0.011407658971250458,up,5.270987543687313,0.31684049298080774
ENSG00000188338,SLC38A3,0.5116530744776445,0.002037324168425586,0.3375052755584131,0.00019622302804911133,up,5.270923723965624,0.3375052755584131
ENSG00000235363,SNRPGP10,-1.1625558120753006,0.00018369879769388516,-0.1926291327932845,0.0023981918431970816,down,-5.268696071559431,0.1926291327932845
ENSG00000107960,OBFC1,-0.312397154780939,0.0001238897165170289,-0.09479735846883039,0.003363962549178867,down,-5.268266997542611,0.09479735846883039
ENSG00000198518,HIST1H4E,0.3298386397810274,0.00019544531302279625,0.28022178979329215,0.002310097652689283,up,5.265051122773429,0.28022178979329215
ENSG00000144451,SPAG16,0.18230341602387024,0.020648572718031017,0.19354472025822417,6.069817126027062e-06,up,5.2641671991226895,0.18230341602387024
ENSG00000121940,CLCC1,-0.23914919835025167,0.008621957574854643,-0.13543603463683762,2.7078538474650513e-05,down,-5.264112287312256,0.13543603463683762
ENSG00000248546,ANP32C,0.28928333695323033,0.0024475985103855503,0.45667655625861336,0.00016150214916381997,up,5.263871180936307,0.28928333695323033
ENSG00000177352,CCDC71,0.2195369946890472,0.002324227492577017,0.20002143935548475,0.00017356107021034728,up,5.263115515601403,0.20002143935548475
ENSG00000171451,DSEL,0.3757969512093247,0.002138210965902447,0.25956795636654595,0.00019351407660246462,up,5.2627250953845035,0.25956795636654595
ENSG00000267422,CTD-2554C21.1,0.3960094753087469,1.7453774106756832e-05,0.2094396690104676,0.014390046063606063,up,5.262393053798562,0.2094396690104676
ENSG00000147164,SNX12,-0.184002343525253,0.004616766668091825,-0.09677018062662437,6.99808605501087e-05,down,-5.2622621997694825,0.09677018062662437
ENSG00000266930,CTD-2085J24.4,0.2601073045440149,0.046979593865727254,0.42260726011275385,1.1284553929646941e-06,up,5.261787019529113,0.2601073045440149
ENSG00000173376,NDNF,-0.4457118620108001,0.02295466272841794,-0.5000981409460501,5.034028206127218e-06,down,-5.261620950471047,0.4457118620108001
ENSG00000253559,OSGEPL1-AS1,0.20716196489689676,0.03159692603266333,0.2888545937520941,2.6761741061539073e-06,up,5.260810163944171,0.20716196489689676
ENSG00000270018,RP3-462E2.5,0.6461343225504743,1.2289570634725697e-05,0.21100365543921634,0.018080886037420318,up,5.260618582433339,0.21100365543921634
ENSG00000272511,RP11-180N14.1,0.5464241040145955,0.00012768211716809137,0.22701602199955742,0.0034016233817138405,up,5.259876946858109,0.22701602199955742
ENSG00000170632,ARMC10,0.37743235384170526,0.0002169596079295905,0.11837684363338194,0.0021678239305680034,up,5.259380414335316,0.11837684363338194
ENSG00000114626,ABTB1,0.4541960598167501,0.0005080598267369215,0.27561910957847374,0.000981300201899161,up,5.258182468707215,0.27561910957847374
ENSG00000167515,TRAPPC2L,0.3179747897047761,0.0015153191186593608,0.28907993691078,0.00030221629335696134,up,5.257637388249887,0.28907993691078
ENSG00000215717,TMEM167B,0.4636386759239555,6.419643192084637e-06,0.08558787639476063,0.026993662467234652,up,5.256856494752145,0.08558787639476063
ENSG00000270112,RP11-742D12.2,0.4996634149050082,0.014491734718926789,0.4666650953134537,1.2089586317630732e-05,up,5.255701731761528,0.4666650953134537
ENSG00000214367,HAUS3,-0.20234729928603623,0.02167292748746355,-0.23829634502844074,5.886603532756691e-06,down,-5.254642042419152,0.20234729928603623
ENSG00000182054,IDH2,-0.45724412499045686,0.00047287474438459636,-0.20862988472509744,0.0010990669991961103,down,-5.249933690991986,0.20862988472509744
ENSG00000269352,AC018766.5,0.3525883310571905,0.0004199702623130998,0.29539757034812564,0.0012432253221368115,up,5.24758785105062,0.29539757034812564
ENSG00000168159,RNF187,0.27910975923457404,0.0031639376286418095,0.2829385935557076,0.00012710080624485883,up,5.24696770057992,0.27910975923457404
ENSG00000233117,LINC00702,0.7955820256918178,0.013562097026441868,0.48566240899710306,1.4759207662271218e-05,up,5.241825435942064,0.48566240899710306
ENSG00000006451,RALA,-0.44660614435501883,0.0003890856195996911,-0.10072357876880168,0.0013784035937224812,down,-5.241639417154224,0.10072357876880168
ENSG00000254231,CTD-2284J15.1,-0.25055706819366313,0.0015235062370881167,-0.3397258139804473,0.00033354129273916507,down,-5.23789299147515,0.25055706819366313
ENSG00000090520,DNAJB11,-0.5169483496822227,9.825767508325124e-06,-0.09998979953160612,0.02270851233139262,down,-5.2356342801395686,0.09998979953160612
ENSG00000226976,COX6A1P2,0.571730044000752,1.671096253008665e-05,0.2453378883174487,0.01642859502996016,up,5.234417827934683,0.2453378883174487
ENSG00000248668,OXCT1-AS1,0.5213878849253893,0.0003803456581166305,0.574831763672368,0.0014603633770814283,up,5.234279779462877,0.5213878849253893
ENSG00000188229,TUBB4B,-0.40535865323773057,0.00865387559033291,-0.35484401253334075,3.237888399631083e-05,down,-5.233959356343919,0.35484401253334075
ENSG00000100722,ZC3H14,-0.25555372894862655,0.014775814402243084,-0.14595208310883556,1.352685156954109e-05,down,-5.2329475850857605,0.14595208310883556
ENSG00000259321,RP11-468E2.5,0.22801670825504053,0.021044605737681854,0.34822972660426266,7.233000579625379e-06,up,5.232099232330824,0.22801670825504053
ENSG00000206341,HLA-H,0.8410168089446581,0.0035875121578961794,0.4501289398881989,0.00011703969731365796,up,5.231956284133261,0.4501289398881989
ENSG00000221978,CCNL2,0.31320939350061067,1.244770100255238e-05,0.08859642180987544,0.01995105324388526,up,5.23171362170133,0.08859642180987544
ENSG00000260563,RP13-516M14.1,0.36765205386631944,0.002178697874207112,0.26425263455703707,0.00022864109869517296,up,5.2282273054094555,0.26425263455703707
ENSG00000130816,DNMT1,-0.23030348538397627,0.0305277998640484,-0.2503264538604798,3.610337439589491e-06,down,-5.2276504308637115,0.23030348538397627
ENSG00000139174,PRICKLE1,0.4025579735892556,0.017237250354833266,0.2894700753246935,1.0694150043038584e-05,up,5.227503205371717,0.2894700753246935
ENSG00000272732,RP5-1159O4.2,0.30410663063976534,0.001861841989446825,0.3712407271573383,0.00027901500958225494,up,5.226988424738514,0.30410663063976534
ENSG00000184378,ACTRT3,-0.166952575380027,0.006461359070319622,-0.2492319137148826,5.263480400071037e-05,down,-5.226937338396035,0.166952575380027
ENSG00000198053,SIRPA,0.5137414029643147,0.0027328278744904043,0.15671943810600666,0.00017291663642568874,up,5.226234500108723,0.15671943810600666
ENSG00000204954,C12orf73,-0.47567030959466106,2.133087830047894e-05,-0.12512900498993137,0.014698766960264472,down,-5.222629356686942,0.12512900498993137
ENSG00000248690,HAS2-AS1,0.2586896399944873,0.020905100502213586,0.4830969286325294,7.956787293100064e-06,up,5.219511487355253,0.2586896399944873
ENSG00000007541,PIGQ,0.5881924247628397,0.0005784687839343691,0.4157109890273593,0.001051932867030793,up,5.218169538424344,0.4157109890273593
ENSG00000220744,RPL5P18,0.43398687769461364,7.631895551265096e-05,0.3399106396746686,0.00617918620771548,up,5.217160494072055,0.3399106396746686
ENSG00000158220,ESYT3,0.2450110322107221,0.04956723313105765,0.370387317464707,1.3983261533662413e-06,up,5.214741427067641,0.2450110322107221
ENSG00000131910,NR0B2,0.4378097269132878,0.025987567808814803,0.5127855880705751,5.451284402474249e-06,up,5.213655160271543,0.4378097269132878
ENSG00000164532,TBX20,-0.9149664106577972,0.0003317962418330387,-0.7326807435638807,0.0018295821475704105,down,-5.213194020308638,0.7326807435638807
ENSG00000197119,SLC25A29,0.536936510661555,0.000327155615168073,0.16906801297789364,0.0018693497848422049,up,5.21159151186427,0.16906801297789364
ENSG00000269202,RP4-614O4.12,0.3708320413637997,0.00022074083239234345,0.3116331722575186,0.002656713690711272,up,5.211477895024146,0.3116331722575186
ENSG00000109171,SLAIN2,-0.4570603220598166,0.00016419738952252184,-0.18194259259080564,0.0034289438105013573,down,-5.210605156817839,0.18194259259080564
ENSG00000126088,UROD,0.31061332818185733,3.3101262483612374e-05,0.1549783258399353,0.011560356628980941,up,5.210140717594457,0.1549783258399353
ENSG00000128159,TUBGCP6,0.38583205142593346,2.1072930180664015e-05,0.14794683368220593,0.015619502082388197,up,5.208846611768011,0.14794683368220593
ENSG00000099377,HSD3B7,0.4629633211583163,0.0027413237448169012,0.35724983945053246,0.0001957177273687245,up,5.202954349385087,0.35724983945053246
ENSG00000163636,PSMD6,-0.17867703322000028,0.003095214114392913,-0.09568378116228211,0.00016731238212758402,down,-5.202640433691396,0.09568378116228211
ENSG00000125676,THOC2,-0.250713952678873,0.025225799437340823,-0.23920505078772225,6.246042822626645e-06,down,-5.202117029016167,0.23920505078772225
ENSG00000038427,VCAN,0.7102889126005206,0.030976628636950995,0.5017069921345388,4.153754074150971e-06,up,5.202073991987828,0.5017069921345388
ENSG00000246223,C14orf64,-0.778158063008282,5.2425128450634834e-05,-0.24048112380588313,0.008684593016969035,down,-5.201890909919231,0.24048112380588313
ENSG00000001629,ANKIB1,-0.4411568873133735,0.0002892237442328234,-0.26561545787653285,0.0021936941109947507,down,-5.201854466510546,0.26561545787653285
ENSG00000234390,USP27X-AS1,0.17204058748009043,0.0073116778215858765,0.29943514928349263,5.0818993811556344e-05,up,5.2016802228972585,0.17204058748009043
ENSG00000035141,FAM136A,-0.4330049217719542,3.338496879111432e-05,-0.08451202883462776,0.01191150002708331,down,-5.200813781404878,0.08451202883462776
ENSG00000229133,RPS7P4,0.5450397873899976,1.2468462320310317e-05,0.29026005439217756,0.022401389761632223,up,5.1997981887500195,0.29026005439217756
ENSG00000227388,RP11-112J3.16,0.3967571520614805,0.010388842798524152,0.4343490078479397,3.0446774170743987e-05,up,5.19659490302646,0.3967571520614805
ENSG00000214203,RPS4XP1,0.4195271900285192,7.365522637300626e-05,0.25011902759842225,0.006994134436218389,up,5.194224310801138,0.25011902759842225
ENSG00000173137,ADCK5,0.3115962106006528,0.0007586776661734004,0.4027085680550729,0.0009084981879079423,up,5.192052587409516,0.3115962106006528
ENSG00000087299,L2HGDH,-0.4350144717606438,0.0017641671011065355,-0.35498967210927285,0.00035903783262885316,down,-5.19169727971786,0.35498967210927285
ENSG00000264538,SUZ12P,0.3391742960030448,0.004649476289030844,0.17399081651697987,0.00010557209518440993,up,5.1893832721153235,0.17399081651697987
ENSG00000204396,VWA7,0.3949345747992993,0.0021131718297091487,0.3583880190412413,0.00029334410463738753,up,5.188664548391961,0.3583880190412413
ENSG00000249042,CTD-2015H6.3,0.44199646324067854,0.0010663938120881193,0.1908484055817248,0.0006524632510998002,up,5.187433773873039,0.1908484055817248
ENSG00000136925,TSTD2,-0.2950488803022638,0.0009124812363858804,-0.1529286085368899,0.0007715951420610721,down,-5.1871094443764525,0.1529286085368899
ENSG00000113810,SMC4,-0.4081961598380566,0.004611652091695467,-0.2291079366129954,0.00010870762700810185,down,-5.186571861898285,0.2291079366129954
ENSG00000125755,SYMPK,0.20955371290647445,0.00842569694533919,0.20068264449204434,4.588586093710764e-05,up,5.183365124090864,0.20068264449204434
ENSG00000188227,ZNF793,0.3659595123366423,0.0006025838167375501,0.1979514969789316,0.001207163389720016,up,5.181478988605955,0.1979514969789316
ENSG00000183111,ARHGEF37,-0.37313223453116384,0.04903210912606978,-0.18579209057607618,1.8220140065599668e-06,down,-5.180232576617798,0.18579209057607618
ENSG00000072071,LPHN1,-0.55609924453678,6.361834055319509e-05,-0.1969111754872111,0.008296313803058621,down,-5.178665566976719,0.1969111754872111
ENSG00000182646,FAM156A,0.4566889738991381,0.0021172044840150686,0.28470235021724377,0.00031320210952983805,up,5.176154876563388,0.28470235021724377
ENSG00000114270,COL7A1,0.5690711864094945,7.141994503486975e-05,0.2876129245642789,0.007747067553192127,up,5.174893055111423,0.2876129245642789
ENSG00000182718,ANXA2,-0.3973677831135399,0.02174522076402363,-0.2649021276065547,9.999234663550763e-06,down,-5.172534296238949,0.2649021276065547
ENSG00000169418,NPR1,0.40815101678637916,0.0017263539681378196,0.21379774553779116,0.00040737875341039057,up,5.1723925907193085,0.21379774553779116
ENSG00000214413,BBIP1,-0.40372728867750945,0.0006521906754574812,-0.10519175521499113,0.0011658139828345,down,-5.172241483414483,0.10519175521499113
ENSG00000213397,HAUS7,0.3497049286519936,0.0004111071193807453,0.2209960579443863,0.0018261072063372834,up,5.170805420247951,0.2209960579443863
ENSG00000004766,CCDC132,-0.5210510557640117,0.0003224004809926596,-0.19463829952331227,0.0022921798267449317,down,-5.1707867237906,0.19463829952331227
ENSG00000213658,LAT,0.5685058490309959,0.0023967616481134087,0.3810538632159253,0.00028147467842912867,up,5.167225619130322,0.3810538632159253
ENSG00000165694,FRMD7,0.24557999408123798,0.04603758980132168,0.8896024767021977,2.295663345334665e-06,up,5.1667903280682195,0.24557999408123798
ENSG00000240038,AMY2B,0.4170805042879116,0.0014318264003182696,0.21265019994927367,0.0005209881014289635,up,5.166540777075501,0.21265019994927367
ENSG00000197530,MIB2,0.5101242389123164,3.567317803204485e-05,0.3501999641329649,0.01307711753251638,up,5.165673785003732,0.3501999641329649
ENSG00000138107,ACTR1A,-0.18203916568607578,0.0027059299015971005,-0.12539065662327395,0.0002462280894821698,down,-5.164051132720735,0.12539065662327395
ENSG00000176428,VPS37D,0.2834639984709561,0.0031340613974470332,0.5195911363526575,0.0002051409427208051,up,5.162912962387371,0.2834639984709561
ENSG00000273055,CTB-13F3.1,0.24367018475221713,0.022117266270160373,0.4246724512093484,1.054954266987869e-05,up,5.1592555563427505,0.24367018475221713
ENSG00000100804,PSMB5,-0.2123120184498511,0.001516943141656762,-0.15822551553823133,0.0005066879838667053,down,-5.158586046647381,0.15822551553823133
ENSG00000260160,CTC-471J1.2,0.38186188481466504,0.002784315600312168,0.36736227381446085,0.0002442282400418666,up,5.158507311759345,0.36736227381446085
ENSG00000205544,TMEM256,0.3951168113675026,0.00023299382909650407,0.3257776082634564,0.0032569524804514386,up,5.156159600289753,0.3257776082634564
ENSG00000188611,ASAH2,-0.4012721904257573,0.0004433994296666079,-0.47588723752818024,0.0018373765908685127,down,-5.155105313710862,0.4012721904257573
ENSG00000167792,NDUFV1,0.29512003489926625,0.0002707113377408692,0.2801150954044168,0.002911484674268054,up,5.152593280875014,0.2801150954044168
ENSG00000120149,MSX2,0.4034161249369265,0.0004695819114395508,0.20970039640893062,0.001760802171124106,up,5.152534430497483,0.20970039640893062
ENSG00000272864,RP11-17E13.2,0.7349421045254985,0.0016301321218985343,0.5532893189218805,0.0004823394870916842,up,5.151971154355117,0.5532893189218805
ENSG00000177951,BET1L,0.36367431688717766,1.0075555469646582e-05,0.060541156474465375,0.03016902382310276,up,5.151484040697786,0.060541156474465375
ENSG00000196227,FAM217B,-0.6383402924533417,0.0022046428774548164,-0.2474074606388946,0.00034176906050102456,down,-5.150361509161593,0.2474074606388946
ENSG00000213465,ARL2,0.3308651023799205,0.00040095941606026783,0.4361376550606248,0.002090376673395887,up,5.147438998677405,0.3308651023799205
ENSG00000152894,PTPRK,-0.31042668048727673,0.023554548168024134,-0.2646410888851798,1.03600298789108e-05,down,-5.143607497489919,0.2646410888851798
ENSG00000112379,KIAA1244,0.3234798202959709,0.004263596227231671,0.3489329870944704,0.0001558412425848165,up,5.141617107608556,0.3234798202959709
ENSG00000007384,RHBDF1,0.3053137968848062,0.007474764036870155,0.23300764660404305,7.037550190208801e-05,up,5.1413244293055795,0.23300764660404305
ENSG00000167264,DUS2,0.2152482394315848,0.02776330562394714,0.2443663734328978,7.84458226342799e-06,up,5.1396708978434,0.2152482394315848
ENSG00000123965,PMS2P5,0.4061223585829758,0.00014166062483635938,0.15691556133164256,0.005303362630302178,up,5.138083212703707,0.15691556133164256
ENSG00000101052,IFT52,0.4113928509497491,0.014164771422206167,0.17142803410781152,2.6590432862111407e-05,up,5.136161124522127,0.17142803410781152
ENSG00000197858,GPAA1,0.4273924353673864,0.00010996716612435594,0.32300991605412643,0.006549302164008305,up,5.135967613520199,0.32300991605412643
ENSG00000072310,SREBF1,-0.7228840765499912,7.960922439404567e-05,-0.2495780174850347,0.008352385523766772,down,-5.135081523706579,0.2495780174850347
ENSG00000104524,PYCRL,0.44855175259844987,0.0002868283269543316,0.34630612122060417,0.002998660688405954,up,5.135035539291993,0.34630612122060417
ENSG00000215142,RP11-292B8.1,-0.34173382246546025,0.003137515880544527,-0.5750076826779563,0.00024123606275131462,down,-5.132897995494432,0.34173382246546025
ENSG00000126464,PRR12,0.3741730238264108,0.0006158557612277848,0.26093427244449247,0.0014907939023945979,up,5.132850014230042,0.26093427244449247
ENSG00000120656,TAF12,-0.2802380849237079,2.9013123125273687e-05,-0.07239195423445043,0.01704237392410594,down,-5.13190507094704,0.07239195423445043
ENSG00000187556,NANOS3,0.38106647955811646,0.0035868856527997523,0.5890224142144872,0.00020500423110979613,up,5.131423959258804,0.38106647955811646
ENSG00000080839,RBL1,-0.410433363986047,4.3684870917884804e-05,-0.1116654077994097,0.013098745672838044,down,-5.129524914462104,0.1116654077994097
ENSG00000125967,NECAB3,0.19343648208302916,0.031019347536655067,0.4277630531581146,6.735661821831751e-06,up,5.128509627051238,0.19343648208302916
ENSG00000235065,RPL24P2,0.6227490180447204,0.00015907140286140536,0.4025868002263777,0.005059710253535951,up,5.127783690275746,0.4025868002263777
ENSG00000172932,ANKRD13D,0.39991688062837444,0.002528982133148155,0.248682742392575,0.00032553679468859756,up,5.12756414376995,0.248682742392575
ENSG00000153575,TUBGCP5,-0.3834391594046316,0.001721873875179616,-0.1786073460643869,0.0005188210979919743,down,-5.12629507615033,0.1786073460643869
ENSG00000272690,RP11-803B1.8,0.2967777178404657,0.012515654990928615,0.388400046826907,3.474399079668008e-05,up,5.125378153506755,0.2967777178404657
ENSG00000164318,EGFLAM,0.26077593377240976,0.032318474379660546,0.22400754139671597,6.3461101346562776e-06,up,5.125203742116449,0.22400754139671597
ENSG00000085514,PILRA,0.5685327932423871,0.0030994687042573657,0.3049012461325008,0.0002561489199925157,up,5.124769533989841,0.3049012461325008
ENSG00000228224,NACAP1,0.3496239749668116,0.0020559241024070366,0.49249392239087064,0.00042596366185689304,up,5.124235693279341,0.3496239749668116
ENSG00000225138,CTD-2228K2.7,0.8216400017402736,0.005077917572303643,0.48374152881437066,0.00013613545030271285,up,5.123917365518483,0.48374152881437066
ENSG00000055955,ITIH4,0.6761920825464187,0.0007174581478895093,0.27702021868234833,0.0013507151683899,up,5.122704769387924,0.27702021868234833
ENSG00000106701,FSD1L,0.44830300714034993,0.0013680245033152955,0.30129257019203526,0.0006903424455764355,up,5.121637042158835,0.30129257019203526
ENSG00000151498,ACAD8,0.40875565247260054,4.914999176306469e-06,0.07018244524198673,0.049181216835991394,up,5.121329236841088,0.07018244524198673
ENSG00000152219,ARL14EP,-0.2493664267369674,0.04161106990655729,-0.15523635045745518,3.888913602477685e-06,down,-5.121281412271641,0.15523635045745518
ENSG00000223855,AC147651.3,0.3046603268161248,0.010393598525467763,0.42007058723620383,4.8051133830168564e-05,up,5.121144947679358,0.3046603268161248
ENSG00000124164,VAPB,-0.28652736492610303,1.684724026294988e-05,-0.06530629871807106,0.02490289469354673,down,-5.119610233820022,0.06530629871807106
ENSG00000155363,MOV10,0.270381276093963,0.03849108117618768,0.200145738794041,4.6796458422924425e-06,up,5.118337838988242,0.200145738794041
ENSG00000164405,UQCRQ,0.5496907671541394,6.051811552617475e-05,0.20540779222805056,0.01111282119824272,up,5.114389531036899,0.20540779222805056
ENSG00000105849,TWISTNB,-0.2915108866732263,0.018585732820615188,-0.23525712243860575,1.950501494840461e-05,down,-5.111807697703127,0.23525712243860575
ENSG00000259746,HSPE1P3,0.9113149106364163,1.543895453845506e-05,0.2422811161242749,0.027060916230111358,up,5.111058025721532,0.2422811161242749
ENSG00000226200,RP11-50E11.3,0.17015192970624626,0.03298061754861966,0.26462356485283994,6.735661821831751e-06,up,5.109983652105047,0.17015192970624626
ENSG00000107614,TRDMT1,-0.47483662273866684,0.003483717713556207,-0.2398425503113257,0.000240635331374821,down,-5.109179041692812,0.2398425503113257
ENSG00000101255,TRIB3,0.3658183390743919,0.0017471483850651163,0.4110622584754014,0.0005578936356268107,up,5.1089026475490344,0.3658183390743919
ENSG00000174171,RP11-23P13.6,0.3598671922003741,0.02237141760809148,0.49941450930989323,1.4269870616647478e-05,up,5.108181797866023,0.3598671922003741
ENSG00000179361,ARID3B,0.2646023846032032,0.006159802081570855,0.20159369945394756,0.00011306580790730019,up,5.1078775004784145,0.20159369945394756
ENSG00000086991,NOX4,0.795866298945288,0.006136593156163522,0.4222103280241436,0.00011427385010035535,up,5.10703881929958,0.4222103280241436
ENSG00000134198,TSPAN2,-0.4854424598423493,0.011500236455949197,-0.29632208077954736,4.479844129782707e-05,down,-5.106748716372991,0.29632208077954736
ENSG00000130313,PGLS,0.42735353751817373,0.0017652898640262665,0.38271998949931224,0.0005603320961417325,up,5.105757393005995,0.38271998949931224
ENSG00000213901,SLC23A3,0.3417099185650359,0.0118619367483875,0.31247355638190827,4.295443235918596e-05,up,5.10535044592273,0.31247355638190827
ENSG00000142871,CYR61,1.7994689447524324,0.0002237476818070299,0.31878450263976216,0.004224462078233486,up,5.10506041121547,0.31878450263976216
ENSG00000273100,RP11-302L19.3,0.41599857114275646,0.01725617012933365,0.7681795839089463,2.306963241031894e-05,up,5.104889687410947,0.41599857114275646
ENSG00000174951,FUT1,0.4704343556681888,0.002689861925086329,0.25053344247913345,0.0003418870784986634,up,5.104112754534129,0.25053344247913345
ENSG00000262194,CTD-3195I5.5,0.4123084765482508,0.0030683586683596217,0.26845456013536206,0.0002929808475944557,up,5.101927441796733,0.26845456013536206
ENSG00000065268,WDR18,0.5611086351168779,7.900106652602958e-05,0.30797465059929247,0.009667588252814737,up,5.100452758759366,0.30797465059929247
ENSG00000172260,NEGR1,-0.4600553146206595,0.019856845824099988,-0.34126445828301355,1.886453150037262e-05,down,-5.098944618671718,0.34126445828301355
ENSG00000173198,CYSLTR1,0.3386694089262549,0.016563484291117564,0.4091579854264763,2.5719583877985734e-05,up,5.09814489998139,0.3386694089262549
ENSG00000176125,UFSP1,0.39499386033535105,9.698618470675871e-05,0.22149473952120968,0.008435794416268159,up,5.097141679104994,0.22149473952120968
ENSG00000123485,HJURP,-0.41107849415069,0.0023081740667270836,-0.6246311364560666,0.0004273862005721125,down,-5.0970860425062074,0.41107849415069
ENSG00000025293,PHF20,-0.26460207721438883,0.02100241115693244,-0.16933346413455064,1.7388043000897937e-05,down,-5.0952546585189396,0.16933346413455064
ENSG00000242814,RP11-436H11.1,0.45361547012065884,0.0002528913682506917,0.4651906467154681,0.003967181986745402,up,5.095238651546706,0.45361547012065884
ENSG00000166206,GABRB3,-0.41458845376128695,0.014406140834980048,-0.4719330170488834,3.35148009497565e-05,down,-5.0937664210392395,0.41458845376128695
ENSG00000262621,NAA60,0.7301340444683592,8.211560510058326e-06,0.20626249349081463,0.04124959456671226,up,5.092216274469065,0.20626249349081463
ENSG00000227372,TP73-AS1,0.24849904553057545,0.0023858581785504893,0.1024150687129616,0.0004220659769396024,up,5.09204353819398,0.1024150687129616
ENSG00000132122,SPATA6,-0.5198804947893972,0.000770495642244629,-0.15934726766197377,0.0014580091786014961,down,-5.091631080165733,0.15934726766197377
ENSG00000242779,ZNF702P,-0.3569065593529833,0.008351755143242401,-0.3844777320326697,8.035686813234337e-05,down,-5.091128140416453,0.3569065593529833
ENSG00000186376,ZNF75D,-0.2859025465030318,0.0010261123269821111,-0.18623625512734193,0.0011038954018731946,down,-5.090279795878387,0.18623625512734193
ENSG00000136146,MED4,-0.18862847854128584,0.0030307194233857755,-0.10536753750196969,0.00031774471244986675,down,-5.089530489820315,0.10536753750196969
ENSG00000249936,RAC1P2,-0.29258468946747535,9.44271871708333e-06,-0.15649156720322244,0.03865423014463232,down,-5.089440797556634,0.15649156720322244
ENSG00000114353,GNAI2,0.41884695004885103,0.00033382578922746094,0.14951807875435688,0.003225508863384528,up,5.088491002605866,0.14951807875435688
ENSG00000002933,TMEM176A,1.0020301016565665,3.263397569572691e-05,0.25289947049316697,0.0186295612618929,up,5.087214186591599,0.25289947049316697
ENSG00000068796,KIF2A,-0.40808969196147155,0.012463044661677516,-0.2935028992753913,4.418429960236056e-05,down,-5.086710293307223,0.2935028992753913
ENSG00000214765,SEPT7P2,0.28338335657721586,0.022028832163148285,0.21143451523040263,1.6822508869662742e-05,up,5.086422541358825,0.21143451523040263
ENSG00000240356,RPL23AP7,-1.033715142457351,0.004286218267013505,-0.34628218768765084,0.00021021130327009946,down,-5.085743677321041,0.34628218768765084
ENSG00000253819,LINC01151,-0.5327729975736938,0.007819443441564216,-0.43077280069225093,9.23309371134958e-05,down,-5.083859180584238,0.43077280069225093
ENSG00000165458,INPPL1,-0.22629159762186662,0.017351345535925006,-0.16792079306059013,2.6081802890616953e-05,down,-5.0836788168897495,0.16792079306059013
ENSG00000224086,LL22NC03-86G7.1,0.5015357643862859,0.0028826331035766463,0.31743891610920916,0.0003570595315581566,up,5.079700609862352,0.31743891610920916
ENSG00000102921,N4BP1,-0.35173488447911594,0.001083062604841435,-0.08976014472301432,0.001101505108050828,down,-5.079207467239893,0.08976014472301432
ENSG00000006194,ZNF263,0.3833107520370047,0.0007685880138646532,0.09834923506578105,0.0015576643903278693,up,5.078153807023969,0.09834923506578105
ENSG00000170727,BOP1,-0.3354423091926772,0.0019163009093741761,-0.29099946750458583,0.0005862782006574339,down,-5.07815304491379,0.29099946750458583
ENSG00000162402,USP24,-0.4845901157366026,0.00022996314745591208,-0.1461355287989054,0.004640229540944435,down,-5.077863894681517,0.1461355287989054
ENSG00000110172,CHORDC1,-0.38497672550574247,0.0023502658991171447,-0.2822711633269914,0.0004634000097137651,down,-5.077314575774151,0.2822711633269914
ENSG00000272512,RP11-54O7.17,0.9264527535514152,3.4917774338898494e-05,0.352520550019364,0.01860561184484551,up,5.075499233943954,0.352520550019364
ENSG00000068024,HDAC4,-0.3960454257211533,0.009430247878227667,-0.13619369620245972,7.377894936621488e-05,down,-5.074454544773876,0.13619369620245972
ENSG00000100985,MMP9,0.6303926407706827,0.03883796237036267,0.9239231921177923,6.17724891430428e-06,up,5.073319263710233,0.6303926407706827
ENSG00000257365,FNTB,0.36019062336410995,0.0022645110917630337,0.17403609664693995,0.0004989888479587926,up,5.071666496580721,0.17403609664693995
ENSG00000117625,RCOR3,-0.3933014809744842,0.0001260095198461978,-0.12927454770230684,0.00779196378228979,down,-5.067966374894354,0.12927454770230684
ENSG00000164040,PGRMC2,-0.26221818859898105,0.002051041462988624,-0.1223138798259878,0.0005786284164639011,down,-5.0654842977348995,0.1223138798259878
ENSG00000089157,RPLP0,-0.3200264420142826,0.0032375632822479084,-0.21465692216588886,0.000335001194006408,down,-5.064470257477138,0.21465692216588886
ENSG00000140374,ETFA,-0.22488742288628147,0.001969955617519395,-0.12121277719972001,0.0006095150824013389,down,-5.06405040150559,0.12121277719972001
ENSG00000116198,CEP104,-0.5341663235840574,7.656529134693732e-05,-0.18196292941573367,0.011448934028299381,down,-5.063533270636778,0.18196292941573367
ENSG00000178809,TRIM73,0.26503243118851333,0.010406155337011004,0.5744861244041168,6.833932452917076e-05,up,5.06146656609323,0.26503243118851333
ENSG00000123094,RASSF8,-0.44070973891180837,0.005207938265151986,-0.3255787281632987,0.0001860936757648877,down,-5.061190909961055,0.3255787281632987
ENSG00000244462,RBM12,-0.2975267309872925,0.00465189612736672,-0.16354350228244102,0.00021667394375312374,down,-5.0604540166153695,0.16354350228244102
ENSG00000110651,CD81,0.3849788385435116,0.0005060365019333114,0.2328350008089479,0.002528961648968456,up,5.059569091012427,0.2328350008089479
ENSG00000130714,POMT1,0.33092090541765773,0.000756120028658926,0.1683844349452627,0.00174483795538144,up,5.057609714778858,0.1683844349452627
ENSG00000169607,CKAP2L,-0.28864103059859614,0.006235269964226409,-0.6610901176556851,0.0001481659098656041,down,-5.057050542900192,0.28864103059859614
ENSG00000163348,PYGO2,0.19748869651428785,0.04108251247940694,0.13293768665259983,6.117676925023532e-06,up,5.0570000765855685,0.13293768665259983
ENSG00000178999,AURKB,-0.5226174402101988,0.016125823547989745,-0.6970573472894429,3.496899307725792e-05,down,-5.055540144330513,0.5226174402101988
ENSG00000125744,RTN2,-0.5936671784765755,1.768175692966018e-05,-0.20266166144235015,0.030384240091025517,down,-5.054929301571577,0.20266166144235015
ENSG00000242114,MTFP1,-0.8724661089843831,0.00045488504936014865,-0.5995202961123745,0.0028531252227841403,down,-5.054518724954457,0.5995202961123745
ENSG00000250775,RP11-12K22.1,1.1866799205564267,0.0010044089357692273,0.6015294162809449,0.0013431393751702086,up,5.053979758062572,0.6015294162809449
ENSG00000133265,HSPBP1,0.36770314474519894,0.00014136923307390143,0.37267140734927173,0.00762912547943267,up,5.051202370381794,0.36770314474519894
ENSG00000075539,FRYL,-0.219654555172928,0.04010479372581095,-0.30230447214315753,6.720439859389749e-06,down,-5.050717276622396,0.219654555172928
ENSG00000254414,RP11-182J1.1,0.5255750481913543,1.133671397171846e-05,0.21504032051103858,0.03980239738007505,up,5.049320949694033,0.21504032051103858
ENSG00000163527,STT3B,-0.2678011669734971,0.021219717055089356,-0.21415909310123923,2.2897245621873194e-05,down,-5.047951848561811,0.21415909310123923
ENSG00000154016,GRAP,0.3167057331095255,0.011178813744469142,0.343182993990825,6.682691864817306e-05,up,5.047357308392572,0.3167057331095255
ENSG00000204323,SMIM5,-0.5063979041341661,0.01036822882397029,-0.4422361102934456,7.486510644071919e-05,down,-5.047171602091512,0.4422361102934456
ENSG00000180881,CAPS2,-0.43841862595061165,0.0003803456581166305,-0.2447778904468434,0.003469083894526737,down,-5.046840303146183,0.2447778904468434
ENSG00000157021,FAM92A1P1,-0.2770335994316442,0.006608663506866551,-0.2621547762658945,0.00014559409733215395,down,-5.045625702983307,0.2621547762658945
ENSG00000242474,AC093627.9,-0.4616891997481892,0.0046335100739897,-0.3293225501180145,0.00023631241861616975,down,-5.045618983605577,0.3293225501180145
ENSG00000197150,ABCB8,0.34327183819676504,0.0005514325216037913,0.19119056681410515,0.002504409872986787,up,5.044960221564887,0.19119056681410515
ENSG00000258634,RP4-773N10.4,0.3653503436950374,0.002689861925086329,0.1586240761875027,0.00046629777647200666,up,5.044548906576493,0.1586240761875027
ENSG00000184368,MAP7D2,-0.41383408463243077,0.0007880254673039406,-0.2867215144258631,0.001785612466797572,down,-5.044281813240885,0.2867215144258631
ENSG00000129003,VPS13C,-0.3034682369000809,0.01063198704039239,-0.3384587876574348,7.37554324625373e-05,down,-5.043346864740812,0.3034682369000809
ENSG00000259071,RP11-247L20.4,0.3926624629825673,0.041546803723225015,0.3500164677470065,6.5595411381322705e-06,up,5.043028894055491,0.3500164677470065
ENSG00000109670,FBXW7,-0.543409534619721,0.0002455333271064665,-0.17375966211978153,0.00515659304172077,down,-5.040637085666206,0.17375966211978153
ENSG00000170469,SPATA24,-0.49251767300960086,9.506325259150719e-06,-0.1374842329639183,0.04553205908889532,down,-5.037894057583233,0.1374842329639183
ENSG00000177943,MAMDC4,0.36002140856352255,0.022209604284953038,0.5561467232162602,2.2475613732409214e-05,up,5.0376721020793225,0.36002140856352255
ENSG00000189409,MMP23B,0.5454615986947428,0.000162149118974339,0.521466475521197,0.007328012080976525,up,5.035352429840901,0.521466475521197
ENSG00000123106,CCDC91,-0.4999533163594973,0.00025780262065763413,-0.17163411182876825,0.005084630096976578,down,-5.034508204258847,0.17163411182876825
ENSG00000220804,AC093642.5,-0.4580339015556209,0.003334805864645075,-0.5454001876690374,0.00037984507823524545,down,-5.033721224788238,0.4580339015556209
ENSG00000237096,RP4-782G3.1,0.3779899188363833,0.011416186899911971,0.566126732688191,7.029838437038225e-05,up,5.032920641116079,0.3779899188363833
ENSG00000106258,CYP3A5,0.46816751346494323,0.03006186490864636,0.7439124900390629,1.335046876983422e-05,up,5.032481393659818,0.46816751346494323
ENSG00000100568,VTI1B,-0.15490576620195026,0.02614712012712389,-0.1427690697480925,1.732547850265173e-05,down,-5.032092794601739,0.1427690697480925
ENSG00000104880,ARHGEF18,0.4700148801379157,0.00022889841630136795,0.20478416599445992,0.005703906469158382,up,5.0307080398285855,0.20478416599445992
ENSG00000132005,RFX1,0.7900843774516573,3.178606466452758e-05,0.22132074849638717,0.023270984122459336,up,5.030451408839151,0.22132074849638717
ENSG00000047315,POLR2B,-0.24492806466185016,0.009811400813909047,-0.2377587704346832,9.058064140202259e-05,down,-5.029210939172799,0.2377587704346832
ENSG00000174233,ADCY6,0.26912809755829714,0.025257484984816142,0.23961734524695807,1.89907979032131e-05,up,5.02807413552355,0.23961734524695807
ENSG00000175768,TOMM5,-0.15696145240587384,0.01782040971388569,-0.24083318182739774,3.5401781864543075e-05,down,-5.026740052587349,0.15696145240587384
ENSG00000170889,RPS9,0.4161005465442466,5.155441921876922e-05,0.24774021466978627,0.017398128073960486,up,5.02563360600464,0.24774021466978627
ENSG00000241847,VDAC1P8,0.6156741870212669,0.0014527031240962344,0.31202123319643216,0.001049716667955491,up,5.024247095113487,0.31202123319643216
ENSG00000255794,RMST,0.5461402688345163,0.012737615683473487,0.560075676086544,6.242704451069849e-05,up,5.022875291353338,0.5461402688345163
ENSG00000142892,PIGK,-0.2811956090263823,0.014277715779252713,-0.22785887805750754,5.220933123597368e-05,down,-5.022777584398068,0.22785887805750754
ENSG00000265778,RP11-17M16.2,0.23666300895174475,0.013619818683243877,0.330339621690454,5.667206179809822e-05,up,5.021307169010956,0.23666300895174475
ENSG00000075568,TMEM131,-0.19268967633206444,0.010171372015347967,-0.17607453910741067,9.00079015924627e-05,down,-5.020276292204191,0.17607453910741067
ENSG00000223403,MEG9,0.48211259385429156,0.01205197070341153,0.41591293440432686,6.98299099741884e-05,up,5.019265644959788,0.41591293440432686
ENSG00000164967,RPP25L,0.3033176279835118,0.0012344838047792042,0.3067078601323176,0.0012962418280060494,up,5.017031454068469,0.3033176279835118
ENSG00000226197,RP11-536O18.1,-0.3535940171264254,0.0492278142894458,-0.4573503634133743,5.482439149865124e-06,down,-5.0163575429863965,0.3535940171264254
ENSG00000067900,ROCK1,-0.41125843989340044,0.0027171902468040563,-0.2697074519322038,0.00053712457453968,down,-5.015050820885988,0.2697074519322038
ENSG00000243156,MICAL3,-0.35514327119775446,0.0072778023480761156,-0.31014780404341824,0.00015104908974956352,down,-5.014875323447766,0.31014780404341824
ENSG00000120051,CCDC147,0.2771149029929544,0.013996100812096663,0.277268467524048,5.70221343302094e-05,up,5.013286174364548,0.2771149029929544
ENSG00000189292,FAM150B,0.904157371312199,0.00216298013391818,0.532963786052005,0.000711572845424459,up,5.012711098358582,0.532963786052005
ENSG00000179837,RBM15B,0.3539457598304026,0.00012927823798762367,0.07022957710176433,0.00954857192641526,up,5.012544008037361,0.07022957710176433
ENSG00000174851,YIF1A,0.4218298833402853,2.5270757329555286e-05,0.19369718650675163,0.028717154202398076,up,5.011813294094579,0.19369718650675163
ENSG00000160959,LRRC14,0.37693269888106173,0.0001923591020255575,0.1377142678163114,0.007081597484566288,up,5.011797043548647,0.1377142678163114
ENSG00000127399,LRRC61,0.39297823863180564,0.0009988705174417353,0.2708697289301239,0.0016706796588394086,up,5.009209740622437,0.2708697289301239
ENSG00000142611,PRDM16,-0.2621514665067397,0.03769550020629777,-0.26341963486751957,1.0049360753285272e-05,down,-5.00787140609948,0.2621514665067397
ENSG00000213463,SYNJ2BP,-0.25700493222168364,0.011252848189565913,-0.2261097070775866,8.352606211667721e-05,down,-5.0077158492457965,0.2261097070775866
ENSG00000114378,HYAL1,-0.3202004574638631,0.0007575988692924101,-0.1821920847290281,0.002212350133284805,down,-5.006604805258526,0.1821920847290281
ENSG00000005810,MYCBP2,-0.4637305001488867,8.457432993296607e-05,-0.20189727576843472,0.013328568839840488,down,-5.0061332825587765,0.20189727576843472
ENSG00000259972,AC009120.6,0.2797397332381528,0.016283093039249772,0.2894574148591298,4.757700631088369e-05,up,5.001872771857368,0.2797397332381528
ENSG00000095002,MSH2,0.38070748888348993,0.0011227073940023975,0.17728369027082103,0.0015389955425616502,up,5.001272230759081,0.17728369027082103
ENSG00000137033,IL33,0.6447082397259111,0.011264675089476605,0.4122927244483257,8.693558557210653e-05,up,5.000343769534396,0.4122927244483257
ENSG00000091073,DTX2,0.47523702755846936,0.0004507858842748091,0.27477124400322794,0.003712585180982597,up,4.997429009302765,0.27477124400322794
ENSG00000215841,RP11-800A3.2,0.5709083901320754,0.023213053169754895,0.43569689116598675,2.6801527952212838e-05,up,4.996222484701698,0.43569689116598675
ENSG00000164142,FAM160A1,-0.36157678344438476,0.009817066275368026,-0.4522758822854632,0.00010939172144103592,down,-4.996152462989086,0.36157678344438476
ENSG00000259001,RPPH1,1.3521651728659854,7.596337087012926e-05,0.49401253360688585,0.015015220051926794,up,4.994561086934063,0.49401253360688585
ENSG00000254876,RP11-23J9.5,0.24429871003399845,0.001348566459574473,0.2636635891331419,0.0013326315197165542,up,4.991650568972949,0.24429871003399845
ENSG00000087087,SRRT,0.4576399409261301,7.938528269680153e-05,0.1244976409276443,0.014715248630267604,up,4.991044310743311,0.1244976409276443
ENSG00000148384,INPP5E,0.19621259839057173,0.00974466878130573,0.1999367391297007,0.00011455384424301962,up,4.9898631233810535,0.19621259839057173
ENSG00000101972,STAG2,-0.5743355059223612,0.019459301131897536,-0.3108565279025207,3.8546767142653153e-05,down,-4.988268545743349,0.3108565279025207
ENSG00000270143,AC004257.3,0.48987839869602134,0.0009952627321439776,0.3010900272909202,0.0018549630242745323,up,4.9879012532268145,0.3010900272909202
ENSG00000104805,NUCB1,0.29870201994855605,0.000927786142608728,0.24842340027825247,0.002000465178858588,up,4.986833120529226,0.24842340027825247
ENSG00000235475,RP11-166O4.5,0.3111008553766641,0.04965847335892851,0.35210687397482543,6.6081285911608934e-06,up,4.985307018476831,0.3111008553766641
ENSG00000261600,RP11-575H3.1,0.3206324631950166,0.014955556920873376,0.6097744549353887,6.081028470497655e-05,up,4.984320487781064,0.3206324631950166
ENSG00000140307,GTF2A2,-0.2966593139695213,0.0004883777643051533,-0.11499499100954207,0.0036768850208137383,down,-4.983881267048893,0.11499499100954207
ENSG00000267381,CTD-2086O20.3,0.5127388282439507,3.78084825616587e-05,0.13445203140227843,0.02475385245392858,up,4.983308954970041,0.13445203140227843
ENSG00000126895,AVPR2,0.5739954828226611,0.0020063216593621943,0.4866158527315393,0.0008982728874186236,up,4.983266232926941,0.4866158527315393
ENSG00000176731,C8orf59,-0.42001313284945924,1.7909852903361446e-05,-0.11148234435258914,0.03844207718546685,down,-4.9829342497884035,0.11148234435258914
ENSG00000174307,PHLDA3,0.5097170932832137,0.00013672534590860084,0.2894783910504614,0.010320063467462571,up,4.982023168137602,0.2894783910504614
ENSG00000105176,URI1,-0.2363286813203625,0.03870839608418024,-0.13308687603479114,1.128353395544934e-05,down,-4.981557214731607,0.13308687603479114
ENSG00000139697,SBNO1,-0.35509309696990987,0.0007336378659752764,-0.2677138435375201,0.002555539787849301,down,-4.981554675403336,0.2677138435375201
ENSG00000059122,FLYWCH1,0.4169555891616137,0.0004032130540588144,0.22849660255462534,0.004384604192716944,up,4.981387980053836,0.22849660255462534
ENSG00000213614,HEXA,0.2840752349712079,0.0010074424447628657,0.09638344775317609,0.0018992345959369934,up,4.980308437923799,0.09638344775317609
ENSG00000176720,BOK,0.5391019354739363,0.0011108446031304704,0.3884382344453026,0.0017307129601319068,up,4.978889679169653,0.3884382344453026
ENSG00000146729,GBAS,-0.38464275937155695,0.0014380119335740981,-0.16655586543803588,0.001328008080360594,down,-4.977940480727166,0.16655586543803588
ENSG00000143970,ASXL2,-0.22797128076005654,0.02837857741005084,-0.32279387745443655,2.0993574003425537e-05,down,-4.977611098234453,0.22797128076005654
ENSG00000256030,CBX3P4,0.38364667794792506,0.016225870929784763,0.4250139271854604,5.537670179660565e-05,up,4.977299274861699,0.38364667794792506
ENSG00000177106,EPS8L2,0.512527170930118,0.02477908508804742,0.5687951036588244,2.7141177348388843e-05,up,4.9758736279662825,0.512527170930118
ENSG00000225674,IPO7P2,-0.4461736733759728,3.8627565582835355e-05,-0.4398289124726598,0.02505436930335771,down,-4.975855349549006,0.4398289124726598
ENSG00000173960,UBXN2A,-0.27116505973618094,0.011494039572460797,-0.19441862980530683,9.713269018693612e-05,down,-4.975552826824084,0.19441862980530683
ENSG00000164124,TMEM144,0.2927181012768761,0.03465095707612675,0.25148641867991517,1.4532337184055326e-05,up,4.975321171157738,0.25148641867991517
ENSG00000130699,TAF4,-0.34611872223966605,0.004129723889578682,-0.13061390940845077,0.0004063685888712199,down,-4.971491381147648,0.13061390940845077
ENSG00000133226,SRRM1,0.4990623057760383,1.2720014908739747e-05,0.0995983487125311,0.048141320021103336,up,4.971171426788746,0.0995983487125311
ENSG00000100024,UPB1,0.34572877831933585,0.018968733142638684,0.3549035343724762,4.4877587611805484e-05,up,4.970205627659994,0.34572877831933585
ENSG00000112425,EPM2A,-0.24678515147469024,0.0018682293721909544,-0.14882465714007453,0.0010536594897674176,down,-4.967640655372854,0.14882465714007453
ENSG00000079387,SENP1,-0.21499514126435804,0.022497115677670286,-0.21325808641883184,3.3937313759393545e-05,down,-4.966960607360826,0.21325808641883184
ENSG00000169750,RAC3,0.4552360005409397,0.0004966047468055267,0.4097346371010164,0.003904119708084527,up,4.966899326908502,0.4097346371010164
ENSG00000183137,CEP57L1,-0.26964792023531087,0.00934330923006298,-0.1743172983007757,0.00013869835660773816,down,-4.966872087628974,0.1743172983007757
ENSG00000164116,GUCY1A3,-0.7797444779100698,6.640560984119683e-05,-0.18378301794358154,0.018370455389058318,down,-4.965552489196139,0.18378301794358154
ENSG00000111670,GNPTAB,-0.22074527289656348,0.021784382380045132,-0.17035132294328797,3.696209367155727e-05,down,-4.962071289120254,0.17035132294328797
ENSG00000217555,CKLF,0.34238465622308595,0.04294828109376383,0.35870151177766985,1.0385107077107926e-05,up,4.9617298923200135,0.34238465622308595
ENSG00000197083,ZNF300P1,0.47753387679652765,0.01854083379320096,0.36349117337288855,4.913882489714805e-05,up,4.961599668650021,0.36349117337288855
ENSG00000116863,ADPRHL2,0.24639146725019437,0.02137863192028807,0.219865189536716,3.886553425371341e-05,up,4.959332805447185,0.219865189536716
ENSG00000107020,PLGRKT,-0.39868375531487993,7.590294004671712e-05,-0.10588156700166262,0.01717039948942794,down,-4.9590319724797505,0.10588156700166262
ENSG00000177600,RPLP2,0.4995450722975644,1.5661176253154166e-05,0.234401074346392,0.044797415050405034,up,4.958925711042072,0.234401074346392
ENSG00000173156,RHOD,-0.44173604756302176,0.004101671429371694,-0.44095582406769446,0.0004389135493521865,down,-4.958215674154175,0.44095582406769446
ENSG00000272003,RP11-23P13.7,-0.4529004896822937,0.003946664764674372,-0.2870868759362432,0.0004604742332101268,down,-4.958194580922807,0.2870868759362432
ENSG00000123416,TUBA1B,-0.45430343786726424,0.0012882540230996613,-0.1750661034735018,0.0016460460275594065,down,-4.957234574801932,0.1750661034735018
ENSG00000185973,TMLHE,-0.31273123408186637,0.0001327104729159964,-0.17215077679507726,0.01175264324540662,down,-4.954176198452121,0.17215077679507726
ENSG00000138135,CH25H,0.9187903530161439,0.020500494752145614,0.7558188057026779,4.344466848553862e-05,up,4.953510929073754,0.7558188057026779
ENSG00000162980,ARL5A,-0.25354139451102436,0.033269766552832716,-0.2921161503059417,1.807644136175113e-05,down,-4.952718040961579,0.25354139451102436
ENSG00000114739,ACVR2B,0.22226454043420396,0.006073954303180033,0.19437902557031597,0.00027174763658947777,up,4.952623115939107,0.19437902557031597
ENSG00000254469,RP11-849H4.2,0.28814410680488023,0.003921460339308838,0.21826026522092143,0.0004792977350798315,up,4.951875005487866,0.21826026522092143
ENSG00000100263,RHBDD3,0.35895638728980217,3.271277937574244e-05,0.19524566595594323,0.030266822515659365,up,4.951152866676989,0.19524566595594323
ENSG00000090686,USP48,-0.29046935479549396,0.0007210835240107561,-0.09929283868959188,0.0030000148627516423,down,-4.950331275913338,0.09929283868959188
ENSG00000025770,NCAPH2,0.701382615379939,0.006244784181650781,0.30499748343149846,0.0002688944713467661,up,4.947630082838297,0.30499748343149846
ENSG00000083223,ZCCHC6,-0.29334676563699125,0.014163485720625278,-0.19474621881603807,8.364271895929018e-05,down,-4.94532754923575,0.19474621881603807
ENSG00000086232,EIF2AK1,-0.14908684303011016,0.026339618323011172,-0.11641085932573603,2.9315963291324718e-05,down,-4.9451654659826785,0.11641085932573603
ENSG00000268613,CTD-2620I22.7,0.6443173970902195,0.00012204593116548299,0.22424732334026717,0.013033962604509555,up,4.944408857679944,0.22424732334026717
ENSG00000093144,ECHDC1,-0.32291802471903225,0.001422527093294767,-0.1199336285374674,0.0015793003416783413,down,-4.943983407839478,0.1199336285374674
ENSG00000134760,DSG1,-0.32504857328748227,0.000295240364259511,-0.43191449347574673,0.006682285758111581,down,-4.943772132938644,0.32504857328748227
ENSG00000236404,RP11-125B21.2,0.7145803879943046,0.00040760168463358876,0.1875308453147149,0.005122138855347109,up,4.943282698027649,0.1875308453147149
ENSG00000152413,HOMER1,-0.7721090717373614,4.2092772395099434e-05,-0.17932145872682023,0.0267586079272992,down,-4.942722332210923,0.17932145872682023
ENSG00000132912,DCTN4,-0.20466497777166506,0.003615144990889755,-0.1395935015514884,0.0005540471660758029,down,-4.941843673231107,0.1395935015514884
ENSG00000144744,UBA3,-0.25079938537088214,0.005571549052504737,-0.2081787893172088,0.0003281165920302841,down,-4.938939552374779,0.2081787893172088
ENSG00000155545,MIER3,-0.31572546966436166,0.046302434867354456,-0.3664024924569583,1.0360718998415788e-05,down,-4.938130515420839,0.31572546966436166
ENSG00000168591,TMUB2,0.25933730629958257,0.010104224350696718,0.12053259293203215,0.00014636399840897767,up,4.936613748166922,0.12053259293203215
ENSG00000175066,GK5,-0.29255297740023073,0.029099860130747755,-0.36329723298852157,2.5797512445083262e-05,down,-4.93655527762837,0.29255297740023073
ENSG00000224318,CHL1-AS2,-0.4176366167626362,0.0011393197859937902,-0.48051202386635733,0.002063437997235242,down,-4.936053023279701,0.4176366167626362
ENSG00000260317,RP11-48B3.4,0.38625766448214577,0.0005686917748036157,0.18019634681730476,0.003968473725246923,up,4.936017449347322,0.18019634681730476
ENSG00000010017,RANBP9,-0.2022032367260775,0.0064190287410633,-0.21041446437057426,0.0002793565741600067,down,-4.9336772423523385,0.2022032367260775
ENSG00000055609,KMT2C,-0.3599325542715352,0.0013896453173688485,-0.25817066495257995,0.0017026969146697497,down,-4.93327818929699,0.25817066495257995
ENSG00000076554,TPD52,-0.4217414066997917,0.006738262123488765,-0.20618266493773207,0.0002635167396759012,down,-4.93234339630406,0.20618266493773207
ENSG00000105821,DNAJC2,-0.34984191945572984,0.005797044797939686,-0.12116198437640234,0.00032310305780259706,down,-4.932246713214053,0.12116198437640234
ENSG00000224668,IPO8P1,-0.4406459587853203,0.00015132901042906282,-0.4823152336802412,0.011740733282802401,down,-4.930360093643191,0.4406459587853203
ENSG00000261613,RP11-20I23.13,0.374058309046465,0.0007175428674493106,0.5148015474100823,0.0033465152819319556,up,4.927155449133885,0.374058309046465
ENSG00000197372,ZNF675,-0.2844321051848148,0.005762408198281352,-0.2960948198405511,0.00033906209256880814,down,-4.924633641050156,0.2844321051848148
ENSG00000215908,CROCCP2,0.41299086642479926,0.005436428998549789,0.21893649989742803,0.0003686399780094639,up,4.923363846657491,0.21893649989742803
ENSG00000169282,KCNAB1,0.3696263663749652,0.009264482752575087,0.260394320740727,0.00018102386977254743,up,4.920722229720814,0.260394320740727
ENSG00000074935,TUBE1,-0.3075584595678874,0.032325839725984,-0.3637240169724285,2.3354489429324593e-05,down,-4.92033263658383,0.3075584595678874
ENSG00000171045,TSNARE1,0.21464891044487297,0.03773380686046729,0.3074149312804429,1.753881966254661e-05,up,4.919400804850957,0.21464891044487297
ENSG00000270788,PDLIM1P1,0.3576011577062464,0.0038126960172092847,0.39549940724207905,0.0005942576059638993,up,4.916330918520848,0.3576011577062464
ENSG00000110987,BCL7A,0.2725106002807378,0.006774659571894001,0.17394069901414114,0.0002847810475741245,up,4.916320778026295,0.17394069901414114
ENSG00000115325,DOK1,0.4418669852589641,0.000743809742830915,0.2781652671872218,0.0034172211455484186,up,4.914624713773255,0.2781652671872218
ENSG00000115866,DARS,-0.20211318956281973,0.030003394424235597,-0.23470384506362618,2.8218287357109326e-05,down,-4.913054902034996,0.20211318956281973
ENSG00000171174,RBKS,0.43649371944359805,0.011979839048714117,0.2251989770648142,0.00013099718977622335,up,4.911829683253061,0.2251989770648142
ENSG00000115963,RND3,0.6050828589648407,0.00012487404127829062,0.17232363886745444,0.0146116761463243,up,4.909743210253195,0.17232363886745444
ENSG00000182853,VMO1,0.4005439981982462,0.021822660275570227,0.8329814899102129,5.068139371026567e-05,up,4.9092429056094895,0.4005439981982462
ENSG00000164900,GBX1,-0.5895997412672996,0.0003215213892386207,-0.4257509660471957,0.00721875478610926,down,-4.908444886289665,0.4257509660471957
ENSG00000135862,LAMC1,-0.42872878746459786,0.0012579271708497057,-0.18476223061125355,0.0021269724653932244,down,-4.907964860859421,0.18476223061125355
ENSG00000175063,UBE2C,-0.595803614347445,0.003546785523696158,-0.5877337232107253,0.0006740731354380875,down,-4.907926685642309,0.5877337232107253
ENSG00000228146,CASP16,0.499891574321496,0.0015132980411300787,0.40040270287901214,0.0017709707552140898,up,4.905644555350949,0.40040270287901214
ENSG00000111596,CNOT2,-0.21694167844071574,0.02896013533823323,-0.14186933053489956,3.1652286440427714e-05,down,-4.9050238411735,0.14186933053489956
ENSG00000037757,MRI1,0.39915745616618187,0.002368054155374419,0.13735884438480048,0.001107503858694044,up,4.902791739698453,0.13735884438480048
ENSG00000126775,ATG14,0.20890193180573047,0.01092757669427944,0.1728371694745049,0.00015914278652660454,up,4.901943548755797,0.1728371694745049
ENSG00000106278,PTPRZ1,0.31440591635478166,0.04676509541687655,0.4941128806920235,1.277873116755286e-05,up,4.901814266797291,0.31440591635478166
ENSG00000066739,ATG2B,-0.3665184985631019,0.0020116684205912084,-0.21374233114949978,0.0013352766666499915,down,-4.901376695463476,0.21374233114949978
ENSG00000088038,CNOT3,0.2950168095300272,0.00852053687686112,0.16386794809994465,0.0002277115656662031,up,4.901077442111329,0.16386794809994465
ENSG00000239704,CDRT4,0.5607747884238362,0.006096259752156474,0.46143040056145307,0.0003578775439130853,up,4.900211352796852,0.46143040056145307
ENSG00000125995,ROMO1,0.46833460072665795,0.00013039505589126774,0.34192090827429067,0.014746202230180994,up,4.8989439035054705,0.34192090827429067
ENSG00000213684,LDHBP2,0.43600229437627996,0.003895466989536971,0.32539425850866976,0.0006375151297987138,up,4.897878959311412,0.32539425850866976
ENSG00000241478,HSPA8P9,0.47050214792587886,0.002107673058817903,0.4085080823229498,0.0012943631111580803,up,4.897761513236837,0.4085080823229498
ENSG00000198909,MAP3K3,0.5592387992549979,0.00015102580374949743,0.10852342268639766,0.013481228447323051,up,4.8947998594456665,0.10852342268639766
ENSG00000050628,PTGER3,-0.3057519373934141,0.040821544217205546,-0.6553211106898797,1.7580297808639607e-05,down,-4.894570159290707,0.3057519373934141
ENSG00000080824,HSP90AA1,-0.49254350557826226,0.0006153456114087166,-0.14956599593833517,0.004475969403665476,down,-4.891994035417841,0.14956599593833517
ENSG00000157734,SNX22,-0.5105542603910014,0.0001207181768780524,-0.3532535844834859,0.016087630660661052,down,-4.890911219142469,0.3532535844834859
ENSG00000267100,ILF3-AS1,0.2237970957439224,0.013944400831192529,0.21353494813509677,0.00011777746516604958,up,4.889670196506036,0.21353494813509677
ENSG00000163872,YEATS2,0.33252265829633976,0.013066299055420711,0.17967066276703247,0.0001309643887181334,up,4.888209276487231,0.17967066276703247
ENSG00000165996,PTPLA,-0.190447496087672,0.03906508986640449,-0.21746621858815768,2.0593950943856724e-05,down,-4.8831834410469055,0.190447496087672
ENSG00000159176,CSRP1,0.5797912441105314,0.0011882856902445595,0.15934634108961093,0.0025277744020835674,up,4.882805874263667,0.15934634108961093
ENSG00000113369,ARRDC3,0.5868189277361285,0.0034519843315689324,0.29559238817843025,0.0008109194461981484,up,4.877882119110003,0.29559238817843025
ENSG00000184436,THAP7,0.20350415744313685,0.005072790125780709,0.34764055124559223,0.0005180460121314747,up,4.8754316075198565,0.20350415744313685
ENSG00000123728,RAP2C,-0.3232155708145995,0.013619818683243877,-0.26515323178032874,0.0001329815302664538,down,-4.874455130440889,0.26515323178032874
ENSG00000106028,SSBP1,-0.19253732586171315,0.012359306137546289,-0.13596755809907057,0.0001538959963466762,down,-4.874302738946811,0.13596755809907057
ENSG00000107816,LZTS2,0.3521354283960641,0.0014598883979732942,0.23755613256894748,0.00215695836160212,up,4.872032074764969,0.23755613256894748
ENSG00000256338,RPL41P2,0.5851514420719209,0.001044151043900301,0.3625014735814355,0.003033042338001721,up,4.871456500144234,0.3625014735814355
ENSG00000243234,CTD-2583A14.1,0.34441700760583893,0.014160077548624053,0.43208149562749015,0.00012867539318442246,up,4.870186661301236,0.34441700760583893
ENSG00000113712,CSNK1A1,-0.26301775447349507,0.0071038506566148026,-0.31422891482816334,0.00035031869618277247,down,-4.866029769363989,0.26301775447349507
ENSG00000115221,ITGB6,-0.3669155177424742,0.03931721443347162,-0.3433278649628497,2.264505248896657e-05,down,-4.865756131032918,0.3433278649628497
ENSG00000090539,CHRD,0.43870574520592187,0.002575558634374939,0.23793195248960095,0.0012102931886553987,up,4.864797970281724,0.23793195248960095
ENSG00000140463,BBS4,0.4912044759054715,0.0003598626223447257,0.1235482372643743,0.007919427360225762,up,4.863467243392662,0.1235482372643743
ENSG00000188529,SRSF10,-0.3334747625061699,0.0032417690712887005,-0.3337111896843359,0.0009384010173312795,down,-4.862915774761244,0.3334747625061699
ENSG00000163584,RPL22L1,-0.38374741722125855,0.030852203576120882,-0.3552340268922088,3.670094921875573e-05,down,-4.860941112592111,0.3552340268922088
ENSG00000131165,CHMP1A,0.2715878440919601,0.0011005087119343665,0.22162955390877492,0.0030283775906754778,up,4.8601802696597804,0.22162955390877492
ENSG00000105676,ARMC6,0.41828293119755,0.0001393048697564402,0.20584364373839684,0.016488467222166302,up,4.856887355026691,0.20584364373839684
ENSG00000158186,MRAS,-0.2955809377247447,0.027257415435253896,-0.15082612108154375,4.8279335547861066e-05,down,-4.8532198216780555,0.15082612108154375
ENSG00000225217,HSPA7,0.5719000264274187,0.025317506888856724,0.5042496215987036,5.4990469388492884e-05,up,4.8530438851277236,0.5042496215987036
ENSG00000141428,C18orf21,-0.22636433714921167,0.010198593473334466,-0.13858972849664314,0.00023018016337540318,down,-4.851901458146675,0.13858972849664314
ENSG00000256453,DND1,0.26325117715286417,0.00013032094409996253,0.30141267183292136,0.017618979355429033,up,4.8517644072319275,0.26325117715286417
ENSG00000136021,SCYL2,-0.32831003798704583,0.02290604962803385,-0.3301137803398061,6.573110114932897e-05,down,-4.851453579956123,0.32831003798704583
ENSG00000100056,DGCR14,0.1963184973207805,0.0012268704091266392,0.19595446093436614,0.0028553244229475843,up,4.849403303868847,0.19595446093436614
ENSG00000177666,PNPLA2,0.46067839299965646,3.969313779182001e-05,0.20063118973510746,0.03818088979240275,up,4.848426588612045,0.20063118973510746
ENSG00000163625,WDFY3,-0.5366247255288265,0.0001073499031148554,-0.19055651226353348,0.020562631305716835,down,-4.846944452194268,0.19055651226353348
ENSG00000102181,CD99L2,-0.27116090971671025,0.0005457628797863368,-0.09445373117633543,0.006094529373365483,down,-4.84461354578521,0.09445373117633543
ENSG00000261526,CTB-31O20.2,0.3593949969878513,5.3271661967320754e-05,0.10983255373747289,0.03259620127070423,up,4.844007142353487,0.10983255373747289
ENSG00000157426,AASDH,-0.2519648742628982,0.022624090307861347,-0.14224572638540087,7.0548243500315e-05,down,-4.843162635511882,0.14224572638540087
ENSG00000124104,SNX21,0.3403351253518676,0.001358118629627954,0.18681669285525526,0.002702910441492366,up,4.838935564851613,0.18681669285525526
ENSG00000246560,RP11-10L12.4,-0.17480009361450818,0.04345739472867595,-0.20047711708120786,2.2439935864234463e-05,down,-4.835820137773129,0.17480009361450818
ENSG00000251411,RP11-397E7.4,0.2658650131563407,0.0052065572402810335,0.27195195547193246,0.0006304652039896592,up,4.830672934845555,0.2658650131563407
ENSG00000095370,SH2D3C,0.4739953864751588,0.0007239398580444432,0.20013611290628944,0.005062018684391055,up,4.830508717478669,0.20013611290628944
ENSG00000245293,RP11-286E11.1,-0.6220783230884092,5.281336252100345e-05,-0.1793251899777812,0.03444433735217058,down,-4.829243224264494,0.1793251899777812
ENSG00000198208,RPS6KL1,0.3284804130598398,0.004267432650516402,0.18596056346091824,0.0008083676918128329,up,4.829224588893816,0.18596056346091824
ENSG00000164037,SLC9B1,0.1898018443702981,0.04887602996643784,0.35017962360220994,1.8647510746682367e-05,up,4.828153515807959,0.1898018443702981
ENSG00000215424,MCM3AP-AS1,-0.32659970778306874,0.003573539986323466,-0.5004531907048023,0.0010031468846734047,down,-4.826634880369272,0.32659970778306874
ENSG00000168765,GSTM4,-0.27496361658355356,0.0014054693845678401,-0.1615787962972303,0.002791164625660074,down,-4.824027387454099,0.1615787962972303
ENSG00000150459,SAP18,0.18871811017035822,0.01962487351583206,0.11467324681776023,0.00010075238538850442,up,4.823495782475297,0.11467324681776023
ENSG00000070367,EXOC5,-0.3051509075663424,0.03769550020629777,-0.2998348466277866,3.253558882554666e-05,down,-4.820052898304767,0.2998348466277866
ENSG00000117262,GPR89A,-0.22438411389824775,0.03123059184321683,-0.22602844364308475,4.655294594032184e-05,down,-4.817968456171004,0.22438411389824775
ENSG00000075223,SEMA3C,-0.5810696870961152,0.0027330084503708473,-0.3645416610065066,0.0014274255098296511,down,-4.8170026669238295,0.3645416610065066
ENSG00000179085,DPM3,0.28605715941753795,0.0011683024936278458,0.5083936727927466,0.0035197907326297967,up,4.813134299501704,0.28605715941753795
ENSG00000135451,TROAP,-0.3207797054319524,0.03597796828393989,-0.6090493706097112,3.708707986960336e-05,down,-4.812488133829449,0.3207797054319524
ENSG00000029363,BCLAF1,-0.5287693545299466,9.098445777957471e-05,-0.14258234404399697,0.02611747734126549,down,-4.811319775883588,0.14258234404399697
ENSG00000109927,TECTA,0.18715150325249363,0.0012474119780828826,0.14413437928720332,0.0033874123724708513,up,4.807635742379824,0.14413437928720332
ENSG00000058668,ATP2B4,0.40505996840766867,0.019022997343204943,0.2540438955787494,0.0001161554153127005,up,4.807138754984814,0.2540438955787494
ENSG00000054983,GALC,-0.30384395093915034,0.007477552624912233,-0.1915791423472889,0.00044609241603279587,down,-4.806804208022498,0.1915791423472889
ENSG00000188130,MAPK12,0.4065356918838516,0.0013900926249487777,0.27720174139002035,0.0030733051602531663,up,4.805547874962442,0.27720174139002035
ENSG00000233237,LINC00472,-0.2922217521114613,0.022279905809741853,-0.36361771244123076,9.063667129072905e-05,down,-4.804703305034306,0.2922217521114613
ENSG00000198301,SDAD1,-0.36526419694859896,0.00010830645902881588,-0.12213560638651151,0.024065592133377917,down,-4.801896492197522,0.12213560638651151
ENSG00000184967,NOC4L,0.527111677437259,4.778314128047262e-05,0.2678309272670062,0.040458761033531764,up,4.798427598817614,0.2678309272670062
ENSG00000165802,NSMF,-0.29894707610633386,0.007845130954084404,-0.22272520301124724,0.00043955925147381336,down,-4.797961297003795,0.22272520301124724
ENSG00000085224,ATRX,-0.2804803588490167,0.0209508225161089,-0.3040778261738044,0.00010506558167090676,down,-4.797024846655459,0.2804803588490167
ENSG00000131269,ABCB7,-0.17186368866764837,0.044167870161892483,-0.134200032764141,2.769888152800572e-05,down,-4.796569976540641,0.134200032764141
ENSG00000108187,PBLD,0.4438183835851616,0.00045751285302157214,0.14539156459624625,0.008557118886640496,up,4.796362176332437,0.14539156459624625
ENSG00000041880,PARP3,0.28076411196383494,0.004180533998396919,0.1401774832332356,0.0009851369741236834,up,4.794471599531129,0.1401774832332356
ENSG00000137411,VARS2,0.5353924209543706,7.76856337636207e-05,0.11503415883942765,0.03058013204659501,up,4.79424141407505,0.11503415883942765
ENSG00000011566,MAP4K3,-0.4590682898335688,0.0022013762824032277,-0.3024264523838374,0.0020158091929044467,down,-4.794117166446173,0.3024264523838374
ENSG00000130733,YIPF2,0.41525375029295675,0.0003314312881756529,0.21578964983442317,0.011203943448833173,up,4.792796637924348,0.21578964983442317
ENSG00000150712,MTMR12,-0.27076250691893505,0.00618588011183705,-0.1837395529343893,0.0006146829631315668,down,-4.791816861582917,0.1837395529343893
ENSG00000101843,PSMD10,0.23965158316516813,0.001961873327953804,0.12967209003719102,0.0023031108236298194,up,4.791062580572215,0.12967209003719102
ENSG00000219928,RP11-40C6.2,0.500591649032738,0.0012480191685322406,0.37393167494543655,0.003654295995508896,up,4.790365106487607,0.37393167494543655
ENSG00000108666,C17orf75,0.23392337114262723,0.025067706766144025,0.15048299382819053,8.19240154070858e-05,up,4.788463361197629,0.15048299382819053
ENSG00000243696,RP5-966M1.6,0.2947663587749097,0.015061468729143563,0.34974595417344473,0.0001862143466640686,up,4.786572891008721,0.2947663587749097
ENSG00000167523,SPATA33,0.28990047733380264,0.004341295484916087,0.20588419597726101,0.0009811174252730597,up,4.786211677723689,0.20588419597726101
ENSG00000259863,SH3RF3-AS1,0.2178796432925617,0.03423568278784395,0.3626778100378789,4.815019888846736e-05,up,4.784575086941428,0.2178796432925617
ENSG00000266282,UBL5P2,0.4488977348799459,0.0007092221564862306,0.31711408963329596,0.00626591345828387,up,4.784360880980598,0.31711408963329596
ENSG00000115902,SLC1A4,0.5678361196858515,0.0021137160728288296,0.18805634356356513,0.002205580434500955,up,4.784100657063834,0.18805634356356513
ENSG00000106400,ZNHIT1,0.35119659471619813,5.449407653018382e-05,0.21699473572468136,0.03936090471656998,up,4.784067329250371,0.21699473572468136
ENSG00000121749,TBC1D15,-0.33461017121827485,0.0051910412510999225,-0.11914935732494812,0.0008017353715829889,down,-4.783965542049152,0.11914935732494812
ENSG00000100577,GSTZ1,0.4387835446528336,0.0021785380322410087,0.25486974414587316,0.0021405302516771993,up,4.783731255152793,0.25486974414587316
ENSG00000260579,RP11-382A20.2,0.3391295233641827,0.03245339834267681,0.2718275409116534,5.339112099272256e-05,up,4.783347559665519,0.2718275409116534
ENSG00000270673,YTHDF3-AS1,0.33856270946940614,0.0016938719524584131,0.5025809444675394,0.0027795863372019115,up,4.783239845003462,0.33856270946940614
ENSG00000089057,SLC23A2,0.3692261163667338,0.00019655064185147456,0.16013621805120587,0.017203800921946993,up,4.780945214738074,0.16013621805120587
ENSG00000267042,CTD-3193K9.4,0.26988499741394206,0.028593671699972643,0.6919030066105599,6.873481167467644e-05,up,4.779770904967817,0.26988499741394206
ENSG00000154783,FGD5,0.4676113662972504,0.00010811117250709876,0.08782498326207118,0.02624759740946519,up,4.778107373224377,0.08782498326207118
ENSG00000273015,LINC00938,0.18725228189431325,0.04660795603450821,0.1610076375810343,2.8739546948811997e-05,up,4.772881506228967,0.1610076375810343
ENSG00000101096,NFATC2,0.32873206594926496,0.01052367725319064,0.2099411621185108,0.00033846388266273587,up,4.772110843241056,0.2099411621185108
ENSG00000228544,CCDC183-AS1,0.23156792931515968,0.0015304100945436286,0.31667152451828534,0.0032490091013913304,up,4.771005835568317,0.23156792931515968
ENSG00000233593,RP4-665J23.1,-0.7326381316318256,6.681043595513505e-05,-0.16159524140412113,0.036438184495963456,down,-4.770479340518188,0.16159524140412113
ENSG00000268358,EPB41L4A-AS2,0.38248541596290614,0.0006426296687591434,0.2869244490921863,0.007212451988044073,up,4.76981822581444,0.2869244490921863
ENSG00000257702,LBX2-AS1,0.29778287127901915,0.0008314923547654296,0.1901242727848327,0.005836753170918078,up,4.7688785205766875,0.1901242727848327
ENSG00000267221,CTD-2132N18.2,0.4780010300866687,8.368102711993863e-05,0.31542965279917745,0.03186455016090702,up,4.768621377101332,0.31542965279917745
ENSG00000205913,SRRM2-AS1,0.20626333311452835,0.019176638256255717,0.3022421768349308,0.0001426726811529638,up,4.768549924943841,0.20626333311452835
ENSG00000008226,DLEC1,0.24456295888058008,0.01856117862218677,0.5919035521912863,0.00015072944390326457,up,4.768080647839833,0.24456295888058008
ENSG00000105137,SYDE1,0.39986804660403275,0.0008836089280472322,0.16165032866193216,0.005568701112530434,up,4.767334589799139,0.16165032866193216
ENSG00000101928,MOSPD1,-0.3012684875032739,0.00680629319880133,-0.165412041755991,0.0006179962817930738,down,-4.766757113967257,0.165412041755991
ENSG00000089692,LAG3,0.3116658166927127,0.0356559092810586,0.49182746557865503,5.011740717525892e-05,up,4.765246239936796,0.3116658166927127
ENSG00000137936,BCAR3,-0.4390713926205922,0.025489308882194604,-0.19153070058398378,9.12318506342375e-05,down,-4.7651097178303665,0.19153070058398378
ENSG00000174373,RALGAPA1,-0.3352860370075779,0.0020272675460131346,-0.23411568146886055,0.0025145186377645745,down,-4.764804951745828,0.23411568146886055
ENSG00000197619,ZNF615,-0.2839591368334011,0.0022489999808263527,-0.21270300959861682,0.0022717628327822183,down,-4.763333643262543,0.21270300959861682
ENSG00000250067,YJEFN3,0.38969156498057184,0.025257484984816142,0.3207505189232528,9.622318493863894e-05,up,4.758396688018336,0.3207505189232528
ENSG00000157470,FAM81A,-0.355848961786389,0.03277668436579217,-0.3600944142611764,6.088332809244215e-05,down,-4.7580037704208475,0.355848961786389
ENSG00000126012,KDM5C,-0.2514022201274122,0.020368317633829427,-0.19117228157473082,0.0001381817335696234,down,-4.757441581426811,0.19117228157473082
ENSG00000102032,RENBP,0.258033571922107,0.037476884585251044,0.4232782898703751,4.815019888846736e-05,up,4.757003181603466,0.258033571922107
ENSG00000167272,POP5,0.2252511773494702,0.005571549052504737,0.20582625173768246,0.0008392194003677426,up,4.756080054073058,0.20582625173768246
ENSG00000243753,HLA-L,1.0078331465496122,0.018019293652670236,0.36019779079917824,0.00016983968714031803,up,4.7543233031111924,0.36019779079917824
ENSG00000104960,PTOV1,0.3317086740840976,0.0017912533766252408,0.30954134536736194,0.003051611164578476,up,4.750629924657695,0.30954134536736194
ENSG00000113263,ITK,0.3181035164229724,0.03788405390642178,0.5547912097144543,4.8993037364797844e-05,up,4.750629698037255,0.3181035164229724
ENSG00000165475,CRYL1,0.2273945465936283,0.014557254367948726,0.1612185187633995,0.0002403499399131325,up,4.749335695281578,0.1612185187633995
ENSG00000255160,RP11-428C19.5,0.46609230040918953,0.020845651396247722,0.5195145964109393,0.0001396157933525714,up,4.7484781955682145,0.46609230040918953
ENSG00000069696,DRD4,0.43767174670692094,0.015145757627110429,0.5789651516729578,0.00022800140084281982,up,4.748390361168349,0.43767174670692094
ENSG00000070770,CSNK2A2,-0.28371874207125886,0.0022645110917630337,-0.07723749772187638,0.002478546217842223,down,-4.742736753590877,0.07723749772187638
ENSG00000088280,ASAP3,-0.2690374886204927,0.046330491883161115,-0.14850313185217523,3.536304801996699e-05,down,-4.741146758333776,0.14850313185217523
ENSG00000007341,ST7L,-0.2600761952358846,0.009469340139225806,-0.08660084495131046,0.0004624294609609432,down,-4.740060189488208,0.08660084495131046
ENSG00000138764,CCNG2,0.7427505077020744,0.0001403605812751532,0.19102967622221922,0.025234555243342765,up,4.73911005906216,0.19102967622221922
ENSG00000198246,SLC29A3,0.2715138489445373,0.020575362404756964,0.27798794308377284,0.0001527100058685136,up,4.736397178045726,0.2715138489445373
ENSG00000134504,KCTD1,-0.347494676795252,0.01405107467480497,-0.15886726269071752,0.0002717280255525619,down,-4.736217623715681,0.15886726269071752
ENSG00000136051,KIAA1033,-0.262016568044349,0.03785279696670065,-0.36148506296002775,5.5266290403957164e-05,down,-4.730732163367764,0.262016568044349
ENSG00000048544,MRPS10,-0.15943836235271922,0.04505642083651604,-0.13009673747123365,3.988494129452724e-05,down,-4.730371525817493,0.13009673747123365
ENSG00000169045,HNRNPH1,-0.27670893025738874,0.00604099582139877,-0.18332916547039013,0.0008723381362003336,down,-4.7284738266829525,0.18332916547039013
ENSG00000140265,ZSCAN29,-0.22885895411192386,0.0025026408352247713,-0.2024202974477644,0.002380135860496935,down,-4.7280620919949445,0.2024202974477644
ENSG00000147124,ZNF41,-0.30613707437869064,0.001231058340254565,-0.31198222471100884,0.004905874326811434,down,-4.726062686143721,0.30613707437869064
ENSG00000168894,RNF181,0.3395444366102645,8.63352003439978e-05,0.16636059741200412,0.036126381890005506,up,4.726028245392251,0.16636059741200412
ENSG00000141959,PFKL,0.6194153278423646,0.014774247207830698,0.3577650294297117,0.0002693565411604411,up,4.724193566379199,0.3577650294297117
ENSG00000108375,RNF43,-0.32449858729452224,0.018399125426543168,-0.25716578719913274,0.00019650714931819562,down,-4.72229507122247,0.25716578719913274
ENSG00000215271,HOMEZ,-0.23615660618839163,0.007384128213290052,-0.09820450942341412,0.0007071877925754642,down,-4.720253044030611,0.09820450942341412
ENSG00000187653,TMSB4XP8,0.5411427833744586,0.0013025073708062428,0.27053215572954137,0.004824886305335803,up,4.717409015524093,0.27053215572954137
ENSG00000168273,SMIM4,0.40702829093975373,0.0005756899103970788,0.25499777461273193,0.009795725157763042,up,4.716905094706436,0.25499777461273193
ENSG00000008086,CDKL5,-0.3351266910291747,0.049951102388317986,-0.9973026817779045,3.617157999348002e-05,down,-4.713648914821823,0.3351266910291747
ENSG00000172006,ZNF554,0.259695824210602,0.0001327104729159964,0.0885510129547925,0.028717154202398076,up,4.712466930306047,0.0885510129547925
ENSG00000121653,MAPK8IP1,0.2165491378903733,0.039129708136062376,0.3317952198503405,5.8010397921164046e-05,up,4.712335649311941,0.2165491378903733
ENSG00000155158,TTC39B,0.23737725911589502,0.013132902685388623,0.2517803456944067,0.0003437503611512509,up,4.710142739330255,0.23737725911589502
ENSG00000164114,MAP9,-0.3500714920198136,0.006947632120179213,-0.25050820667142126,0.0008054944211939883,down,-4.7094413021320864,0.25050820667142126
ENSG00000105707,HPN,0.3496782068825236,0.026525013053407317,0.44088521705162675,0.0001182069838669288,up,4.707542193265931,0.3496782068825236
ENSG00000225032,RP11-228B15.4,0.6454958358801983,0.0002363550708474592,0.2039376919764703,0.019915831346706266,up,4.70611890046948,0.2039376919764703
ENSG00000205209,SCGB2B2,0.27317614381686733,0.008634987471248672,0.2063234174956317,0.0006247602149347148,up,4.705054702443006,0.2063234174956317
ENSG00000105146,AURKC,0.5437928875768985,7.239356342283856e-05,0.1654567762300766,0.04326297826221086,up,4.704598907708278,0.1654567762300766
ENSG00000170776,AKAP13,0.4292964607273083,0.00025922215628769175,0.18277114818864537,0.01887307872635157,up,4.703039308638641,0.18277114818864537
ENSG00000261553,RP11-29G8.3,-0.5445048323205659,0.003963316596426446,-0.7782346937818932,0.0016458983000178892,down,-4.700502575186358,0.5445048323205659
ENSG00000253177,RP11-100L22.1,-0.4547302821215925,0.0421084318700051,-0.7572838473135829,5.459529762237666e-05,down,-4.699625362990285,0.4547302821215925
ENSG00000124587,PEX6,0.3171573735576488,0.028620071830910625,0.2942392043941861,0.00011054185469083523,up,4.6973684891643455,0.2942392043941861
ENSG00000130382,MLLT1,-0.29041084236962106,9.63464253734613e-05,-0.2935817381985652,0.0372634591647613,down,-4.6968614661199855,0.29041084236962106
ENSG00000218265,RPS4XP7,0.42634875564388935,0.0002572185417912806,0.29165971171279914,0.01942467602614255,up,4.696335145296758,0.29165971171279914
ENSG00000132664,POLR3F,0.27052504774650177,0.004459512712051,0.08462839973226502,0.0014712702332794667,up,4.6960973668535155,0.08462839973226502
ENSG00000025708,TYMP,0.6553110237721583,0.006090519534642663,0.37596872526496994,0.0010199052612832559,up,4.6949788437176245,0.37596872526496994
ENSG00000170325,PRDM10,-0.2406644268603871,0.0013916010503186413,-0.17079430010660981,0.005055163210512832,down,-4.691918332852972,0.17079430010660981
ENSG00000107669,ATE1,-0.3598229345634962,0.02073962433299126,-0.2424967044047023,0.0001930973531464342,down,-4.6910776661658575,0.2424967044047023
ENSG00000146242,TPBG,0.5578706350750102,0.004445570760500207,0.19474706566184388,0.001519113352218702,up,4.689958585699037,0.19474706566184388
ENSG00000138081,FBXO11,-0.21213747653956455,0.012041503490445495,-0.180048057834764,0.0004326214708088277,down,-4.689693964642689,0.180048057834764
ENSG00000160753,RUSC1,0.3337104784926579,0.005436428998549789,0.1579868559622777,0.0012060016651903058,up,4.6891152778896705,0.1579868559622777
ENSG00000013503,POLR3B,-0.20567124499667247,0.035479560017567455,-0.1299209260711069,7.950704556308049e-05,down,-4.689004781371121,0.1299209260711069
ENSG00000125898,FAM110A,0.3494189785344921,0.0037588601929156116,0.3310134999002817,0.0018645549968639816,up,4.68621936159546,0.3310134999002817
ENSG00000250536,ABHD17AP3,0.47426099143134254,7.875841875342745e-05,0.3272268320154218,0.04368147421988753,up,4.685146689614283,0.3272268320154218
ENSG00000152455,SUV39H2,0.43985761605759915,0.0015976550667776836,0.1615295511796207,0.00457261406338386,up,4.683813201811447,0.1615295511796207
ENSG00000118407,FILIP1,-0.2833099921141008,0.016564090621585786,-0.3045274491713759,0.00028333300159450755,down,-4.682601378573484,0.2833099921141008
ENSG00000269640,CTD-2521M24.9,0.32218139723460376,0.033000607834059614,0.23317855648950053,9.39282844042573e-05,up,4.682050580573173,0.23317855648950053
ENSG00000176108,CHMP6,0.25515281858859373,0.006649961374776097,0.34127145423724375,0.0009811174252730597,up,4.68080221333846,0.25515281858859373
ENSG00000164951,PDP1,-0.4617113125718741,0.010837945514970448,-0.26408865838175094,0.0005295009524911994,down,-4.679003182176648,0.26408865838175094
ENSG00000116353,MECR,0.21465191171012374,0.01195816324947023,0.1989395579147091,0.0004642225637858527,up,4.67798485374401,0.1989395579147091
ENSG00000064419,TNPO3,-0.22705998637853408,0.0011661836281194396,-0.28307454410230265,0.006342066618204026,down,-4.676983190138383,0.22705998637853408
ENSG00000176845,METRNL,0.6019051792552002,0.000327155615168073,0.2833226271665399,0.017632664105103137,up,4.676401587230731,0.2833226271665399
ENSG00000164758,MED30,0.4442332836013503,0.0019341576162823968,0.13349324497734563,0.003944531258848567,up,4.675215186694409,0.13349324497734563
ENSG00000137880,GCHFR,-0.5572208284317484,0.0009695624617622754,-0.41478009071640265,0.007536416302599534,down,-4.674994686315858,0.41478009071640265
ENSG00000172613,RAD9A,0.47142001137842676,0.00010432245232331159,0.14880059613549915,0.03825043893793407,up,4.6743192673479586,0.14880059613549915
ENSG00000078369,GNB1,-0.3505833770331128,0.00010124597297732256,-0.05269773950604959,0.03953122022375419,down,-4.669789476453501,0.05269773950604959
ENSG00000145506,NKD2,0.576895830377251,0.021264020423646238,0.5709760088697758,0.00020919439366270002,up,4.669305675249285,0.5709760088697758
ENSG00000239407,LL0XNC01-237H1.2,-0.38622435443126035,0.0017841271498944392,-0.49641432017770304,0.004398082266175143,down,-4.668568142308954,0.38622435443126035
ENSG00000272667,RP11-395A13.2,0.4732726351141918,0.0010341722298222373,0.17701143475451306,0.007331620482173941,up,4.668077552856925,0.17701143475451306
ENSG00000255633,MTRNR2L9,0.3133363973311834,0.034371277414311265,0.38738076675148353,9.525841661759814e-05,up,4.667408066441661,0.3133363973311834
ENSG00000127463,EMC1,-0.43014789992279395,0.006700504173877192,-0.10400371701018422,0.0010494477983876355,down,-4.6652463793536745,0.10400371701018422
ENSG00000134532,SOX5,-0.39642581185365955,0.001119882086561787,-0.2850900242012549,0.006907190035055478,down,-4.665135958825497,0.2850900242012549
ENSG00000167283,ATP5L,0.31715955176687005,7.141994503486975e-05,0.11419342550811895,0.04962664524339958,up,4.663918742393066,0.11419342550811895
ENSG00000167173,C15orf39,0.5042024167280353,0.0009506061653679871,0.22051848435604557,0.008114850519272842,up,4.661001165201602,0.22051848435604557
ENSG00000174165,ZDHHC24,0.3469762031176058,0.0002414403274480733,0.16220101341550644,0.02317323152715642,up,4.660124390610995,0.16220101341550644
ENSG00000233597,RP11-343B5.1,0.27146809591898613,0.005171850956546223,0.3805245657842005,0.0014827315884061469,up,4.659175610627488,0.27146809591898613
ENSG00000133454,MYO18B,0.7446818357424562,0.02763748589494279,0.23940077303550392,0.000145886869779354,up,4.659107785314233,0.23940077303550392
ENSG00000204498,NFKBIL1,0.3430983617404371,0.002098338272058308,0.3217013340253261,0.0039386487577574006,up,4.657185844761369,0.3217013340253261
ENSG00000271737,CTB-113I20.2,0.32149449015248294,0.020942569688808095,0.656768737156489,0.00023396065878782555,up,4.653512046835541,0.32149449015248294
ENSG00000132003,ZSWIM4,0.29860907867942016,0.024922721797376323,0.26793568031653997,0.00017761031832860613,up,4.653239332360579,0.26793568031653997
ENSG00000144677,CTDSPL,0.5075176026018418,0.00012424183107365264,0.07166284969521668,0.03691173015597571,up,4.6522200354736,0.07166284969521668
ENSG00000205485,AC004980.7,0.5818226534233644,0.000726767393030578,0.20014214157036506,0.010483023234053526,up,4.65195619520156,0.20014214157036506
ENSG00000143621,ILF2,-0.16562950835350324,0.025742295825041887,-0.1107647014414288,0.00017134504419378995,down,-4.650486592725947,0.1107647014414288
ENSG00000119392,GLE1,0.21267893792298018,0.008623145479668115,0.07877762462284904,0.0008253537582664208,up,4.65026205257833,0.07877762462284904
ENSG00000168884,TNIP2,-0.26498094215330914,0.02631083370122306,-0.24195182619414116,0.00016547669628871797,down,-4.650095743266422,0.24195182619414116
ENSG00000186432,KPNA4,-0.3693904695489726,0.00022544752057235122,-0.09975310458361612,0.025256681073683732,down,-4.649677138262314,0.09975310458361612
ENSG00000151632,AKR1C2,-0.669196050713114,0.013108058714526822,-0.34107770091084755,0.00047365393013074953,down,-4.649070230955133,0.34107770091084755
ENSG00000235381,RP11-477D19.2,0.23719685465529075,0.00744424989770846,0.20613076532669614,0.000998890086615933,up,4.648960999079042,0.20613076532669614
ENSG00000262583,RP11-77K12.5,0.4708800610416309,0.0020082223188357734,0.3618561929716847,0.004275568875742718,up,4.648107470066144,0.3618561929716847
ENSG00000134440,NARS,-0.40472214218116487,0.00013896249204916526,-0.09954874448926583,0.03503813500418522,down,-4.646238375169641,0.09954874448926583
ENSG00000133250,ZNF414,0.31888694868461825,0.0033623284631655553,0.40660307429914233,0.002540228316066821,up,4.645104440395192,0.31888694868461825
ENSG00000166839,ANKDD1A,0.4313441208701698,0.0014651212502102909,0.17471358431374093,0.005891271532334669,up,4.644332820494218,0.17471358431374093
ENSG00000184451,CCR10,0.5347963970221692,0.00011687544604977151,0.3006381047848779,0.03941824343754215,up,4.644069135840695,0.3006381047848779
ENSG00000168004,HRASLS5,-0.5162224964079144,0.002215471792052864,-0.3614697458666713,0.00396863452300291,down,-4.642855707314659,0.3614697458666713
ENSG00000102870,ZNF629,0.2064731231874671,0.017747779288602234,0.14371094357301695,0.00032098143780915576,up,4.641549767066347,0.14371094357301695
ENSG00000103174,NAGPA,0.29775192490662117,0.007484131884306355,0.23800633008859373,0.0010295881823935082,up,4.6414500204938305,0.23800633008859373
ENSG00000171357,LURAP1,0.42404441832432593,0.00048261274390343835,0.13376119142767934,0.01512351971099763,up,4.64047757455594,0.13376119142767934
ENSG00000196437,ZNF569,-0.2909209784628434,0.004530033301959146,-0.16225681147563886,0.0019017338829355134,down,-4.6380360577967386,0.16225681147563886
ENSG00000151611,MMAA,-0.19390672952931287,0.04628404310893424,-0.17705904625736418,6.603647522622974e-05,down,-4.63736392028448,0.17705904625736418
ENSG00000215533,LINC00189,0.4415566101558071,0.02357447642333569,0.5508872244540225,0.00021482992564728713,up,4.634370190875886,0.4415566101558071
ENSG00000164031,DNAJB14,-0.2554878790783869,0.04641765137207469,-0.3472817957078979,6.683773161455206e-05,down,-4.634215964317757,0.2554878790783869
ENSG00000260912,RP11-363E7.4,0.5244980569005566,0.00020872764809462186,0.13235706579665937,0.02819966078682355,up,4.633201075583627,0.13235706579665937
ENSG00000061273,HDAC7,0.24478987473388739,0.012573999767914987,0.1623846640239532,0.000545482004235143,up,4.633030793244478,0.1623846640239532
ENSG00000137760,ALKBH8,-0.36747751759521535,0.0004407204719429163,-0.1208650671740639,0.01664082429406306,down,-4.633005192720847,0.1208650671740639
ENSG00000259605,AC074212.5,0.2055102621520371,0.0303765415144331,0.7173079061858304,0.00014418744604148865,up,4.632583579982241,0.2055102621520371
ENSG00000233483,CTD-2020K17.4,0.5042756966686532,0.012821197095696632,0.6358721293071867,0.0005380369796649849,up,4.630378477983559,0.5042756966686532
ENSG00000229358,DPY19L1P1,0.20971689283344153,0.03423568278784395,0.2043199620240417,0.00011982725399996489,up,4.628567156571691,0.2043199620240417
ENSG00000199753,SNORD104,1.6399210089886995,0.027816856717381842,0.614280854303719,0.00017368129864136489,up,4.6254111147254,0.614280854303719
ENSG00000165633,VSTM4,0.29063490554824,0.049256998876655564,0.16680230656692774,6.401082052597573e-05,up,4.62290027423191,0.16680230656692774
ENSG00000175324,LSM1,-0.28613029677638274,0.0003374406020411232,-0.07779646888907689,0.021131772067338635,down,-4.620865640202969,0.07779646888907689
ENSG00000260591,RP11-817O13.6,0.43385280051641767,0.02212309281850251,0.3690765968120157,0.00025897657562693567,up,4.618714594211975,0.3690765968120157
ENSG00000272523,LINC01023,0.3279231300633834,0.01835360250638149,0.6351290939401532,0.0003462982579544638,up,4.618158461198742,0.3279231300633834
ENSG00000178385,PLEKHM3,-0.42743044042106476,0.0025490221102483527,-0.5741382817060157,0.0038670603864512897,down,-4.616125544412395,0.42743044042106476
ENSG00000273493,RP11-80H18.4,1.3480867653703603,0.004253918458690703,0.39780843383124537,0.0022762486258443393,up,4.614511931593546,0.39780843383124537
ENSG00000166479,TMX3,-0.33867495991728186,0.028637434347803695,-0.25053399445055485,0.00017575447762644366,down,-4.614256540104499,0.25053399445055485
ENSG00000166167,BTRC,-0.3057472740293945,0.0009926267528420996,-0.13204286377682456,0.009438717324278841,down,-4.613996364557989,0.13204286377682456
ENSG00000152433,ZNF547,0.3240680026111596,0.01141444310137744,0.1558801458616104,0.0006957046443361429,up,4.611762923198596,0.1558801458616104
ENSG00000144306,SCRN3,-0.3809514105933446,0.0010903607238701898,-0.26823805754249136,0.008847591394784238,down,-4.610265171686853,0.26823805754249136
ENSG00000117411,B4GALT2,0.38760235855712494,0.0011131119783455532,0.20292632170877117,0.00879501800716951,up,4.606856128922658,0.20292632170877117
ENSG00000244171,PBX2P1,0.35802029139905384,0.0004455656361604791,0.24194527920684394,0.018361043093416032,up,4.604546083797488,0.24194527920684394
ENSG00000164219,PGGT1B,-0.3648229094846242,0.002190201188948801,-0.17435520351384637,0.00478167031787196,down,-4.6027241853067675,0.17435520351384637
ENSG00000189298,ZKSCAN3,0.21184649142216244,0.02467263803423423,0.16064072990813394,0.0002414981665210511,up,4.600223839704568,0.16064072990813394
ENSG00000214293,RSBN1L-AS1,0.22085786330668505,0.03412048107924589,0.16464540791224178,0.0001432278689709729,up,4.598083299451687,0.16464540791224178
ENSG00000143776,CDC42BPA,-0.27812916397000453,0.005988396489809315,-0.16931961397524248,0.0016892075796077755,down,-4.593827120529914,0.16931961397524248
ENSG00000164506,STXBP5,-0.31220925420190504,0.011328031701211078,-0.26209258344490205,0.000770266909968084,down,-4.593471229980218,0.26209258344490205
ENSG00000262587,RP11-266L9.4,0.23613820683972994,0.026986472049288116,0.28308718792731885,0.00021883078779659287,up,4.5920582403173285,0.23613820683972994
ENSG00000219102,HNRNPA3P12,0.41905808299527586,0.0001960498287304871,0.2474644122849586,0.03395346989369621,up,4.5911102085691,0.2474644122849586
ENSG00000133243,BTBD2,0.52914928465652,0.0001304342791291616,0.23826664942860473,0.04438325431743231,up,4.5865196963229256,0.23826664942860473
ENSG00000078295,ADCY2,0.24809033519914148,0.02639565839338627,0.3706269485682307,0.00023459958406803961,up,4.585555168996595,0.24809033519914148
ENSG00000115286,NDUFS7,0.3627970667258145,0.0002078455998119802,0.34397577729872786,0.033348251070781695,up,4.585290589681214,0.34397577729872786
ENSG00000123983,ACSL3,-0.31699914254314243,0.023063865530258982,-0.17490233484058199,0.00029632668016144997,down,-4.581223139131309,0.17490233484058199
ENSG00000052749,RRP12,0.4966557285562286,0.008355659505290236,0.30665929699026007,0.001236123983590295,up,4.576412101919928,0.30665929699026007
ENSG00000156515,HK1,-0.2492216527492779,0.009659590528193278,-0.11824401124531818,0.0010350130784713533,down,-4.575587773358397,0.11824401124531818
ENSG00000180628,PCGF5,-0.2987460147626861,0.030739864656988563,-0.233882867872801,0.00019310382846426892,down,-4.57557730895966,0.233882867872801
ENSG00000104341,LAPTM4B,0.3217098727632726,0.00012066033482153436,0.08025454825175293,0.04827713183852071,up,4.57541635589058,0.08025454825175293
ENSG00000156162,DPY19L4,-0.5416396500519366,0.002399834784790052,-0.23459349847002534,0.0049121280250821716,down,-4.575194605928826,0.23459349847002534
ENSG00000183258,DDX41,0.2846089369179364,0.0009160205403202219,0.1146990916793502,0.011905055246961897,up,4.572375704435917,0.1146990916793502
ENSG00000154917,RAB6B,-0.44485784557867064,0.0012586906580579354,-0.11663247059408846,0.009166355786818852,down,-4.569948495910754,0.11663247059408846
ENSG00000175567,UCP2,0.5568787419569152,0.015458689071959741,0.3108011080188157,0.0005793609099588331,up,4.565414405623104,0.3108011080188157
ENSG00000168395,ING5,0.4909833027333507,0.0014591617515462907,0.08881677324835552,0.008189188622603536,up,4.565091878014607,0.08881677324835552
ENSG00000263002,ZNF234,-0.18985569758776477,0.03250365606843049,-0.21740787034101727,0.000186608113613523,down,-4.564608298435237,0.18985569758776477
ENSG00000176692,FOXC2,0.3679699435456577,0.002251107287659851,0.33330126122912057,0.00553691994060481,up,4.562306980048636,0.33330126122912057
ENSG00000225339,RP11-513I15.6,0.272259095556135,0.0019738561791094377,0.3661544088549407,0.006268711853803699,up,4.56214845209746,0.272259095556135
ENSG00000272807,RP11-260M2.1,0.39865515182616523,0.0018114608467905237,0.199979044751537,0.0068358304706365,up,4.561287857213542,0.199979044751537
ENSG00000243660,ZNF487,0.39701277776166066,0.001345458046869268,0.10113790354077218,0.008982914973015451,up,4.56041525753611,0.10113790354077218
ENSG00000152795,HNRNPDL,-0.23879968527290593,0.009677233543691587,-0.10065099638745739,0.001113241366200004,down,-4.560176673518523,0.10065099638745739
ENSG00000185842,DNAH14,-0.4547476128139372,0.017086061356887877,-0.3701552337028218,0.0005233958261192864,down,-4.557717110603763,0.3701552337028218
ENSG00000255737,AGAP2-AS1,0.28948652546214937,0.005357466228115887,0.3807142779135514,0.0022881198323903332,up,4.55735902837311,0.28948652546214937
ENSG00000213051,RPL5P5,0.28091610807346373,0.0018965666654470307,0.29731493493888794,0.006678994353704276,up,4.556850496446735,0.28091610807346373
ENSG00000232742,RHOQP2,-0.3998259598089992,0.0020926065180573703,-0.4512936395514823,0.006117279674609865,down,-4.555600852087717,0.3998259598089992
ENSG00000184182,UBE2F,-0.1946811585820808,0.009610124662609312,-0.17791060853444107,0.0011581607480395026,down,-4.553909798762547,0.17791060853444107
ENSG00000197982,C1orf122,0.5963485737993983,0.0003224343332735768,0.22379198299056335,0.027970694202753825,up,4.55214100700889,0.22379198299056335
ENSG00000183826,BTBD9,-0.33496423011048004,0.007563876704209466,-0.13560898039370028,0.001562936297727376,down,-4.551955483961,0.13560898039370028
ENSG00000249464,LINC01091,0.5571244303101963,0.0019026374192398416,0.27546215966584375,0.0068287997776099755,up,4.550599664068452,0.27546215966584375
ENSG00000093072,CECR1,0.525860499005038,0.039702749404899894,0.3181752713264373,0.00014504758898947648,up,4.5494012250622795,0.3181752713264373
ENSG00000143344,RGL1,0.3745350029571631,0.0016457318989073328,0.1512215181223276,0.007811767917471447,up,4.549262201129683,0.1512215181223276
ENSG00000141956,PRDM15,-0.2677668846277947,0.04681665819318299,-0.1559493656149454,0.00010776365170866188,down,-4.549161960600295,0.1559493656149454
ENSG00000225335,XXbac-B476C20.9,-0.24657550181199894,0.0069927658510495665,-0.23404482503753246,0.0017524338173200667,down,-4.547498324373714,0.23404482503753246
ENSG00000090975,PITPNM2,-0.2967606347998016,0.016461273785922187,-0.19339054774651782,0.0005803669410333677,down,-4.547441725338474,0.19339054774651782
ENSG00000171720,HDAC3,0.1422221945535468,0.029040748565468878,0.10901833123151963,0.00024809507338738443,up,4.547172273524605,0.10901833123151963
ENSG00000181016,LSMEM1,0.40601756650141074,0.02295466272841794,0.2681452231642003,0.00035799738485645696,up,4.547039132419554,0.2681452231642003
ENSG00000129187,DCTD,0.1602512528551108,0.015512322854146584,0.09626826348812856,0.0006353944168110473,up,4.546235330602383,0.09626826348812856
ENSG00000078902,TOLLIP,0.30926595007757895,0.00023502786198751407,0.13150514894138013,0.03518291299473053,up,4.545810955150076,0.13150514894138013
ENSG00000183087,GAS6,0.24604580062478573,0.003917263724350901,0.23190423883720274,0.003419600383004211,up,4.544455862639161,0.23190423883720274
ENSG00000015532,XYLT2,0.22854894409456888,0.04329403600066488,0.26877954321526326,0.00012890740093028297,up,4.542926641533256,0.22854894409456888
ENSG00000232224,LINC00202-1,-0.237281877936973,0.012288381012642529,-0.38960212101053543,0.0008879483204334607,down,-4.542606978149438,0.237281877936973
ENSG00000249286,CTD-2210P15.2,-0.4970025092880628,0.00026606931399835034,-0.2595792117894238,0.032993104804882864,down,-4.541160215319866,0.2595792117894238
ENSG00000272349,RP11-397O8.7,0.24924553137695163,0.04706962124286383,0.5313144966433808,0.00011305745711711246,up,4.539058801338542,0.24924553137695163
ENSG00000184986,TMEM121,0.27619964681704146,0.008325867024236518,0.6816499205145997,0.0015155764202830074,up,4.534847343934558,0.27619964681704146
ENSG00000106025,TSPAN12,-0.4856152624215263,0.0012480628773261072,-0.21943228914539586,0.010762591888395222,down,-4.531290524109137,0.21943228914539586
ENSG00000154370,TRIM11,0.26680458961822184,0.0014443121863556676,0.169020399164068,0.009505317803803013,up,4.530379194333906,0.169020399164068
ENSG00000263698,RP11-408H20.3,0.21197609789956284,0.03218291019727331,0.34022401552412534,0.00023219514135466447,up,4.528046633002566,0.21197609789956284
ENSG00000259976,RP11-553L6.5,0.4120804645931842,0.002546881410048471,0.1504231705689843,0.005691999303009532,up,4.526952175698593,0.1504231705689843
ENSG00000185504,C17orf70,0.355636121070641,0.0002761265835912133,0.2114047209900893,0.03386096784665529,up,4.526387037751735,0.2114047209900893
ENSG00000164292,RHOBTB3,-0.31306866673549427,0.026426278762529284,-0.31480986080120715,0.00032405218087185457,down,-4.525064604610083,0.31306866673549427
ENSG00000272367,CTC-428H11.2,0.5030521699682556,0.00030129384729491,0.14622841394496064,0.03235055184685673,up,4.522903310937206,0.14622841394496064
ENSG00000068976,PYGM,-0.58850981939984,0.001457130327083087,-0.21527472213583046,0.009738387036362078,down,-4.52234498795774,0.21527472213583046
ENSG00000139842,CUL4A,-0.1820073663379883,0.02960458696553884,-0.13431047321773107,0.00027499376726889736,down,-4.521997572077404,0.13431047321773107
ENSG00000237742,RP11-624M8.1,-0.6584832324613723,0.024818276380749783,-0.371366209544448,0.0003646028322417742,down,-4.52146733002646,0.371366209544448
ENSG00000105771,SMG9,0.36462144858327583,0.00244330225463982,0.1752500987032623,0.006070916099517407,up,4.52120664389738,0.1752500987032623
ENSG00000136114,THSD1,0.23891597492179723,0.029928708171749502,0.1752287561038917,0.00027306085430090746,up,4.520380126337293,0.1752287561038917
ENSG00000137478,FCHSD2,-0.2510577896394432,0.03645259760845166,-0.1790084556639639,0.00019686358671939602,down,-4.520004649058922,0.1790084556639639
ENSG00000125910,S1PR4,0.3326882661418449,0.009123012481511625,0.6185619416142958,0.001455710407494725,up,4.519693170485149,0.3326882661418449
ENSG00000179399,GPC5,-0.35624942425869,0.0020238152599084615,-0.4479859038525922,0.007367893883131098,down,-4.5176269273748275,0.35624942425869
ENSG00000260793,RP5-882C2.2,0.413779381609063,0.0009747454018735845,0.18019969093692986,0.01396723706831865,up,4.51752505518269,0.18019969093692986
ENSG00000180769,WDFY3-AS2,0.376770204525454,0.007771571904926805,0.21228119098534434,0.0017999037152854037,up,4.515802691062797,0.21228119098534434
ENSG00000162129,CLPB,-0.20662324647220234,0.01680247011929383,-0.13543517543867087,0.0006678616264739371,down,-4.514289582365733,0.13543517543867087
ENSG00000144136,SLC20A1,0.5800709691179813,0.0037792988648084535,0.17592233698037513,0.004080128866360753,up,4.51236307524222,0.17592233698037513
ENSG00000089685,BIRC5,-0.3407724050894042,0.004974108209264744,-0.5036436598142825,0.0030608252787094675,down,-4.512081189227485,0.3407724050894042
ENSG00000121417,ZNF211,0.2367124549013845,0.011087660467063233,0.1573465357586272,0.0012025610817351106,up,4.509305969115737,0.1573465357586272
ENSG00000257315,ZBED6,-0.3922377193246933,0.010498127263538944,-0.9265077120396703,0.001318754234811374,down,-4.503771064849143,0.3922377193246933
ENSG00000111554,MDM1,-0.4333244680927504,0.0011969364936582638,-0.19342678385170547,0.012532396521274814,down,-4.501667332859806,0.19342678385170547
ENSG00000113231,PDE8B,0.773852558408887,0.006672756856744209,0.4226704511520478,0.0022951575075781114,up,4.501510486803936,0.4226704511520478
ENSG00000138085,ATRAID,0.24990424479250498,0.0032687997824856676,0.1214004526524699,0.004976807185461638,up,4.500109645259949,0.1214004526524699
ENSG00000225787,LSM3P3,0.34139537426264527,0.0035026426147632935,0.3413725729527621,0.004648766186770023,up,4.499722424954374,0.3413725729527621
ENSG00000171490,RSL1D1,-0.2663970860647058,0.0012061440952309903,-0.06499975846002662,0.01266340432952607,down,-4.49719300537651,0.06499975846002662
ENSG00000086589,RBM22,0.2193700962326667,0.004339956206532931,0.09229035871655285,0.0038670603864512897,up,4.492233640267584,0.09229035871655285
ENSG00000272993,RP11-196G18.24,0.4060002877538928,0.030085748893082142,0.24347038516441732,0.000319558771561636,up,4.4896008720530025,0.24347038516441732
ENSG00000269293,ZSCAN16-AS1,0.3569987864062664,0.0003399950405726602,0.23242381939057416,0.033431759635659225,up,4.489462242574856,0.23242381939057416
ENSG00000114841,DNAH1,0.35091948385070737,0.016902101920253727,0.23043438077423353,0.0007621695130877878,up,4.486506251829044,0.23043438077423353
ENSG00000214078,CPNE1,0.1995703099232123,0.03806704504877761,0.19546687197842744,0.00022081420636593652,up,4.486201009177578,0.19546687197842744
ENSG00000164611,PTTG1,-0.5286839209822616,0.012698702934956212,-0.40854503247384766,0.001134670524968343,down,-4.484135168377078,0.40854503247384766
ENSG00000256694,RP11-598F7.5,-0.7025133409726906,0.003863688662354057,-0.2660073348109267,0.0045187099882184785,down,-4.483944987267065,0.2660073348109267
ENSG00000188873,RPL10AP2,0.602323351735783,0.0021538193273726754,0.38351040682476595,0.008043672487965609,up,4.482086446601411,0.38351040682476595
ENSG00000231848,AC012354.8,0.34612332659600425,0.002540789741918637,0.44080555687498757,0.006936593423985465,up,4.47984841560328,0.34612332659600425
ENSG00000159202,UBE2Z,0.2335088982096108,0.019728802297381054,0.10590817740398047,0.0006392670178392139,up,4.479102794245931,0.10590817740398047
ENSG00000254690,GS1-393G12.12,0.3186136855734226,0.021408022687358107,0.45374604538177643,0.000565726706650076,up,4.479093840878627,0.3186136855734226
ENSG00000111642,CHD4,-0.3181225048112141,0.015070247595422375,-0.09676829038022375,0.0009325258657672202,down,-4.477994006500279,0.09676829038022375
ENSG00000215347,SLC25A5P1,0.35127909561982,0.002943971192368039,0.3630157449497712,0.006107009146754125,up,4.476470907999031,0.35127909561982
ENSG00000155729,KCTD18,-0.2682293096609316,0.00048261274390343835,-0.11939398542417076,0.027916002995766766,down,-4.47284102200983,0.11939398542417076
ENSG00000229596,MYL8P,0.25321612173314756,0.046958482204697824,0.5639386338897743,0.00016464003832536856,up,4.472810646215127,0.25321612173314756
ENSG00000158717,RNF166,0.28835821389526556,0.006043797551804071,0.24938698184156663,0.0029334173173310393,up,4.47278086535432,0.24938698184156663
ENSG00000273154,RP4-583P15.15,0.4645827265289625,0.0002013052734016632,0.2535423471178704,0.049613618183806,up,4.470557409076188,0.2535423471178704
ENSG00000166266,CUL5,-0.29407188067735346,0.0310113282039363,-0.2510873547492189,0.00033743561282154424,down,-4.469497795663611,0.2510873547492189
ENSG00000197180,BX936347.1,0.4973957277110548,0.035628639397397445,0.40158746779655713,0.0002699445492192455,up,4.468979271241089,0.40158746779655713
ENSG00000071626,DAZAP1,-0.2835649191494117,0.007717085397768287,-0.16765141006536355,0.002259868545921938,down,-4.468699135243466,0.16765141006536355
ENSG00000272755,RP11-326G21.1,0.4206112539439361,0.02695326788874283,0.3359469137631436,0.0004239816073846804,up,4.4683375056566454,0.3359469137631436
ENSG00000081386,ZNF510,-0.2705115373943905,0.003317725146268597,-0.2150584227862517,0.0056187882249758275,down,-4.468221584623139,0.2150584227862517
ENSG00000235043,TECRP1,0.21337507032636868,0.003556419373065971,0.4940900808443424,0.005249603031460347,up,4.467701402948255,0.21337507032636868
ENSG00000250982,RP11-159J3.1,0.2497846031495161,0.0495794761090075,0.6623810822675078,0.0001549352202562691,up,4.467178604253835,0.2497846031495161
ENSG00000261644,RP11-327F22.2,0.2818790285467059,0.005410493723173778,0.4079092150402599,0.00342894405829698,up,4.465672212411705,0.2818790285467059
ENSG00000100815,TRIP11,-0.47945787325209405,0.00022525196730453315,-0.12236536970601194,0.04704553945391342,down,-4.465576089044009,0.12236536970601194
ENSG00000106268,NUDT1,0.3425275348457345,0.002546881410048471,0.3244382810071755,0.007656040074603145,up,4.455218497925878,0.3244382810071755
ENSG00000182108,DEXI,-0.2748131913483025,0.004806506659774867,-0.21634554275181625,0.00409040469385617,down,-4.454718151057136,0.21634554275181625
ENSG00000179388,EGR3,1.1038561969620053,0.0055353806950763996,0.4422261782442477,0.0035106078455899117,up,4.454227020248793,0.4422261782442477
ENSG00000188483,IER5L,0.5544236424097957,0.0037901405461516695,0.37448468829341364,0.005232809089910445,up,4.45416436058373,0.37448468829341364
ENSG00000184203,PPP1R2,-0.21996894521599009,0.016738756585474312,-0.16636559293153935,0.0009173408997046992,down,-4.452071021947114,0.16636559293153935
ENSG00000128185,DGCR6L,0.24062276045548564,0.0022841579564628674,0.34716992273683406,0.00862117734017138,up,4.451300245957801,0.24062276045548564
ENSG00000246379,RP11-461O7.1,-0.24170801247563084,0.03754266317044365,-0.2973518580070856,0.00027301508381218076,down,-4.451069000339478,0.24170801247563084
ENSG00000186994,KANK3,0.3322595048858552,0.016451755526158872,0.39671678104534824,0.0009554119866311986,up,4.448591540154889,0.3322595048858552
ENSG00000255103,KIAA0754,-0.5487774725694419,0.0010099146470671984,-0.5051277184516755,0.017861894201358655,down,-4.444574079201691,0.5051277184516755
ENSG00000124253,PCK1,-0.5214126409367316,0.0108468860820274,-0.9548056288327831,0.0016814185670643816,down,-4.444475167435772,0.5214126409367316
ENSG00000240694,PNMA2,0.3286362591047919,0.0467789496875034,0.34297658155531574,0.00019408301986744632,up,4.444159179698293,0.3286362591047919
ENSG00000159496,RGL4,0.2375439445010716,0.04641543943289333,0.6342927548542189,0.00019687540962945227,up,4.444128283438831,0.2375439445010716
ENSG00000140995,DEF8,0.31193075744447435,0.0007741965020959097,0.09370732968201351,0.021984354464872798,up,4.442905634632185,0.09370732968201351
ENSG00000105696,TMEM59L,0.6462162180599826,0.01117691815636357,0.46412956541575373,0.0016407675307814334,up,4.442080729849779,0.46412956541575373
ENSG00000155906,RMND1,-0.2809954003419416,0.005878021855991956,-0.08550484284004897,0.0034836981599820844,down,-4.44105783381672,0.08550484284004897
ENSG00000076201,PTPN23,0.3259216083402812,0.0012037162826886866,0.13578833999576584,0.015712672226544343,up,4.441011951302964,0.13578833999576584
ENSG00000138095,LRPPRC,-0.23349826188596612,0.009774016920498134,-0.135717462754229,0.0019452358947139095,down,-4.440573706718564,0.135717462754229
ENSG00000048649,RSF1,-0.37816585898249205,0.00493342830557615,-0.17922883368991066,0.004246733408158078,down,-4.439945045466004,0.17922883368991066
ENSG00000187642,C1orf170,-0.5692025330022152,0.001782222379603881,-0.3018488646514625,0.011437434682329611,down,-4.4368020152703,0.3018488646514625
ENSG00000011114,BTBD7,-0.30476237821091445,0.009592632078907596,-0.19956512591614156,0.0020320702513681272,down,-4.436529823216103,0.19956512591614156
ENSG00000206337,HCP5,0.41907002707816327,0.021719231152960018,0.1987094365815489,0.0006950970301135393,up,4.434670294918902,0.1987094365815489
ENSG00000198677,TTC37,-0.29306819575473664,0.017237250354833266,-0.25954718863638954,0.000970161803369666,down,-4.433267086798076,0.25954718863638954
ENSG00000102901,CENPT,0.2287684953442816,0.006722189229011244,0.17127502189715343,0.0031234754404792678,up,4.431987919792738,0.17127502189715343
ENSG00000143195,ILDR2,0.31765581877703714,0.01214353786828324,0.2874110932867494,0.0015662387195057841,up,4.429127691510888,0.2874110932867494
ENSG00000252481,SCARNA13,0.5338214544248548,0.018678065153196158,0.22199991964342078,0.0009056130291174978,up,4.4251378244545725,0.22199991964342078
ENSG00000146670,CDCA5,-0.30566586629415693,0.009332068763200765,-0.2762289347021542,0.0022334332180567046,down,-4.422858968733556,0.2762289347021542
ENSG00000128283,CDC42EP1,0.6602262297639692,0.006125987647209915,0.34664392232261837,0.0036189444062025905,up,4.422382560383363,0.34664392232261837
ENSG00000197321,SVIL,0.24393043652636281,0.01742459910813528,0.2422167740686729,0.0010147243120256192,up,4.421342379511784,0.2422167740686729
ENSG00000154330,PGM5,0.28298005576098506,0.00162053917340565,0.08518901166090923,0.013223175988214932,up,4.420121122473896,0.08518901166090923
ENSG00000213839,RP11-3J10.4,-0.2632449064182401,0.00043087548222544246,-0.2596893287671047,0.03616058455831685,down,-4.419228165467724,0.2596893287671047
ENSG00000165813,C10orf118,-0.3656729257151519,0.023131086636779936,-0.31869762923903233,0.0006876191743404162,down,-4.418169752555111,0.31869762923903233
ENSG00000213240,NOTCH2NL,0.41186987122644975,0.0024546875515082524,0.22249138152057876,0.009235796613568412,up,4.417251402625783,0.22249138152057876
ENSG00000169710,FASN,-0.553335583535646,0.04544654202283141,-0.5673315283890603,0.0002406744663228345,down,-4.414401222428456,0.553335583535646
ENSG00000214706,IFRD2,-0.3196726132210119,0.001926666927732858,-0.18859142046665703,0.011654617711975044,down,-4.414255552475326,0.18859142046665703
ENSG00000135968,GCC2,-0.38812598572548707,0.014301891916941449,-0.23601393211655705,0.0013694018798764982,down,-4.413425693359811,0.23601393211655705
ENSG00000075785,RAB7A,-0.3171839300107204,0.0004590057530101433,-0.04243211570089343,0.035371652803760374,down,-4.412929034684079,0.04243211570089343
ENSG00000176473,WDR25,0.3538224845065817,0.0009717174247059992,0.1674006506771632,0.020775761636728386,up,4.4117639574871435,0.1674006506771632
ENSG00000164715,LMTK2,0.3142689397188497,0.0009152151989496958,0.15072651174456717,0.02177666814082132,up,4.411634909725012,0.15072651174456717
ENSG00000104177,MYEF2,0.37732414385461377,0.006304017895638056,0.2399692378191782,0.0037562928241127724,up,4.406629653156921,0.2399692378191782
ENSG00000008441,NFIX,0.3891365246613191,0.00599014316772569,0.14897602896706688,0.003992110932247261,up,4.405382697509304,0.14897602896706688
ENSG00000116212,LRRC42,0.299368998738609,0.004077012673852209,0.09565883984118918,0.006011102900419496,up,4.404855267734004,0.09565883984118918
ENSG00000113391,FAM172A,-0.3441157356997935,0.010979165662972492,-0.16097333487945858,0.002000035076454321,down,-4.404752658346338,0.16097333487945858
ENSG00000215910,C1orf167,0.5279812726900186,0.015093107779080768,0.5451548669840173,0.001332025461096557,up,4.404566572722734,0.5279812726900186
ENSG00000140479,PCSK6,0.5124351730320749,0.010726086233070593,0.1880932291747818,0.002073627576278295,up,4.403126634916297,0.1880932291747818
ENSG00000122386,ZNF205,0.3228948778923281,0.0021311395221059386,0.27563662834868446,0.011215657397915987,up,4.401247994672908,0.27563662834868446
ENSG00000139914,FITM1,0.30809934686904705,0.01283071488227714,0.4393884914659754,0.0016677531785239319,up,4.400681794702514,0.30809934686904705
ENSG00000121680,PEX16,0.43570038600693417,0.0004069849868460058,0.22502067145394375,0.04023547601997676,up,4.39858383625934,0.22502067145394375
ENSG00000184432,COPB2,-0.2327118226827042,0.0021063808907412426,-0.11276091456659204,0.011614822937670478,down,-4.39518824266121,0.11276091456659204
ENSG00000169919,GUSB,0.24272627301188662,0.009158562134132178,0.1756703741246092,0.0025930863954408915,up,4.395028241748329,0.1756703741246092
ENSG00000273253,RP3-402G11.26,0.43281300679766627,0.0008688729238856828,0.3858732714002655,0.02409311729947258,up,4.3944361098823475,0.3858732714002655
ENSG00000132386,SERPINF1,0.46252084097576146,0.036258272190138115,0.2561762186180558,0.00039338567318800773,up,4.392978072233674,0.2561762186180558
ENSG00000108384,RAD51C,-0.22158748000493592,0.035301652523131846,-0.11491290675771444,0.0004116397433551906,down,-4.392372271416603,0.11491290675771444
ENSG00000163687,DNASE1L3,0.9891488061461741,0.005324440608030399,0.3356913902547064,0.004856924533801591,up,4.390599817236985,0.3356913902547064
ENSG00000105185,PDCD5,-0.27838144058190467,0.001290680981857861,-0.12052057855883029,0.017964251601103202,down,-4.389772927482341,0.12052057855883029
ENSG00000263470,RP11-160O5.1,-0.27891231617241885,0.0320896198871185,-0.32402048705933223,0.0004895936488318899,down,-4.387908366559198,0.27891231617241885
ENSG00000119862,LGALSL,0.27159623947964884,0.04154954827007533,0.14485070952705367,0.000328358293205654,up,4.38501278702321,0.14485070952705367
ENSG00000211450,C11orf31,0.2964394824737789,0.00854860337895589,0.3687239651180637,0.0029466292750970026,up,4.385010354931545,0.2964394824737789
ENSG00000166347,CYB5A,-0.24611701839636,0.013684923119628633,-0.14448986315623505,0.0016756351337415976,down,-4.38247669146192,0.14448986315623505
ENSG00000204525,HLA-C,0.4739697465768482,0.0018088953825405947,0.1902541989719386,0.014015193247049052,up,4.380642470582001,0.1902541989719386
ENSG00000143164,DCAF6,-0.16173163092427315,0.04373304834973009,-0.15978298083214237,0.0003084429846760271,down,-4.380610564179593,0.15978298083214237
ENSG00000269463,RP11-727F15.13,0.38663347530574355,0.03993931804967441,0.4073803473947261,0.00035977655684491124,up,4.380333440158638,0.38663347530574355
ENSG00000133704,IPO8,-0.25841989390357006,0.020007912433115303,-0.11753727477155973,0.0010297233697925277,down,-4.380192307099885,0.11753727477155973
ENSG00000114405,C3orf14,0.39704619714732126,0.012160235258941953,0.17960884296721166,0.0019706333302087083,up,4.380054567017648,0.17960884296721166
ENSG00000238197,PAXBP1-AS1,0.1729601866859783,0.03335603553489287,0.20123961958351477,0.00047855868864367596,up,4.38003923297591,0.1729601866859783
ENSG00000196976,LAGE3,0.32166333147073006,0.002957013802247665,0.3298692678542913,0.009028364248097493,up,4.379375946766209,0.32166333147073006
ENSG00000184906,AC129778.2,-0.425080777492476,0.006751786847700381,-0.4180327101752344,0.003957232620822029,down,-4.377451458459998,0.4180327101752344
ENSG00000257303,RP11-977G19.11,0.24965443593136505,0.012732768715727457,0.27097071700780395,0.001881201622487841,up,4.377384190472924,0.24965443593136505
ENSG00000270041,LL22NC03-N27C7.1,0.41102455647469843,0.001578130712476001,0.17613974771481078,0.01598571879606035,up,4.375705143965962,0.17613974771481078
ENSG00000142634,EFHD2,0.4087993806993053,0.0005840020844144053,0.19217830445147333,0.034125565615823646,up,4.375604889915054,0.19217830445147333
ENSG00000163848,ZNF148,-0.3574623890410635,0.03509290163443187,-0.23876729943083774,0.0004561670670851687,down,-4.374302338903374,0.23876729943083774
ENSG00000130726,TRIM28,0.3070921477212143,0.0072808729472570955,0.22393453134236604,0.0036962830468702727,up,4.374238558451618,0.22393453134236604
ENSG00000264490,WI2-87327B8.1,0.3151459552679386,0.04047883994256079,0.5521862035501112,0.00036898345099086274,up,4.371213051688091,0.3151459552679386
ENSG00000091947,TMEM101,0.26757897688275145,0.002143406091533209,0.16418904635851603,0.012730915938346346,up,4.367579111351327,0.16418904635851603
ENSG00000116954,RRAGC,-0.21815131476230168,0.01988583230577443,-0.11339063030825365,0.0011207973963684459,down,-4.364570040588756,0.11339063030825365
ENSG00000146826,C7orf43,0.2846939458032437,0.008378850800025222,0.16202389922683688,0.0033126500585579175,up,4.363913789935838,0.16202389922683688
ENSG00000170091,NSG2,0.40907752400179676,0.0025379633997491087,0.30860021494035766,0.011075406829312347,up,4.363820604888127,0.30860021494035766
ENSG00000139725,RHOF,-0.3754774625554569,0.004095842787882586,-0.21035334441464032,0.0071391883156881955,down,-4.361982673858338,0.21035334441464032
ENSG00000135333,EPHA7,0.45485486051576196,0.030452623214235933,0.35179130402027403,0.0006099747241285086,up,4.361220148000793,0.35179130402027403
ENSG00000114904,NEK4,-0.2624716064091663,0.021494608495339233,-0.27997399059999195,0.0010201526695170578,down,-4.360776865158758,0.2624716064091663
ENSG00000171310,CHST11,0.48908596074874294,0.0011059802533514742,0.13377080405475467,0.022727295348631278,up,4.359466537428929,0.13377080405475467
ENSG00000227034,RP11-234N17.1,0.455189156296529,0.002599057650665421,0.34216106609597313,0.011074055874916703,up,4.358134530571925,0.34216106609597313
ENSG00000245688,CTB-26E19.1,0.370820412168804,0.02615716168715639,0.576844543864016,0.0007843371719009485,up,4.356588482596689,0.370820412168804
ENSG00000114956,DGUOK,0.3442109030663671,0.0004349732093160967,0.13251267486342494,0.04434051231707956,up,4.355736658511833,0.13251267486342494
ENSG00000130522,JUND,0.49708387581685737,0.007909245772589939,0.32881492108016847,0.0036724543796309507,up,4.355463767764924,0.32881492108016847
ENSG00000167700,MFSD3,0.41289714693961066,0.0005689966181842437,0.31112888981960124,0.03722932599544785,up,4.355226642554654,0.31112888981960124
ENSG00000095739,BAMBI,0.46909969731025897,0.03246839682319721,0.22188335037152537,0.0005845788732929458,up,4.349692093772271,0.22188335037152537
ENSG00000168310,IRF2,-0.365207793504382,0.004812082366484492,-0.1436822093477408,0.006520104153250977,down,-4.345184444239505,0.1436822093477408
ENSG00000152359,POC5,0.27629195641627463,0.020278170264860545,0.139370437858151,0.0012383476226100587,up,4.338442445776631,0.139370437858151
ENSG00000228589,SPCS2P4,-0.16067457857300985,0.014891401847890723,-0.20194849879050747,0.0018653661205692228,down,-4.337449778097154,0.16067457857300985
ENSG00000119906,FAM178A,0.24651765322197028,0.03168825203104159,0.2080750455236721,0.0006472122841962187,up,4.337112103856414,0.2080750455236721
ENSG00000165949,IFI27,0.5452400572991369,0.0010762460629695377,0.2072064165742691,0.02529552748335305,up,4.335724934878735,0.2072064165742691
ENSG00000270147,RP11-646I6.6,0.3285139140914452,0.0030841815026917746,0.20461077583312495,0.010340838009412323,up,4.335511622559082,0.20461077583312495
ENSG00000173875,ZNF791,-0.23181408081027072,0.035611729546381254,-0.2038865864581594,0.0005448690497243879,down,-4.335451786225663,0.2038865864581594
ENSG00000103994,ZNF106,-0.3309434378058193,0.004953908707575412,-0.21602713047966277,0.00673646647439146,down,-4.330540823899648,0.21602713047966277
ENSG00000110321,EIF4G2,-0.21889495859080885,0.004801560464543548,-0.16319521043646476,0.006964001683724269,down,-4.330035860033601,0.16319521043646476
ENSG00000237350,CDC42P6,-0.3485373533635956,0.0005698306152225837,-0.19646007895560183,0.040458761033531764,down,-4.329750083338885,0.19646007895560183
ENSG00000261342,AC006538.1,-0.3111325955806634,0.0051614781014550325,-0.37035440917192847,0.006520343343430639,down,-4.328777465224153,0.3111325955806634
ENSG00000179598,PLD6,-0.2949216525423727,0.04041035648559759,-0.23251233766966375,0.0004615983819476134,down,-4.328624966591772,0.23251233766966375
ENSG00000177879,AP3S1,-0.24495955067889327,0.04310485904311041,-0.1440178224772257,0.000417783214340883,down,-4.327525223367312,0.1440178224772257
ENSG00000089327,FXYD5,0.49133400625050105,0.007482917686949212,0.2962300181218397,0.004443990605645062,up,4.325287275102985,0.2962300181218397
ENSG00000088356,PDRG1,0.28588605503522085,0.0071038506566148026,0.1643745818811467,0.00475912531659788,up,4.322545166280268,0.1643745818811467
ENSG00000183207,RUVBL2,0.31346288569158903,0.0006491375348156951,0.20929381196625615,0.03810049861921003,up,4.320782441512908,0.20929381196625615
ENSG00000196932,TMEM26,-0.3342489419761872,0.0015420335696341516,-0.32450369959908737,0.020072069296453346,down,-4.319145405010282,0.32450369959908737
ENSG00000270108,RP11-73M18.6,0.4967321702228032,0.0009336091783710653,0.14894880136798377,0.029807873106013776,up,4.319125659532462,0.14894880136798377
ENSG00000169499,PLEKHA2,0.6557557545950486,0.014294382875307935,0.13020088832160642,0.002145466035572676,up,4.3186082449450325,0.13020088832160642
ENSG00000234936,AC010883.5,0.3242625292687444,0.03146559560432031,0.35601696494728596,0.000724075334036576,up,4.317018478188246,0.3242625292687444
ENSG00000204237,OXLD1,0.25846338605396063,0.005783623102425978,0.25621865793852194,0.00608883892779537,up,4.316446985911651,0.25621865793852194
ENSG00000105717,PBX4,0.30072514018620006,0.02061336316296872,0.4647059017000554,0.0013474145601340434,up,4.315700415853033,0.30072514018620006
ENSG00000141391,SLMO1,0.38959892608743124,0.00438406985899891,0.26972633247840927,0.008119898320161672,up,4.314111514335866,0.26972633247840927
ENSG00000151240,DIP2C,-0.16835832050002053,0.019511264377930094,-0.11013601055250605,0.0014673659234487894,down,-4.314012706196928,0.11013601055250605
ENSG00000176343,RPL37AP8,0.38952929220106364,0.003206599290408721,0.36552977940529185,0.011102622946650912,up,4.308520736174356,0.36552977940529185
ENSG00000095380,NANS,-0.20776017974986513,0.011856062723936552,-0.2210607337600827,0.0028375878282166653,down,-4.308201279104974,0.20776017974986513
ENSG00000072832,CRMP1,0.25246445008168994,0.04012808674225866,0.309862045879258,0.0005206787730930681,up,4.307837761110288,0.25246445008168994
ENSG00000103343,ZNF174,-0.24989391003183195,0.0008679180285412158,-0.07696484783784902,0.03268989694731492,down,-4.307451794648189,0.07696484783784902
ENSG00000164949,GEM,0.6948733992078222,0.017635000127576374,0.35583500158510356,0.0017388991716863877,up,4.305980739506025,0.35583500158510356
ENSG00000162076,FLYWCH2,0.3056486147058305,0.0011526305105611636,0.29618813977539943,0.0267586079272992,up,4.304781525689309,0.29618813977539943
ENSG00000267533,RP11-815J4.7,0.3306967235467795,0.00491337738789883,0.38694325106302396,0.007555860433269268,up,4.304509818110028,0.3306967235467795
ENSG00000127804,METTL16,0.15771217040554916,0.04546883863939945,0.10653384248760377,0.00043449990015589516,up,4.302870685521136,0.10653384248760377
ENSG00000143429,AC027612.6,0.3437364080277345,0.01777930704257088,0.27585838653914047,0.0017470167420416615,up,4.302754469581641,0.27585838653914047
ENSG00000234329,RP11-767N6.2,-0.3425587321643921,0.0035886512798509644,-0.4180503325370439,0.010251688174388703,down,-4.302076860724628,0.3425587321643921
ENSG00000234438,KBTBD13,-0.36961333855452283,0.010447689895631985,-0.3129949994145308,0.0033984626584793866,down,-4.3008277294034585,0.3129949994145308
ENSG00000198142,SOWAHC,0.33954785303926177,0.0039598483525408595,0.18424522183075007,0.009446741169865856,up,4.3007794985973735,0.18424522183075007
ENSG00000122507,BBS9,-0.35312448447438927,0.04017896411634373,-0.2497939915645983,0.0005391276537825281,down,-4.3006590525855275,0.2497939915645983
ENSG00000204632,HLA-G,0.48210711248942695,0.008146677740860907,0.5148641817964215,0.004540295713985984,up,4.299269008650311,0.48210711248942695
ENSG00000127743,IL17B,0.2533793260931514,0.024743856547162147,0.4880197539694856,0.0011504003865828076,up,4.295692770769168,0.2533793260931514
ENSG00000265817,FSBP,-0.3648271274315845,0.007862800567041832,-0.42570008870328685,0.004818172917044697,down,-4.294708260164578,0.3648271274315845
ENSG00000112130,RNF8,-0.19687852027665234,0.020431221853914563,-0.10269385202930108,0.0015131670756280535,down,-4.2944139002468535,0.10269385202930108
ENSG00000102890,ELMO3,0.24595007625758514,0.0022180264647573534,0.28682846472743595,0.016302840490165633,up,4.294262428687484,0.24595007625758514
ENSG00000102710,SUPT20H,-0.2710080967294063,0.0011317969547922934,-0.13255123979694367,0.028255609907125327,down,-4.293112768078714,0.13255123979694367
ENSG00000166503,HDGFRP3,-0.37847986074635304,0.0014607992420734362,-0.12386510333162874,0.023154457447392387,down,-4.292667893503813,0.12386510333162874
ENSG00000236698,EIF1AXP1,-0.20904376902176441,0.046398223522128766,-0.36218659624727373,0.0004474119615434315,down,-4.290693065953479,0.20904376902176441
ENSG00000203485,INF2,0.31752051092961975,0.012333948269916765,0.31984531043738706,0.002974556737731669,up,4.286558173743468,0.31752051092961975
ENSG00000196453,ZNF777,0.13994211146205487,0.024422946840799358,0.19573979012822115,0.0012396081022074997,up,4.284014034371428,0.13994211146205487
ENSG00000187715,KBTBD12,0.3604357020728607,0.033206261018719666,0.23165397606835705,0.0007874256226767998,up,4.283867203922204,0.23165397606835705
ENSG00000197291,RAMP2-AS1,0.5506278201945379,0.0029442205804340914,0.2987406125658169,0.01327318534538818,up,4.282474238894408,0.2987406125658169
ENSG00000159256,MORC3,-0.42730711030550755,0.03749887800504837,-0.3071637748681376,0.0006614681480406735,down,-4.281775679825864,0.3071637748681376
ENSG00000042429,MED17,0.33359088954071353,0.0010995411992155283,0.09491949118565778,0.03040772480442041,up,4.278520693475525,0.09491949118565778
ENSG00000256940,RP11-783K16.5,-0.5187603091607391,0.04019576446063404,-0.5642911879121463,0.0006032883320952285,down,-4.2783452592291145,0.5187603091607391
ENSG00000088179,PTPN4,-0.388357324454554,0.0016391754019609236,-0.15300499060575073,0.022338057106304383,down,-4.2766212821762375,0.15300499060575073
ENSG00000126214,KLC1,0.2897115883388717,0.008114540617548993,0.17266381977309106,0.005071182355132232,up,4.274719440304016,0.17266381977309106
ENSG00000165861,ZFYVE1,0.24025244989197103,0.012596904022105001,0.08880112475804887,0.0030625740299232177,up,4.274543539553544,0.08880112475804887
ENSG00000189002,PROSP,1.3182114973366241,0.0018281401158416802,0.3941345919953957,0.020824918740775463,up,4.272279891257388,0.3941345919953957
ENSG00000168936,TMEM129,0.26285793245233097,0.003945723864254862,0.19144948440899368,0.01081539043405247,up,4.267674963351055,0.19144948440899368
ENSG00000136811,ODF2,0.22605732612660437,0.03710878341600566,0.09108667521949865,0.0007249132572354615,up,4.266893433375327,0.09108667521949865
ENSG00000177508,IRX3,0.768309389106116,0.01365082201842447,0.2955059086922869,0.002880081580660515,up,4.266441149355786,0.2955059086922869
ENSG00000168000,BSCL2,0.9340066194808732,0.0010903607238701898,0.13358799737233898,0.032740259030091,up,4.2588580961296785,0.13358799737233898
ENSG00000091482,SMPX,-0.31551744938126086,0.0007293347947913056,-0.0977766508580543,0.04375521945516254,down,-4.255096103300104,0.0977766508580543
ENSG00000225170,RP5-828K20.1,0.27294947924842955,0.0124985285265143,0.45858174002446905,0.0033739272618577183,up,4.254897086231898,0.27294947924842955
ENSG00000226054,MEMO1P1,-0.32160370846367586,0.03374624200398862,-0.2559273064510365,0.0008929430308877227,down,-4.254171066250953,0.2559273064510365
ENSG00000185347,C14orf80,0.464726748522974,0.0040980704650987266,0.3910779522892076,0.011074957336157765,up,4.252560614089451,0.3910779522892076
ENSG00000257337,RP11-983P16.4,0.4895003245791468,0.0023198974894572937,0.12249563722439398,0.01835820851311173,up,4.2522046026344515,0.12249563722439398
ENSG00000054148,PHPT1,0.2650773118300705,0.0039986102205841305,0.29525789783751716,0.011369748136225329,up,4.251771494350672,0.2650773118300705
ENSG00000185453,C19orf68,0.2171323950507366,0.04690525970292159,0.2497600179815295,0.0005401589020478883,up,4.250675929872031,0.2171323950507366
ENSG00000104368,PLAT,0.4692187343390553,0.04573662875579754,0.24754133482906246,0.0005655299320423125,up,4.250062618356458,0.24754133482906246
ENSG00000170946,DNAJC24,-0.2695178052049466,0.02043602615435807,-0.40523749604104736,0.0018702555291622072,down,-4.249501238458274,0.2695178052049466
ENSG00000006530,AGK,-0.22666942045386462,0.008246597094047481,-0.1560999814972448,0.005553211735861557,down,-4.2493694320653335,0.1560999814972448
ENSG00000119280,C1orf198,0.29664621180311723,0.016700598169900292,0.10946142297921999,0.002421968639363788,up,4.248886513307032,0.10946142297921999
ENSG00000159164,SV2A,0.18306757587372302,0.013501061961791195,0.21764350815321226,0.003176360112748044,up,4.247635351354667,0.18306757587372302
ENSG00000015171,ZMYND11,-0.28564066392038673,0.016678070964549867,-0.18962201951474328,0.0024683499156409657,down,-4.245309689319731,0.18962201951474328
ENSG00000108828,VAT1,0.28704845817852387,0.037296712451225615,0.1570744595178285,0.0008082451636774075,up,4.2437761900777495,0.1570744595178285
ENSG00000241975,TCEB1P19,-0.44287469262000984,0.044478249111232916,-0.554381130991606,0.0006228588912428064,down,-4.240024901974563,0.44287469262000984
ENSG00000259448,RP11-16E12.1,0.3710289264436612,0.0011066780028484453,0.15701706357727058,0.03476551579379175,up,4.237692817184138,0.15701706357727058
ENSG00000197601,FAR1,-0.31201607910076273,0.019683614672968464,-0.20287618717758918,0.002117930840389041,down,-4.233655677044987,0.20287618717758918
ENSG00000198205,ZXDA,0.2217588883585793,0.004191850581966181,0.12949693827102493,0.011740733282802401,up,4.232213262995791,0.12949693827102493
ENSG00000214612,RPS19P1,0.41813808439222727,0.007556412555408239,0.4623604487012215,0.0066061622010687516,up,4.229403822783534,0.41813808439222727
ENSG00000182903,ZNF721,-0.33986278297461314,0.0035634680948191436,-0.15728639586763743,0.013693535949533387,down,-4.229347317995339,0.15728639586763743
ENSG00000099326,MZF1,0.31993971843023544,0.001478616132559698,0.14338802308077528,0.02893348886965169,up,4.227403263676578,0.14338802308077528
ENSG00000184619,KRBA2,-0.3141012450939352,0.005200661963451875,-0.4719670096219001,0.009871485968810031,down,-4.224476512777954,0.3141012450939352
ENSG00000231826,AC016735.2,0.24637278621481495,0.010732620877144222,0.3979434547460006,0.004620206655999301,up,4.224213985823098,0.24637278621481495
ENSG00000161542,PRPSAP1,-0.20916408365758618,0.02090376439638204,-0.09074905083410056,0.0020430712821908267,down,-4.223948851925806,0.09074905083410056
ENSG00000267082,CTC-510F12.2,0.24211775631329416,0.04535793297069966,0.21065251775940513,0.0006640183682044359,up,4.221227017227905,0.21065251775940513
ENSG00000099364,FBXL19,0.4003918757667714,0.017535619870343754,0.21601311899288167,0.002643479469354442,up,4.217234103113304,0.21601311899288167
ENSG00000166925,TSC22D4,0.46613180098753915,0.001115145584948241,0.2124854234132301,0.037039630322341616,up,4.217030967462019,0.2124854234132301
ENSG00000110848,CD69,0.46624550256683395,0.039702749404899894,0.5078912252882158,0.0008451750412998922,up,4.215340946283706,0.46624550256683395
ENSG00000119559,C19orf25,0.29997675105327143,0.005265489171164402,0.3106764269789418,0.010200337747914096,up,4.213396892053423,0.29997675105327143
ENSG00000157637,SLC38A10,0.2928563985739007,0.0011880030238255615,0.19629092482662877,0.035869867120727136,up,4.212728271209223,0.19629092482662877
ENSG00000017427,IGF1,0.7035949305458018,0.0019150165507268997,0.25221191184242103,0.024895827668390248,up,4.212490065684782,0.25221191184242103
ENSG00000009954,BAZ1B,-0.16646206936207217,0.011217210277144328,-0.12446824647465403,0.004651601054947258,down,-4.211314941867297,0.12446824647465403
ENSG00000115317,HTRA2,0.23663314731260846,0.008772910133064384,0.13188473561465683,0.00623510517642268,up,4.206026301898192,0.13188473561465683
ENSG00000235559,NOL5BP,0.3996998365695291,0.009751294580982698,0.4664095920110962,0.005596707080313763,up,4.204412668325348,0.3996998365695291
ENSG00000233280,CRYBG3,-0.5079267741640571,0.003064244676378684,-0.7747733409899774,0.017215054845647636,down,-4.204172090060777,0.5079267741640571
ENSG00000141380,SS18,-0.38685135099159373,0.003436253998427071,-0.15073685374992493,0.015695945446653488,down,-4.202517446080023,0.15073685374992493
ENSG00000182175,RGMA,-0.325430169885962,0.02861893084418284,-0.27675269945150094,0.001476632018181963,down,-4.201162291010197,0.27675269945150094
ENSG00000151131,C12orf45,0.3243905649379542,0.006686857939671691,0.1931637531875862,0.008465170392303907,up,4.199159447877886,0.1931637531875862
ENSG00000234912,LINC00338,0.6437163388062069,0.00446418676734149,0.12232609914478021,0.012792658556756039,up,4.195043959749147,0.12232609914478021
ENSG00000131652,THOC6,0.4791320003520107,0.0019150165507268997,0.18089584110789692,0.026616922031643016,up,4.193511576805522,0.18089584110789692
ENSG00000164970,FAM219A,0.2803459243891073,0.0009641127800960009,0.07862815330097524,0.04448751684453597,up,4.192786198202615,0.07862815330097524
ENSG00000136866,ZFP37,0.25334457615676503,0.010338234211407903,0.2179474817835833,0.005512334883436566,up,4.192605387750894,0.2179474817835833
ENSG00000126822,PLEKHG3,0.3346047314357874,0.03236679562699809,0.17485923169422787,0.0012949233834689663,up,4.190853707674011,0.17485923169422787
ENSG00000141524,TMC6,0.41867604423640664,0.02802933126805942,0.33656908878231195,0.0016131604176433368,up,4.188788994518148,0.33656908878231195
ENSG00000010610,CD4,0.6348557267301778,0.007461050849407462,0.20108192286697874,0.008232901289686245,up,4.178811174525954,0.20108192286697874
ENSG00000148400,NOTCH1,0.38630553797177763,0.0019475216879537153,0.17808512251497924,0.027688830421462356,up,4.178543592922277,0.17808512251497924
ENSG00000173334,TRIB1,0.6460969659919573,0.014205371308676995,0.22972240101498848,0.004117331758751922,up,4.175591089112914,0.22972240101498848
ENSG00000172660,TAF15,0.21968134135094358,0.008069616627711312,0.0813151477306322,0.007830374756436184,up,4.171773321179989,0.0813151477306322
ENSG00000197841,ZNF181,-0.27126270286314513,0.01253392521724435,-0.1775768678114092,0.004854774012714987,down,-4.171069042328282,0.1775768678114092
ENSG00000071894,CPSF1,0.4142728688953887,0.001391415082385445,0.18457634240587542,0.036794220858183437,up,4.170393260881916,0.18457634240587542
ENSG00000104884,ERCC2,0.2671035111465167,0.01399680914734776,0.20035586448262424,0.004312161177935939,up,4.168995807016113,0.20035586448262424
ENSG00000176623,RMDN1,-0.29895248057895873,0.0009891567279895106,-0.06632603905846654,0.04758845113587357,down,-4.165774190281814,0.06632603905846654
ENSG00000111737,RAB35,-0.22285877150105582,0.00865387559033291,-0.07822912183061145,0.007556706100168182,down,-4.162706118898864,0.07822912183061145
ENSG00000262454,RP11-65J21.3,0.3538715053100688,0.030749218596395633,0.19871830158588508,0.00159662049193434,up,4.162625879142197,0.19871830158588508
ENSG00000260604,RP1-140K8.5,-0.9026008930746929,0.0070361013261256876,-0.5593623987933768,0.009382341119609321,down,-4.161068804435425,0.5593623987933768
ENSG00000221946,FXYD7,0.23434124714146842,0.012637691373073601,0.3640045288110211,0.005032737737926142,up,4.160723174969344,0.23434124714146842
ENSG00000145214,DGKQ,0.2751607956818078,0.005918425021178695,0.2294617219054058,0.011154816937091897,up,4.160633513679471,0.2294617219054058
ENSG00000255993,PSMC1P9,0.22732037860709486,0.008933641877388045,0.3318413517611229,0.007403142174710187,up,4.159514094624283,0.22732037860709486
ENSG00000224420,ADM5,0.2739155709187077,0.011203147189631047,0.42940117868184724,0.005837675445480208,up,4.158806088522497,0.2739155709187077
ENSG00000267481,CTC-559E9.5,0.277789568298355,0.0019109925255902,0.11520284632733153,0.030501098492162322,up,4.155032822581547,0.11520284632733153
ENSG00000255468,RP11-867G23.8,0.46470651640309174,0.0011091816512870884,0.142429959811945,0.04588437159270659,up,4.152893971668992,0.142429959811945
ENSG00000233527,AC092295.7,0.31778778043138467,0.04026969190957396,0.1639434884463271,0.0011431044000158389,up,4.1497173326400505,0.1639434884463271
ENSG00000113522,RAD50,-0.27625691013002196,0.026184358272497026,-0.15484193336267593,0.002145466035572676,down,-4.147727908161994,0.15484193336267593
ENSG00000243517,RP11-627K11.1,0.29487353086255097,0.03089491914059101,0.37283400762279106,0.0016993530813271549,up,4.147661166749621,0.29487353086255097
ENSG00000241685,ARPC1A,0.20755425523330603,0.03655102019689356,0.12731175455340857,0.0013395507220331751,up,4.146714169420498,0.12731175455340857
ENSG00000181773,GPR3,0.26963162842810545,0.045473140606811596,0.45005901796611403,0.0009610394360830451,up,4.14658089058484,0.26963162842810545
ENSG00000132680,KIAA0907,-0.2701392223981197,0.006711817238085203,-0.1326019204549864,0.010506670514413199,down,-4.144283868389493,0.1326019204549864
ENSG00000158528,PPP1R9A,0.29439148112733643,0.002944943231313732,0.16784840951091173,0.0224195707076721,up,4.141749475461158,0.16784840951091173
ENSG00000260517,RP11-426C22.5,0.2252378611551869,0.048139730100275585,0.46912451847615494,0.0009008623647817379,up,4.141230296172712,0.2252378611551869
ENSG00000066117,SMARCD1,0.31087256080746395,0.0014912809840960533,0.05190131012996161,0.03848731592742484,up,4.141109221813088,0.05190131012996161
ENSG00000232829,GSTO3P,0.29455056067917146,0.014748196213122929,0.3695851623611829,0.0045966505742120484,up,4.140278196369415,0.29455056067917146
ENSG00000076650,GPATCH1,0.23351047329369481,0.02577255290223266,0.08676921110577918,0.0022864723966375343,up,4.138959833095727,0.08676921110577918
ENSG00000230793,SMARCE1P5,0.2349808289444829,0.0019106364162095036,0.24644731765736322,0.03225493514018326,up,4.138641919790738,0.2349808289444829
ENSG00000243859,RPL5P17,0.31795596100648854,0.012744484111632077,0.4155498421525195,0.0055255523098687994,up,4.136264107844514,0.31795596100648854
ENSG00000115159,GPD2,-0.3618377647140276,0.007052338995047697,-0.17360177995663095,0.010402567604575415,down,-4.13442217792133,0.17360177995663095
ENSG00000223877,RP11-2F9.3,1.8018096190886723,0.006202518346336997,0.33996708657938024,0.011872965214796635,up,4.1330302742087275,0.33996708657938024
ENSG00000082515,MRPL22,-0.1782709843789985,0.03729819681183459,-0.12131874464219046,0.001424816475984543,down,-4.127989642936646,0.12131874464219046
ENSG00000100890,KIAA0391,-0.1558834096765286,0.03065432276301326,-0.40761693233998103,0.0019152258249689803,down,-4.125122446977635,0.1558834096765286
ENSG00000271730,RP11-787I22.3,0.2100918749768195,0.022888475417683966,0.2939314433189678,0.00288284287996131,up,4.122175198350561,0.2100918749768195
ENSG00000130695,CEP85,-0.34090213224096794,0.02278897206589136,-0.25897385103870196,0.002993486596747781,down,-4.115296220176718,0.25897385103870196
ENSG00000156253,RWDD2B,-0.34370244485015633,0.005954634826125603,-0.09797183707939859,0.013279728695912511,down,-4.11403485041488,0.09797183707939859
ENSG00000163635,ATXN7,-0.42339533948773694,0.01283071488227714,-0.21243641090007953,0.006208349410814754,down,-4.106684800936963,0.21243641090007953
ENSG00000106546,AHR,-0.41494467390834205,0.040913012788234566,-0.28338152400896016,0.0013774290017774177,down,-4.105966416706655,0.28338152400896016
ENSG00000115129,TP53I3,0.3105928114082685,0.03220858974694085,0.2490313048818036,0.0019514786586805493,up,4.105834477271115,0.2490313048818036
ENSG00000168724,DNAJC21,-0.3355143324265274,0.006243000054206862,-0.10590760582982967,0.013192168891029778,down,-4.104172814137541,0.10590760582982967
ENSG00000146414,SHPRH,-0.19398428053264086,0.037161435175276786,-0.27438869192653825,0.0016157007675437418,down,-4.102589052050446,0.19398428053264086
ENSG00000232600,AC084125.4,0.28685460609832436,0.032847160369876546,0.44522825267821375,0.0019301280483230933,up,4.102089209767875,0.28685460609832436
ENSG00000267119,RPL10P15,0.40147312734439206,0.037241524088019555,0.4174502004579396,0.001626107545965659,up,4.10049690565129,0.40147312734439206
ENSG00000104866,PPP1R37,0.2853170286089325,0.008246597094047481,0.22880981623790128,0.010232913331098076,up,4.099561550033432,0.22880981623790128
ENSG00000247516,MIR4458HG,-0.3690956697768159,0.023688099787739784,-0.2051898170685274,0.003090516945968745,down,-4.096912176796763,0.2051898170685274
ENSG00000270589,RP11-348N5.7,0.24926324232253003,0.01195816324947023,0.2959783175348243,0.007037958580204301,up,4.095768126713412,0.24926324232253003
ENSG00000148399,DPH7,0.21426394205855104,0.005516757099464706,0.11764671844585305,0.015438810934385896,up,4.093587784433702,0.11764671844585305
ENSG00000179588,ZFPM1,0.29976596349223955,0.015731624388505148,0.4158045372024569,0.005232421073231999,up,4.091913353681705,0.29976596349223955
ENSG00000104763,ASAH1,-0.17433970356288228,0.04118771390001589,-0.13904714775221305,0.0014621665190294242,down,-4.091485715795125,0.13904714775221305
ENSG00000237406,NDUFA9P1,0.32180717439418466,0.003141308275484504,0.2514876383617111,0.025509622770961606,up,4.090514484308722,0.2514876383617111
ENSG00000254759,NAP1L1P1,0.30793188611890354,0.004439223372711448,0.2504346999022004,0.019072470393691827,up,4.0902137642489,0.2504346999022004
ENSG00000077312,SNRPA,0.24143442028655906,0.03501312504936077,0.25332810385978355,0.0018701397632199129,up,4.089617327416145,0.24143442028655906
ENSG00000123349,PFDN5,0.25645015891688544,0.005465415887952643,0.17281665819706057,0.01582623735814482,up,4.089594880783307,0.17281665819706057
ENSG00000156218,ADAMTSL3,0.39132761203350463,0.0039011185975160144,0.2759828138737762,0.0217740600306571,up,4.084996463069227,0.2759828138737762
ENSG00000135723,FHOD1,0.22458500408043636,0.049965107011574916,0.1778291052364819,0.0011269250471540944,up,4.084202596501904,0.1778291052364819
ENSG00000030582,GRN,0.2823217961864337,0.022695598388948766,0.2987585360701112,0.0034891946966709793,up,4.082012925745815,0.2823217961864337
ENSG00000188725,SMIM15,-0.21937440940743272,0.030452623214235933,-0.17431925483039393,0.0023771723474662436,down,-4.080569652567091,0.17431925483039393
ENSG00000224825,RP11-171A24.3,-0.4766934989523096,0.01220274906279134,-0.3465990275144915,0.007326460033771941,down,-4.0801033425370825,0.3465990275144915
ENSG00000273230,RP11-1246C19.1,0.22092079599584996,0.005100392618383025,0.14814102143875038,0.017753973741493515,up,4.076461035346098,0.14814102143875038
ENSG00000223382,RP1-65J11.1,0.23463562532698165,0.04076293107444586,0.3393749888616344,0.00159662049193434,up,4.076358760041439,0.23463562532698165
ENSG00000172663,TMEM134,0.2033324250161073,0.009507561008669094,0.2951434420742047,0.009754267003257959,up,4.075286883482042,0.2033324250161073
ENSG00000237836,PHKA2-AS1,0.23409875807556957,0.04227767986457649,0.41524531723018915,0.0015398430464320665,up,4.072401246815611,0.23409875807556957
ENSG00000262089,RP11-589P10.5,0.3593445446674987,0.034782090387425725,0.26283231386266487,0.0020531204368279044,up,4.0719183190789865,0.26283231386266487
ENSG00000113593,PPWD1,0.34637956991348506,0.005865043816701197,0.1292684159299396,0.01594756978499031,up,4.069787080251528,0.1292684159299396
ENSG00000091732,ZC3HC1,0.14963137178430802,0.021580128042880224,0.09463814741647587,0.003930721696732795,up,4.069737350304844,0.09463814741647587
ENSG00000250746,RP11-39C10.1,0.3167080004108319,0.003549063889804297,0.2641319354267379,0.02545828843782791,up,4.062715746324713,0.2641319354267379
ENSG00000270195,RP11-572O17.1,0.25562798593029146,0.01622206365982078,0.3794572586826549,0.005732831072143244,up,4.062003581942215,0.25562798593029146
ENSG00000128951,DUT,0.28193525046242535,0.0026891997160196726,0.11013608652472914,0.032030736260005764,up,4.061788919757527,0.11013608652472914
ENSG00000176894,PXMP2,-0.25968446354920943,0.04824783914020281,-0.2882950490654547,0.0013464758183926876,down,-4.058185861657809,0.25968446354920943
ENSG00000272112,CTB-113P19.5,0.3033804867481771,0.025958379778304237,0.33026225817303584,0.0032842959816701484,up,4.05698367018652,0.3033804867481771
ENSG00000121060,TRIM25,-0.37146966762921085,0.00513418533366326,-0.0998289550964416,0.01899187174834713,down,-4.056838931672133,0.0998289550964416
ENSG00000228791,THRB-AS1,0.16799703121389997,0.03853528270857529,0.25110357668398975,0.0019226314344605547,up,4.054577239105018,0.16799703121389997
ENSG00000262049,RP13-1032I1.7,0.21824281280785315,0.012131991319887472,0.3277638198197622,0.008229905885546378,up,4.053178608236739,0.21824281280785315
ENSG00000231312,AC007246.3,0.2866475002278993,0.010023676415188577,0.09890570496844475,0.010083814366868735,up,4.052876886035966,0.09890570496844475
ENSG00000185619,PCGF3,-0.2623537698657196,0.019928143607879898,-0.11236420566293942,0.004752517761827519,down,-4.049630044256671,0.11236420566293942
ENSG00000240395,RPL5P23,0.36080203178298054,0.0034628285581368174,0.18834114690386722,0.02756861287121685,up,4.046647217347006,0.18834114690386722
ENSG00000074416,MGLL,0.3586998156222262,0.027569239150189453,0.13591810722844097,0.0031884598796280412,up,4.046261580393903,0.13591810722844097
ENSG00000108861,DUSP3,-0.20964045233923376,0.016124379426246664,-0.08653461881713118,0.006177928519470082,down,-4.0460725928806305,0.08653461881713118
ENSG00000119013,NDUFB3,-0.30190901209702264,0.004039638157003352,-0.11046067701110612,0.024514555044104797,down,-4.04373616324483,0.11046067701110612
ENSG00000124216,SNAI1,0.8543882302141701,0.0043275311803713575,0.3046251670135259,0.023198162134631512,up,4.042538223294487,0.3046251670135259
ENSG00000185115,NDNL2,-0.19857750240391428,0.006228624934938135,-0.08054218505377161,0.017098125004716434,down,-4.036046245997996,0.08054218505377161
ENSG00000244701,RP5-894A10.2,0.2849779315900849,0.04067770748312483,0.1778427872971034,0.0019377378919106798,up,4.035859033257772,0.1778427872971034
ENSG00000272086,CTD-2186M15.3,0.3089918924375555,0.002059732609295737,0.1647790338497222,0.04370445540137433,up,4.030314249296498,0.1647790338497222
ENSG00000246263,KB-431C1.4,0.3350967321429725,0.0018397784272074934,0.10794782185881469,0.04828483704167782,up,4.024749032538386,0.10794782185881469
ENSG00000184678,HIST2H2BE,0.25868588986142155,0.009998255128822978,0.1381075952015458,0.011345635614409698,up,4.023835409235097,0.1381075952015458
ENSG00000148120,C9orf3,0.4128646092367416,0.006744461553765684,0.11928897891560966,0.01665464441370551,up,4.023020832906115,0.11928897891560966
ENSG00000233984,RPSAP14,0.3830810505984146,0.027568120167944198,0.37710628726984335,0.0035924947880597957,up,4.019606993730978,0.37710628726984335
ENSG00000177683,THAP5,-0.3211936527093722,0.00875239421390388,-0.18509146015229824,0.013223175988214932,down,-4.018880258111809,0.18509146015229824
ENSG00000155438,NIFK,-0.3086658533086711,0.015387677795053433,-0.10960316873966647,0.0073370700790583495,down,-4.017257189868182,0.10960316873966647
ENSG00000143870,PDIA6,-0.2453638832566943,0.007124977630135318,-0.08923425290731585,0.016264424959627103,down,-4.015810337362924,0.08923425290731585
ENSG00000132004,FBXW9,0.22848604085182514,0.018019293652670236,0.3534862292871052,0.00619273664169238,up,4.0157033131968,0.22848604085182514
ENSG00000266490,CTD-2349P21.9,0.3892603410557354,0.005135196866857098,0.18090443333049655,0.022124685236513977,up,4.014947843534025,0.18090443333049655
ENSG00000122390,NAA60,-0.2940314841036515,0.014074471467684927,-0.17701424900792864,0.008204909851244904,down,-4.0141805861652395,0.17701424900792864
ENSG00000235105,RP11-329A14.1,-0.23760893005731953,0.0398295043372845,-0.43974225568984826,0.0022260694478206913,down,-4.012830827933839,0.23760893005731953
ENSG00000170412,GPRC5C,0.24196818654498398,0.04976551079299515,0.2783909408306811,0.0016389466674554282,up,4.007187008068812,0.24196818654498398
ENSG00000204444,APOM,0.24057013340781497,0.018637974130446676,0.19832739866578092,0.006217341639948119,up,4.005135429395883,0.19832739866578092
ENSG00000106638,TBL2,0.287714704464689,0.005299231141323282,0.09998847374572077,0.0224326043884395,up,4.003379932479056,0.09998847374572077
ENSG00000100109,TFIP11,-0.2552952242321979,0.01590586118284333,-0.0792709861093513,0.007486650610584887,down,-4.002825270991583,0.0792709861093513
ENSG00000184060,ADAP2,-0.5093076234047009,0.014610978295882867,-0.16763626852421168,0.008266814580394922,down,-4.002096465759725,0.16763626852421168
ENSG00000109756,RAPGEF2,-0.3376197950810206,0.011979839048714117,-0.21637946939573985,0.01035077225701276,down,-3.9993483406616392,0.21637946939573985
ENSG00000248180,GAPDHP60,0.26591396389527794,0.0022864873150079262,0.22480482608593566,0.04486262444685669,up,3.9982814588811677,0.22480482608593566
ENSG00000100749,VRK1,0.32809271127651785,0.007315559919425154,0.0942362464734399,0.01723971091049604,up,3.993509641174422,0.0942362464734399
ENSG00000152465,NMT2,-0.21669470257762677,0.0436660090346844,-0.10764603494755308,0.0022045601587473173,down,-3.9860094370489128,0.10764603494755308
ENSG00000177410,ZFAS1,0.4974308854979129,0.0029108731558926534,0.17119405982123037,0.038974139008099255,up,3.9849216536688963,0.17119405982123037
ENSG00000134909,ARHGAP32,-0.23068757701939194,0.01613160219948003,-0.2166923123173044,0.007935990519726549,down,-3.984571769784582,0.2166923123173044
ENSG00000103363,TCEB2,0.24870220164902224,0.0029111924799769284,0.2923226419749721,0.03936090471656998,up,3.9817637068050806,0.24870220164902224
ENSG00000164087,POC1A,-0.17313871211424775,0.038897694555179274,-0.22647281864822874,0.002671945008206678,down,-3.980223142855217,0.17313871211424775
ENSG00000146066,HIGD2A,0.3293876547347101,0.0026525774734175696,0.17241366430131588,0.04252306420225267,up,3.9802164934060196,0.17241366430131588
ENSG00000156026,MCU,-0.22640653707210334,0.030371819369834296,-0.13339762156627577,0.0037792087505315397,down,-3.978911805140272,0.13339762156627577
ENSG00000125814,NAPB,0.184841857668383,0.04281521902673603,0.12430780976322961,0.0023680123117091672,up,3.976284745642673,0.12430780976322961
ENSG00000237975,FLG-AS1,0.34898359630823095,0.021357008616594737,0.3207706428326661,0.006066581455727615,up,3.9720826183416267,0.3207706428326661
ENSG00000154511,FAM69A,-0.3440390307972292,0.010368619760630823,-0.14172502874431359,0.013429778734304197,down,-3.970435615979643,0.14172502874431359
ENSG00000204463,BAG6,0.18670269148018537,0.005207208010761105,0.08621770402096988,0.025805652549149117,up,3.968640307911821,0.08621770402096988
ENSG00000237887,RPL23AP32,0.27128436884222296,0.021283881498763247,0.4852466594781138,0.0062082754716180555,up,3.9673598956144374,0.27128436884222296
ENSG00000256973,RP11-359J14.2,-0.39394747357513765,0.004462015501162677,-0.4981647975706996,0.029600152077844732,down,-3.9663702090800386,0.39394747357513765
ENSG00000120137,PANK3,-0.40297785567451405,0.010338234211407903,-0.23763412874324907,0.01380726214028418,down,-3.9639331165575036,0.23763412874324907
ENSG00000260992,DOCK9-AS2,0.26562655719619477,0.010055841357039024,0.2052204700666685,0.014207491638143787,up,3.9636731661540803,0.2052204700666685
ENSG00000270876,CTC-523E23.8,0.3494127127862888,0.0026532565721401023,0.26798491047491185,0.04496406704177285,up,3.9628116034419194,0.26798491047491185
ENSG00000187650,VMAC,0.2788217580115422,0.003549063889804297,0.12109116419525517,0.0360148018363922,up,3.9619625648995367,0.12109116419525517
ENSG00000237499,RP11-356I2.4,0.2682998272337246,0.024121257920342108,0.2246294222394296,0.00551193045942633,up,3.9597259084509773,0.2246294222394296
ENSG00000229598,PRDX3P1,-0.17096067274922802,0.045083046437406515,-0.401940335462585,0.0023767575034709452,down,-3.959152486500617,0.17096067274922802
ENSG00000159658,EFCAB14,-0.21182475457305452,0.025844181888053576,-0.13386753588086486,0.005095619147367192,down,-3.9579300876784695,0.13386753588086486
ENSG00000147394,ZNF185,0.26867994637921905,0.009560351346326918,0.13699485968086839,0.015491370059930645,up,3.954466941891065,0.13699485968086839
ENSG00000108176,DNAJC12,-0.3330966008462939,0.021822660275570227,-0.16985580962110008,0.006364085357019282,down,-3.9539502264589816,0.16985580962110008
ENSG00000225125,RANP4,0.41826556800859843,0.013508619887405643,0.32658710324632173,0.01090716316358556,up,3.9536776466939707,0.32658710324632173
ENSG00000165688,PMPCA,0.15114329620875214,0.011260010712496805,0.14453630517318627,0.01323848777259131,up,3.9534936610108646,0.14453630517318627
ENSG00000232389,RP11-134K13.2,0.27808779937062117,0.0031774535447490876,0.19561489148305292,0.040458761033531764,up,3.9528708260265657,0.19561489148305292
ENSG00000163673,DCLK3,-0.3528254477660696,0.02801159736708292,-0.32873945835571106,0.004730255981907175,down,-3.9517172004038916,0.32873945835571106
ENSG00000140396,NCOA2,-0.3635016240022685,0.009509154683314106,-0.23978032725396164,0.015851842350218595,down,-3.9497818005571714,0.23978032725396164
ENSG00000087365,SF3B2,0.23069014209098862,0.017472306399160083,0.07758493000853793,0.00842947132232059,up,3.9483698827007414,0.07758493000853793
ENSG00000130731,C16orf13,0.19727053633215097,0.021305958317869602,0.3582592638150303,0.006731111962204818,up,3.9474235955788375,0.19727053633215097
ENSG00000213553,RPLP0P6,-0.27989098499922,0.04039550089754566,-0.28168724567721765,0.002962101787131521,down,-3.9459336560191396,0.27989098499922
ENSG00000138398,PPIG,-0.3177867538583887,0.016237195998606797,-0.11835489198796983,0.009295630906537239,down,-3.9436450313506395,0.11835489198796983
ENSG00000158270,COLEC12,0.3543805989676129,0.026071048682802415,0.2145726309229696,0.0053660781912894095,up,3.9429553757787157,0.2145726309229696
ENSG00000099795,NDUFB7,0.20028673471097785,0.014758272565746477,0.4414630553954309,0.010371872890767755,up,3.942742282630071,0.20028673471097785
ENSG00000227285,RP3-327A19.5,0.4544667685765977,0.0042443107301410096,0.17464660374530502,0.03350875938833179,up,3.94244841033844,0.17464660374530502
ENSG00000115504,EHBP1,-0.25770152881806896,0.04887602996643784,-0.17868354504845088,0.002295922251559444,down,-3.941073986482178,0.17868354504845088
ENSG00000008382,MPND,0.22306306022552447,0.015452838526914106,0.28276624154721636,0.010142986074088483,up,3.9355711576441634,0.22306306022552447
ENSG00000258763,RP11-110A12.2,-0.7371395600841203,0.0062916455806799115,-0.38060068306751077,0.024977794956281472,down,-3.929827898629964,0.38060068306751077
ENSG00000149532,CPSF7,0.1958480337365953,0.013458448472715268,0.08959245171513798,0.012047181258742422,up,3.9294409561314256,0.08959245171513798
ENSG00000168386,FILIP1L,0.5133935645057807,0.004812082366484492,0.22503559255858263,0.0316228453664386,up,3.9288087541007184,0.22503559255858263
ENSG00000113300,CNOT6,-0.2917536385680982,0.009974961450398598,-0.12027167168821494,0.016654123509391532,down,-3.923908803721436,0.12027167168821494
ENSG00000224680,PLA2G12AP1,-0.2215087903404994,0.011843917276449456,-0.2851541420017523,0.01406398728265015,down,-3.923780373851067,0.2215087903404994
ENSG00000231369,RP1-40G4P.1,0.3144069121820207,0.021890994649848006,0.21026169148038432,0.007212451988044073,up,3.922582132158355,0.21026169148038432
ENSG00000143951,WDPCP,0.27909545723578827,0.007039168534462782,0.1294389867520114,0.02322251088477954,up,3.9218637972962203,0.1294389867520114
ENSG00000131061,ZNF341,0.22487136826875562,0.008910446533193499,0.1491465271811507,0.01873329168776286,up,3.921618786609833,0.1491465271811507
ENSG00000076864,RAP1GAP,-0.35354462904506084,0.04607972549884131,-0.2626671224681887,0.002762947018522703,down,-3.9192959678266157,0.2626671224681887
ENSG00000138080,EMILIN1,0.5322379976827859,0.02252243677567789,0.35604121399190086,0.007084907917472266,up,3.918857405902549,0.35604121399190086
ENSG00000107077,KDM4C,-0.2698847266486463,0.0058320926714243776,-0.11317384087136441,0.027871378105305007,down,-3.918184148449203,0.11317384087136441
ENSG00000251141,RP11-53O19.1,0.40756154215384316,0.04503476231397686,0.1919025705207018,0.0029053756378983487,up,3.9159022071811065,0.1919025705207018
ENSG00000115425,PECR,-0.47520321316129444,0.004164812658967705,-0.14806663209264515,0.03722932599544785,down,-3.9155582891702068,0.14806663209264515
ENSG00000198521,ZNF43,-0.30243629425425167,0.008371127245724207,-0.1525239640876929,0.020419818965875764,down,-3.913932220388147,0.1525239640876929
ENSG00000213689,TREX1,0.3868893973286796,0.008160126328809105,0.2600659219311797,0.020975924263673687,up,3.9130080099811653,0.2600659219311797
ENSG00000073614,KDM5A,-0.2874992932202204,0.022845931205688865,-0.14481291686671585,0.0071391883156881955,down,-3.912679687657026,0.14481291686671585
ENSG00000141837,CACNA1A,0.40891986991947893,0.016425140828372133,0.19053187509278605,0.010385784019006559,up,3.912520517832674,0.19053187509278605
ENSG00000007866,TEAD3,0.30480941240984244,0.012248403408736295,0.10204993044691334,0.014393439904619505,up,3.9078786505495278,0.10204993044691334
ENSG00000145979,TBC1D7,0.3049227978309568,0.03069399200318112,0.16542548497066994,0.005071182355132232,up,3.9077955485083113,0.16542548497066994
ENSG00000005700,IBTK,-0.25157013706533593,0.045404829694521996,-0.17306442005599965,0.0029927400843644918,down,-3.906672337749515,0.17306442005599965
ENSG00000146425,DYNLT1,0.281918452232191,0.015361519123825437,0.12834210464349446,0.011543332146181376,up,3.9048183717338194,0.12834210464349446
ENSG00000272416,CTD-2081C10.7,0.3063575744325835,0.028301390801901104,0.21041578338833775,0.0057480972025936205,up,3.9031283419878644,0.21041578338833775
ENSG00000072682,P4HA2,-0.2557484213753019,0.009368821883138916,-0.12116508191437807,0.01913403615320155,down,-3.9029110014656414,0.12116508191437807
ENSG00000159459,UBR1,0.29190264751708,0.01733449861162558,0.20839349851073036,0.010231000278977418,up,3.902051970408003,0.20839349851073036
ENSG00000273188,RP3-402G11.25,0.2235758042831586,0.048627916455159445,0.42167386700573134,0.002833221117934267,up,3.896822602833934,0.2235758042831586
ENSG00000067704,IARS2,-0.17886408303299992,0.028504912777525784,-0.11128810777473232,0.005947325870603775,down,-3.8929031260216953,0.11128810777473232
ENSG00000110057,UNC93B1,0.45368727881856985,0.015730654186817097,0.2716122519051677,0.011910375601799361,up,3.889824091043484,0.2716122519051677
ENSG00000231652,RP11-553A21.3,-0.22137103890680238,0.019909535072156023,-0.3215764890659754,0.009385189414460843,down,-3.8856147508246615,0.22137103890680238
ENSG00000174886,NDUFA11,0.17244865914975532,0.023247524267192773,0.39326119983061064,0.007841361976904507,up,3.8846265918716845,0.17244865914975532
ENSG00000261069,SNORD116-20,-0.969471002506566,0.005823975329912448,-0.4943568660986586,0.031586867834181694,down,-3.8820798485129115,0.4943568660986586
ENSG00000179886,TIGD5,0.292794850426398,0.00794117147313861,0.27452343615904723,0.02423198307511079,up,3.8802930153570605,0.27452343615904723
ENSG00000062598,ELMO2,-0.20333772808530934,0.007439829423092165,-0.11373818521125004,0.025789208007525603,down,-3.8790228290894144,0.11373818521125004
ENSG00000198125,MB,0.2499991585745397,0.03757621343606046,0.15031332588760887,0.004420040389442894,up,3.8778254047845673,0.15031332588760887
ENSG00000223509,RP11-632K20.7,-0.7851179536106003,0.01566054452280967,-0.40061945873940447,0.012975543101625579,down,-3.868999251616207,0.40061945873940447
ENSG00000186462,NAP1L2,0.38243821433583847,0.005493518029741401,0.1823821079253917,0.03469829234397853,up,3.868865724781398,0.1823821079253917
ENSG00000177697,CD151,0.46545272064610477,0.005027119024147625,0.18470316287734037,0.037428958126869166,up,3.868647989594489,0.18470316287734037
ENSG00000109819,PPARGC1A,-0.46421288494770563,0.005941999528992083,-0.13461519100910457,0.03264115728815517,down,-3.867257940598869,0.13461519100910457
ENSG00000260822,GS1-358P8.4,0.3646265730991294,0.02341853587627157,0.10944072455787157,0.008355278757524618,up,3.867013634498279,0.10944072455787157
ENSG00000109184,DCUN1D4,-0.272672572935325,0.04974641349822214,-0.14491976566343648,0.003147622805752732,down,-3.866169142703439,0.14491976566343648
ENSG00000220583,RPL35P2,0.3360280794984968,0.006421625813008461,0.25677576794315693,0.030791800781567884,up,3.865168899601403,0.25677576794315693
ENSG00000185915,KLHL34,0.41238199032374895,0.0169303402728493,0.3675128846049639,0.012189965990971701,up,3.8636007395434038,0.3675128846049639
ENSG00000168397,ATG4B,0.3048578682968983,0.004101501233740396,0.13524155513209135,0.045216702288531856,up,3.859848684511244,0.13524155513209135
ENSG00000079332,SAR1A,-0.16034788644090034,0.02063006206385582,-0.06559336492850852,0.010030089455807438,down,-3.8583162172979617,0.06559336492850852
ENSG00000104299,INTS9,-0.28664084143064494,0.005425440484257575,-0.05656510114912868,0.03713597748834364,down,-3.852056611458844,0.05656510114912868
ENSG00000184207,PGP,-0.1930726520325592,0.018892773595606763,-0.24625026042712295,0.011548100790041345,down,-3.8478221971884996,0.1930726520325592
ENSG00000116741,RGS2,0.7021601601867943,0.03207127573792609,0.24811503925910164,0.006222002365198909,up,3.845887748470657,0.24811503925910164
ENSG00000180801,ARSJ,0.43732457255009716,0.04412090020197162,0.3432758413852226,0.004132458992784576,up,3.8430629920279733,0.3432758413852226
ENSG00000198947,DMD,-0.34885561409435795,0.011514749402686804,-0.24915904934405025,0.019585406778453548,down,-3.8428190667408253,0.24915904934405025
ENSG00000135148,TRAFD1,0.3846076491669818,0.004482513913435933,0.09905187927386151,0.04462050255058036,up,3.842697124682832,0.09905187927386151
ENSG00000198740,ZNF652,0.318766935733548,0.006289382857251079,0.07249369799628988,0.03387002449321166,up,3.8423064439522077,0.07249369799628988
ENSG00000144395,CCDC150,0.3800271858980895,0.024343754284998603,0.2025328176773689,0.008868627206548794,up,3.8412712872200223,0.2025328176773689
ENSG00000182117,NOP10,-0.219254740781499,0.012342317645581285,-0.15630523393601328,0.018361043093416032,down,-3.841183373931812,0.15630523393601328
ENSG00000167535,CACNB3,0.4917140998156279,0.006926045975672392,0.12012321387715563,0.03143753556598603,up,3.8398205708390853,0.12012321387715563
ENSG00000135913,USP37,-0.20878086653566788,0.03530845103708964,-0.16466819425556975,0.00576183397523739,down,-3.834944649861663,0.16466819425556975
ENSG00000072518,MARK2,-0.17591885402780155,0.0382320410048552,-0.11620922403580271,0.005242209316207153,down,-3.8329249363793396,0.11620922403580271
ENSG00000136854,STXBP1,0.25251203269206207,0.010128840675874757,0.07247390287585317,0.022932400296804288,up,3.8325710969715137,0.07247390287585317
ENSG00000176476,CCDC101,0.3214607864711052,0.00880264568140962,0.20555953956676729,0.026300860521879712,up,3.8311974785187215,0.20555953956676729
ENSG00000227232,WASH7P,0.28783753038208065,0.027816856717381842,0.33568574208960467,0.008078689838457893,up,3.825796926937371,0.28783753038208065
ENSG00000129219,PLD2,0.4540818332806936,0.024121257920342108,0.11950038926032881,0.009673306104385349,up,3.8223005979522418,0.11950038926032881
ENSG00000241081,RP11-488C13.1,0.3529422311332851,0.020491698843191873,0.2506661128195213,0.011661572298802856,up,3.8222255634925357,0.2506661128195213
ENSG00000121797,CCRL2,0.4551065971830815,0.00949013532625699,0.1446725773498622,0.025675804642744462,up,3.8186178007396845,0.1446725773498622
ENSG00000130312,MRPL34,-0.27748195028522055,0.00886165703324265,-0.18298195178954732,0.027352532449112215,down,-3.8184605839388652,0.18298195178954732
ENSG00000160767,FAM189B,-0.2517197202695445,0.005435633926441863,-0.13784349369455526,0.041451095593869294,down,-3.8184051839130544,0.13784349369455526
ENSG00000108107,RPL28,0.32559208034383574,0.010930567151445317,0.2825533430045899,0.02279466700028374,up,3.815152235944574,0.2825533430045899
ENSG00000111206,FOXM1,-0.4091647370732856,0.012236786088755664,-0.3567785502002433,0.02041965449774043,down,-3.814395655456704,0.3567785502002433
ENSG00000088881,EBF4,0.40075623357828316,0.008968522553315442,0.17128237547412914,0.02751879641145247,up,3.8137330688960374,0.17128237547412914
ENSG00000246090,RP11-696N14.1,0.3600766522815386,0.008702171047693235,0.1614344868319071,0.028429358201530364,up,3.8119772460216166,0.1614344868319071
ENSG00000184601,C14orf180,0.5041906754481233,0.0052995709441617045,0.2433931095947286,0.04332709961440073,up,3.8117433200473667,0.2433931095947286
ENSG00000241878,PISD,0.23041068053843072,0.013474995153634468,0.0948909755919563,0.018790310313052068,up,3.811597477669763,0.0948909755919563
ENSG00000115255,REEP6,0.2916392254147361,0.040720185618057146,0.3738178410830775,0.0053438269267455495,up,3.8087611318693964,0.2916392254147361
ENSG00000115875,SRSF7,0.31281078790339684,0.0058459537825598,0.07103421323418538,0.04042706057998458,up,3.8077042613072725,0.07103421323418538
ENSG00000272994,RP11-332H14.2,0.16174684396239328,0.02282196055293137,0.14201151642326873,0.011037877065927227,up,3.804641443194063,0.14201151642326873
ENSG00000120053,GOT1,-0.2106270425551192,0.03225774862577751,-0.14500283732521224,0.0073529891312035444,down,-3.803408479567228,0.14500283732521224
ENSG00000183617,MRPL54,0.318176664724118,0.014055411152824857,0.2575939756834712,0.018870246523979013,up,3.799389509600715,0.2575939756834712
ENSG00000273343,XXbac-B444P24.13,0.3098925796683119,0.005580662569868524,0.24496057891408327,0.04366178706109525,up,3.795502435128236,0.24496057891408327
ENSG00000206417,H1FX-AS1,0.3587423545266001,0.04306675145838705,0.2615043203456222,0.005283090377749867,up,3.7935981014259954,0.2615043203456222
ENSG00000147231,CXorf57,0.34005871875911914,0.043714143821751386,0.25806500141438976,0.005281237215674232,up,3.7890940700751665,0.25806500141438976
ENSG00000080709,KCNN2,-0.2670556202846469,0.04243170207719597,-0.2051065932751784,0.005678396663655752,down,-3.781540661805283,0.2051065932751784
ENSG00000172273,HINFP,0.23992169710915676,0.015810477381336212,0.07357919149497039,0.018235391662818623,up,3.7760167093549617,0.07357919149497039
ENSG00000135940,COX5B,0.2308783226560555,0.009236363539340079,0.18234659834880584,0.03080087577633104,up,3.7733551816535815,0.18234659834880584
ENSG00000173621,LRFN4,0.36170880659265076,0.03711520900079133,0.4426593039947579,0.007080002211331926,up,3.770345961142339,0.36170880659265076
ENSG00000155640,C10orf12,-0.13914141704701258,0.03224938077501791,-0.22860681033733815,0.008488344647139405,down,-3.768080358484229,0.13914141704701258
ENSG00000251459,RP11-319E12.2,-0.28528866932748975,0.015907731619869702,-0.3321349721375167,0.018952562046797884,down,-3.763757579102437,0.28528866932748975
ENSG00000058091,CDK14,-0.46165003411849237,0.02205696013277929,-0.16948439219524228,0.013448961232966765,down,-3.763490665529406,0.16948439219524228
ENSG00000115649,CNPPD1,0.20341377519612772,0.012415038368816298,0.11119301873241161,0.02572068136669489,up,3.746619261358615,0.11119301873241161
ENSG00000189159,HN1,-0.4387134547816522,0.006587623515408347,-0.1772566801219321,0.04519666399878028,down,-3.7434428308270955,0.1772566801219321
ENSG00000163818,LZTFL1,-0.298587257993616,0.01597587186634255,-0.1166016133532039,0.020370619918469682,down,-3.7428150730720944,0.1166016133532039
ENSG00000006114,SYNRG,-0.2698284360370893,0.007061203664538376,-0.11933362895321913,0.04291750336892232,down,-3.7422391480540207,0.11933362895321913
ENSG00000157570,TSPAN18,0.33130835987171087,0.008614212913583325,0.09650255043844004,0.03638899359456433,up,3.7420697952117994,0.09650255043844004
ENSG00000100908,EMC9,0.24147452082555007,0.010169388899906252,0.2229444625399414,0.03159459046410544,up,3.740323812230682,0.2229444625399414
ENSG00000106266,SNX8,0.2424414764301272,0.03611683849963413,0.18275712678954883,0.008495466935172065,up,3.73354105448835,0.18275712678954883
ENSG00000168453,HR,0.37457485178595057,0.03132857107405951,0.26297303918174453,0.01011796194745444,up,3.7329630000227283,0.26297303918174453
ENSG00000112367,FIG4,-0.24108826399877897,0.030321264163569384,-0.07674459697574589,0.010736085700291052,down,-3.7288124972308703,0.07674459697574589
ENSG00000156463,SH3RF2,-0.40749894963217165,0.023445124474250054,-0.22887639321779385,0.014599230301711076,down,-3.724172885669112,0.22887639321779385
ENSG00000204264,PSMB8,0.29542642673530217,0.04793046834113139,0.16770409042415416,0.006242601181926002,up,3.7196433109047926,0.16770409042415416
ENSG00000100147,CCDC134,-0.3022653101675903,0.030915203623014267,-0.17815710213902697,0.010868641836095561,down,-3.7190668711586428,0.17815710213902697
ENSG00000188994,ZNF292,-0.3410172468657768,0.018062224454443405,-0.19086735230162716,0.019707751147888232,down,-3.718992487321034,0.19086735230162716
ENSG00000197774,EME2,0.3094387764408715,0.022314819574070523,0.19219341651502955,0.016308682132648168,up,3.709281320956782,0.19219341651502955
ENSG00000196357,ZNF565,-0.18324679002806793,0.028008654958204145,-0.09919543362504275,0.012738676451420763,down,-3.708920758525098,0.09919543362504275
ENSG00000122873,CISD1,-0.16427788130141868,0.016124379426246664,-0.10669404407336637,0.022867798061232344,down,-3.708576658422006,0.10669404407336637
ENSG00000182307,C8orf33,0.17853245465977546,0.03326995503890972,0.06800900573423926,0.010398410720129135,up,3.7074998286803975,0.06800900573423926
ENSG00000232176,RP11-146N23.1,0.2380340411489705,0.012699026917375072,0.23663819092551652,0.02931219462946313,up,3.7035273669223883,0.23663819092551652
ENSG00000166188,ZNF319,0.21882553340781694,0.012151824599363745,0.08374273173937151,0.030923403914119896,up,3.699975197298347,0.08374273173937151
ENSG00000187815,ZFP69,0.22980875450142998,0.032775826139769856,0.11568366068747471,0.010983237849338589,up,3.698658623226187,0.11568366068747471
ENSG00000137691,C11orf70,0.27103549215702094,0.047103020425479515,0.24568747642121533,0.0070085375309826845,up,3.6971911686329584,0.24568747642121533
ENSG00000234229,RP11-308N19.4,-0.42030749426028075,0.025877028293026735,-0.310404784401512,0.01465867457539641,down,-3.6948209675651635,0.310404784401512
ENSG00000269067,ZNF728,-0.3257484935137802,0.011720952327604598,-0.4829458059506772,0.03298676537126608,down,-3.691239359222531,0.3257484935137802
ENSG00000273265,RP11-353K11.1,0.3759401842749878,0.02345947470328175,0.18389488507583723,0.016935611605557132,up,3.6845244494973186,0.18389488507583723
ENSG00000272420,RP4-740C4.7,0.2744753536368176,0.03940665166869508,0.24455345941577697,0.00982242664922522,up,3.670465590440794,0.24455345941577697
ENSG00000137513,NARS2,-0.2549350082389026,0.00884687289723173,-0.09473327060736658,0.04510504031062683,down,-3.6699266658584064,0.09473327060736658
ENSG00000135917,SLC19A3,-0.44763901745699175,0.023607123081836375,-0.5023840184923711,0.01786742843048601,down,-3.6684510468279297,0.44763901745699175
ENSG00000242337,TFP1,0.23585062611104335,0.014407032233230806,0.24288546642817008,0.029624193236677504,up,3.6667105017410635,0.23585062611104335
ENSG00000032219,ARID4A,-0.32098319744362797,0.024743856547162147,-0.17817513856809467,0.017450090139123426,down,-3.6615696076353776,0.17817513856809467
ENSG00000185112,FAM43A,0.4543383137407532,0.04013140577742378,0.21493607537360265,0.010079289736507797,up,3.658574364928939,0.21493607537360265
ENSG00000125246,CLYBL,0.2631085423767771,0.03080636877687057,0.14925944107065856,0.01380944812911177,up,3.6582177612867364,0.14925944107065856
ENSG00000170231,FABP6,-0.5275958309911852,0.039132419075923186,-0.36047536277849856,0.010763067215082,down,-3.6497102086558333,0.36047536277849856
ENSG00000090565,RAB11FIP3,0.2609868327798746,0.02214496120200496,0.11143197853275724,0.020541302587779846,up,3.6491595324859154,0.11143197853275724
ENSG00000263391,AL512428.1,1.5653053645392798,0.04244421308006496,0.37988197750559344,0.009754793205285293,up,3.648807964520148,0.37988197750559344
ENSG00000248626,GAPDHP40,0.20208158627653933,0.03250053097860911,0.2537831862725046,0.01344677615444922,up,3.648793567909458,0.20208158627653933
ENSG00000182534,MXRA7,0.2477229932464661,0.029040748565468878,0.1378790497095251,0.015861603450628356,up,3.6399375036432593,0.1378790497095251
ENSG00000176919,C8G,0.42852190572620974,0.03645259760845166,0.44177553259964764,0.012244001865033768,up,3.6384974217805413,0.42852190572620974
ENSG00000177459,C8orf47,0.47585660562024057,0.044741223119776186,0.26314780755749123,0.009844364329603512,up,3.630023763022038,0.26314780755749123
ENSG00000100650,SRSF5,0.2482886601507643,0.021930212480388275,0.10575648851969328,0.02275615908811353,up,3.6238045699091277,0.10575648851969328
ENSG00000237989,AP001046.5,0.3024217157907185,0.027654376227783706,0.22728278916048544,0.017862289968190243,up,3.6231885086915447,0.22728278916048544
ENSG00000203724,C1orf53,0.378109937370424,0.014462848441740051,0.18187797964450408,0.03491060211103345,up,3.6175072766697296,0.18187797964450408
ENSG00000196792,STRN3,-0.2301212903720547,0.03880275092155255,-0.19489406206803356,0.012443786082560105,down,-3.6154627180360825,0.19489406206803356
ENSG00000120555,SEPT7P9,0.2951302043963885,0.048490689670156954,0.22964121979441843,0.009421909738632968,up,3.6152636792512065,0.22964121979441843
ENSG00000204959,ARHGEF34P,-0.16589714576262668,0.036608657930385834,-0.2907136652544279,0.01344677615444922,down,-3.6126859118820382,0.16589714576262668
ENSG00000110497,AMBRA1,0.18521453098295637,0.027944733244597175,0.0729746625060108,0.018369904012188264,up,3.6125379066379897,0.0729746625060108
ENSG00000116685,KIAA2013,0.1609922155018676,0.015520902879165917,0.14376414299744222,0.03363153850149078,up,3.6091800989415432,0.14376414299744222
ENSG00000141736,ERBB2,-0.2976275865854783,0.0138775755591991,-0.10427895599519023,0.037546533334335504,down,-3.606985177602817,0.10427895599519023
ENSG00000074621,SLC24A1,0.2943988362162115,0.029288922691750787,0.1389474861116228,0.01797191886204736,up,3.6038494512211194,0.1389474861116228
ENSG00000075151,EIF4G3,-0.23437171680544014,0.02225537445248178,-0.1607015413854112,0.02410122957282742,down,-3.6036299486601164,0.1607015413854112
ENSG00000099899,TRMT2A,0.19666734780372216,0.02939914399008279,0.21078636876229107,0.01818319147291966,up,3.599622178291441,0.19666734780372216
ENSG00000269942,RP11-29B2.5,0.210398914729666,0.04621892997410174,0.24207189420138492,0.010782140540000503,up,3.5965426876009814,0.210398914729666
ENSG00000271109,CTC-523E23.11,0.32844389532112034,0.04376825142239752,0.2162941299136753,0.011966250814823758,up,3.587578869358335,0.2162941299136753
ENSG00000225873,LINC00694,0.4103730401229282,0.013014984014311304,0.2954731345327625,0.04243407910724448,up,3.5870821516322846,0.2954731345327625
ENSG00000184227,ACOT1,0.5603711497644475,0.011070283201291343,0.1844914241929249,0.04950243854100059,up,3.5830220664730974,0.1844914241929249
ENSG00000158882,TOMM40L,-0.15978664370258944,0.023078040084937364,-0.0970983826737755,0.025165092848595562,down,-3.580997897482385,0.0970983826737755
ENSG00000083457,ITGAE,0.23016691865514288,0.048944720113796185,0.17336826585558604,0.010734482331683514,up,3.579535416209177,0.17336826585558604
ENSG00000171130,ATP6V0E2,0.36667944576117684,0.012136222518715826,0.197511520915282,0.04620620874899345,up,3.5794111066186525,0.197511520915282
ENSG00000231666,RP11-404O13.1,-0.23534108491486053,0.0338307224370282,-0.3492802447346762,0.0167685723744433,down,-3.578597974244093,0.23534108491486053
ENSG00000132837,DMGDH,-0.3085336306784348,0.016815526438065692,-0.17867393457097372,0.03641129948822691,down,-3.563099936198023,0.17867393457097372
ENSG00000174276,ZNHIT2,0.2444318174870073,0.015225807323482268,0.41069604248450237,0.040565735098159486,up,3.5584292341017147,0.2444318174870073
ENSG00000233334,FAM53B-AS1,-0.36399076085479093,0.03193834138670545,-0.2572058445835004,0.019409705613372474,down,-3.556357215682828,0.2572058445835004
ENSG00000182909,LENG9,0.19588463808918938,0.04509504362548935,0.29757061811452445,0.013127900854869182,up,3.5539758243292554,0.19588463808918938
ENSG00000205138,SDHAF1,0.24219666153778746,0.014819486985675956,0.20715505437161316,0.042448633235999844,up,3.552368901565257,0.20715505437161316
ENSG00000102048,ASB9,0.5002914698367997,0.014827332791169066,0.20464652149465695,0.04259183261517913,up,3.5510984905105345,0.20464652149465695
ENSG00000136449,MYCBPAP,0.27454011349856233,0.022431963018310356,0.19417331013139658,0.029218617511327084,up,3.5469352143003503,0.19417331013139658
ENSG00000177406,RP11-218M22.1,0.33497154703437826,0.02998259799104091,0.11826932052671293,0.022032418057979078,up,3.541661036066438,0.11826932052671293
ENSG00000029725,RABEP1,-0.2387459013493448,0.015814089466053644,-0.07932545021038874,0.041451095593869294,down,-3.5412833615354433,0.07932545021038874
ENSG00000085719,CPNE3,-0.2590261711221714,0.022178996437583313,-0.1343634533316479,0.030287511425270742,down,-3.539869028632295,0.1343634533316479
ENSG00000112218,GPR63,0.1952025129432939,0.01741708913069276,0.23139037188867842,0.038739728455902386,up,3.53567807496114,0.1952025129432939
ENSG00000163453,IGFBP7,0.2440961705592846,0.04376825142239752,0.086404014600562,0.01459093658564034,up,3.5356485910109203,0.086404014600562
ENSG00000183808,RBM12B,-0.3734785930051579,0.019659173263522747,-0.19566621367055864,0.03478169748984374,down,-3.5344874894922382,0.19566621367055864
ENSG00000163946,FAM208A,-0.262432881257842,0.035479560017567455,-0.11569004543001425,0.01927264699908259,down,-3.526313043847612,0.11569004543001425
ENSG00000100288,CHKB,0.255547656605423,0.015446561137523239,0.1575629804103198,0.045343638945586726,up,3.5202128370119614,0.1575629804103198
ENSG00000167815,PRDX2,0.16283222892955954,0.03628240251283307,0.18790742048832637,0.01975791627463354,up,3.5128624291583055,0.16283222892955954
ENSG00000161860,SYCE2,0.3026080857467273,0.02145446439871253,0.2607419072786097,0.034913491151091665,up,3.5076424426609716,0.2607419072786097
ENSG00000264456,RP11-848P1.2,0.17530943059276946,0.022646546995123595,0.16340494762948915,0.033183706802604206,up,3.507070574165901,0.16340494762948915
ENSG00000248648,RP11-485M7.1,0.3166394941725613,0.0207357070372335,0.28329782009420046,0.03721527513016122,up,3.498739194546572,0.28329782009420046
ENSG00000214982,PARGP1,-0.1359699911671722,0.04242309895648453,-0.5429951616227249,0.017521965191772303,down,-3.4967700376075763,0.1359699911671722
ENSG00000134278,SPIRE1,-0.30489165341777413,0.02330953034174081,-0.10249703105587515,0.03410442892175743,down,-3.490578263379534,0.10249703105587515
ENSG00000138794,CASP6,-0.25591993894888343,0.03845510997877048,-0.08098327178734793,0.020272990067803257,down,-3.4882956325786663,0.08098327178734793
ENSG00000167468,GPX4,0.2058630392307178,0.020330271534763588,0.18802521914950499,0.039372031628373445,up,3.4879603532311836,0.18802521914950499
ENSG00000115648,MLPH,-0.5091992671601786,0.017762550508949673,-0.18455197259532538,0.04500186570886975,down,-3.4848540123356693,0.18455197259532538
ENSG00000202198,RN7SK,0.6743126458719806,0.04218417950099916,0.4719658367155656,0.018552262177787347,up,3.483350535578441,0.4719658367155656
ENSG00000157191,NECAP2,0.2605874191274387,0.04712277284227413,0.12399868555675178,0.016308682132648168,up,3.482224321837287,0.12399868555675178
ENSG00000100478,AP4S1,0.16875449614868193,0.04039550089754566,0.08729903030433107,0.019887543016516313,up,3.4780563284149615,0.08729903030433107
ENSG00000161203,AP2M1,0.19870528093200035,0.021580128042880224,0.06950882834122007,0.039115577712781915,up,3.4719545544686943,0.06950882834122007
ENSG00000198865,CCDC152,0.23212567197999923,0.03984710494144239,0.30628422627358615,0.02098532552094613,up,3.467574991968941,0.23212567197999923
ENSG00000215895,RP11-334L9.1,0.23846639188669835,0.04790168063159301,0.29904970872121595,0.017120629156320764,up,3.463944283645415,0.23846639188669835
ENSG00000095637,SORBS1,-0.22140315334969177,0.02896638756483079,-0.1866491374254924,0.031087961456565505,down,-3.4544526595699403,0.1866491374254924
ENSG00000114796,KLHL24,-0.36145146855534693,0.036258272190138115,-0.20102173453455777,0.024578458730222817,down,-3.452970458629129,0.20102173453455777
ENSG00000165457,FOLR2,0.5515743467312685,0.025765191012691268,0.2201044267987313,0.036998355757616945,up,3.4378752738184715,0.2201044267987313
ENSG00000100368,CSF2RB,0.40359172387455106,0.036252265525083746,0.20202093887031697,0.02664952296248492,up,3.430526420857197,0.20202093887031697
ENSG00000161912,ADCY10P1,0.4017361669185052,0.02419038629719096,0.15012763787472164,0.041446333976577335,up,3.4217281821599457,0.15012763787472164
ENSG00000144199,FAHD2B,0.2516992881290479,0.02615716168715639,0.16221737211942963,0.03847895411121201,up,3.4210912517431464,0.16221737211942963
ENSG00000167676,PLIN4,-0.31673779282960807,0.03707699087093861,-0.20862063339854903,0.02842800325154702,down,-3.4054742745197646,0.20862063339854903
ENSG00000214784,AC010468.1,0.19326465550454802,0.049944888039589005,0.22921699137808094,0.020413090559536044,up,3.403558319779043,0.19326465550454802
ENSG00000236296,GUSBP5,0.2675823811012962,0.03277668436579217,0.16184128331400635,0.03261093861647272,up,3.4024891182632007,0.16184128331400635
ENSG00000134575,ACP2,-0.19707188931246264,0.046581845585154574,-0.13241953243760485,0.022338057106304383,down,-3.400816771456368,0.13241953243760485
ENSG00000260658,RP11-368L12.1,0.2799219426083946,0.032808455769151326,0.23044119306161487,0.03330480712469887,up,3.396077976533927,0.23044119306161487
ENSG00000221930,FAM45B,-0.32320539451479624,0.027716946494944272,-0.26449556434034266,0.04075490681476413,down,-3.387485698698317,0.26449556434034266
ENSG00000169554,ZEB2,-0.26509712020309995,0.03298061754861966,-0.1485735646897941,0.034227904550312244,down,-3.3865495545063657,0.1485735646897941
ENSG00000188242,CTD-2228K2.5,0.25924089231521513,0.023131082398493624,0.0831800083168622,0.04839192853658469,up,3.385896155086814,0.0831800083168622
ENSG00000173218,VANGL1,-0.29336155070925285,0.03884157219917208,-0.101181221694343,0.02991615772793698,down,-3.376170792469263,0.101181221694343
ENSG00000102871,TRADD,0.2509861603809964,0.03365219446796654,0.17459195939358985,0.03503813500418522,up,3.3733643285652395,0.17459195939358985
ENSG00000177963,RIC8A,0.23395058272022815,0.025773654844752178,0.06658510766373843,0.046982625554624007,up,3.3644840361547033,0.06658510766373843
ENSG00000174407,C20orf166,0.6958346292553277,0.03698973684997462,0.2881318643504871,0.03283106556668937,up,3.364036308688941,0.2881318643504871
ENSG00000085999,RAD54L,0.31655052003014134,0.04018809096076177,0.21541154049662886,0.0318992674076945,up,3.346734153841449,0.21541154049662886
ENSG00000214652,RP11-3N2.13,0.39310207368587086,0.04434758255116196,0.2684286022775978,0.02939689068242019,up,3.33945549826626,0.2684286022775978
ENSG00000183022,TPM3P8,0.5679867224018604,0.027642849343298522,0.26497437386899225,0.04894839262702095,up,3.331302668465693,0.26497437386899225
ENSG00000164221,CCDC112,-0.3146598746544343,0.04135702524324329,-0.14355203017850582,0.03305363776085172,down,-3.3272125989366677,0.14355203017850582
ENSG00000184009,ACTG1,0.34099322713528346,0.03115681125957824,0.1390617901100877,0.04412988203078661,up,3.327181724524124,0.1390617901100877
ENSG00000204272,RP11-622K12.1,0.6110637674523675,0.03793121525013318,0.12460667734063012,0.03734224111165581,up,3.3179593564769383,0.12460667734063012
ENSG00000165879,FRAT1,0.29040476801854975,0.04242309895648453,0.15091826329378785,0.03375446639842232,up,3.313195173215604,0.15091826329378785
ENSG00000232629,HLA-DQB2,0.6019178657914578,0.03332715006672092,0.5039793581995292,0.04383618417796954,up,3.3085490185128545,0.5039793581995292
ENSG00000188322,SBK1,0.31502585594288013,0.03214361222817974,0.24438810486097529,0.04757027551403219,up,3.294049111604082,0.24438810486097529
ENSG00000079432,CIC,0.24375002342950194,0.044049444246244046,0.16259297646616044,0.03763656185074343,up,3.268904277939,0.16259297646616044
ENSG00000197991,PCDH20,-0.5594326561247588,0.03827431196994147,-0.3463993266512163,0.044624428105172614,down,-3.2610841287467793,0.3463993266512163
ENSG00000160191,PDE9A,0.33422524797415903,0.03568032092709163,0.1284309684125223,0.04815192837357219,up,3.2584027008191816,0.1284309684125223
ENSG00000180712,RP11-290F5.2,-0.22208639005501774,0.039974583270855235,-0.19036623423296656,0.043717170859578984,down,-3.254149893415175,0.19036623423296656
ENSG00000143341,HMCN1,0.4950930188333494,0.04576053565263135,0.26469957586447423,0.0382830925807296,up,3.2512164759212916,0.26469957586447423
ENSG00000184897,H1FX,0.2652408188616109,0.045566539890964854,0.28644244452732426,0.04088779917317997,up,3.2329071412351613,0.2652408188616109
ENSG00000153317,ASAP1,-0.28648776493980593,0.04424780527487827,-0.17449348579605112,0.04313872385160309,down,-3.226270869122053,0.17449348579605112
ENSG00000141101,NOB1,-0.19212359932084414,0.04488202331772531,-0.09406621254221495,0.0428078680778508,down,-3.2239521346237603,0.09406621254221495
ENSG00000135744,AGT,0.2190920486815597,0.041723526002956,0.13408497651400328,0.04671699309600891,up,3.21955998727464,0.13408497651400328
ENSG00000050555,LAMC3,0.35076397746691734,0.040277198583680195,0.35038149062614155,0.048867897255773875,up,3.2166689728460836,0.35038149062614155
