identifier,pmid,doi,pmc,title,year,journal,publication_types,evidence_tier,what_it_measured,direction,classification_cardiac_plasma_source,verification_note,how_record_was_found
PMID:41640280,41640280,10.3724/abbs.2026018,PMC12900733,Cardiac PTN-SIRT1 axis alleviates oxidative stress and promotes mitochondrial energy reprogramming to mitigate doxorubicin-induced cardiotoxicity through AMPK/PGC1&#x3b1; signaling.,2026,Acta Biochim Biophys Sin (Shanghai),Journal Article,cardiac_ptn_tissue_or_model,"PTN protein expression in cardiomyocytes/cardiac tissue, cellular and mouse models of doxorubicin cardiotoxicity",down_vs_control,irrelevant,,abstract_search
PMID:41676658,41676658,10.64898/2026.02.02.703357,PMC12889647,Cell type-resolved proteomics reveals intra- and intercellular signaling in Alzheimer's disease.,2026,bioRxiv,Journal Article; Preprint,cardiac_ptn_tissue_or_model,PTN protein in brain astrocytes/microglia (mouse AD models); recombinant PTN on human iMG cells,up_vs_control,irrelevant,,abstract_search
PMID:39765325,39765325,10.1016/j.lfs.2024.123356,,PTN secreted by cardiac fibroblasts promotes myocardial fibrosis and inflammation of pressure overload-induced hypertrophic cardiomyopathy through the PTN-SDC4 pathway.,2025,Life Sci,Journal Article,cardiac_ptn_tissue_or_model,"PTN ligand secreted by cardiac fibroblasts in mouse heart tissue (TAC model, scRNA-seq/in vitro)",up_vs_control,irrelevant,,abstract_search
PMID:39975371,39975371,10.1101/2025.02.04.636516,PMC11838563,"Transcription can be sufficient, but is not necessary, to advance replication timing.",2025,bioRxiv,Journal Article; Preprint,cardiac_ptn_tissue_or_model,"Ptn gene transcription/replication timing, mouse embryonic stem cells and neural precursors; no plasma/serum protein measured",not_applicable,irrelevant,,abstract_search
PMID:39722892,39722892,10.3389/fmolb.2024.1524827,PMC11668632,Integrated multi-omics analysis describes immune profiles in ischemic heart failure and identifies PTN as a novel biomarker.,2024,Front Mol Biosci,Journal Article,cardiac_ptn_tissue_or_model,"PTN upregulated in multi-omics (transcriptomic/proteomic) datasets, likely cardiac tissue, species unspecified",up_vs_control,irrelevant,,abstract_search
PMID:37953259,37953259,10.1186/s12974-023-02949-w,PMC10641988,NeuroD1 administration ameliorated neuroinflammation and boosted neurogenesis in a mouse model of subarachnoid hemorrhage.,2023,J Neuroinflammation,Journal Article,cardiac_ptn_tissue_or_model,"PTN release in mouse hippocampal brain tissue (not cardiac, not plasma), subarachnoid hemorrhage model",up_vs_control,irrelevant,,abstract_search
PMID:38004354,38004354,10.3390/life13112215,PMC10672726,What Links Chronic Kidney Disease and Ischemic Cardiomyopathy? A Comprehensive Bioinformatic Analysis Utilizing Bulk and Single-Cell RNA Sequencing Data with Machine Learning.,2023,Life (Basel),Journal Article,cardiac_ptn_tissue_or_model,"PTN mRNA/gene expression in human heart tissue (scRNA-seq, fibroblasts) and CKD-PBMC transcriptomic data",not_applicable,irrelevant,,abstract_search
PMID:38076912,38076912,10.1101/2023.11.29.568318,PMC10705437,A&#x3b2; Amyloid Scaffolds the Accumulation of Matrisome and Additional Proteins in Alzheimer's Disease.,2023,bioRxiv,Preprint; Journal Article,cardiac_ptn_tissue_or_model,"PTN co-accumulation with TTR amyloid in heart tissue, mouse/human brain overexpression; not plasma",not_applicable,irrelevant,,abstract_search
PMID:36402194,36402194,10.1016/j.neuro.2022.11.008,,Receptor protein tyrosine phosphatase &#x3b2;/&#x3b6; regulates loss of neurogenesis in the mouse hippocampus following adolescent acute ethanol exposure.,2022,Neurotoxicology,"Journal Article; Research Support, Non-U.S. Gov't",cardiac_ptn_tissue_or_model,PTN upregulation in mouse brain (hippocampus/cerebral) tissue; no cardiac tissue or plasma PTN measured,not_applicable,irrelevant,,abstract_search
PMID:30660899,30660899,10.1016/j.advms.2018.08.007,,Pleiotrophin: Analysis of the endothelialisation potential.,2019,Adv Med Sci,Journal Article,cardiac_ptn_tissue_or_model,Pleiotrophin (recombinant treatment) on EA.hy926 human endothelial cell line; no plasma/serum measurement,not_applicable,irrelevant,,abstract_search
PMID:31278493,31278493,10.1007/s12265-019-09896-z,PMC7102897,Application of Proteomics Profiling for Biomarker Discovery in Hypertrophic Cardiomyopathy.,2019,J Cardiovasc Transl Res,"Journal Article; Research Support, Non-U.S. Gov't",cardiac_ptn_tissue_or_model,Pleiotrophin/NEGF1 named in a MAPK-pathway discussion of HCM plasma proteomics; no PTN value reported,not_applicable,irrelevant,Discussion mention only.,fulltext_scan
PMID:27334064,27334064,10.1038/hr.2016.66,,A minimally invasive endovascular rabbit model for experimental induction of progressive myocardial hypertrophy.,2016,Hypertens Res,Journal Article,cardiac_ptn_tissue_or_model,"PTN protein in heart tissue extracts (western blot), rabbit",up_vs_control,irrelevant,,abstract_search
PMID:23481101,23481101,10.1016/j.cyto.2013.02.002,,Pleiotrophin promotes capillary-like sprouting from senescent aortic rings.,2013,Cytokine,Journal Article,cardiac_ptn_tissue_or_model,"Recombinant human PTN applied to rat aortic ring explants ex vivo (angiogenesis assay), not measured in plasma",not_applicable,irrelevant,,abstract_search
PMID:23630585,23630585,10.1371/journal.pone.0061413,PMC3632611,Pleiotrophin gene therapy for peripheral ischemia: evaluation of full-length and truncated gene variants.,2013,PLoS One,"Journal Article; Research Support, N.I.H., Extramural",cardiac_ptn_tissue_or_model,"PTN/T-PTN expression in mouse myoblasts, myocardium, skeletal muscle; secretion assayed in cultured cells",not_applicable,irrelevant,,abstract_search
PMID:19638707,19638707,10.1253/circj.cj-09-0465,,Global gene expression profiling in the failing myocardium.,2009,Circ J,Journal Article; Review,cardiac_ptn_tissue_or_model,"PTN mRNA expression in failing myocardium tissue via microarray, human",up_vs_control,irrelevant,,abstract_search
PMID:19723774,19723774,10.1152/physiolgenomics.00078.2009,PMC2789674,Lack of periostin leads to suppression of Notch1 signaling and calcific aortic valve disease.,2009,Physiol Genomics,"Journal Article; Research Support, N.I.H., Extramural",cardiac_ptn_tissue_or_model,Ptn mRNA/protein expression in mouse embryonic OFT cardiac cushion tissue,up_vs_control,irrelevant,,abstract_search
PMID:17925408,17925408,10.1074/jbc.M703513200,,The pro-angiogenic cytokine pleiotrophin potentiates cardiomyocyte apoptosis through inhibition of endogenous AKT/PKB activity.,2007,J Biol Chem,"Journal Article; Research Support, N.I.H., Extramural",cardiac_ptn_tissue_or_model,"PTN protein/mRNA upregulation in rat infarcted heart tissue, human dilated cardiomyopathy tissue, and cultured rat cardiomyocytes",up_vs_control,irrelevant,,abstract_search
PMID:16614316,16614316,10.1161/01.ATV.0000222017.05085.8e,PMC3579570,Pleiotrophin induces transdifferentiation of monocytes into functional endothelial cells.,2006,Arterioscler Thromb Vasc Biol,"Journal Article; Research Support, N.I.H., Extramural; Research Support, Non-U.S. Gov't",cardiac_ptn_tissue_or_model,"PTN expression in monocytes/macrophages (cell culture, mouse/human cells); no plasma measurement",not_applicable,irrelevant,,abstract_search
PMID:15451633,15451633,10.1016/j.biomaterials.2004.04.025,,Enhanced neovasculature formation in ischemic myocardium following delivery of pleiotrophin plasmid in a biopolymer.,2005,Biomaterials,"Comparative Study; Evaluation Study; Journal Article; Research Support, Non-U.S. Gov't",cardiac_ptn_tissue_or_model,"PTN plasmid delivered to ischemic myocardium tissue; rat model, not a plasma measurement",not_applicable,irrelevant,,abstract_search
PMID:15949466,15949466,10.1016/j.bbrc.2005.04.174,,Pleiotrophin induces formation of functional neovasculature in vivo.,2005,Biochem Biophys Res Commun,"Journal Article; Research Support, N.I.H., Extramural; Research Support, Non-U.S. Gov't; Research Support, U.S. Gov't, P.H.S.",cardiac_ptn_tissue_or_model,"PTN plasmid-driven expression in ischemic myocardium tissue, rat (not plasma)",not_applicable,irrelevant,,abstract_search
PMID:15985215,15985215,10.1016/j.bbrc.2005.05.160,,Midkine regulates pleiotrophin organ-specific gene expression: evidence for transcriptional regulation and functional redundancy within the pleiotrophin/midkine developmental gene family.,2005,Biochem Biophys Res Commun,"Journal Article; Research Support, N.I.H., Extramural; Research Support, U.S. Gov't, Non-P.H.S.; Research Support, U.S. Gov't, P.H.S.",cardiac_ptn_tissue_or_model,"Ptn mRNA expression in heart tissue (and other organs), Mk-/- and Ptn-/- mice",up_vs_control,irrelevant,,abstract_search
PMID:15253972,15253972,10.1136/hrt.2002.006734,PMC1768375,Dynamic changes of gene expression profiles during postnatal development of the heart in mice.,2004,Heart,"Journal Article; Research Support, Non-U.S. Gov't",cardiac_ptn_tissue_or_model,"PTN mRNA/protein in mouse heart tissue (microarray, Northern blot, immunohistochemistry); mouse, not plasma",not_applicable,irrelevant,,abstract_search
PMID:12756220,12756220,10.1161/01.HYP.0000074905.22908.A6,,Effects of pressure overload on extracellular matrix expression in the heart of the atrial natriuretic peptide-null mouse.,2003,Hypertension,"Journal Article; Research Support, Non-U.S. Gov't; Research Support, U.S. Gov't, P.H.S.",cardiac_ptn_tissue_or_model,"Pleiotrophin mRNA/protein in mouse heart tissue (microarray, Northern blot, immunohistochemistry)",up_vs_control,irrelevant,,abstract_search
PMID:1550956,1550956,10.1091/mbc.3.1.85,PMC275504,Structural and functional characterization of full-length heparin-binding growth associated molecule.,1992,Mol Biol Cell,"Journal Article; Research Support, Non-U.S. Gov't; Research Support, U.S. Gov't, P.H.S.",cardiac_ptn_tissue_or_model,HB-GAM (PTN) purified/sequenced from bovine brain and chicken heart tissue,not_applicable,irrelevant,,abstract_search
PMID:41796259,41796259,10.1186/s43556-026-00424-5,PMC12968111,miR-338-3p promotes radiation recall like dermatitis by suppressing pleiotrophin via the PI3K/Akt/Bcl2 pathway.,2026,Mol Biomed,Journal Article,irrelevant,"miR-338-3p in serum (human patients) and skin tissue (rat); PTN in skin/cell lines, not cardiac",not_applicable,irrelevant,,abstract_search
PMID:41811695,41811695,10.1039/d5bm01589h,,A heparin-functionalized scaffold loaded with pleiotrophin enhances endothelialization and angiogenic potential in liver tissue engineering.,2026,Biomater Sci,Journal Article,irrelevant,PTN used as scaffold-bound growth factor in liver tissue engineering; not plasma/serum measurement,not_applicable,irrelevant,,abstract_search
PMID:41957607,41957607,10.1186/s12974-026-03799-y,PMC13200446,Single-cell and spatial transcriptomics analyses reveal tumor microenvironment-driven proliferation of NF2-associated vestibular schwannomas.,2026,J Neuroinflammation,Journal Article,irrelevant,"PTN receptor-ligand signaling in tumor tissue (Schwann cells/immune cells), human vestibular schwannoma",not_applicable,irrelevant,,abstract_search
PMID:42017444,42017444,10.1002/advs.75426,PMC13335594,Cancer-Associated Fibroblast-Derived Sphingosine-1-Phosphate Activates a MALL-SDC4 Axis to Facilitate Perineural Invasion in Pancreatic Cancer.,2026,Adv Sci (Weinh),Journal Article,irrelevant,"Schwann cell-derived pleiotrophin sensitizing cancer cells in PDAC model, not plasma/serum",not_applicable,irrelevant,,abstract_search
PMID:42180921,42180921,10.21037/tcr-2025-1-2718,PMC13190676,Serum amyloid A1 promote progression of breast cancer and is associated with epithelial-mesenchymal transition.,2026,Transl Cancer Res,Journal Article,irrelevant,"PTN signaling pathway inferred from ligand-receptor interaction analysis in breast cancer scRNA-seq/bulk RNA-seq, not measured protein",not_applicable,irrelevant,,abstract_search
PMID:40974031,40974031,10.1093/bjd/ljaf360,,Single-cell RNA sequencing reveals the transcriptomic landscape of and potential targets for large and giant congenital melanocytic naevi.,2026,Br J Dermatol,Journal Article,irrelevant,"PTN-PTPRZ1 signaling pathway in skin melanocytes (single-cell/bulk RNA-seq), human",not_applicable,irrelevant,,abstract_search
PMID:41595750,41595750,10.3390/biomedicines14010216,PMC12839092,Beyond Amyloid: Targeting Co-Aggregating Proteins and Targeted Degradation Strategies in Alzheimer's Disease.,2026,Biomedicines,Journal Article,irrelevant,"PTN in amyloid plaques (brain tissue), not plasma; Alzheimer's disease context",not_applicable,irrelevant,,abstract_search
PMID:41605460,41605460,10.1111/neup.70044,PMC12851830,Pleiotrophin/Midkine Pathway Is Dysregulated in a TDP-43Mouse Model of Amyotrophic Lateral Sclerosis (ALS).,2026,Neuropathology,Journal Article,irrelevant,"PTN/MK mRNA and protein in lumbar spinal cord tissue, TDP-43 transgenic mice",up_vs_control,irrelevant,,abstract_search
PMID:41584304,41584304,10.1016/j.bbrep.2026.102448,PMC12830078,Single-cell transcriptome sequencing revealing the microenvironment of breast fibroepithelial tumor.,2026,Biochem Biophys Rep,Journal Article,irrelevant,"PTN-SDC4 ligand-receptor interaction inferred from scRNA-seq, breast tumor tissue, human",not_applicable,irrelevant,,abstract_search
PMID:41644086,41644086,10.1016/j.jid.2026.01.020,,"Hydroxypinacolone 9-cis retinoate mitigates UV-induced photoaging by modulating extracellular matrix, fibroblasts, inflammation, and melanogenesis.",2026,J Invest Dermatol,Journal Article,irrelevant,"PTN-SDC2 signaling in mouse skin scRNA-seq/spatial transcriptomics; not plasma, not cardiac, not human",not_applicable,irrelevant,,abstract_search
PMID:41764740,41764740,10.1093/jimmun/vkaf327,,A comprehensive single-cell analysis reveals the impact of laser interstitial thermal therapy on the tumor microenvironment in glioblastoma.,2026,J Immunol,Journal Article,irrelevant,"Ptn-Ncl gene interaction, rat GBM tissue, single-cell RNA sequencing",not_applicable,irrelevant,,abstract_search
PMID:41838327,41838327,10.1007/s12672-026-04764-0,PMC13103110,Integrative multi-omics analysis reveals an 11-gene malignant-myeloid interaction signature and identifies TPST1 as a potential regulator of immunosuppressive microenvironment in glioma.,2026,Discov Oncol,Journal Article,irrelevant,"PTN-NCL ligand-receptor signaling inferred in glioma scRNA-seq tumor/myeloid cells, not plasma",not_applicable,irrelevant,,abstract_search
PMID:42351855,42351855,10.3390/bioengineering13060608,PMC13295993,The Use of Osteo-Inductive 3D-Printed Scaffolds Covered with a Pleiotrophin Peptide for Bone Defects: An In Vivo Experimental Study.,2026,Bioengineering (Basel),Journal Article,irrelevant,"PTN peptide (aa 48-56) used as scaffold coating in rat femur bone defect model, not measured",not_applicable,irrelevant,,abstract_search
PMID:42458042,42458042,10.1007/s00018-026-06352-5,,Moesin is an &#x3b1;&#x3b2;integrin-interacting protein that affects endothelial cell activation and angiogenesis through balancing c-Met and VEGFR2 activation.,2026,Cell Mol Life Sci,Journal Article,irrelevant,"Moesin phosphorylation in endothelial cells (human/mouse); PTN used as stimulus, not measured",not_applicable,irrelevant,,abstract_search
PMID:42403709,42403709,10.3389/fphar.2026.1839516,PMC13329020,"Chronic inhibition of receptor protein tyrosine phosphatase &#x3b2;/&#x3b6; reduces amyloid plaque load and modulates pleiotrophin-expressing glial cells, glial-plaque interactions and genes related to amyloid beta clearance.",2026,Front Pharmacol,Journal Article,irrelevant,"PTN expression in brain tissue (glial cells), APP/PS1 mouse model",up_vs_control,irrelevant,,abstract_search
PMID:39829367,39829367,10.1080/07853890.2025.2452353,PMC11749013,The roles of pleiotrophin in brain injuries: a narrative review of the literature.,2025,Ann Med,Journal Article; Review,irrelevant,"not measured; narrative review of PTN in brain injury, animal/tissue data",not_applicable,irrelevant,,abstract_search
PMID:39940657,39940657,10.3390/ijms26030887,PMC11817445,Influence of Simulated Altitude Exposure (2500 m) on Patients with Fontan Palliation Based on Circulating Hypoxia-Associated Factors.,2025,Int J Mol Sci,Journal Article,irrelevant,"Periostin, labelled 'OSF-1' in this paper, Luminex, human Fontan plasma - NOT pleiotrophin",not_applicable,irrelevant,"ALIAS FALSE POSITIVE: paper uses OSF-1 for periostin, not pleiotrophin. Excluded.",abstract_search
PMID:40087317,40087317,10.1038/s41467-025-57924-1,PMC11909280,Astrocytic pleiotrophin deficiency in the prefrontal cortex contributes to stress-induced depressive-like responses in male mice.,2025,Nat Commun,Journal Article,irrelevant,"PTN in brain/PFC tissue (astrocytes, snRNA-seq) in human MDD patients and mice; not plasma",down_vs_control,irrelevant,,abstract_search
PMID:40149671,40149671,10.3390/biomedicines13030695,PMC11940355,Targeting the PTN/PTPRZ1-ROS Pathway to Promote Bone Regeneration.,2025,Biomedicines,Journal Article,irrelevant,"PTN in rat BMSCs and osteoporotic rat bone tissue, not plasma/cardiac",not_applicable,irrelevant,,abstract_search
PMID:40236402,40236402,10.1101/2025.04.01.25325047,PMC11998807,Airway Spatial Transcriptomics in Smoking.,2025,medRxiv,Journal Article; Preprint,irrelevant,"Pleiotrophin pathway inferred from lung spatial/scRNA-seq transcriptomic data, human tissue",not_applicable,irrelevant,,abstract_search
PMID:40251274,40251274,10.1038/s42003-025-07887-2,PMC12008306,Spatial transcriptomics reveals regionally altered gene expression that drives retinal degeneration.,2025,Commun Biol,Journal Article,irrelevant,"Pleiotrophin mRNA expression, mouse retina tissue (spatial transcriptomics), not plasma/serum, not cardiac",not_applicable,irrelevant,,abstract_search
PMID:40501632,40501632,10.1101/2025.06.08.658502,PMC12157602,Primitive Hepatoblasts Driving Early Liver Development.,2025,bioRxiv,Journal Article; Preprint,irrelevant,"PTN secretion from human iPSC-derived primitive hepatoblast-like cells in vitro, not plasma",not_applicable,irrelevant,,abstract_search
PMID:40598599,40598599,10.1186/s13287-025-04436-w,PMC12211975,A single-cell transcriptomic atlas of human lens epithelium: identification and functional insights into lens stem/progenitor cells.,2025,Stem Cell Res Ther,Journal Article,irrelevant,PTN signaling inferred from scRNA-seq in human lens epithelial cells,not_applicable,irrelevant,,abstract_search
PMID:40681356,40681356,10.14336/AD.2025.0387,PMC13256556,Lars2 Deficiency-Induced Mitochondrial Dysfunction Drives the Emergence of a Pro-Inflammatory Stroke-Specific Microglial Subpopulation.,2025,Aging Dis,Journal Article,irrelevant,"Ptn mRNA/expression in mouse neurons and microglia (single-cell RNA-seq, in vitro); not plasma/serum, not human, not cardiac",not_applicable,irrelevant,,abstract_search
PMID:40797111,40797111,10.1186/s13619-025-00253-x,PMC12344060,Integrative analysis and experimental validation identify the role of CD44 and Nucleolin in regulating gliogenesis following spinal cord injury.,2025,Cell Regen,Journal Article,irrelevant,"Ptn/Ncl mRNA and protein in mouse spinal cord tissue/astrocytes, not cardiac, not plasma",not_applicable,irrelevant,,abstract_search
PMID:40904345,40904345,10.3389/fnagi.2025.1634283,PMC12401994,Modulation of fenestrated vasculature in the median eminence and area postrema in response to neurotoxin exposure and its impairment in aging.,2025,Front Aging Neurosci,Journal Article,irrelevant,"PTN mRNA/protein in tanycytes of median eminence/area postrema tissue, rodent",not_applicable,irrelevant,,abstract_search
PMID:40971297,40971297,10.1016/j.celrep.2025.116300,PMC12591093,Dysregulation of astrocyte-secreted pleiotrophin contributes to neuronal structural and functional deficits in Down syndrome.,2025,Cell Rep,Journal Article,irrelevant,"Pleiotrophin protein in astrocytes/neurons, hippocampus, Ts65Dn mouse model of Down syndrome",down_vs_control,irrelevant,,abstract_search
PMID:41005999,41005999,10.1152/ajpcell.00272.2025,,Exploring the molecular cargos associated with extracellular vesicles extracted from bone tissue to identify novel players in osteoblast function.,2025,Am J Physiol Cell Physiol,"Journal Article; Research Support, Non-U.S. Gov't",irrelevant,"Pleiotrophin protein in bone-derived large extracellular vesicles, mouse",not_applicable,irrelevant,,abstract_search
PMID:41071604,41071604,10.1681/ASN.0000000894,PMC13065212,"Spatial Transcriptomics Reveals Injured Cells, Signature Genes, and Communication Patterns in the Cyst Microenvironment of Polycystic Kidney Disease.",2025,J Am Soc Nephrol,Journal Article,irrelevant,"Ptn spatial transcriptomics and immunohistochemistry in mouse kidney tissue (Pkd1-deficient, PKD model)",not_applicable,irrelevant,,abstract_search
PMID:41107820,41107820,10.1186/s12967-025-07172-0,PMC12534973,"Pleiotrophin modulates cell proliferation, prostate smooth muscle contraction and fibrosis in hyperplastic prostate.",2025,J Transl Med,Journal Article,irrelevant,"PTN in prostate tissue/cells, rat and mouse models; not cardiac, not plasma",not_applicable,irrelevant,,abstract_search
PMID:41130097,41130097,10.1016/j.biopha.2025.118671,,Pleiotrophin and receptor protein tyrosine phosphatase &#x3b2;/&#x3b6; as key modulators of high-fat diet-induced cognitive impairment and brain alterations.,2025,Biomed Pharmacother,Journal Article,irrelevant,"PTN in brain/hippocampus, mouse HFD model; not plasma, not cardiac",not_applicable,irrelevant,,abstract_search
PMID:41200065,41200065,10.3892/ol.2025.15364,PMC12587114,Clinical value of emerging peripheral blood protein biomarkers in prostate cancer (Review).,2025,Oncol Lett,Journal Article; Review,irrelevant,review of peripheral blood pleiotrophin among prostate cancer biomarkers; no cardiac data,not_applicable,irrelevant,,abstract_search
PMID:41456275,41456275,10.1016/j.celrep.2025.116747,PMC12869227,Adult leptomeningeal vestigial neural crest-derived multipotent cells promote vascular repair after stroke.,2025,Cell Rep,Journal Article,irrelevant,"PTN signaling in mouse leptomeningeal cells post-stroke, not plasma/cardiac",not_applicable,irrelevant,,abstract_search
PMID:41465519,41465519,10.3390/ijms262412094,PMC12733047,Overexpression of ITGB3 in Peripheral Blood Mononuclear Cells of Relapsing-Remitting Multiple Sclerosis Patients.,2025,Int J Mol Sci,Journal Article,irrelevant,"ITGB3 mRNA in PBMCs, human MS patients; PTN not directly measured here",not_applicable,irrelevant,,abstract_search
PMID:39705130,39705130,10.1097/JS9.0000000000002166,,Tracking adipose-derived stem cell exosomes applied in a mouse crush injury model: insights from fluorescent labeling and spatial transcriptomics - an experimental study.,2025,Int J Surg,Journal Article,irrelevant,Pleiotrophin pathway gene expression in mouse sciatic nerve/spinal tissue (spatial transcriptomics),not_applicable,irrelevant,,abstract_search
PMID:40883588,40883588,10.1007/s12031-025-02314-x,,Identification of Therapeutic Targets for Premature Ovarian Failure Through Mendelian Randomization and Colocalization Analysis Using Human Plasma Proteomics.,2025,J Mol Neurosci,Journal Article,irrelevant,"Plasma proteomics pQTL analysis (UK Biobank, human), PTN among many proteins linked to ovarian failure, not cardiac",not_applicable,irrelevant,,abstract_search
PMID:40069581,40069581,10.1038/s41467-025-57699-5,PMC11897407,PTN activity in quiescent neural stem cells mediates Shank3 overexpression-induced manic behavior.,2025,Nat Commun,Journal Article,irrelevant,"PTN in neural stem cells, mouse brain tissue; not plasma or cardiac",not_applicable,irrelevant,,abstract_search
PMID:40748498,40748498,10.1007/s00221-025-07134-4,,Pericyte loss: a key factor inducing brain A&#x3b2;40 accumulation and neuronal degeneration in cerebral amyloid angiopathy.,2025,Exp Brain Res,Journal Article,irrelevant,PTN mRNA in mouse brain tissue and PTN secretion in vitro NVU model (pericyte/SH-SY5Y cells),down_vs_control,irrelevant,,abstract_search
PMID:39654349,39654349,10.1111/cns.70159,PMC11628725,Pleiotrophin Overexpression Reduces Adolescent Ethanol Consumption and Modulates Ethanol-Induced Glial Responses and Changes in the Perineuronal Nets in the Mouse Hippocampus.,2024,CNS Neurosci Ther,"Journal Article; Research Support, Non-U.S. Gov't",irrelevant,"PTN in hippocampal tissue, mouse (transgenic and controls)",down_vs_control,irrelevant,,abstract_search
PMID:39695008,39695008,10.1007/s12033-024-01341-0,,Unveiling Key Genes Modulating Retinal Cell Survival and Autophagy in Glaucoma.,2024,Mol Biotechnol,Journal Article,irrelevant,"PTN gene expression/transfection in retinal ganglion cells (glaucoma model), not plasma or cardiac",not_applicable,irrelevant,,abstract_search
PMID:39712344,39712344,10.1007/s40200-024-01547-8,PMC11659568,Clinical relevance of midkine as a biomarker predicting atherosclerotic risk factors in individuals with type-2 diabetes mellitus: a cross-sectional study.,2024,J Diabetes Metab Disord,Journal Article,irrelevant,"Midkine (MK), serum, human; PTN only mentioned as related protein family member",not_applicable,irrelevant,,abstract_search
PMID:39729991,39729991,10.1016/j.stemcr.2024.11.013,PMC11784482,Astrocyte-derived PTN alleviates deficits in hippocampal neurogenesis and cognition in models of multiple sclerosis.,2024,Stem Cell Reports,"Journal Article; Research Support, Non-U.S. Gov't",irrelevant,"PTN in astrocytes/hippocampal tissue, mouse MS demyelination models; no plasma/serum measurement",not_applicable,irrelevant,,abstract_search
PMID:38486356,38486356,10.1093/procel/pwae012,PMC11214835,Comprehensive transcriptional atlas of human adenomyosis deciphered by the integration of single-cell RNA-sequencing and spatial transcriptomics.,2024,Protein Cell,"Journal Article; Research Support, Non-U.S. Gov't",irrelevant,"PTN signaling inferred from scRNA-seq/spatial transcriptomics in adenomyosis lesion tissue, human",not_applicable,irrelevant,,abstract_search
PMID:38665065,38665065,10.1177/00220345241236120,,A Novel Mechanism of MSCs Responding to Occlusal Force for Bone Homeostasis.,2024,J Dent Res,"Journal Article; Research Support, Non-U.S. Gov't",irrelevant,"Ptn secretion from mouse LepR+ MSCs, alveolar bone tissue/cells; mouse and HUVEC in vitro",not_applicable,irrelevant,,abstract_search
PMID:38903914,38903914,10.7150/ijms.95598,PMC11186421,Retinal ganglion cell type-specific expression of synuclein family members revealed by scRNA-sequencing.,2024,Int J Med Sci,Journal Article,irrelevant,"Ptn-Ncl signaling pathway scRNA-seq, retina tissue, human/mouse/chicken",not_applicable,irrelevant,,abstract_search
PMID:39127040,39127040,10.1016/j.xcrm.2024.101669,PMC11384960,"Integrative proteomics identifies a conserved A&#x3b2; amyloid responsome, novel plaque proteins, and pathology modifiers in Alzheimer's disease.",2024,Cell Rep Med,Journal Article,irrelevant,"PTN/MDK protein co-accumulation with amyloid plaques and cardiac transthyretin amyloid deposits, brain/tissue, mouse and human",not_applicable,irrelevant,,abstract_search
PMID:39155781,39155781,10.1631/jzus.B2300407,PMC11337087,Single-cell transcriptomics reveals tumor landscape in ovarian carcinosarcoma.,2024,J Zhejiang Univ Sci B,Journal Article,irrelevant,"PTN signaling pathway inferred from scRNA-seq in ovarian carcinosarcoma tumor cells, human",not_applicable,irrelevant,,abstract_search
PMID:39241251,39241251,10.1093/humrep/deae199,PMC11447013,Single-cell RNA sequencing reveals transcriptomic landscape and potential targets for human testicular ageing.,2024,Hum Reprod,"Journal Article; Research Support, Non-U.S. Gov't",irrelevant,"PTN signaling (scRNA-seq transcriptomic) in human testicular cells, not plasma/cardiac",not_applicable,irrelevant,,abstract_search
PMID:39255863,39255863,10.1016/j.tox.2024.153947,,Pleiotrophin modulates acute and long-term LPS-induced neuroinflammatory responses and hippocampal neurogenesis.,2024,Toxicology,"Journal Article; Research Support, Non-U.S. Gov't",irrelevant,"PTN genetic manipulation (KO/Tg) mice; TNF-α plasma, brain hippocampal tissue; mouse",not_applicable,irrelevant,,abstract_search
PMID:39285301,39285301,10.1186/s40659-024-00546-6,PMC11406790,PTN from Leydig cells activates SDC2 and modulates human spermatogonial stem cell proliferation and survival via GFRA1.,2024,Biol Res,Journal Article,irrelevant,"PTN in testicular tissue (Leydig cells/spermatogonia), human, not cardiac or plasma",not_applicable,irrelevant,,abstract_search
PMID:39456743,39456743,10.3390/ijms252010960,PMC11507919,Constitutive Pleiotrophin Deletion Results in a Phenotype with an Altered Pancreatic Morphology and Function in Old Mice.,2024,Int J Mol Sci,Journal Article,irrelevant,"PTN knockout effects on pancreatic islets, insulin/glucagon/GLUT2/VAMP2/SNAP25, mouse tissue",not_applicable,irrelevant,,abstract_search
PMID:39238647,39238647,10.3389/fimmu.2024.1427124,PMC11375220,Integrating single-cell transcriptomics to reveal the ferroptosis regulators in the tumor microenvironment that contribute to bladder urothelial carcinoma progression and immunotherapy.,2024,Front Immunol,Journal Article,irrelevant,"PTN-SDC1 ligand-receptor signaling in bladder cancer scRNA-seq TME, human tissue",not_applicable,irrelevant,,abstract_search
PMID:39563367,39563367,10.1186/s12967-024-05866-5,PMC11575056,The mononuclear phagocyte system obscures the accurate diagnosis of infected joint replacements.,2024,J Transl Med,"Journal Article; Research Support, Non-U.S. Gov't",irrelevant,"not mentioned; abstract covers cytokine/immune markers in joint infection, no PTN",not_applicable,irrelevant,,abstract_search
PMID:39639424,39639424,10.1111/odi.15214,,Schwann Cell-Mediated M2-Like Macrophage Polarization in Rhabdomyosarcoma.,2024,Oral Dis,Journal Article,irrelevant,"PTN-SDC3 ligand-receptor interaction, single-cell transcriptomics, tumor tissue (Schwann cells/macrophages), human/mouse",not_applicable,irrelevant,,abstract_search
PMID:38439956,38439956,10.1016/j.isci.2024.109180,PMC10909747,Mea6/cTAGE5 cooperates with TRAPPC12 to regulate PTN secretion and white matter development.,2024,iScience,Journal Article,irrelevant,"PTN secretion in mouse oligodendrocyte progenitor cells (Mea6/TRAPPC12-deficient), not plasma/cardiac",not_applicable,irrelevant,,abstract_search
PMID:38565140,38565140,10.1016/j.stem.2024.03.007,,Harnessing developmental dynamics of spinal cord extracellular matrix improves regenerative potential of spinal cord organoids.,2024,Cell Stem Cell,"Journal Article; Research Support, Non-U.S. Gov't",irrelevant,"PTN in decellularized spinal cord ECM (tissue), rabbit; not plasma, not cardiac",not_applicable,irrelevant,,abstract_search
PMID:38861152,38861152,10.1007/s12975-024-01265-6,,Single-Cell Transcriptomics Revealed White Matter Repair Following Subarachnoid Hemorrhage.,2024,Transl Stroke Res,Journal Article,irrelevant,"PTN mRNA/protein in microglia, brain tissue, mouse SAH model",not_applicable,irrelevant,,abstract_search
PMID:39722335,39722335,10.1016/j.nbd.2024.106776,,"Pleiotrophin deletion prevents high-fat diet-induced cognitive impairment, glial responses, and alterations of the perineuronal nets in the hippocampus.",2024,Neurobiol Dis,"Journal Article; Research Support, Non-U.S. Gov't",irrelevant,"Ptn gene knockout effects on brain/hippocampus in mice, no plasma/serum PTN measured",not_applicable,irrelevant,,abstract_search
PMID:36839981,36839981,10.3390/pharmaceutics15020658,PMC9966378,Pleiotrophin-Loaded Mesoporous Silica Nanoparticles as a Possible Treatment for Osteoporosis.,2023,Pharmaceutics,Journal Article,irrelevant,PTN protein loaded on nanoparticles tested in mouse pre-osteoblast and human MSC cell lines,not_applicable,irrelevant,,abstract_search
PMID:37024794,37024794,10.1186/s12864-023-09265-w,PMC10077760,Intercellular crosstalk in adult dental pulp is mediated by heparin-binding growth factors Pleiotrophin and Midkine.,2023,BMC Genomics,Journal Article,irrelevant,PTN/MDK mRNA in single-cell transcriptomes of human dental pulp fibroblasts,not_applicable,irrelevant,,abstract_search
PMID:37238989,37238989,10.3390/biomedicines11051318,PMC10215719,Implication of the PTN/RPTP&#x3b2;/&#x3b6; Signaling Pathway in Acute Ethanol Neuroinflammation in Both Sexes: A Comparative Study with LPS.,2023,Biomedicines,Journal Article,irrelevant,PTN in mouse brain/prefrontal cortex tissue and transgenic overexpression; not plasma/cardiac,not_applicable,irrelevant,,abstract_search
PMID:37393620,37393620,10.1016/j.celrep.2023.112737,PMC10530051,Dissecting the spermatogonial stem cell niche using spatial transcriptomics.,2023,Cell Rep,"Journal Article; Research Support, N.I.H., Extramural; Research Support, Non-U.S. Gov't",irrelevant,"PTN mRNA/ligand-receptor spatial transcriptomics, testis tissue, mouse and human",not_applicable,irrelevant,,abstract_search
PMID:37443767,37443767,10.3390/cells12131733,PMC10341181,Pleiotrophin and the Expression of Its Receptors during Development of the Human Cerebellar Cortex.,2023,Cells,"Journal Article; Research Support, Non-U.S. Gov't",irrelevant,"PTN and receptors (PTPRZ1, NRP-1, ALK) in human fetal/neonatal cerebellar tissue via immunohistochemistry",not_applicable,irrelevant,,abstract_search
PMID:37465214,37465214,10.1177/26331055231186993,PMC10350765,Pleiotrophin Signals Through ALK Receptor to Enhance the Growth of Neurons in the Presence of Inhibitory Chondroitin Sulfate Proteoglycans.,2023,Neurosci Insights,Journal Article,irrelevant,PTN protein applied to primary cortical neuron cultures in vitro; not plasma/cardiac,not_applicable,irrelevant,,abstract_search
PMID:37610873,37610873,10.1016/j.celrep.2023.113022,,Pleiotrophin ameliorates age-induced adult hippocampal neurogenesis decline and cognitive dysfunction.,2023,Cell Rep,"Journal Article; Research Support, Non-U.S. Gov't",irrelevant,"PTN expression in mouse hippocampal neural stem/progenitor cells, not plasma, not cardiac",not_applicable,irrelevant,,abstract_search
PMID:37611228,37611228,10.1021/acs.jproteome.3c00269,,The Combination of Quantitative Proteomics and Systems Genetics Analysis Reveals that PTN Is Associated with Sleep-Loss-Induced Cognitive Impairment.,2023,J Proteome Res,"Journal Article; Research Support, Non-U.S. Gov't",irrelevant,"Ptn protein, hippocampus tissue, mouse (PCPA insomnia model)",not_applicable,irrelevant,,abstract_search
PMID:37691636,37691636,10.3389/fvets.2023.1155804,PMC10484483,Whole transcriptome analysis of canine pheochromocytoma and paraganglioma.,2023,Front Vet Sci,Journal Article,irrelevant,"PTN mRNA expression, tissue (pheochromocytoma/paraganglioma), canine",up_vs_control,irrelevant,,abstract_search
PMID:37704178,37704178,10.1016/j.imlet.2023.09.005,,Single-cell communication patterns and their intracellular information flow in synovial fibroblastic osteoarthritis and rheumatoid arthritis.,2023,Immunol Lett,"Journal Article; Research Support, Non-U.S. Gov't",irrelevant,"PTN single-cell signaling pathway in synovial fibroblasts, human tissue scRNA-seq",not_applicable,irrelevant,,abstract_search
PMID:36124532,36124532,10.4103/aja202258,PMC10069687,Identification of senescence-related molecular subtypes and key genes for prostate cancer.,2023,Asian J Androl,Journal Article,irrelevant,"PTN gene expression, prostate tumor tissue transcriptomic data, human",not_applicable,irrelevant,,abstract_search
PMID:36706907,36706907,10.1016/j.neuropharm.2023.109438,PMC10327582,Inhibition of RPTP&#x3b2;/&#x3b6; reduces chronic ethanol intake in adolescent mice and modulates ethanol effects on hippocampal neurogenesis and glial responses in a sex-dependent manner.,2023,Neuropharmacology,"Journal Article; Research Support, N.I.H., Extramural; Research Support, Non-U.S. Gov't",irrelevant,no PTN measurement; PTN discussed as RPTPβ/ζ ligand in mouse hippocampal alcohol study,not_applicable,irrelevant,,abstract_search
PMID:37484951,37484951,10.3389/fendo.2023.1225150,PMC10360176,Pleiotrophin and metabolic disorders: insights into its role in metabolism.,2023,Front Endocrinol (Lausanne),"Journal Article; Review; Research Support, Non-U.S. Gov't",irrelevant,"none; review of PTN roles in metabolic organs, no plasma/cardiac measurement",not_applicable,irrelevant,,abstract_search
PMID:38169917,38169917,10.1080/2162402X.2023.2290790,PMC10761018,Cerebrospinal fluid immunological cytokines predict intracranial tumor response to immunotherapy in non-small cell lung cancer patients with brain metastases.,2023,Oncoimmunology,"Journal Article; Research Support, Non-U.S. Gov't",irrelevant,"PTN among 92 cytokines in CSF/plasma of NSCLC brain metastasis patients, human",not_applicable,irrelevant,,abstract_search
PMID:37051701,37051701,10.1089/neu.2022.0470,,Comparison of the Anti-Inflammatory Effects of Mouse Adipose- and Bone-Marrow-Derived Multilineage-Differentiating Stress-Enduring Cells in Acute-Phase Spinal Cord Injury.,2023,J Neurotrauma,"Journal Article; Research Support, Non-U.S. Gov't",irrelevant,"PTN mRNA expression in mouse Muse cells (microarray), not plasma or cardiac",not_applicable,irrelevant,,abstract_search
PMID:36840423,36840423,10.1111/odi.14554,,Pleiotrophin inhibited chondrogenic differentiation potential of dental pulp stem cells.,2023,Oral Dis,"Journal Article; Research Support, Non-U.S. Gov't",irrelevant,"PTN in dental pulp stem cells (cell culture), human",not_applicable,irrelevant,,abstract_search
PMID:37462506,37462506,10.1096/fj.202201766RRR,,Pleiotrophin ameliorates white matter injury of neonatal rats by activating the mTOR/YY1/Id4 signaling pathway.,2023,FASEB J,"Journal Article; Research Support, Non-U.S. Gov't",irrelevant,"PTN administered/studied in rat brain white matter injury model, not plasma, not cardiac",not_applicable,irrelevant,,abstract_search
PMID:37808668,37808668,10.1101/2023.09.26.559633,PMC10557700,Dysregulation of astrocyte-secreted pleiotrophin contributes to neuronal structural and functional deficits in Down Syndrome.,2023,bioRxiv,Journal Article; Preprint,irrelevant,"Astrocyte-secreted pleiotrophin, brain tissue/cells, mouse (Ts65Dn Down Syndrome model)",down_vs_control,irrelevant,,abstract_search
PMID:34549793,34549793,10.1387/ijdb.210122ep,,On the role of pleiotrophin and its receptors in development and angiogenesis.,2022,Int J Dev Biol,Journal Article; Review,irrelevant,"none; review article discussing PTN expression/roles in development, no analyte measurement reported",not_applicable,irrelevant,,abstract_search
PMID:36123890,36123890,10.1097/MD.0000000000030580,PMC9478341,Genetic polymorphism of pleiotrophin is associated with pain experience in Japanese adults: Case-control study.,2022,Medicine (Baltimore),Journal Article,irrelevant,"PTN gene SNP (genetic polymorphism), not protein; human cancer pain cohort",not_applicable,irrelevant,,abstract_search
PMID:36411509,36411509,10.1111/jre.13073,PMC10099163,Expression of the pleiotrophin-midkine axis in a sheep tooth socket model of bone healing.,2022,J Periodontal Res,Journal Article,irrelevant,"PTN mRNA/protein in alveolar tooth socket tissue, sheep",no_difference,irrelevant,,abstract_search
PMID:36566969,36566969,10.1016/j.fct.2022.113578,,Pleiotrophin deficiency protects against high-fat diet-induced neuroinflammation: Implications for brain mitochondrial dysfunction and aberrant protein aggregation.,2022,Food Chem Toxicol,Journal Article,irrelevant,"Ptn knockout mice brain/circulating hormones (GIP, leptin, resistin), not plasma PTN, mouse",not_applicable,irrelevant,,abstract_search
PMID:35143418,35143418,10.1172/JCI155096,PMC8970680,Sec13 promotes oligodendrocyte differentiation and myelin repair through autocrine pleiotrophin signaling.,2022,J Clin Invest,"Journal Article; Research Support, Non-U.S. Gov't",irrelevant,"PTN secretion from oligodendrocytes (autocrine, cell culture/mouse CNS), not plasma",not_applicable,irrelevant,,abstract_search
PMID:35732610,35732610,,,[Villi exosomes deliver HLA-G to enhance the expression of osteoglycin and pleiotrophin in decidual NK cells].,2022,Xi Bao Yu Fen Zi Mian Yi Xue Za Zhi,Journal Article,irrelevant,"PTN mRNA/protein in decidual NK cells (human), not plasma",not_applicable,irrelevant,,abstract_search
PMID:35046956,35046956,10.3389/fimmu.2021.800128,PMC8762329,Astrocyte-Derived Pleiotrophin Mitigates Late-Stage Autoimmune CNS Inflammation.,2022,Front Immunol,"Journal Article; Research Support, Non-U.S. Gov't",irrelevant,"PTN in astrocytes/CNS tissue, mouse and human, MS/EAE model",up_vs_control,irrelevant,,abstract_search
PMID:35238393,35238393,10.1387/ijdb.210213cd,,"Pleiotrophin, nitric oxide and glutamate AMPA receptors in chick cerebellum morphogenesis.",2022,Int J Dev Biol,Journal Article,irrelevant,"Pleiotrophin-like immunoreactivity in chick embryonic cerebellum tissue (EGL), avian species",not_applicable,irrelevant,,abstract_search
PMID:35246557,35246557,10.1038/s41598-022-07419-6,PMC8897456,Metabolomics and biochemical alterations caused by pleiotrophin in the 6-hydroxydopamine mouse model of Parkinson's disease.,2022,Sci Rep,"Journal Article; Research Support, Non-U.S. Gov't",irrelevant,"PTN brain/striatal tissue overexpression and metabolites, mouse",not_applicable,irrelevant,,abstract_search
PMID:35250852,35250852,10.3389/fendo.2022.777868,PMC8894601,Pleiotrophin Expression and Actions in Pancreatic &#x3b2;-Cells.,2022,Front Endocrinol (Lausanne),"Journal Article; Research Support, Non-U.S. Gov't",irrelevant,Ptn mRNA/protein in mouse pancreatic beta-cells and INS1E cell line; not cardiac or plasma,not_applicable,irrelevant,,abstract_search
PMID:35328448,35328448,10.3390/ijms23063026,PMC8955691,The Interaction between Chondroitin Sulfate and Dermatan Sulfate Tetrasaccharides and Pleiotrophin.,2022,Int J Mol Sci,Journal Article,irrelevant,"PTN protein binding to synthetic CS/DS tetrasaccharides via NMR, no biological matrix",not_applicable,irrelevant,,abstract_search
PMID:35631323,35631323,10.3390/ph15050496,PMC9147657,Pleiotrophin Interaction with Synthetic Glycosaminoglycan Mimetics.,2022,Pharmaceuticals (Basel),Journal Article,irrelevant,"PTN protein structure/binding via NMR, in vitro; no biological matrix measured",not_applicable,irrelevant,,abstract_search
PMID:36055408,36055408,10.1016/j.jbc.2022.102443,PMC9531182,Ubiquitin ligase Triad1 promotes neurite outgrowth by inhibiting MDM2-mediated ubiquitination of the neuroprotective factor pleiotrophin.,2022,J Biol Chem,"Journal Article; Research Support, Non-U.S. Gov't",irrelevant,"PTN protein in rat spinal cord tissue and astrocyte/neuron cocultures, not cardiac or plasma",not_applicable,irrelevant,,abstract_search
PMID:36409210,36409210,10.1080/10286020.2022.2146583,,Total synthesis of chondroitin sulfate E oligosaccharides and biological study.,2022,J Asian Nat Prod Res,Journal Article,irrelevant,"SPR binding of synthetic CS-E oligosaccharides to recombinant pleiotrophin/midkine proteins, not plasma",not_applicable,irrelevant,,abstract_search
PMID:33921564,33921564,10.3390/life11040359,PMC8073529,A Comparative Analysis of Erythropoietin and Carbamoylated Erythropoietin Proteome Profiles.,2021,Life (Basel),Journal Article,irrelevant,"Pleiotrophin protein, rat brain vasculature (immunofluorescence), not plasma/cardiac",up_vs_control,irrelevant,,abstract_search
PMID:34153666,34153666,10.1016/j.intimp.2021.107689,,The ERK/CREB/PTN/syndecan-3 pathway involves in heparin-mediated neuro-protection and neuro-regeneration against cerebral ischemia-reperfusion injury following cardiac arrest.,2021,Int Immunopharmacol,Journal Article; Retracted Publication,irrelevant,PTN expression in rat brain tissue and primary neurons; not plasma; not human,up_vs_control,irrelevant,,abstract_search
PMID:34331952,34331952,10.1016/j.cca.2021.07.024,,Midkine: A multifaceted driver of atherosclerosis.,2021,Clin Chim Acta,Journal Article; Review,irrelevant,"Midkine (not PTN) discussed; PTN only mentioned as related protein family member, no measurement",not_applicable,irrelevant,,abstract_search
PMID:34502170,34502170,10.3390/ijms22179261,PMC8431550,Pleiotrophin Deficiency Induces Browning of Periovarian Adipose Tissue and Protects against High-Fat Diet-Induced Hepatic Steatosis.,2021,Int J Mol Sci,Journal Article,irrelevant,"PTN knockout mice; adipose/liver mRNA and tissue markers, mouse",not_applicable,irrelevant,,abstract_search
PMID:34551152,34551152,10.1096/fj.202101181R,PMC12316093,Deletion of pleiotrophin impairs glucose tolerance and liver metabolism in pregnant mice: Moonlighting role of glycerol kinase.,2021,FASEB J,"Journal Article; Research Support, Non-U.S. Gov't",irrelevant,"Ptn-deficient mice liver/adipose tissue metabolism, glucose/lipid pathways; mouse, not plasma PTN or cardiac",not_applicable,irrelevant,,abstract_search
PMID:34110666,34110666,10.1111/odi.13929,,Pleiotrophin attenuates the senescence of dental pulp stem cells.,2021,Oral Dis,Journal Article,irrelevant,"PTN expression/knockdown in human dental pulp stem cells (cell culture), not plasma/cardiac",not_applicable,irrelevant,,abstract_search
PMID:34346038,34346038,10.1007/s12031-021-01885-9,,Pleiotrophin Potentiates Sevoflurane Anesthesia-induced Learning Deficits in Mice.,2021,J Mol Neurosci,Journal Article,irrelevant,"PTN in mouse brain/hippocampus (knockout model, not plasma), mouse",not_applicable,irrelevant,,abstract_search
PMID:34383712,34383712,10.1172/jci.insight.148637,PMC8525651,Serum circulating proteins from pediatric patients with dilated cardiomyopathy cause pathologic remodeling and cardiomyocyte stiffness.,2021,JCI Insight,"Journal Article; Research Support, N.I.H., Extramural; Research Support, Non-U.S. Gov't",irrelevant,Whole serum from paediatric dilated cardiomyopathy patients applied to cardiomyocytes; individual proteins including PTN not measured,not_applicable,irrelevant,No PTN measurement.,fulltext_scan
PMID:32564788,32564788,10.1016/bs.acc.2020.02.003,PMC7672882,Pleiotrophin: Activity and mechanism.,2020,Adv Clin Chem,Journal Article; Review,irrelevant,"none; review of PTN activity/mechanism, no plasma or cardiac measurement",not_applicable,irrelevant,,abstract_search
PMID:33111346,33111346,10.1002/jcp.30115,,PTN-PTPRZ signalling is involved in deer antler stem cell regulation during tissue regeneration.,2020,J Cell Physiol,"Journal Article; Research Support, Non-U.S. Gov't",irrelevant,"PTN protein in deer antler stem cell tissue via immunohistochemistry; deer (non-human, non-cardiac)",not_applicable,irrelevant,,abstract_search
PMID:31964648,31964648,10.1101/cshperspect.a039271,PMC7371553,Growth Factors and Alcohol Use Disorder.,2020,Cold Spring Harb Perspect Med,"Journal Article; Research Support, N.I.H., Extramural; Research Support, Non-U.S. Gov't; Research Support, U.S. Gov't, Non-P.H.S.; Review",irrelevant,"none; review of PTN/MDK signaling in brain, alcohol use disorder, no cardiac or plasma measurement",not_applicable,irrelevant,,abstract_search
PMID:32154588,32154588,10.1111/acer.14321,,Inhibition of Receptor Protein Tyrosine Phosphatase &#x3b2;/&#x3b6; Reduces Alcohol Intake in Rats.,2020,Alcohol Clin Exp Res,"Journal Article; Research Support, N.I.H., Extramural",irrelevant,"PTN/MK pathway gene expression (Ptprz1, Alk mRNA) in rat prefrontal cortex, not plasma",not_applicable,irrelevant,,abstract_search
PMID:31952360,31952360,10.3390/cells9010221,PMC7017309,Conditioned Medium from Human Tonsil-Derived Mesenchymal Stem Cells Enhances Bone Marrow Engraftment via Endothelial Cell Restoration by Pleiotrophin.,2020,Cells,"Journal Article; Research Support, Non-U.S. Gov't",irrelevant,"PTN in mouse BM/mesenteric tissue and T-MSC conditioned medium, not plasma",not_applicable,irrelevant,,abstract_search
PMID:31613796,31613796,10.1172/JCI129061,PMC6934217,Chronic myeloid leukemia stem cells require cell-autonomous pleiotrophin signaling.,2020,J Clin Invest,"Journal Article; Research Support, N.I.H., Extramural; Research Support, Non-U.S. Gov't",irrelevant,"PTN expression in CML stem cells (mouse and human), cell-autonomous signaling; no plasma/serum or cardiac measurement",not_applicable,irrelevant,,abstract_search
PMID:33219280,33219280,10.1038/s41598-020-76415-5,PMC7679445,Role of RPTP&#x3b2;/&#x3b6; in neuroinflammation and microglia-neuron communication.,2020,Sci Rep,"Journal Article; Research Support, Non-U.S. Gov't",irrelevant,Ptn mRNA in mouse prefrontal cortex; PTN protein in transgenic mouse brain/BV2 microglia/SH-SY5Y cells,not_applicable,irrelevant,,abstract_search
PMID:30643194,30643194,10.1038/s41388-018-0643-z,,Genome-wide screening identifies oncofetal lncRNA Ptn-dt promoting the proliferation of hepatocellular carcinoma cells by regulating the Ptn receptor.,2019,Oncogene,"Journal Article; Research Support, Non-U.S. Gov't",irrelevant,lncRNA Ptn-dt and Ptn/Alk pathway in mouse liver/HCC tissue and cells,not_applicable,irrelevant,,abstract_search
PMID:30759095,30759095,10.1371/journal.pone.0211151,PMC6373909,The primate-specific peptide Y-P30 regulates morphological maturation of neocortical dendritic spines.,2019,PLoS One,"Journal Article; Research Support, Non-U.S. Gov't",irrelevant,Y-P30 peptide effects on rat cortical neuron dendritic spines; no plasma/serum PTN measured,not_applicable,irrelevant,,abstract_search
PMID:30825522,30825522,10.1016/j.gep.2019.02.001,PMC6520132,Expression of the heparin-binding growth factors Midkine and pleiotrophin during ocular development.,2019,Gene Expr Patterns,"Journal Article; Research Support, N.I.H., Extramural",irrelevant,"PTN/MDK mRNA in situ hybridization, chick and mouse ocular tissue",not_applicable,irrelevant,,abstract_search
PMID:30932321,30932321,10.1111/febs.14830,,Insight into the role of chondroitin sulfate E in angiogenesis.,2019,FEBS J,"Journal Article; Research Support, Non-U.S. Gov't; Review",irrelevant,"none; review discusses PTN as growth factor in angiogenesis, no plasma/tissue measurement reported",not_applicable,irrelevant,,abstract_search
PMID:31054277,31054277,10.1016/j.bbr.2019.111933,,Inhibition of RPTP&#x3b2;/&#x3b6; blocks ethanol-induced conditioned place preference in pleiotrophin knockout mice.,2019,Behav Brain Res,"Journal Article; Research Support, Non-U.S. Gov't",irrelevant,"PTN in prefrontal cortex, mouse, not plasma or cardiac",not_applicable,irrelevant,,abstract_search
PMID:31105814,31105814,,PMC6511770,Pleiotrophin regulates functional heterogeneity of microglia cells in EAE animal models of multiple sclerosis by activating CCr-7/CD206 molecules and functional cytokines.,2019,Am J Transl Res,Journal Article,irrelevant,"PTN mRNA/protein in microglia cells, EAE mouse model brain tissue",not_applicable,irrelevant,,abstract_search
PMID:31235908,31235908,10.1038/s41593-019-0434-z,PMC6668719,Pericyte loss leads to circulatory failure and pleiotrophin depletion causing neuron loss.,2019,Nat Neurosci,"Journal Article; Research Support, N.I.H., Extramural; Research Support, Non-U.S. Gov't",irrelevant,"PTN in brain pericytes/neurons, mouse; no plasma/serum or cardiac measurement",not_applicable,irrelevant,,abstract_search
PMID:31515588,31515588,10.1007/s00221-019-05644-6,,Pleiotrophin increases neurite length and number of spiral ganglion neurons in vitro.,2019,Exp Brain Res,Journal Article,irrelevant,PTN protein effect on mouse spiral ganglion neuron cultures; receptor mRNA in mouse inner ear,not_applicable,irrelevant,,abstract_search
PMID:31618368,31618368,10.1590/1414-431X20198491,PMC6787959,Propranolol inhibits myocardial infarction-induced brown adipose tissue D2 activation and maintains a low thyroid hormone state in rats.,2019,Braz J Med Biol Res,Journal Article,irrelevant,"D2 deiodinase activity in BAT, serum T4/T3 in rats (not PTN)",not_applicable,irrelevant,,abstract_search
PMID:31726744,31726744,10.3390/genes10110923,PMC6895798,Proteomics Recapitulates Ovarian Proteins Relevant to Puberty and Fertility in Brahman Heifers (L.).,2019,Genes (Basel),"Journal Article; Research Support, Non-U.S. Gov't",irrelevant,"PTN pathway proteins in bovine ovarian tissue, not plasma, not human",not_applicable,irrelevant,,abstract_search
PMID:31801666,31801666,10.1016/j.bbrc.2019.11.174,,Myofibroblasts control the proliferation of fetal hepatoblasts and their differentiated cholangiocytes during the hepatoblast-to-cholangiocyte transition.,2019,Biochem Biophys Res Commun,"Journal Article; Research Support, Non-U.S. Gov't",irrelevant,"Ptn mRNA expression in mouse liver myofibroblasts/fibroblasts, not plasma, not cardiac",down_vs_control,irrelevant,,abstract_search
PMID:31031625,31031625,10.3389/fphar.2019.00377,PMC6474308,Connecting Metainflammation and Neuroinflammation Through the PTN-MK-RPTP&#x3b2;/&#x3b6; Axis: Relevance in Therapeutic Development.,2019,Front Pharmacol,Journal Article; Review,irrelevant,"none; review of PTN/MK-RPTPβ/ζ signaling in inflammation, metabolic and neurodegenerative disease",not_applicable,irrelevant,,abstract_search
PMID:29531016,29531016,10.1042/BSR20170100,PMC6048212,CREB3L1 and PTN expressions correlate with prognosis of brain glioma patients.,2018,Biosci Rep,"Journal Article; Research Support, Non-U.S. Gov't",irrelevant,"PTN protein (IHC) and mRNA (RT-PCR) in human glioma brain tissue, not cardiac",not_applicable,irrelevant,,abstract_search
PMID:29753117,29753117,10.1016/j.neuropharm.2018.04.027,PMC6050104,Pharmacological inhibition of Receptor Protein Tyrosine Phosphatase &#x3b2;/&#x3b6; (PTPRZ1) modulates behavioral responses to ethanol.,2018,Neuropharmacology,"Journal Article; Research Support, N.I.H., Extramural; Research Support, Non-U.S. Gov't",irrelevant,PTN mRNA in mouse prefrontal cortex; pALK/pTrkA in neuroblastoma cells,not_applicable,irrelevant,,abstract_search
PMID:30059799,30059799,10.1016/j.actbio.2018.07.048,PMC6131028,Glial-derived growth factor and pleiotrophin synergistically promote axonal regeneration in critical nerve injuries.,2018,Acta Biomater,"Journal Article; Research Support, N.I.H., Extramural",irrelevant,"PTN protein used in nerve conduits, rabbit peroneal nerve regeneration model",not_applicable,irrelevant,,abstract_search
PMID:30184530,30184530,10.1159/000493236,,miR-137 Inhibits Proliferation and Metastasis of Hypertrophic Scar Fibroblasts via Targeting Pleiotrophin.,2018,Cell Physiol Biochem,Journal Article; Retracted Publication,irrelevant,"PTN mRNA/protein in hypertrophic scar tissue fibroblasts, human",up_vs_control,irrelevant,,abstract_search
PMID:30226583,30226583,10.3892/ijo.2018.4540,PMC6192765,Knockdown of pleiotrophin increases the risk of preeclampsia following vitrified-thawed embryo transfer.,2018,Int J Oncol,Journal Article,irrelevant,"PTN serum in preeclampsia patients/mice, not cardiac disease",not_applicable,irrelevant,,abstract_search
PMID:30327824,30327824,10.1007/s00125-018-4746-4,,"Pleiotrophin deletion alters glucose homeostasis, energy metabolism and brown fat thermogenic function in mice.",2018,Diabetologia,"Journal Article; Research Support, Non-U.S. Gov't",irrelevant,"Ptn gene deletion in mice; tissue mRNA and metabolic variables, not plasma PTN protein",not_applicable,irrelevant,,abstract_search
PMID:30096337,30096337,10.1016/j.dci.2018.08.005,,"Identification and functional characterization of amphioxus Miple, ancestral type of vertebrate midkine/pleiotrophin homologues.",2018,Dev Comp Immunol,"Journal Article; Research Support, Non-U.S. Gov't",irrelevant,"BjMiple (PTN/MK homologue) expression in amphioxus tissue, not human plasma",not_applicable,irrelevant,,abstract_search
PMID:29085079,29085079,10.1038/s41598-017-14331-x,PMC5662603,Asymmetric Sensory-Motor Regeneration of Transected Peripheral Nerves Using Molecular Guidance Cues.,2017,Sci Rep,"Journal Article; Research Support, U.S. Gov't, Non-P.H.S.",irrelevant,"PTN as growth factor in nerve guide conduits, rodent peripheral nerve regeneration model",not_applicable,irrelevant,,abstract_search
PMID:29275231,29275231,10.1016/j.ejmech.2017.11.080,PMC5817915,Development of inhibitors of receptor protein tyrosine phosphatase &#x3b2;/&#x3b6; (PTPRZ1) as candidates for CNS disorders.,2017,Eur J Med Chem,Journal Article,irrelevant,"no PTN measurement; small-molecule PTPRZ1 inhibitors mimicking PTN activity, CNS/drug design study",not_applicable,irrelevant,,abstract_search
PMID:29286069,29286069,10.3892/ijmm.2017.3332,PMC5819923,A 16-gene expression signature to distinguish stage&#xa0;I from stage&#xa0;II lung squamous carcinoma.,2017,Int J Mol Med,Journal Article,irrelevant,"PTN mRNA expression in lung squamous carcinoma tissue microarray data, human",not_applicable,irrelevant,,abstract_search
PMID:28259175,28259175,10.1186/s12974-017-0823-8,PMC5336633,Pleiotrophin regulates microglia-mediated neuroinflammation.,2017,J Neuroinflammation,"Journal Article; Research Support, Non-U.S. Gov't",irrelevant,"PTN transgenic brain overexpression, cytokines in mouse PFC tissue; NO in BV2 microglial cells",not_applicable,irrelevant,,abstract_search
PMID:28356350,28356350,10.1189/jlb.3MR1116-475R,PMC5505752,From top to bottom: midkine and pleiotrophin as emerging players in immune regulation.,2017,J Leukoc Biol,Journal Article; Review,irrelevant,"none; review of MK/PTN cytokine biology in immunity, no plasma/tissue measurement",not_applicable,irrelevant,,abstract_search
PMID:28758253,28758253,10.1111/rda.13031,,miR-182 selectively targets HOXA10 in goat endometrial epithelium cells in vitro.,2017,Reprod Domest Anim,Journal Article,irrelevant,PTN protein levels in goat endometrial epithelial cells in vitro,not_applicable,irrelevant,,abstract_search
PMID:28447229,28447229,10.1007/s10456-017-9557-6,PMC5658272,Pathogenic role and therapeutic potential of pleiotrophin in mouse models of ocular vascular disease.,2017,Angiogenesis,Journal Article,irrelevant,"Pleiotrophin in vitreous fluid (human, cited prior work) and mouse ocular tissue models; not cardiac or plasma",not_applicable,irrelevant,,abstract_search
PMID:28616017,28616017,10.4103/1673-5374.206630,PMC5461598,Inhibition and enhancement of neural regeneration by chondroitin sulfate proteoglycans.,2017,Neural Regen Res,Journal Article; Review,irrelevant,none; review of HB-GAM/CSPG neurite outgrowth mechanisms in CNS,not_applicable,irrelevant,,abstract_search
PMID:29061398,29061398,10.1016/j.neulet.2017.10.038,,Endogenous pleiotrophin and midkine regulate LPS-induced glial responses.,2017,Neurosci Lett,Journal Article,irrelevant,"PTN gene knockout effects on glial cells, brain tissue and BV2 microglial cell line, mice",not_applicable,irrelevant,,abstract_search
PMID:29241709,29241709,10.1016/j.neulet.2017.12.024,,Regulation of Pleiotrophin and Fyn in the striatum of rats undergoing L-DOPA-induced dyskinesia.,2017,Neurosci Lett,"Journal Article; Research Support, Non-U.S. Gov't",irrelevant,"PTN immunoreactivity in striatal neurons (brain tissue), rat",up_vs_control,irrelevant,,abstract_search
PMID:27089523,27089523,10.1371/journal.pone.0153325,PMC4835047,Midkine and Pleiotrophin Concentrations in Amniotic Fluid in Healthy and Complicated Pregnancies.,2016,PLoS One,"Journal Article; Research Support, N.I.H., Intramural; Research Support, Non-U.S. Gov't",irrelevant,"MDK and PTN in human amniotic fluid, not plasma/serum, not cardiac",not_applicable,irrelevant,,abstract_search
PMID:27294500,27294500,10.1038/srep27974,PMC4904793,Proteomic analysis of egg white heparin-binding proteins: towards the identification of natural antibacterial molecules.,2016,Sci Rep,"Journal Article; Research Support, Non-U.S. Gov't",irrelevant,"Pleiotrophin in chicken egg white, mass spectrometry, non-human, non-cardiac",not_applicable,irrelevant,,abstract_search
PMID:27465069,27465069,10.1007/s00403-016-1678-z,,Pleiotrophin is downregulated in human keloids.,2016,Arch Dermatol Res,Journal Article,irrelevant,PTN protein/mRNA in keloid vs normal skin fibroblasts (human tissue/cells),down_vs_control,irrelevant,,abstract_search
PMID:27811141,27811141,10.1126/scisignal.aag0487,PMC8087215,A glucocorticoid- and diet-responsive pathway toggles adipocyte precursor cell activity in vivo.,2016,Sci Signal,"Journal Article; Research Support, N.I.H., Extramural; Research Support, Non-U.S. Gov't",irrelevant,"PTN mRNA/protein in mouse and human adipose tissue and adipocytes, not plasma; no cardiac context",up_vs_control,irrelevant,,abstract_search
PMID:28011623,28011623,10.1158/0008-5472.CAN-16-1982,PMC5321582,Sunitinib Treatment Enhances Metastasis of Innately Drug-Resistant Breast Tumors.,2016,Cancer Res,Journal Article,irrelevant,Pleiotrophin mRNA (transcriptomic) in murine breast tumor tissue,up_vs_control,irrelevant,,abstract_search
PMID:25582077,25582077,10.1016/j.mvr.2015.01.001,,Pleiotrophin-induced endothelial cell migration is regulated by xanthine oxidase-mediated generation of reactive oxygen species.,2015,Microvasc Res,"Journal Article; Research Support, Non-U.S. Gov't",irrelevant,PTN effect on ROS in HUVEC and prostate cancer cells; no plasma measurement,not_applicable,irrelevant,,abstract_search
PMID:25596181,25596181,10.1136/gutjnl-2014-308176,PMC4504836,Pleiotrophin regulates the ductular reaction by controlling the migration of cells in liver progenitor niches.,2015,Gut,"Journal Article; Research Support, N.I.H., Extramural; Research Support, Non-U.S. Gov't",irrelevant,"PTN protein/mRNA in mouse liver tissue and human liver biopsies; not plasma, not cardiac",not_applicable,irrelevant,,abstract_search
PMID:25617851,25617851,10.1371/journal.pone.0115523,PMC4305314,The effects of pleiotrophin in proliferative diabetic retinopathy.,2015,PLoS One,"Journal Article; Research Support, Non-U.S. Gov't",irrelevant,"PTN in vitreous humor, human, diabetic retinopathy patients vs controls",up_vs_control,irrelevant,,abstract_search
PMID:25644401,25644401,10.1186/s12943-015-0287-3,PMC4323219,Receptor protein tyrosine phosphatase beta/zeta is a functional binding partner for vascular endothelial growth factor.,2015,Mol Cancer,"Journal Article; Research Support, Non-U.S. Gov't",irrelevant,"PTN/RPTPβ/ζ protein-protein interactions in HUVEC, U87MG glioma, CHO cells; no plasma/serum measurement",not_applicable,irrelevant,,abstract_search
PMID:26046300,26046300,10.1021/acs.chemrestox.5b00130,,Chronic Cocaine Use Causes Changes in the Striatal Proteome Depending on the Endogenous Expression of Pleiotrophin.,2015,Chem Res Toxicol,"Journal Article; Research Support, Non-U.S. Gov't",irrelevant,"PTN protein/phosphoproteome, striatal brain tissue, mouse (PTN-/-, PTN-Tg, WT)",not_applicable,irrelevant,,abstract_search
PMID:26073176,26073176,10.1039/c5fo00304k,,The impact of fertilization on the chicken egg yolk plasma and granule proteome 24 hours post-lay at room temperature: capitalizing on high-pH/low-pH reverse phase chromatography in conjunction with tandem mass tag (TMT) technology.,2015,Food Funct,Journal Article,irrelevant,"Pleiotrophin in chicken egg yolk proteome, not human, not cardiac",not_applicable,irrelevant,,abstract_search
PMID:26338327,26338327,10.1523/JNEUROSCI.2127-15.2015,PMC6605312,Inactivation of Protein Tyrosine Phosphatase Receptor Type Z by Pleiotrophin Promotes Remyelination through Activation of Differentiation of Oligodendrocyte Precursor Cells.,2015,J Neurosci,Journal Article,irrelevant,"PTN expression in mouse brain tissue/neurons and oligodendrocyte-lineage cells; not plasma, not cardiac",not_applicable,irrelevant,,abstract_search
PMID:25620911,25620911,10.3389/fncel.2014.00443,PMC4287103,"Pleiotrophin as a central nervous system neuromodulator, evidences from the hippocampus.",2015,Front Cell Neurosci,Journal Article; Review,irrelevant,"none; review of PTN as CNS neuromodulator, hippocampus, mouse KO studies",not_applicable,irrelevant,,abstract_search
PMID:25808239,25808239,10.2174/1574889810666150326103916,,Midkine and Pleiotrophin in the Treatment of Neurodegenerative Diseases and Drug Addiction.,2015,Recent Pat CNS Drug Discov,"Journal Article; Research Support, Non-U.S. Gov't; Review",irrelevant,"none - review of PTN/MK in neurodegeneration and addiction, not cardiac",not_applicable,irrelevant,,abstract_search
PMID:26170807,26170807,10.4103/1673-5374.155416,PMC4424739,Pleiotrophin fights Brd2 for neuronal differentiation.,2015,Neural Regen Res,Journal Article,irrelevant,not stated - abstract unavailable,not_applicable,irrelevant,,abstract_search
PMID:23889475,23889475,10.1111/bph.12312,PMC3925022,Targeting midkine and pleiotrophin signalling pathways in addiction and neurodegenerative disorders: recent progress and perspectives.,2014,Br J Pharmacol,"Journal Article; Research Support, Non-U.S. Gov't; Review",irrelevant,"none; review of MK/PTN in brain regions and addiction/neurodegeneration, not plasma cardiac measurement",not_applicable,irrelevant,,abstract_search
PMID:25456495,25456495,10.1016/j.injury.2014.10.013,,The role of pleiotrophin in bone repair.,2014,Injury,Journal Article; Review,irrelevant,"none; review of PTN role in bone repair/angiogenesis, no cardiac or plasma measurement",not_applicable,irrelevant,,abstract_search
PMID:24473254,24473254,10.1093/ajh/hpt283,PMC3915746,Gene-education interactions identify novel blood pressure loci in the Framingham Heart Study.,2014,Am J Hypertens,"Journal Article; Research Support, N.I.H., Extramural",irrelevant,"SNP genotype in PTN gene locus, human blood samples; no PTN protein measured",not_applicable,irrelevant,,abstract_search
PMID:24498267,24498267,10.1371/journal.pone.0085924,PMC3911912,Binding of Y-P30 to syndecan 2/3 regulates the nuclear localization of CASK.,2014,PLoS One,"Journal Article; Research Support, Non-U.S. Gov't",irrelevant,"not applicable; neuronal culture study of Y-P30/PTN binding to syndecan, rat/mouse neurons and cell lines",not_applicable,irrelevant,,abstract_search
PMID:24516627,24516627,10.1371/journal.pone.0088287,PMC3917886,Pleiotrophin commits human bone marrow mesenchymal stromal cells towards hypertrophy during chondrogenesis.,2014,PLoS One,"Journal Article; Research Support, Non-U.S. Gov't",irrelevant,"PTN effect on hBMSC chondrogenesis, gene/protein expression in vitro, human cells",not_applicable,irrelevant,,abstract_search
PMID:24727451,24727451,10.1016/j.bbrc.2014.04.002,,EGFR trans-activation mediates pleiotrophin-induced activation of Akt and Erk in cultured osteoblasts.,2014,Biochem Biophys Res Commun,"Journal Article; Research Support, Non-U.S. Gov't",irrelevant,"Ptn signaling in cultured mouse osteoblasts/MC3T3-E1 cells, not plasma, not cardiac",not_applicable,irrelevant,,abstract_search
PMID:24728870,24728870,10.1007/s00429-014-0764-2,,Y-P30 promotes axonal growth by stabilizing growth cones.,2014,Brain Struct Funct,"Journal Article; Research Support, Non-U.S. Gov't",irrelevant,no plasma/serum PTN measurement; PTN referenced as syndecan-3 interaction partner in neuronal cell culture,not_applicable,irrelevant,,abstract_search
PMID:25010400,25010400,10.1016/j.neuroscience.2014.06.064,,Cocaine- and amphetamine-regulated transcript facilitates the neurite outgrowth in cortical neurons after oxygen and glucose deprivation through PTN-dependent pathway.,2014,Neuroscience,"Journal Article; Research Support, Non-U.S. Gov't",irrelevant,"PTN protein in mouse primary cortical neurons (cell culture), not plasma/cardiac",not_applicable,irrelevant,,abstract_search
PMID:25073406,25073406,10.1111/jnc.12841,,Pleiotrophin differentially regulates the rewarding and sedative effects of ethanol.,2014,J Neurochem,"Journal Article; Research Support, Non-U.S. Gov't",irrelevant,"PTN mRNA/protein in mouse prefrontal cortex tissue, not cardiac, not plasma",up_vs_control,irrelevant,,abstract_search
PMID:25141921,25141921,10.1111/pcmr.12309,,Pleiotrophin inhibits melanogenesis via Erk1/2-MITF signaling in normal human melanocytes.,2014,Pigment Cell Melanoma Res,"Journal Article; Research Support, Non-U.S. Gov't",irrelevant,PTN protein/expression in human skin melanocytes and fibroblasts (cell culture),not_applicable,irrelevant,,abstract_search
PMID:25209447,25209447,10.1186/s13075-014-0416-1,PMC4177417,Expression and regulation of neurotrophic and angiogenic factors during human intervertebral disc degeneration.,2014,Arthritis Res Ther,"Journal Article; Research Support, Non-U.S. Gov't",irrelevant,Pleiotrophin mRNA/protein in human intervertebral disc NP cells and SH-SY5Y cells,not_applicable,irrelevant,,abstract_search
PMID:25216150,25216150,10.11607/jomi.3708,,Proteomic analysis of porcine bone-conditioned medium.,2014,Int J Oral Maxillofac Implants,Journal Article,irrelevant,"Pleiotrophin in porcine bone-conditioned medium (secretome), non-cardiac, non-plasma",not_applicable,irrelevant,,abstract_search
PMID:25250571,25250571,10.1172/JCI76838,PMC4347246,Pleiotrophin mediates hematopoietic regeneration via activation of RAS.,2014,J Clin Invest,"Journal Article; Research Support, N.I.H., Extramural",irrelevant,"PTN administered systemically in mice; hematopoietic stem/progenitor cells, not cardiac",not_applicable,irrelevant,,abstract_search
PMID:24695857,24695857,10.1242/jcs.147462,PMC4038947,Pleiotrophin antagonizes Brd2 during neuronal differentiation.,2014,J Cell Sci,"Journal Article; Research Support, N.I.H., Extramural; Research Support, Non-U.S. Gov't",irrelevant,"Ptn-Brd2 interaction in neuronal differentiation, cell/tissue models, not plasma",not_applicable,irrelevant,,abstract_search
PMID:25000129,25000129,10.1371/journal.pone.0100597,PMC4085064,Behavioral and neuroanatomical abnormalities in pleiotrophin knockout mice.,2014,PLoS One,"Journal Article; Research Support, Non-U.S. Gov't",irrelevant,"PTN gene knockout phenotype, brain tissue (entorhinal cortex), mouse",not_applicable,irrelevant,,abstract_search
PMID:23992440,23992440,10.1111/bph.12353,PMC3925020,Structure and function of midkine as the basis of its pharmacological effects.,2014,Br J Pharmacol,Journal Article; Review,irrelevant,"none; review of midkine structure/signaling, pleiotrophin only mentioned as family member",not_applicable,irrelevant,,abstract_search
PMID:24941748,24941748,,,[Expression and bioactivity of OSF-1 in Pichia pastoris].,2014,Sheng Wu Gong Cheng Xue Bao,"Journal Article; Research Support, Non-U.S. Gov't",irrelevant,recombinant OSF-1/PTN protein expressed and purified from Pichia pastoris broth,not_applicable,irrelevant,,abstract_search
PMID:23403104,23403104,10.1016/j.neulet.2013.01.046,,Pleiotrophin is involved in the amniotic epithelial cell-induced differentiation of human umbilical cord blood-derived mesenchymal stem cells into dopaminergic neuron-like cells.,2013,Neurosci Lett,"Journal Article; Research Support, Non-U.S. Gov't",irrelevant,"PTN in AEC-conditioned medium/cell culture, human amniotic epithelial cells; not cardiac",not_applicable,irrelevant,,abstract_search
PMID:23459167,23459167,10.1016/j.tox.2013.02.013,,Differential phosphoproteome of the striatum from pleiotrophin knockout and midkine knockout mice treated with amphetamine: correlations with amphetamine-induced neurotoxicity.,2013,Toxicology,"Journal Article; Research Support, Non-U.S. Gov't",irrelevant,"Phosphoproteins in mouse striatum tissue (PTN-/-, MK-/-, WT), not plasma PTN",not_applicable,irrelevant,,abstract_search
PMID:23625998,23625998,10.1093/jb/mvt035,,The heparin-binding growth factor midkine: the biological activities and candidate receptors.,2013,J Biochem,"Journal Article; Research Support, Non-U.S. Gov't; Review",irrelevant,"not measured; review of midkine biology, pleiotrophin mentioned only as family member",not_applicable,irrelevant,,abstract_search
PMID:23891929,23891929,10.1016/j.bbr.2013.07.026,,Regulation of extinction of cocaine-induced place preference by midkine is related to a differential phosphorylation of peroxiredoxin 6 in dorsal striatum.,2013,Behav Brain Res,"Journal Article; Research Support, Non-U.S. Gov't",irrelevant,"PTN gene knockout mice; brain striatal/prefrontal cortex protein phosphorylation, mouse",not_applicable,irrelevant,,abstract_search
PMID:24096156,24096156,10.1016/j.tox.2013.09.014,,Phosphoproteomic analysis of the striatum from pleiotrophin knockout and midkine knockout mice treated with cocaine reveals regulation of oxidative stress-related proteins potentially underlying cocaine-induced neurotoxicity and neurodegeneration.,2013,Toxicology,"Journal Article; Research Support, Non-U.S. Gov't",irrelevant,Phosphoproteins in mouse striatum tissue (PTN/MK knockout mice),not_applicable,irrelevant,,abstract_search
PMID:24372230,24372230,10.2174/1389201014666131226114919,,"Efficient expression and purification of recombinant therapeutic protein candidates, human midkine and pleiotrophin.",2013,Curr Pharm Biotechnol,Journal Article,irrelevant,recombinant midkine and pleiotrophin protein expression/purification in Pichia pastoris; no biological sample measured,not_applicable,irrelevant,,abstract_search
PMID:25065136,25065136,,,"[Cell therapy using stem cells: trophic factor, differentiation, and cell transplantation].",2013,Nihon Shinkei Seishin Yakurigaku Zasshi,English Abstract; Journal Article; Review,irrelevant,"Pleiotrophin as trophic factor in rat striatum/brain tissue, not plasma; no cardiac context",not_applicable,irrelevant,,abstract_search
PMID:24015201,24015201,10.1371/journal.pone.0072028,PMC3756024,Effects of pleiotrophin overexpression on mouse skeletal muscles in normal loading and in actual and simulated microgravity.,2013,PLoS One,"Journal Article; Research Support, Non-U.S. Gov't",irrelevant,"PTN overexpression in mouse skeletal muscle (soleus/EDL tissue), transgenic mice",not_applicable,irrelevant,,abstract_search
PMID:23707299,23707299,10.1016/j.expneurol.2013.05.007,PMC3742710,"Schwann cell phenotype is regulated by axon modality and central-peripheral location, and persists in vitro.",2013,Exp Neurol,"Journal Article; Research Support, N.I.H., Extramural; Research Support, Non-U.S. Gov't",irrelevant,"PTN mRNA/gene expression in rat Schwann cells (nerve tissue), not plasma or cardiac",not_applicable,irrelevant,,abstract_search
PMID:24194844,24194844,10.1371/journal.pone.0076684,PMC3806798,Fsh controls gene expression in fish both independently of and through steroid mediation.,2013,PLoS One,"Journal Article; Meta-Analysis; Research Support, Non-U.S. Gov't",irrelevant,midkine a (pleiotrophin-related gene) mRNA in rainbow trout testis explants,not_applicable,irrelevant,,abstract_search
PMID:23077670,23077670,10.1371/journal.pone.0047876,PMC3471873,Pleiotrophin (PTN) expression and function and in the mouse mammary gland and mammary epithelial cells.,2012,PLoS One,"Journal Article; Research Support, N.I.H., Extramural; Research Support, Non-U.S. Gov't; Research Support, U.S. Gov't, Non-P.H.S.",irrelevant,PTN mRNA/protein in mouse mammary gland tissue and epithelial cells,down_vs_control,irrelevant,,abstract_search
PMID:23100427,23100427,10.1523/JNEUROSCI.1320-12.2012,PMC3700539,Pleiotrophin suppression of receptor protein tyrosine phosphatase-&#x3b2;/&#x3b6; maintains the self-renewal competence of fetal human oligodendrocyte progenitor cells.,2012,J Neurosci,"Journal Article; Research Support, N.I.H., Extramural; Research Support, Non-U.S. Gov't; Research Support, U.S. Gov't, Non-P.H.S.",irrelevant,"Pleiotrophin/PTPRZ1 signaling in human fetal oligodendrocyte progenitor cells, not cardiac",not_applicable,irrelevant,,abstract_search
PMID:23129769,23129769,10.1074/jbc.M112.412676,PMC3527926,Construction of a chondroitin sulfate library with defined structures and analysis of molecular interactions.,2012,J Biol Chem,"Journal Article; Research Support, Non-U.S. Gov't",irrelevant,"Pleiotrophin used as CS-binding protein in ELISA/SPR, not measured in plasma/tissue",not_applicable,irrelevant,,abstract_search
PMID:23161541,23161541,10.1074/jbc.M112.387076,PMC3537032,Interplay between &#x3b1;v&#x3b2;3 integrin and nucleolin regulates human endothelial and glioma cell migration.,2012,J Biol Chem,"Journal Article; Research Support, N.I.H., Extramural",irrelevant,no plasma/serum PTN measured; cell surface nucleolin/integrin signaling in endothelial and glioma cells,not_applicable,irrelevant,,abstract_search
PMID:22423616,22423616,10.1186/2045-824X-4-4,PMC3379939,Pleiotrophin expression and role in physiological angiogenesis in vivo: potential involvement of nucleolin.,2012,Vasc Cell,Journal Article,irrelevant,PTN mRNA/protein in chicken CAM tissue and human endothelial cells (in vitro),not_applicable,irrelevant,,abstract_search
PMID:22438896,22438896,10.1371/journal.pone.0033179,PMC3305296,Bone turnover in wild type and pleiotrophin-transgenic mice housed for three months in the International Space Station (ISS).,2012,PLoS One,"Journal Article; Research Support, Non-U.S. Gov't",irrelevant,"PTN transgene expression in bone tissue, mouse (Wt/PTN-Tg)",not_applicable,irrelevant,,abstract_search
PMID:22496782,22496782,10.1371/journal.pone.0034215,PMC3319562,Chicken pleiotrophin: regulation of tissue specific expression by estrogen in the oviduct and distinct expression pattern in the ovarian carcinomas.,2012,PLoS One,"Comparative Study; Journal Article; Research Support, Non-U.S. Gov't",irrelevant,"PTN mRNA/protein in chicken oviduct, ovary, and tissue; not plasma, not human",not_applicable,irrelevant,,abstract_search
PMID:22871361,22871361,10.1016/j.pep.2012.07.009,,Recombinant expression and purification of heparin binding proteins: midkine and pleiotrophin from Escherichia coli.,2012,Protein Expr Purif,Journal Article,irrelevant,"Recombinant human/mouse MDK and human PTN expressed in E. coli, purified protein",not_applicable,irrelevant,,abstract_search
PMID:23000062,23000062,10.1016/j.neures.2012.09.001,,Pleiotrophin promotes microglia proliferation and secretion of neurotrophic factors by activating extracellular signal-regulated kinase 1/2 pathway.,2012,Neurosci Res,"Journal Article; Research Support, Non-U.S. Gov't",irrelevant,"PTN expression in rat microglia cell culture (in vitro), not cardiac, not plasma",not_applicable,irrelevant,,abstract_search
PMID:23054143,23054143,10.1007/s10735-012-9453-8,,Elevated expression of pleiotrophin in human hypertrophic scars.,2012,J Mol Histol,Journal Article,irrelevant,PTN mRNA/protein in human hypertrophic scar and normal skin tissue,up_vs_control,irrelevant,,abstract_search
PMID:22382872,22382872,10.1369/0022155412439316,PMC3351233,Pleiotrophin expression during odontogenesis.,2012,J Histochem Cytochem,"Journal Article; Research Support, N.I.H., Extramural",irrelevant,PTN mRNA/protein in mouse dental cell lines and tissue (tooth/mandible),not_applicable,irrelevant,,abstract_search
PMID:23019154,23019154,10.1093/glycob/cws137,,Highly sulfated hexasaccharide sequences isolated from chondroitin sulfate of shark fin cartilage: insights into the sugar sequences with bioactivities.,2012,Glycobiology,"Journal Article; Research Support, Non-U.S. Gov't",irrelevant,chondroitin sulfate oligosaccharides from shark cartilage; no PTN measurement,not_applicable,irrelevant,,abstract_search
PMID:21375485,21375485,10.2174/138161211795164103,,Connecting Parkinson's disease and drug addiction: common players reveal unexpected disease connections and novel therapeutic approaches.,2011,Curr Pharm Des,"Journal Article; Research Support, Non-U.S. Gov't; Review",irrelevant,no measurement; review of PTN signaling in Parkinson's disease and drug addiction,not_applicable,irrelevant,,abstract_search
PMID:21375486,21375486,10.2174/138161211795164130,,Uncovering new pharmacological targets to treat neuropathic pain by understanding how the organism reacts to nerve injury.,2011,Curr Pharm Des,"Journal Article; Research Support, Non-U.S. Gov't; Review",irrelevant,"not measured; review on PTN in neuropathic pain, not cardiac or plasma",not_applicable,irrelevant,,abstract_search
PMID:21437871,21437871,10.1002/art.30356,PMC3128183,Genetic analyses of interferon pathway-related genes reveal multiple new loci associated with systemic lupus erythematosus.,2011,Arthritis Rheum,"Journal Article; Research Support, N.I.H., Extramural; Research Support, Non-U.S. Gov't; Research Support, U.S. Gov't, Non-P.H.S.",irrelevant,"genetic SNP association (PTN gene locus), not protein measurement; human",not_applicable,irrelevant,,abstract_search
PMID:21881556,21881556,10.1038/ki.2011.305,,Pleiotrophin triggers inflammation and increased peritoneal permeability leading to peritoneal fibrosis.,2011,Kidney Int,"Journal Article; Research Support, Non-U.S. Gov't",irrelevant,"PTN mRNA/protein in peritoneal tissue, mesothelial cells, fibroblasts, dialysate effluent; mouse and human",up_vs_control,irrelevant,,abstract_search
PMID:21600196,21600196,10.1016/j.ydbio.2011.05.004,PMC3130836,Growth factor-dependent branching of the ureteric bud is modulated by selective 6-O sulfation of heparan sulfate.,2011,Dev Biol,"Journal Article; Research Support, N.I.H., Extramural; Research Support, Non-U.S. Gov't",irrelevant,"PTN binding affinity to heparin in vitro; kidney/UB organ culture, rat",not_applicable,irrelevant,,abstract_search
PMID:21928404,21928404,10.1002/cbf.1802,,Effect of pleiotrophin on glutamate-induced neurotoxicity in cultured hippocampal neurons.,2011,Cell Biochem Funct,"Journal Article; Research Support, Non-U.S. Gov't",irrelevant,"PTN treatment effect on cultured rat hippocampal neurons, not plasma/cardiac",not_applicable,irrelevant,,abstract_search
PMID:21612554,21612554,10.1089/scd.2011.0140,PMC3280606,Identification of mesenchymal stem cells in perinodular fat and skin in Dupuytren's disease: a potential source of myofibroblasts with implications for pathogenesis and therapy.,2011,Stem Cells Dev,"Clinical Trial; Journal Article; Research Support, Non-U.S. Gov't",irrelevant,"OSF-1 (PTN alias) mRNA expression in Dupuytren's disease tissue (fat, cord, nodule), human",not_applicable,irrelevant,,abstract_search
PMID:22079049,22079049,10.1016/j.jmb.2011.10.048,,The structure of the extracellular domain of the jumping translocation breakpoint protein reveals a variation of the midkine fold.,2011,J Mol Biol,Journal Article,irrelevant,no PTN measurement; structural study of JTB protein fold related to midkine/pleiotrophin,not_applicable,irrelevant,,abstract_search
PMID:20180764,20180764,10.2174/187220810791110679,,Secretory expression of human protein in the Yeast Pichia pastoris by controlled fermentor culture.,2010,Recent Pat Biotechnol,Journal Article; Review,irrelevant,recombinant pleiotrophin protein secreted from Pichia pastoris yeast cells,not_applicable,irrelevant,,abstract_search
PMID:20200993,20200993,10.1002/jbmr.75,,Increased trabecular bone formation in mice lacking the growth factor midkine.,2010,J Bone Miner Res,"Journal Article; Research Support, Non-U.S. Gov't",irrelevant,"Ptn/Mdk knockout mice bone tissue, mouse, not plasma or cardiac",not_applicable,irrelevant,,abstract_search
PMID:20431264,20431264,10.2183/pjab.86.410,PMC3417803,"Midkine, a heparin-binding cytokine with multiple roles in development, repair and diseases.",2010,Proc Jpn Acad Ser B Phys Biol Sci,Journal Article; Review,irrelevant,"not measured; review discusses midkine biology, mentions pleiotrophin only for sequence homology",not_applicable,irrelevant,,abstract_search
PMID:20565841,20565841,10.1186/1465-9921-11-80,PMC2901351,The role of pleiotrophin and beta-catenin in fetal lung development.,2010,Respir Res,"Journal Article; Research Support, N.I.H., Extramural; Research Support, Non-U.S. Gov't; Review",irrelevant,"PTN and beta-catenin signaling in fetal lung tissue, review of development",not_applicable,irrelevant,,abstract_search
PMID:20812209,20812209,10.1002/pros.21244,PMC3045659,Expression of pleiotrophin in the prostate is androgen regulated and it functions as an autocrine regulator of mesenchyme and cancer associated fibroblasts and as a paracrine regulator of epithelia.,2010,Prostate,"Journal Article; Research Support, N.I.H., Extramural; Research Support, Non-U.S. Gov't",irrelevant,"PTN mRNA/protein in prostate tissue/cells, rat/human/mouse, no cardiac or plasma",not_applicable,irrelevant,,abstract_search
PMID:20036837,20036837,10.2741/3637,,Chondroitin sulfate proteoglycans in neural development and plasticity.,2010,Front Biosci (Landmark Ed),"Journal Article; Research Support, Non-U.S. Gov't; Review",irrelevant,"no PTN measurement; review of CSPG-pleiotrophin signaling in neural development, brain tissue",not_applicable,irrelevant,,abstract_search
PMID:20305662,20305662,10.1038/nm.2119,PMC3689427,Pleiotrophin regulates the expansion and regeneration of hematopoietic stem cells.,2010,Nat Med,"Journal Article; Research Support, N.I.H., Extramural",irrelevant,Pleiotrophin protein added to mouse/human HSC cultures in vitro; not measured in plasma,not_applicable,irrelevant,,abstract_search
PMID:20884334,20884334,10.1016/j.neuroscience.2010.09.036,,"Methylcobalamin, but not methylprednisolone or pleiotrophin, accelerates the recovery of rat biceps after ulnar to musculocutaneous nerve transfer.",2010,Neuroscience,"Journal Article; Research Support, Non-U.S. Gov't",irrelevant,"Pleiotrophin as exogenous treatment in rat peripheral nerve regeneration, not measured as biomarker",not_applicable,irrelevant,,abstract_search
PMID:19159951,19159951,10.1007/s00423-009-0465-0,,"Malignant fibrous histiocytoma--pleomorphic sarcoma, NOS gene expression, histology, and clinical course. A pilot study.",2009,Langenbecks Arch Surg,Journal Article,irrelevant,"PTN mRNA expression, tumor tissue (pleomorphic sarcoma), human",up_vs_control,irrelevant,,abstract_search
PMID:19190026,19190026,10.1093/glycob/cwp005,,Structural and functional changes of sulfated glycosaminoglycans in Xenopus laevis during embryogenesis.,2009,Glycobiology,"Journal Article; Research Support, Non-U.S. Gov't",irrelevant,"Pleiotrophin binding affinity to GAG chains via BIAcore, not measured in plasma; Xenopus embryos",not_applicable,irrelevant,,abstract_search
PMID:19424734,19424734,10.1007/s10143-009-0202-8,,Pleiotrophin and peripheral nerve injury.,2009,Neurosurg Rev,Journal Article; Review,irrelevant,"none; review on PTN in peripheral nerve injury/regeneration, no plasma/cardiac measurement",not_applicable,irrelevant,,abstract_search
PMID:19442624,19442624,10.1016/j.bone.2009.01.004,,Osteocyte-derived HB-GAM (pleiotrophin) is associated with bone formation and mechanical loading.,2009,Bone,"Journal Article; Research Support, Non-U.S. Gov't",irrelevant,"HB-GAM/pleiotrophin in bone/osteocyte tissue and cell cultures, mouse and human cells; no plasma measurement",not_applicable,irrelevant,,abstract_search
PMID:19461589,19461589,10.1038/oby.2009.141,,Multiple genes influence BMI on chromosome 7q31-34: the NHLBI Family Heart Study.,2009,Obesity (Silver Spring),"Journal Article; Research Support, N.I.H., Extramural",irrelevant,"PTN gene SNP genotype association with BMI, human genomic DNA; no protein measured",not_applicable,irrelevant,,abstract_search
PMID:19481257,19481257,10.1016/j.placenta.2009.05.001,,Expression of pleiotrophin and its receptors in human placenta suggests roles in trophoblast life cycle and angiogenesis.,2009,Placenta,"Journal Article; Research Support, Non-U.S. Gov't",irrelevant,"PTN protein in placental tissue and maternal blood (ELISA) during pregnancy, human",not_applicable,irrelevant,,abstract_search
PMID:19567366,19567366,10.1074/mcp.M900031-MCP200,PMC2758754,Identification of heparin-binding sites in proteins by selective labeling.,2009,Mol Cell Proteomics,"Journal Article; Research Support, Non-U.S. Gov't",irrelevant,"PTN protein heparin-binding site labeling, in vitro biochemical assay, not plasma/tissue disease measurement",not_applicable,irrelevant,,abstract_search
PMID:19141530,19141530,10.1096/fj.08-117564,,Integrin alpha(v)beta(3) is a pleiotrophin receptor required for pleiotrophin-induced endothelial cell migration through receptor protein tyrosine phosphatase beta/zeta.,2009,FASEB J,"Journal Article; Research Support, Non-U.S. Gov't",irrelevant,"PTN protein signaling in human endothelial cells and glioma cell lines, receptor binding study",not_applicable,irrelevant,,abstract_search
PMID:19356122,19356122,10.2174/138955709787847895,,Targeting the pleiotrophin/receptor protein tyrosine phosphatase beta/zeta signaling pathway to limit neurotoxicity induced by drug abuse.,2009,Mini Rev Med Chem,"Journal Article; Research Support, Non-U.S. Gov't; Review",irrelevant,none; review of PTN/RPTPbeta/zeta signaling in drug-induced neurotoxicity,not_applicable,irrelevant,,abstract_search
PMID:19548869,19548869,10.2174/092986709788803240,,Blocking receptor protein tyrosine phosphatase beta/zeta: a potential therapeutic strategy for Parkinson's disease.,2009,Curr Med Chem,"Journal Article; Research Support, Non-U.S. Gov't; Review",irrelevant,"PTN tissue expression in substantia nigra, human/rodent Parkinson's disease models",not_applicable,irrelevant,,abstract_search
PMID:19526365,19526365,10.1007/s00418-009-0612-2,,Pleiotrophin is expressed in avian somites and tendon anlagen.,2009,Histochem Cell Biol,"Journal Article; Research Support, Non-U.S. Gov't",irrelevant,"Ptn mRNA expression, chick embryo tissue (somites, tendon anlagen, limb)",not_applicable,irrelevant,,abstract_search
PMID:19478889,19478889,10.2174/1874325000802010137,PMC2687122,The Potential of N-Rich Plasma-Polymerized Ethylene (PPE:N) Films for Regulating the Phenotype of the Nucleus Pulposus.,2008,Open Orthop J,Journal Article,irrelevant,"PTN mRNA in rat/bovine nucleus pulposus and cartilage cells, not human plasma",not_applicable,irrelevant,,abstract_search
PMID:18381592,18381592,10.1002/mc.20438,,Pleiotrophin inhibits transforming growth factor beta1-induced apoptosis in hepatoma cell lines.,2008,Mol Carcinog,"Journal Article; Research Support, Non-U.S. Gov't",irrelevant,PTN mRNA expression in rat liver tissue and human/rat hepatoma cell lines,not_applicable,irrelevant,,abstract_search
PMID:18391787,18391787,10.1097/MOH.0b013e3282fdc69e,,"Pleiotrophin, a multifunctional angiogenic factor: mechanisms and pathways in normal and pathological angiogenesis.",2008,Curr Opin Hematol,"Journal Article; Research Support, N.I.H., Extramural; Research Support, U.S. Gov't, Non-P.H.S.; Review",irrelevant,"none; review of PTN angiogenic signaling mechanisms, no specific matrix or species measurement",not_applicable,irrelevant,,abstract_search
PMID:18472226,18472226,10.1016/j.neuroscience.2008.03.058,,Fetal striatum- and ventral mesencephalon-derived expanded neurospheres rescue dopaminergic neurons in vitro and the nigro-striatal system in vivo.,2008,Neuroscience,"Journal Article; Research Support, Non-U.S. Gov't",irrelevant,"Pleiotrophin mRNA expression (RT-PCR) in neurospheres, mouse tissue",not_applicable,irrelevant,,abstract_search
PMID:18474614,18474614,10.1128/MCB.00074-08,PMC2447117,Receptor type protein tyrosine phosphatase zeta-pleiotrophin signaling controls endocytic trafficking of DNER that regulates neuritogenesis.,2008,Mol Cell Biol,"Journal Article; Research Support, Non-U.S. Gov't",irrelevant,"PTN-PTPzeta signaling in Purkinje cells/Neuro-2A cells, mouse/rat, not plasma",not_applicable,irrelevant,,abstract_search
PMID:18599487,18599487,10.1074/jbc.M800963200,PMC3259816,The survival-promoting peptide Y-P30 enhances binding of pleiotrophin to syndecan-2 and -3 and supports its neuritogenic activity.,2008,J Biol Chem,"Journal Article; Research Support, Non-U.S. Gov't",irrelevant,"PTN/syndecan binding studied in COS cells and rat thalamic neurons, not plasma",not_applicable,irrelevant,,abstract_search
PMID:18661331,18661331,10.1080/03008200802148652,,Heparin-binding protein pleiotrophin: an important player in the angiogenic process.,2008,Connect Tissue Res,Journal Article; Review,irrelevant,"none; review on PTN in angiogenesis, no specific plasma/tissue measurement reported",not_applicable,irrelevant,,abstract_search
PMID:18752647,18752647,10.1111/j.1471-4159.2008.05640.x,,Pleiotrophin receptor RPTP-zeta/beta expression is up-regulated by L-DOPA in striatal medium spiny neurons of parkinsonian rats.,2008,J Neurochem,"Journal Article; Research Support, Non-U.S. Gov't",irrelevant,"Pleiotrophin/RPTP-zeta-beta mRNA and protein, striatal/mesencephalon tissue, rat",up_vs_control,irrelevant,,abstract_search
PMID:18701692,18701692,10.1523/JNEUROSCI.2010-08.2008,PMC2567869,A novel purification method for CNS projection neurons leads to the identification of brain vascular cells as a source of trophic support for corticospinal motor neurons.,2008,J Neurosci,"Comparative Study; Journal Article; Research Support, N.I.H., Extramural; Research Support, Non-U.S. Gov't",irrelevant,"pleiotrophin as trophic factor from rat brain endothelial cells, in vitro CSMN culture",not_applicable,irrelevant,,abstract_search
PMID:18616428,18616428,10.1146/annurev.cellbio.24.110707.175418,,"The evolution, regulation, and function of placenta-specific genes.",2008,Annu Rev Cell Dev Biol,"Journal Article; Research Support, Non-U.S. Gov't; Review",irrelevant,no plasma/serum PTN measurement; review discusses placenta-specific genes including Pleiotrophin,not_applicable,irrelevant,,abstract_search
PMID:18727926,18727926,10.1016/j.ejphar.2008.07.067,,Pleiotrophin prevents cocaine-induced toxicity in vitro.,2008,Eur J Pharmacol,"Journal Article; Research Support, Non-U.S. Gov't",irrelevant,"PTN in NG108-15 and PC12 cells (in vitro), rodent-derived; no cardiac or plasma measurement",not_applicable,irrelevant,,abstract_search
PMID:18582856,18582856,10.1016/j.ydbio.2008.05.530,,The large functional spectrum of the heparin-binding cytokines MK and HB-GAM in continuously growing organs: the rodent incisor as a model.,2008,Dev Biol,"Journal Article; Research Support, Non-U.S. Gov't",irrelevant,HB-GAM/MK protein expression in mouse incisor tooth tissue,not_applicable,irrelevant,,abstract_search
PMID:18789012,18789012,,,[Pleiotropic effects of statins].,2008,Kardiologiia,English Abstract; Journal Article; Review,irrelevant,Russian-language review of pleiotropic effects of statins; the word 'pleiotropic' not pleiotrophin - no PTN measurement,not_applicable,irrelevant,SEARCH ARTEFACT: matched 'pleiotrophin AND heart failure' via the word pleiotropic. No PTN content.,abstract_search
PMID:17239862,17239862,10.1016/j.febslet.2006.12.043,,The effect of pleiotrophin signaling on adipogenesis.,2007,FEBS Lett,"Journal Article; Research Support, Non-U.S. Gov't",irrelevant,PTN siRNA knockdown in mouse 3T3-L1 preadipocyte cells,not_applicable,irrelevant,,abstract_search
PMID:17468132,17468132,10.1152/ajplung.00354.2006,,Perinatal increases in TGF-{alpha} disrupt the saccular phase of lung morphogenesis and cause remodeling: microarray analysis.,2007,Am J Physiol Lung Cell Mol Physiol,"Journal Article; Research Support, N.I.H., Extramural; Research Support, Non-U.S. Gov't",irrelevant,"Pleiotrophin protein in mouse lung tissue (not plasma, not cardiac)",up_vs_control,irrelevant,,abstract_search
PMID:17822560,17822560,10.1186/1475-925X-6-33,PMC2018722,The effect of novel nitrogen-rich plasma polymer coatings on the phenotypic profile of notochordal cells.,2007,Biomed Eng Online,"Journal Article; Research Support, Non-U.S. Gov't",irrelevant,"PTN mRNA expression, cultured canine notochordal cells (RT-PCR), dog",not_applicable,irrelevant,,abstract_search
PMID:17823238,17823238,10.1634/stemcells.2007-0372,,Pleiotrophin enhances clonal growth and long-term expansion of human embryonic stem cells.,2007,Stem Cells,"Comparative Study; Journal Article; Research Support, N.I.H., Extramural; Research Support, Non-U.S. Gov't",irrelevant,"PTN mRNA/protein in murine fibroblasts and human ESC PTPRZ1 receptor, cell culture",not_applicable,irrelevant,,abstract_search
PMID:17875810,17875810,10.1182/blood-2007-01-067314,,FGFR-1 regulates angiogenesis through cytokines interleukin-4 and pleiotrophin.,2007,Blood,"Journal Article; Research Support, Non-U.S. Gov't",irrelevant,"Pleiotrophin protein in mouse embryoid body conditioned medium/transcript arrays, not human plasma or cardiac",up_vs_control,irrelevant,,abstract_search
PMID:17908800,17908800,10.1128/MCB.00821-07,PMC2169415,Identification of candidate angiogenic inhibitors processed by matrix metalloproteinase 2 (MMP-2) in cell-based proteomic screens: disruption of vascular endothelial growth factor (VEGF)/heparin affin regulatory peptide (pleiotrophin) and VEGF/Connective tissue growth factor angiogenic inhibitory complexes by MMP-2 proteolysis.,2007,Mol Cell Biol,"Journal Article; Research Support, Non-U.S. Gov't",irrelevant,"HARP/pleiotrophin cleavage by MMP-2 in cell culture proteomic assays (mouse/NIH 3T3 cells), not plasma",not_applicable,irrelevant,,abstract_search
PMID:17928217,17928217,10.1016/j.sbi.2007.08.015,,Chondroitin/dermatan sulfate in the central nervous system.,2007,Curr Opin Struct Biol,"Journal Article; Research Support, Non-U.S. Gov't; Review",irrelevant,no measurement; review discusses PTN as growth factor bound by CNS glycosaminoglycans,not_applicable,irrelevant,,abstract_search
PMID:18178537,18178537,10.1016/j.bone.2007.11.009,,The protein tyrosine phosphatase Rptpzeta is expressed in differentiated osteoblasts and affects bone formation in mice.,2007,Bone,"Journal Article; Research Support, Non-U.S. Gov't",irrelevant,Ptprz1/Rptpzeta expression in mouse osteoblasts and bone tissue; no plasma PTN measured,not_applicable,irrelevant,,abstract_search
PMID:17971413,17971413,10.1242/jcs.013946,,Midkine and LDL-receptor-related protein 1 contribute to the anchorage-independent cell growth of cancer cells.,2007,J Cell Sci,"Journal Article; Research Support, N.I.H., Extramural; Research Support, Non-U.S. Gov't",irrelevant,no PTN measurement; PTN used as binding-specificity control for MK-TRAP/LRP1 in vitro,not_applicable,irrelevant,,abstract_search
PMID:17515817,17515817,10.1097/BRS.0b013e31805b835d,,The presence of pleiotrophin in the human intervertebral disc is associated with increased vascularization: an immunohistologic study.,2007,Spine (Phila Pa 1976),"Journal Article; Research Support, Non-U.S. Gov't",irrelevant,"PTN immunoreactivity in human intervertebral disc tissue (not cardiac, not plasma)",not_applicable,irrelevant,,abstract_search
PMID:17904822,17904822,10.1016/j.cellsig.2007.07.011,,"In contrast to agonist monoclonal antibodies, both C-terminal truncated form and full length form of Pleiotrophin failed to activate vertebrate ALK (anaplastic lymphoma kinase)?",2007,Cell Signal,"Journal Article; Research Support, Non-U.S. Gov't",irrelevant,"PTN forms secreted by HEK 293 cells, in vitro ALK activation assay in neuroblastoma/glioblastoma cell lines",not_applicable,irrelevant,,abstract_search
PMID:17145750,17145750,10.1074/jbc.M609296200,,Neuritogenic activity of chondroitin/dermatan sulfate hybrid chains of embryonic pig brain and their mimicry from shark liver. Involvement of the pleiotrophin and hepatocyte growth factor signaling pathways.,2006,J Biol Chem,"Journal Article; Research Support, Non-U.S. Gov't",irrelevant,"PTN growth factor binding to CS/DS chains in vitro; pig brain, shark liver tissue",not_applicable,irrelevant,,abstract_search
PMID:17181554,17181554,10.1111/j.1471-4159.2006.04276.x,,Overexpression of midkine contributes to anti-apoptotic effects in human meningiomas.,2006,J Neurochem,"Comparative Study; Journal Article; Research Support, Non-U.S. Gov't",irrelevant,Midkine mRNA/protein in human meningioma tissue; pleiotrophin not overexpressed (tissue),not_applicable,irrelevant,,abstract_search
PMID:16513268,16513268,10.1016/j.neulet.2006.01.045,,Protein tyrosine phosphatase receptor type Z is involved in hippocampus-dependent memory formation through dephosphorylation at Y1105 on p190 RhoGAP.,2006,Neurosci Lett,"Journal Article; Research Support, Non-U.S. Gov't",irrelevant,"Pleiotrophin used as ligand stimulus in B103 neuroblastoma cells; mouse hippocampal tissue phosphorylation studied, not plasma PTN",not_applicable,irrelevant,,abstract_search
PMID:16798779,16798779,10.1152/ajplung.00435.2005,,Gene expression profiling identifies regulatory pathways involved in the late stage of rat fetal lung development.,2006,Am J Physiol Lung Cell Mol Physiol,"Journal Article; Research Support, N.I.H., Extramural",irrelevant,Pleiotrophin mRNA/protein in rat fetal lung tissue and type II cells,not_applicable,irrelevant,,abstract_search
PMID:16908672,16908672,10.1083/jcb.200602043,PMC2064262,N-syndecan deficiency impairs neural migration in brain.,2006,J Cell Biol,"Journal Article; Research Support, Non-U.S. Gov't",irrelevant,"N-syndecan/HB-GAM signaling in mouse brain neural cells, not plasma",not_applicable,irrelevant,,abstract_search
PMID:17054117,17054117,10.1002/ar.a.20393,,Expression of VEGF and pleiotrophin in deer antler.,2006,Anat Rec A Discov Mol Cell Evol Biol,"Journal Article; Research Support, Non-U.S. Gov't",irrelevant,"Pleiotrophin mRNA in deer antler tissue (vascular smooth muscle cells, precartilage), deer species",not_applicable,irrelevant,,abstract_search
PMID:17115009,17115009,,,"[Structure and function of midkine, a novel heparin-binding growth factor].",2006,Postepy Hig Med Dosw (Online),Journal Article; Review,irrelevant,"no PTN measurement; review of midkine structure/function, mentions pleiotrophin only in passing",not_applicable,irrelevant,,abstract_search
PMID:16985521,16985521,10.1038/sj.ki.5001800,,The pluripotent cytokine pleiotrophin is induced by wounding in human mesangial cells.,2006,Kidney Int,Journal Article,irrelevant,"PTN mRNA/protein in human mesangial cells (kidney), not plasma/cardiac",up_vs_control,irrelevant,,abstract_search
PMID:16634042,16634042,10.1002/ana.20812,,Complementary patterns of gene expression by human oligodendrocyte progenitors and their environment predict determinants of progenitor maintenance and differentiation.,2006,Ann Neurol,"Journal Article; Research Support, N.I.H., Extramural; Research Support, Non-U.S. Gov't",irrelevant,"pleiotrophin mRNA expression, human white matter progenitor cells/tissue, not plasma",not_applicable,irrelevant,,abstract_search
PMID:16645721,16645721,10.1007/s11060-006-9143-z,,Gene expression profiles of 1-(4-amino-2-methyl-5-pyrimidinyl)-methyl-3-(2-chloroethyl)-3-nitrosourea (ACNU)-resistant C6 rat glioma cells.,2006,J Neurooncol,"Journal Article; Research Support, Non-U.S. Gov't",irrelevant,"Pleiotrophin mRNA, rat C6 glioma cell line, RT-PCR (not plasma, not human)",down_vs_control,irrelevant,,abstract_search
PMID:17375473,17375473,,,"The midkine family in cancer, inflammation and neural development.",2005,Nagoya J Med Sci,"Journal Article; Research Support, Non-U.S. Gov't; Review",irrelevant,"none; review of MK/PTN expression in carcinomas, brain tissue, no plasma cardiac measurement",not_applicable,irrelevant,,abstract_search
PMID:15917480,15917480,10.1634/stemcells.2004-0120,,Long-term maintenance of hematopoietic stem cells does not require contact with embryo-derived stromal cells in cocultures.,2005,Stem Cells,"Journal Article; Research Support, N.I.H., Extramural; Research Support, Non-U.S. Gov't; Research Support, U.S. Gov't, P.H.S.",irrelevant,"Pleiotrophin mRNA gene expression, murine stromal cell lines (EL08-1D2, UG26-1B6)",not_applicable,irrelevant,,abstract_search
PMID:16253353,16253353,10.1016/j.aquatox.2005.08.014,,"Putative midkine family protein up-regulation in Patella caerulea (Mollusca, Gastropoda) exposed to sublethal concentrations of cadmium.",2005,Aquat Toxicol,Comparative Study; Journal Article,irrelevant,"midkine mRNA, tissue (viscera/foot), Patella caerulea (mollusc)",up_vs_control,irrelevant,,abstract_search
PMID:16226713,16226713,10.1016/j.bbrc.2005.09.173,,Upregulation of pleiotrophin expression in rat hepatic stellate cells by PDGF and hypoxia: implications for its role in experimental biliary liver fibrogenesis.,2005,Biochem Biophys Res Commun,"Journal Article; Research Support, Non-U.S. Gov't",irrelevant,"PTN mRNA/protein in rat hepatic stellate cells and liver tissue, not cardiac or plasma",up_vs_control,irrelevant,,abstract_search
PMID:15757903,15757903,10.1074/jbc.M413528200,,Identification of transcriptional targets of HOXA5.,2005,J Biol Chem,"Journal Article; Research Support, N.I.H., Extramural; Research Support, Non-U.S. Gov't; Research Support, U.S. Gov't, P.H.S.",irrelevant,"PTN mRNA/promoter activity in Hs578T breast cancer cell line, human",up_vs_control,irrelevant,,abstract_search
PMID:15632143,15632143,10.1074/jbc.M413423200,,"Heparin-binding growth factor, pleiotrophin, mediates neuritogenic activity of embryonic pig brain-derived chondroitin sulfate/dermatan sulfate hybrid chains.",2005,J Biol Chem,"Journal Article; Research Support, Non-U.S. Gov't",irrelevant,"PTN protein binding to CS/DS chains, rat/pig brain tissue and neuronal cultures",not_applicable,irrelevant,,abstract_search
PMID:16120610,16120610,10.1074/jbc.M507304200,,Demonstration of the pleiotrophin-binding oligosaccharide sequences isolated from chondroitin sulfate/dermatan sulfate hybrid chains of embryonic pig brains.,2005,J Biol Chem,"Journal Article; Research Support, Non-U.S. Gov't",irrelevant,PTN-binding oligosaccharides from embryonic pig brain CS/DS chains; no plasma/serum PTN measured,not_applicable,irrelevant,,abstract_search
PMID:16156786,16156786,10.1111/j.1742-4658.2005.04870.x,,Pleiotrophin inhibits HIV infection by binding the cell surface-expressed nucleolin.,2005,FEBS J,"Journal Article; Research Support, Non-U.S. Gov't",irrelevant,"PTN protein binding to cell surface nucleolin, HeLa cells, in vitro",not_applicable,irrelevant,,abstract_search
PMID:14871410,14871410,10.1111/j.1523-1755.2004.00499.x,,Gene expression fingerprints in human tubulointerstitial inflammation and fibrosis as prognostic markers of disease progression.,2004,Kidney Int,"Journal Article; Research Support, Non-U.S. Gov't",irrelevant,PTN mRNA in human renal tubulointerstitial tissue/biopsies,not_applicable,irrelevant,,abstract_search
PMID:15111634,15111634,10.1177/154405910408300511,,Root-end filling materials alter fibroblast differentiation.,2004,J Dent Res,"Journal Article; Research Support, Non-U.S. Gov't",irrelevant,"Pleiotrophin mRNA/expression in human periodontal ligament fibroblasts, cell culture",down_vs_control,irrelevant,,abstract_search
PMID:15226297,15226297,10.1074/jbc.M403031200,,"Chondroitin sulfate chains on syndecan-1 and syndecan-4 from normal murine mammary gland epithelial cells are structurally and functionally distinct and cooperate with heparan sulfate chains to bind growth factors. A novel function to control binding of midkine, pleiotrophin, and basic fibroblast growth factor.",2004,J Biol Chem,"Journal Article; Research Support, Non-U.S. Gov't",irrelevant,"PTN binding to syndecan HS/CS chains, mouse mammary epithelial cells, in vitro",not_applicable,irrelevant,,abstract_search
PMID:15383529,15383529,10.1074/jbc.M406473200,,Essential domain of receptor tyrosine phosphatase beta (RPTPbeta) for interaction with Helicobacter pylori vacuolating cytotoxin.,2004,J Biol Chem,"Journal Article; Research Support, Non-U.S. Gov't",irrelevant,"not measured; PTN discussed as RPTPbeta ligand in receptor-binding assay, COS cells",not_applicable,irrelevant,,abstract_search
PMID:15385557,15385557,10.1074/jbc.M404746200,,Structural and functional characterization of oversulfated chondroitin sulfate/dermatan sulfate hybrid chains from the notochord of hagfish. Neuritogenic and binding activities for growth factors and neurotrophic factors.,2004,J Biol Chem,"Journal Article; Research Support, Non-U.S. Gov't",irrelevant,"Pleiotrophin binding affinity to hagfish CS-H glycosaminoglycan in vitro (BIAcore), not plasma",not_applicable,irrelevant,,abstract_search
PMID:15482347,15482347,10.1111/j.1478-3231.2004.0990.x,,The role of midkine and pleiotrophin in liver regeneration.,2004,Liver Int,"Comparative Study; Journal Article; Research Support, Non-U.S. Gov't",irrelevant,"Ptn/Mdk gene knockout effects on liver regeneration, mouse tissue",not_applicable,irrelevant,,abstract_search
PMID:15351507,15351507,10.1016/j.devbrainres.2004.06.014,,Identification of pleiotrophin in conditioned medium secreted from neural stem cells by SELDI-TOF and SELDI-tandem mass spectrometry.,2004,Brain Res Dev Brain Res,Journal Article,irrelevant,"PTN protein in conditioned medium of mouse neural stem cells (cell culture, not plasma)",not_applicable,irrelevant,,abstract_search
PMID:14741373,14741373,10.1016/s0014-5793(03)01506-0,,"Chondroitin sulfate of appican, the proteoglycan form of amyloid precursor protein, produced by C6 glioma cells interacts with heparin-binding neuroregulatory factors.",2004,FEBS Lett,"Journal Article; Research Support, Non-U.S. Gov't; Research Support, U.S. Gov't, P.H.S.",irrelevant,PTN binding to appican chondroitin sulfate; rat C6 glioma and human SH-SY5Y neuroblastoma cells (in vitro binding assay),not_applicable,irrelevant,,abstract_search
PMID:15358204,15358204,10.1016/j.bbrc.2004.06.172,,Zebrafish heparin-binding neurotrophic factor enhances neurite outgrowth during its development.,2004,Biochem Biophys Res Commun,"Journal Article; Research Support, Non-U.S. Gov't",irrelevant,"Zebrafish HBNF (PTN homolog) mRNA/protein in zebrafish tissues, embryos, and rat PC12 cells",not_applicable,irrelevant,,abstract_search
PMID:12632418,12632418,10.1002/art.10839,,"Expression of pleiotrophin, an embryonic growth and differentiation factor, in rheumatoid arthritis.",2003,Arthritis Rheum,"Journal Article; Research Support, Non-U.S. Gov't",irrelevant,"PTN mRNA/protein in synovial tissue and mouse fibroblasts; not cardiac, not plasma",not_applicable,irrelevant,,abstract_search
PMID:12681952,12681952,10.1016/s1063-4584(02)00385-0,,"Pleiotrophin, an embryonic differentiation and growth factor, is expressed in osteoarthritis.",2003,Osteoarthritis Cartilage,"Journal Article; Research Support, Non-U.S. Gov't",irrelevant,"PTN mRNA/protein in cartilage tissue and synovial fluid, human, osteoarthritis",up_vs_control,irrelevant,,abstract_search
PMID:12771916,12771916,10.1038/sj.bjc.6600938,PMC2377118,Correlation of elevated level of blood midkine with poor prognostic factors of human neuroblastomas.,2003,Br J Cancer,"Journal Article; Research Support, Non-U.S. Gov't",irrelevant,Plasma midkine (MK) in human neuroblastoma patients; PTN only mentioned as related tissue mRNA expression,not_applicable,irrelevant,,abstract_search
PMID:14504780,14504780,10.1007/s00114-003-0449-9,,Angiogenesis factors in gliomas: a new key to tumour therapy?,2003,Naturwissenschaften,"Journal Article; Research Support, Non-U.S. Gov't; Review",irrelevant,No PTN measurement; review discusses pleiotrophin as angiogenic factor in glioma tumours,not_applicable,irrelevant,,abstract_search
PMID:14586627,14586627,10.1007/s00402-003-0582-0,,The angiogenic peptide pleiotrophin (PTN/HB-GAM) is expressed in fracture healing: an immunohistochemical study in rats.,2003,Arch Orthop Trauma Surg,"Journal Article; Research Support, Non-U.S. Gov't",irrelevant,"PTN immunostaining in fibroblasts, endothelial cells, chondrocytes, osteoblasts in rat tibia fracture callus tissue",not_applicable,irrelevant,,abstract_search
PMID:14610421,14610421,10.1097/01.BCR.0000095508.96754.E0,,Analysis of gene expression patterns in human postburn hypertrophic scars.,2003,J Burn Care Rehabil,"Journal Article; Research Support, Non-U.S. Gov't; Research Support, U.S. Gov't, P.H.S.",irrelevant,"PTN mRNA (microarray), skin/scar tissue, human",up_vs_control,irrelevant,,abstract_search
PMID:14708942,14708942,10.1080/08977190310001621014,,HB-GAM/Pleiotrophin and Midkine are differently expressed and distributed during retinoic acid-induced neural differentiation of P19 cells.,2003,Growth Factors,"Journal Article; Research Support, Non-U.S. Gov't",irrelevant,HB-GAM/Pleiotrophin and Midkine mRNA/protein in P19 mouse embryonal carcinoma cells,not_applicable,irrelevant,,abstract_search
PMID:12743018,12743018,10.1101/gr.1097503,PMC403662,Functional divergence of two zebrafish midkine growth factors following fish-specific gene duplication.,2003,Genome Res,"Comparative Study; Journal Article; Research Support, Non-U.S. Gov't",irrelevant,"midkine genes mdka/mdkb studied in zebrafish/trout; pleiotrophin only mentioned as related gene, not measured",not_applicable,irrelevant,,abstract_search
PMID:11880101,11880101,10.1016/s0090-4295(01)01578-3,,Gene expression profiles in the Peyronie's disease plaque.,2002,Urology,"Journal Article; Research Support, U.S. Gov't, P.H.S.",irrelevant,"Pleiotrophin mRNA/protein in Peyronie's disease plaque tissue, human",up_vs_control,irrelevant,,abstract_search
PMID:12107166,12107166,10.1074/jbc.M203963200,,"Anti-apoptotic signaling of pleiotrophin through its receptor, anaplastic lymphoma kinase.",2002,J Biol Chem,"Journal Article; Research Support, U.S. Gov't, P.H.S.",irrelevant,"PTN signaling via ALK receptor, cell culture (SW-13 human epithelial cells, mouse NIH3T3 fibroblasts)",not_applicable,irrelevant,,abstract_search
PMID:12112370,12112370,10.1002/glia.10078,,Increased syndecan expression by pleiotrophin and FGF receptor-expressing astrocytes in injured brain tissue.,2002,Glia,"Journal Article; Research Support, Non-U.S. Gov't",irrelevant,"PTN mRNA in mouse brain tissue (in situ hybridization), not cardiac, not plasma",up_vs_control,irrelevant,,abstract_search
PMID:12204104,12204104,10.1093/oxfordjournals.jbchem.a003231,,"Midkine and pleiotrophin: two related proteins involved in development, survival, inflammation and tumorigenesis.",2002,J Biochem,Journal Article; Review,irrelevant,"none; general review of MK/PTN structure, signaling, tumor expression",not_applicable,irrelevant,,abstract_search
PMID:12421346,12421346,10.1046/j.1471-4159.2002.01179.x,,"Pleiotrophin, an angiogenic and mitogenic growth factor, is expressed in human gliomas.",2002,J Neurochem,"Journal Article; Research Support, Non-U.S. Gov't",irrelevant,"PTN mRNA/protein in human glioma tissue/cells, not plasma; no cardiac relevance",not_applicable,irrelevant,,abstract_search
PMID:11999218,11999218,10.1080/08977190290023913,,Expression of pleiotrophin in hepatic nonparenchymal cells and preneoplastic nodules in carbon tetrachloride-induced fibrotic rat liver.,2002,Growth Factors,"Journal Article; Research Support, Non-U.S. Gov't",irrelevant,"PTN mRNA and protein in rat liver tissue (stellate/Kupffer cells, nodules)",up_vs_control,irrelevant,,abstract_search
PMID:12122009,12122009,10.1074/jbc.M205749200,,Midkine binds to anaplastic lymphoma kinase (ALK) and acts as a growth factor for different cell types.,2002,J Biol Chem,"Journal Article; Research Support, U.S. Gov't, P.H.S.",irrelevant,"Midkine binding to ALK receptor; PTN competition, cell lines/mice, no plasma PTN measurement",not_applicable,irrelevant,,abstract_search
PMID:12038985,12038985,10.1093/oxfordjournals.jbchem.a003178,,Pleiotrophin regulates bone morphogenetic protein (BMP)-induced ectopic osteogenesis.,2002,J Biochem,"Journal Article; Research Support, Non-U.S. Gov't",irrelevant,Bovine/recombinant human PTN protein implanted with rhBMP-2 in rat subcutaneous bone induction assay,not_applicable,irrelevant,,abstract_search
PMID:12411111,12411111,,,Recombinant human heparin-binding neurite-promoting factor expressed with yeast stimulates neurites outgrowth.,2002,Chin Med J (Engl),"Journal Article; Research Support, Non-U.S. Gov't",irrelevant,"Recombinant human HBNF/PTN protein produced in yeast, tested on rat PC12 cells in vitro",not_applicable,irrelevant,,abstract_search
PMID:11377819,11377819,10.1016/s0303-7207(01)00456-7,,Microarray analysis of Tbx2-directed gene expression: a possible role in osteogenesis.,2001,Mol Cell Endocrinol,"Journal Article; Research Support, U.S. Gov't, Non-P.H.S.; Research Support, U.S. Gov't, P.H.S.",irrelevant,Pleiotrophin (osf-1) mRNA in mouse NIH3T3 fibroblasts and rat osteosarcoma cells,not_applicable,irrelevant,,abstract_search
PMID:11244508,11244508,10.1038/sj.onc.1204026,,The angiogenic factor midkine is aberrantly expressed in NF1-deficient Schwann cells and is a mitogen for neurofibroma-derived cells.,2001,Oncogene,"Journal Article; Research Support, U.S. Gov't, P.H.S.",irrelevant,Midkine (MK) protein in human/mouse neurofibroma tissue and Schwann cells; PTN mentioned only as homolog comparison,not_applicable,irrelevant,,abstract_search
PMID:11331749,11331749,10.1073/pnas.091110798,PMC33267,Changes in global gene expression patterns during development and maturation of the rat kidney.,2001,Proc Natl Acad Sci U S A,"Journal Article; Research Support, Non-U.S. Gov't; Research Support, U.S. Gov't, P.H.S.",irrelevant,"pleiotrophin mRNA transcript, rat kidney tissue (embryonic/neonatal/adult), rat species",not_applicable,irrelevant,,abstract_search
PMID:11510908,11510908,10.1007/s004020000246,,Immunolocalization of the angiogenetic factor pleiotrophin (PTN) in the growth plate of mice.,2001,Arch Orthop Trauma Surg,Journal Article,irrelevant,"PTN protein, tissue (immunohistochemistry), mouse growth plate",not_applicable,irrelevant,,abstract_search
PMID:11546745,11546745,10.1242/dev.128.17.3283,,Identification of pleiotrophin as a mesenchymal factor involved in ureteric bud branching morphogenesis.,2001,Development,"Journal Article; Research Support, Non-U.S. Gov't; Research Support, U.S. Gov't, P.H.S.",irrelevant,Pleiotrophin protein purified from rat metanephric mesenchyme cell line conditioned medium,not_applicable,irrelevant,,abstract_search
PMID:11241127,11241127,10.1067/mva.2001.112229,,Construction and biological characterization of an HB-GAM/FGF-1 chimera for vascular tissue engineering.,2001,J Vasc Surg,"Journal Article; Research Support, U.S. Gov't, Non-P.H.S.; Research Support, U.S. Gov't, P.H.S.",irrelevant,"HB-GAM/FGF-1 chimeric recombinant protein activity in canine SMC/EC cell culture, not plasma",not_applicable,irrelevant,,abstract_search
PMID:11278720,11278720,10.1074/jbc.M010660200,,Identification of anaplastic lymphoma kinase as a receptor for the growth factor pleiotrophin.,2001,J Biol Chem,"Journal Article; Research Support, Non-U.S. Gov't; Research Support, U.S. Gov't, Non-P.H.S.; Research Support, U.S. Gov't, P.H.S.",irrelevant,PTN-ALK receptor binding and signaling in cell lines; no plasma/serum or cardiac measurement,not_applicable,irrelevant,,abstract_search
PMID:11524479,11524479,10.1212/wnl.57.4.681,,Differing effects of IFN beta vs IFN gamma in MS: gene expression in cultured astrocytes.,2001,Neurology,"Comparative Study; Journal Article; Research Support, Non-U.S. Gov't",irrelevant,Pleiotrophin mRNA in cultured fetal human astrocytes (in vitro),up_vs_control,irrelevant,,abstract_search
PMID:10879061,10879061,,,[Recent progress of midkine research on cancer].,2000,Nihon Rinsho,Journal Article; Review,irrelevant,"Serum midkine (not PTN) in cancer; PTN only mentioned as related family member, human",not_applicable,irrelevant,,abstract_search
PMID:10980414,10980414,10.1016/s0945-053x(00)00084-6,,Heparin-binding proteins HB-GAM (pleiotrophin) and amphoterin in the regulation of cell motility.,2000,Matrix Biol,"Journal Article; Research Support, Non-U.S. Gov't; Review",irrelevant,"HB-GAM/pleiotrophin and amphoterin studied in rat brain/bone tissue, no plasma measurement",not_applicable,irrelevant,,abstract_search
PMID:10992473,10992473,10.1128/IAI.68.10.5696-5701.2000,PMC101525,Interaction of fimbriae of Haemophilus influenzae type B with heparin-binding extracellular matrix proteins.,2000,Infect Immun,"Journal Article; Research Support, Non-U.S. Gov't",irrelevant,"HB-GAM (PTN) protein binding studied in vitro, mouse-derived, immobilized on glass; not plasma",not_applicable,irrelevant,,abstract_search
PMID:10623765,10623765,10.1128/jvi.74.2.1008-1013.2000,PMC111623,Isolation of transformation suppressor genes by cDNA subtraction: lumican suppresses transformation induced by v-src and v-K-ras.,2000,J Virol,"Journal Article; Research Support, Non-U.S. Gov't",irrelevant,"TRIF2/HB-GAM mRNA in rat fibroblast cell lines (REF, F2408), not plasma",not_applicable,irrelevant,,abstract_search
PMID:10830434,10830434,10.1046/j.1440-169x.2000.00497.x,,Distinct expression of midkine and pleiotrophin in the spinal cord and placental tissues during early mouse development.,2000,Dev Growth Differ,"Journal Article; Research Support, Non-U.S. Gov't",irrelevant,"Pleiotrophin mRNA in mouse spinal cord/neural tube and placenta, in situ hybridization",not_applicable,irrelevant,,abstract_search
PMID:10866805,10866805,10.1046/j.1432-1327.2000.01440.x,,"A heparin-binding growth factor, midkine, binds to a chondroitin sulfate proteoglycan, PG-M/versican.",2000,Eur J Biochem,"Journal Article; Research Support, Non-U.S. Gov't",irrelevant,"PTN binding to PG-M/versican proteoglycan, mouse embryo tissue extract",not_applicable,irrelevant,,abstract_search
PMID:11136554,11136554,10.1006/mgme.2000.3111,,Midkine is expressed early in rat fetal adrenal development.,2000,Mol Genet Metab,"Journal Article; Research Support, Non-U.S. Gov't; Research Support, U.S. Gov't, P.H.S.",irrelevant,"Mdk mRNA in rat fetal adrenal tissue, not PTN, not plasma, not cardiac",not_applicable,irrelevant,,abstract_search
PMID:10077226,10077226,10.1016/s0304-3835(98)00275-4,,Levels of expression of pleiotrophin and protein tyrosine phosphatase zeta are decreased in human colorectal cancers.,1999,Cancer Lett,"Journal Article; Research Support, Non-U.S. Gov't",irrelevant,PTN and PTPzeta mRNA levels in human colorectal cancer tissue vs normal mucosa,down_vs_control,irrelevant,,abstract_search
PMID:10212223,10212223,10.1074/jbc.274.18.12474,,A receptor-like protein-tyrosine phosphatase PTPzeta/RPTPbeta binds a heparin-binding growth factor midkine. Involvement of arginine 78 of midkine in the high affinity binding to PTPzeta.,1999,J Biol Chem,"Journal Article; Research Support, Non-U.S. Gov't",irrelevant,Not measured; in vitro binding assay of midkine/pleiotrophin to PTPzeta receptor,not_applicable,irrelevant,,abstract_search
PMID:10448302,10448302,10.1016/s0959-8049(98)00406-7,,Melanoma cell-derived factor stimulation of fibroblast glycosaminoglycan synthesis--the role of platelet-derived growth factor.,1999,Eur J Cancer,"Journal Article; Research Support, Non-U.S. Gov't",irrelevant,"recombinant pleiotrophin tested for fibroblast GAG synthesis stimulation, not a measured analyte in tissue/plasma",not_applicable,irrelevant,,abstract_search
PMID:9915553,9915553,10.1097/00062752-199901000-00008,,"Pleiotrophin and midkine, a family of mitogenic and angiogenic heparin-binding growth and differentiation factors.",1999,Curr Opin Hematol,Journal Article; Review,irrelevant,"none; general review of PTN/midkine biology in cancer, no cardiac or plasma measurement",not_applicable,irrelevant,,abstract_search
PMID:9882525,9882525,10.1006/excr.1998.4304,,Pleiotrophin as a Swiss 3T3 cell-derived potent mitogen for adult rat hepatocytes.,1999,Exp Cell Res,Journal Article,irrelevant,PTN protein in Swiss 3T3 cell-conditioned medium; PTN mRNA in rat liver tissue,not_applicable,irrelevant,,abstract_search
PMID:10487209,10487209,10.1007/s000180050373,PMC11146926,"Noncollagenous, nonproteoglycan macromolecules of cartilage.",1999,Cell Mol Life Sci,"Journal Article; Research Support, Non-U.S. Gov't; Review",irrelevant,"none; review of cartilage ECM proteins including pleiotrophin, no plasma/serum measurement",not_applicable,irrelevant,,abstract_search
PMID:10607916,10607916,10.1016/s0945-053x(99)00049-9,,Pleiotrophin inhibits chondrocyte proliferation and stimulates proteoglycan synthesis in mature bovine cartilage.,1999,Matrix Biol,"Journal Article; Research Support, Non-U.S. Gov't",irrelevant,PTN effects on proteoglycan synthesis/proliferation in bovine chondrocyte cultures,not_applicable,irrelevant,,abstract_search
PMID:9513711,9513711,,,Local control of mammary gland differentiation: mammary-derived growth inhibitor and pleiotrophin.,1998,Biochem Soc Symp,"Journal Article; Research Support, Non-U.S. Gov't; Research Support, U.S. Gov't, P.H.S.; Review",irrelevant,"Pleiotrophin expression in mammary epithelial cells, not plasma; not cardiac",not_applicable,irrelevant,,abstract_search
PMID:9570800,9570800,10.1523/JNEUROSCI.18-10-03699.1998,PMC6793139,"Upregulation of pleiotrophin gene expression in developing microvasculature, macrophages, and astrocytes after acute ischemic brain injury.",1998,J Neurosci,"Journal Article; Research Support, U.S. Gov't, Non-P.H.S.; Research Support, U.S. Gov't, P.H.S.",irrelevant,"Ptn mRNA expression in rat brain tissue (macrophages, astrocytes, endothelial cells, neurons)",not_applicable,irrelevant,,abstract_search
PMID:9660874,9660874,10.1083/jcb.142.1.203,PMC2133018,Involvement of receptor-like protein tyrosine phosphatase zeta/RPTPbeta and its ligand pleiotrophin/heparin-binding growth-associated molecule (HB-GAM) in neuronal migration.,1998,J Cell Biol,"Journal Article; Research Support, Non-U.S. Gov't",irrelevant,Pleiotrophin/PTPzeta in rat cortical neuron cultures; no plasma or cardiac measurement,not_applicable,irrelevant,,abstract_search
PMID:9749725,9749725,10.1046/j.1460-9568.1998.00082.x,,N-syndecan and HB-GAM (heparin-binding growth-associated molecule) associate with early axonal tracts in the rat brain.,1998,Eur J Neurosci,"Journal Article; Research Support, Non-U.S. Gov't",irrelevant,HB-GAM/pleiotrophin and N-syndecan in rat embryonic brain tissue/neurons,not_applicable,irrelevant,,abstract_search
PMID:9814819,9814819,10.1002/(sici)1098-1136(199812)24:4<390::aid-glia4>3.0.co;2-1,,Basic FGF and FGF receptor 1 are expressed in microglia during experimental autoimmune encephalomyelitis: temporally distinct expression of midkine and pleiotrophin.,1998,Glia,Journal Article,irrelevant,PTN mRNA in rat spinal cord tissue (EAE model),up_vs_control,irrelevant,,abstract_search
PMID:9739080,9739080,10.1242/jcs.111.20.3073,,Regulation of mRNA localization by transmembrane signalling: local interaction of HB-GAM (heparin-binding growth-associated molecule) with the cell surface localizes beta-actin mRNA.,1998,J Cell Sci,"Journal Article; Research Support, Non-U.S. Gov't",irrelevant,HB-GAM (PTN) cell surface signaling in rat cultured tumor cells; no plasma/serum measurement,not_applicable,irrelevant,,abstract_search
PMID:9185236,9185236,10.1016/s0301-0082(97)00007-5,,HB-GAM (heparin-binding growth-associated molecule) and heparin-type glycans in the development and plasticity of neuron-target contacts.,1997,Prog Neurobiol,Journal Article; Review,irrelevant,"HB-GAM/PTN protein in rat brain neurons and neuromuscular tissue, not plasma/serum",not_applicable,irrelevant,,abstract_search
PMID:9305941,9305941,10.1074/jbc.272.39.24696,,Transformation by ras suppresses expression of the neurotrophic growth factor pleiotrophin.,1997,J Biol Chem,Journal Article,irrelevant,p18/pleiotrophin protein in NIH 3T3 mouse fibroblast lysates/conditioned medium,not_applicable,irrelevant,,abstract_search
PMID:9235965,9235965,10.1074/jbc.272.31.19588,,Signal transduction pathways involved in the mitogenic activity of pleiotrophin. Implication of mitogen-activated protein kinase and phosphoinositide 3-kinase pathways.,1997,J Biol Chem,"Journal Article; Research Support, U.S. Gov't, Non-P.H.S.; Research Support, U.S. Gov't, P.H.S.",irrelevant,recombinant human PTN signaling in bovine epithelial lens cells; no plasma/serum/tissue measurement,not_applicable,irrelevant,,abstract_search
PMID:8827454,8827454,10.1093/oxfordjournals.jbchem.a021364,,"Enzyme-linked immunoassay for midkine, and its application to evaluation of midkine levels in developing mouse brain and sera from patients with hepatocellular carcinomas.",1996,J Biochem,"Journal Article; Research Support, Non-U.S. Gov't",irrelevant,"Midkine (MK) protein in mouse brain tissue and human serum; PTN tested only for antibody cross-reactivity, not measured",not_applicable,irrelevant,,abstract_search
PMID:8971480,8971480,10.1016/s1359-6101(96)00029-9,,Growth factors in skeletal muscle regeneration.,1996,Cytokine Growth Factor Rev,"Journal Article; Research Support, Non-U.S. Gov't; Review",irrelevant,"none; review discusses HARP/PTN/HB-GAM role in skeletal muscle regeneration, no cardiac or plasma measurement",not_applicable,irrelevant,,abstract_search
PMID:8910787,8910787,10.1002/(SICI)1097-4695(199611)31:3<283::AID-NEU2>3.0.CO;2-6,,Localization of pleiotrophin and its mRNA in subpopulations of neurons and their corresponding axonal tracts suggests important roles in neural-glial interactions during development and in maturity.,1996,J Neurobiol,"Comparative Study; Journal Article; Research Support, Non-U.S. Gov't; Research Support, U.S. Gov't, Non-P.H.S.; Research Support, U.S. Gov't, P.H.S.",irrelevant,"Ptn mRNA/protein in mouse nervous system tissue (neurons, glia, axons)",not_applicable,irrelevant,,abstract_search
PMID:8962128,8962128,10.1073/pnas.93.25.14759,PMC26209,Human trophoblast and choriocarcinoma expression of the growth factor pleiotrophin attributable to germ-line insertion of an endogenous retrovirus.,1996,Proc Natl Acad Sci U S A,"Journal Article; Research Support, U.S. Gov't, Non-P.H.S.; Research Support, U.S. Gov't, P.H.S.",irrelevant,"PTN mRNA in trophoblast/choriocarcinoma cells and placenta tissue, human",not_applicable,irrelevant,,abstract_search
PMID:7477935,7477935,10.1016/0306-4522(95)00110-5,,Induction of heparin-binding growth-associated molecule expression in reactive astrocytes following hippocampal neuronal injury.,1995,Neuroscience,Journal Article,irrelevant,"HB-GAM (PTN) mRNA and protein in rat hippocampal tissue/astrocytes, not human plasma",up_vs_control,irrelevant,,abstract_search
PMID:7677748,7677748,10.1006/bbrc.1995.2305,,Developmental and differential regulations in gene expression of Xenopus pleiotrophic factors-alpha and -beta.,1995,Biochem Biophys Res Commun,"Comparative Study; Journal Article; Research Support, Non-U.S. Gov't",irrelevant,"X-ptf-alpha/beta mRNA in Xenopus tissues (brain, heart, etc.), not human, not plasma",not_applicable,irrelevant,,abstract_search
PMID:7790396,7790396,10.1002/jcp.1041640107,,Effect of heparin on bovine epithelial lens cell proliferation induced by heparin affin regulatory peptide.,1995,J Cell Physiol,"Journal Article; Research Support, Non-U.S. Gov't",irrelevant,"HARP/PTN mitogenic activity on bovine lens epithelial cells, recombinant protein in vitro",not_applicable,irrelevant,,abstract_search
PMID:7584721,7584721,,,[Midkine in relation to development and pathological status of the nervous system].,1995,Nihon Shinkei Seishin Yakurigaku Zasshi,Journal Article; Review,irrelevant,"no plasma/serum PTN measured; midkine mRNA/protein in nervous system tissue, rat/mouse/human",not_applicable,irrelevant,,abstract_search
PMID:8714367,8714367,10.1016/0955-2235(95)00002-x,,Biochemical and mitogenic properties of the heparin-binding growth factor HARP.,1995,Prog Growth Factor Res,"Journal Article; Research Support, Non-U.S. Gov't; Review",irrelevant,"none; review of HARP/PTN biochemical and mitogenic properties, no plasma/cardiac measurement",not_applicable,irrelevant,,abstract_search
PMID:7867507,7867507,10.1242/dev.121.1.37,,"Expression of the heparin-binding cytokines, midkine (MK) and HB-GAM (pleiotrophin) is associated with epithelial-mesenchymal interactions during fetal development and organogenesis.",1995,Development,"Journal Article; Research Support, Non-U.S. Gov't",irrelevant,MK and HB-GAM protein in mouse embryonic tissues (immunohistochemistry),not_applicable,irrelevant,,abstract_search
PMID:7875612,7875612,10.1016/0378-1119(94)00674-h,,An additional 5'-upstream exon exists in the human pleiotrophin-encoding gene.,1995,Gene,"Journal Article; Research Support, U.S. Gov't, P.H.S.",irrelevant,"PTN gene structure/exon in melanoma cell line cDNA, not protein measurement",not_applicable,irrelevant,,abstract_search
PMID:8537332,8537332,10.1093/oxfordjournals.jbchem.a124898,,Restricted expression of Xenopus midkine gene during early development.,1995,J Biochem,"Journal Article; Research Support, Non-U.S. Gov't",irrelevant,"Xenopus midkine (XMK) mRNA in embryo/adult tissues via in situ hybridization and Northern blot, Xenopus laevis",not_applicable,irrelevant,,abstract_search
PMID:7896734,7896734,10.1093/oxfordjournals.jbchem.a124628,,Identification of nucleolin as a binding protein for midkine (MK) and heparin-binding growth associated molecule (HB-GAM).,1994,J Biochem,"Journal Article; Research Support, Non-U.S. Gov't",irrelevant,"Nucleolin as MK/HB-GAM binding protein in cell lines (mouse/hamster), not plasma PTN",not_applicable,irrelevant,,abstract_search
PMID:37280889,37280889,10.1111/j.1440-169X.1994.00001.x,,The Midkine Family of Growth/ Differentiation Factors: (midkine/pleiotrophin/retinoic acid/neurotrophic factors/ embryonal carcinoma cells).,1994,Dev Growth Differ,Journal Article; Review,irrelevant,"no measurement; review of midkine/pleiotrophin family developmental biology, no species specified",not_applicable,irrelevant,,abstract_search
PMID:7859927,7859927,10.1016/0303-7207(94)90171-6,,Isolation and identification of midkine and pleiotrophin in bovine follicular fluid.,1994,Mol Cell Endocrinol,"Journal Article; Research Support, Non-U.S. Gov't",irrelevant,Midkine and pleiotrophin in bovine follicular fluid,not_applicable,irrelevant,,abstract_search
PMID:7955315,7955315,10.1016/0165-3806(94)90121-x,,Expression of HB-GAM (heparin-binding growth-associated molecules) in the pathways of developing axonal processes in vivo and neurite outgrowth in vitro induced by HB-GAM.,1994,Brain Res Dev Brain Res,"Journal Article; Research Support, Non-U.S. Gov't",irrelevant,"HB-GAM protein in rat brain/nervous tissue, in vitro neurite outgrowth",not_applicable,irrelevant,,abstract_search
PMID:7955321,7955321,10.1016/0165-3806(94)90127-9,,"A novel family of heparin-binding growth factors, pleiotrophin and midkine, is expressed in the developing rat cerebral cortex.",1994,Brain Res Dev Brain Res,"Journal Article; Research Support, Non-U.S. Gov't",irrelevant,"Pleiotrophin/midkine protein and mRNA in rat cerebral cortex tissue, rat",not_applicable,irrelevant,,abstract_search
PMID:8076838,8076838,10.1016/0378-1119(94)90312-3,,Cloning and sequence of the Xenopus laevis homologue of the midkine cDNA.,1994,Gene,"Journal Article; Research Support, U.S. Gov't, P.H.S.",irrelevant,"MK cDNA sequence, Xenopus laevis embryo, not plasma PTN measurement",not_applicable,irrelevant,,abstract_search
PMID:8175719,8175719,,,Isolation of a neuronal cell surface receptor of heparin binding growth-associated molecule (HB-GAM). Identification as N-syndecan (syndecan-3).,1994,J Biol Chem,"Journal Article; Research Support, Non-U.S. Gov't; Research Support, U.S. Gov't, P.H.S.",irrelevant,"HB-GAM/pleiotrophin receptor N-syndecan, rat brain neurons/tissue, not plasma",not_applicable,irrelevant,,abstract_search
PMID:8409968,8409968,10.1002/neu.480240806,,Biological studies of a putative avian muscle-derived neurotrophic factor that prevents naturally occurring motoneuron death in vivo.,1993,J Neurobiol,"Journal Article; Research Support, Non-U.S. Gov't; Research Support, U.S. Gov't, P.H.S.",irrelevant,"not applicable; muscle extract trophic activity assays, avian/mouse/rat/human tissue, not plasma PTN",not_applicable,irrelevant,,abstract_search
PMID:8507561,8507561,,,"Midkine (MK), the product of a retinoic acid responsive gene, and pleiotrophin constitute a new protein family regulating growth and differentiation.",1993,Int J Dev Biol,"Journal Article; Research Support, Non-U.S. Gov't; Review",irrelevant,"MK/pleiotrophin gene expression, mouse tissue (kidney); review of protein family, no plasma measurement",not_applicable,irrelevant,,abstract_search
PMID:8281012,8281012,10.1007/BF00360899,,Mapping the midkine family of developmentally regulated signaling molecules.,1993,Mamm Genome,"Journal Article; Research Support, Non-U.S. Gov't",irrelevant,gene mapping only; no PTN protein measured in any matrix or species,not_applicable,irrelevant,,abstract_search
PMID:8340821,8340821,10.1002/jor.1100110403,,Pleiotrophin is an abundant protein in dissociative extracts of bovine fetal epiphyseal cartilage and nasal cartilage from newborns.,1993,J Orthop Res,"Journal Article; Research Support, Non-U.S. Gov't; Research Support, U.S. Gov't, P.H.S.",irrelevant,"PTN protein in bovine cartilage tissue extracts (nasal, fetal epiphyseal), bovine species",not_applicable,irrelevant,,abstract_search
PMID:8408430,8408430,10.1016/s0021-9673(99)87023-x,,Structural characterisation of native and recombinant forms of the neurotrophic cytokine MK.,1993,J Chromatogr,Journal Article,irrelevant,"Structural/disulphide bond analysis of recombinant midkine and native PTN protein, not plasma",not_applicable,irrelevant,,abstract_search
PMID:8484754,8484754,10.1006/bbrc.1993.1432,,Genomic organization of the human HBNF gene and characterization of an HBNF variant protein as a splice mutant.,1993,Biochem Biophys Res Commun,Journal Article,irrelevant,"HBNF/PTN gene structure and protein variant in bovine brain tissue, not plasma",not_applicable,irrelevant,,abstract_search
PMID:1464612,1464612,,,Characterization of the human pleiotrophin gene. Promoter region and chromosomal localization.,1992,J Biol Chem,"Journal Article; Research Support, Non-U.S. Gov't; Research Support, U.S. Gov't, P.H.S.",irrelevant,"PTN gene promoter/genomic characterization, no protein measured, human and mouse DNA/cells",not_applicable,irrelevant,,abstract_search
PMID:1373617,1373617,10.1016/0006-291x(92)91211-8,,Pleiotrophin gene expression is highly restricted and is regulated by platelet-derived growth factor.,1992,Biochem Biophys Res Commun,"Journal Article; Research Support, Non-U.S. Gov't; Research Support, U.S. Gov't, P.H.S.",irrelevant,"PTN mRNA in cell lines (NIH 3T3, F9, fibroblasts) by Northern blot, mouse/mixed species",not_applicable,irrelevant,,abstract_search
PMID:1477961,1477961,10.1016/0165-3806(92)90206-c,,"Expression of the HBNF (heparin-binding neurite-promoting factor) gene in the brain of fetal, neonatal and adult rat: an in situ hybridization study.",1992,Brain Res Dev Brain Res,Journal Article,irrelevant,"HBNF (PTN) mRNA in situ hybridization in rat brain tissue, not cardiac, not plasma",not_applicable,irrelevant,,abstract_search
PMID:1379543,1379543,10.1016/0014-5793(92)80699-h,,"Cell density-dependent expression of heparin-binding growth-associated molecule (HB-GAM, p18) and its down-regulation by fibroblast growth factors.",1992,FEBS Lett,"Journal Article; Research Support, Non-U.S. Gov't",irrelevant,HB-GAM protein/mRNA in rat glioma and mouse BALB/c 3T3 cell lines,not_applicable,irrelevant,,abstract_search
PMID:1416088,1416088,10.1007/BF00185989,,Cellular distribution of the new growth factor pleiotrophin (HB-GAM) mRNA in developing and adult rat tissues.,1992,Anat Embryol (Berl),"Journal Article; Research Support, Non-U.S. Gov't",irrelevant,"PTN mRNA in situ hybridization, rat tissues (nervous system, mesenchyme, bone, etc.)",not_applicable,irrelevant,,abstract_search
PMID:1457042,1457042,10.1089/dna.1992.11.735,,Genomic organization of the mouse OSF-1 gene.,1992,DNA Cell Biol,Journal Article,irrelevant,"OSF-1/pleiotrophin gene structure, mouse genomic DNA and osteoblastic cell cDNA, not protein measurement",not_applicable,irrelevant,,abstract_search
PMID:1457401,1457401,10.1021/bi00163a009,,"Cloning, nucleotide sequence, and chromosome localization of the human pleiotrophin gene.",1992,Biochemistry,"Journal Article; Research Support, Non-U.S. Gov't; Research Support, U.S. Gov't, P.H.S.",irrelevant,"gene cloning/sequencing of human PTN gene, no protein measurement",not_applicable,irrelevant,,abstract_search
PMID:1530608,1530608,10.1016/0006-291x(92)91312-e,,Structure of the human heparin-binding growth factor gene pleiotrophin.,1992,Biochem Biophys Res Commun,"Comparative Study; Journal Article; Research Support, Non-U.S. Gov't; Research Support, U.S. Gov't, P.H.S.",irrelevant,"gene structure/exons of human PTN gene, not protein measurement",not_applicable,irrelevant,,abstract_search
PMID:1550576,1550576,10.1016/0006-291x(92)90539-w,,Similarity of the genomic structure between the two members in a new family of heparin-binding factors.,1992,Biochem Biophys Res Commun,"Journal Article; Research Support, Non-U.S. Gov't",irrelevant,"PTN/HB-GAM genomic DNA structure in mouse somatic cell lines, not protein measurement",not_applicable,irrelevant,,abstract_search
PMID:1597470,1597470,,,Secretion and biological activities of heparin-binding growth-associated molecule. Neurite outgrowth-promoting and mitogenic actions of the recombinant and tissue-derived protein.,1992,J Biol Chem,"Journal Article; Research Support, Non-U.S. Gov't",irrelevant,"recombinant/tissue-derived HB-GAM (PTN) protein, culture medium/brain tissue, rat/insect cell/mouse",not_applicable,irrelevant,,abstract_search
PMID:1773041,1773041,10.1016/s0955-2235(05)80005-5,,"HBNF and MK, members of a novel gene family of heparin-binding proteins with potential roles in embryogenesis and brain function.",1991,Prog Growth Factor Res,Comparative Study; Journal Article; Review,irrelevant,"no plasma/serum measurement; review of HBNF/MK gene expression in brain and fetal tissue, species unspecified",not_applicable,irrelevant,,abstract_search
PMID:1768439,1768439,10.3109/08977199109000275,,"Cloning, characterization and developmental regulation of two members of a novel human gene family of neurite outgrowth-promoting proteins.",1991,Growth Factors,Comparative Study; Journal Article,irrelevant,"HBNF/PTN and MK mRNA/protein in brain tissue, mouse/rat/human cell line",not_applicable,irrelevant,,abstract_search
PMID:1819274,1819274,10.1016/s0006-291x(05)81267-7,,Mitogenic properties of a new endothelial cell growth factor related to pleiotrophin.,1991,Biochem Biophys Res Commun,"Journal Article; Research Support, Non-U.S. Gov't",irrelevant,"Novel heparin-binding growth factor purified from bovine brain tissue, not plasma",not_applicable,irrelevant,,abstract_search
PMID:2025291,2025291,10.1016/s0006-291x(05)80255-4,,A new family of heparin-binding factors: strong conservation of midkine (MK) sequences between the human and the mouse.,1991,Biochem Biophys Res Commun,Comparative Study; Journal Article,irrelevant,"midkine mRNA/protein sequence, human/mouse; no PTN plasma measurement",not_applicable,irrelevant,,abstract_search
PMID:2049182,2049182,10.3109/08977199109000261,,"Isolation from bovine brain and structural characterization of HBNF, a heparin-binding neurotrophic factor.",1991,Growth Factors,"Journal Article; Research Support, Non-U.S. Gov't",irrelevant,"HBNF/PTN protein isolated from bovine brain tissue, not plasma; not human",not_applicable,irrelevant,,abstract_search
PMID:1701634,1701634,10.1016/s0006-291x(05)81048-4,,Isolation of mouse and human cDNA clones encoding a protein expressed specifically in osteoblasts and brain tissues.,1990,Biochem Biophys Res Commun,Journal Article,irrelevant,"OSF-1/PTN mRNA in mouse osteoblasts, brain tissue, human osteosarcoma cell line and brain cDNA libraries",not_applicable,irrelevant,,abstract_search
PMID:1700712,1700712,10.1016/0006-291x(90)90753-a,,"Heparin-binding neurotrophic factor (HBNF) and MK, members of a new family of homologous, developmentally regulated proteins.",1990,Biochem Biophys Res Commun,Comparative Study; Journal Article,irrelevant,"rat HBNF cDNA/mRNA sequence, brain tissue and MK mRNA in mouse teratocarcinoma cells; not plasma, not human, not cardiac",not_applicable,irrelevant,,abstract_search
PMID:2170351,2170351,,,Molecular cloning of the 18-kDa growth-associated protein of developing brain.,1990,J Biol Chem,"Comparative Study; Journal Article; Research Support, Non-U.S. Gov't",irrelevant,"HB-GAM protein/mRNA in rat brain tissue, not plasma, not cardiac",not_applicable,irrelevant,,abstract_search
PMID:2270483,2270483,10.1126/science.2270483,,Cloning and expression of a developmentally regulated protein that induces mitogenic and neurite outgrowth activity.,1990,Science,"Comparative Study; Journal Article; Research Support, Non-U.S. Gov't; Research Support, U.S. Gov't, P.H.S.",irrelevant,PTN protein purified from bovine uterus/rat brain tissue; mRNA in COS-7/NRK cells and tissues,not_applicable,irrelevant,,abstract_search
PMID:40002917,40002917,10.3390/biomedicines13020504,PMC11852821,Midkine Serum Levels in Inflammatory and Non-Inflammatory Dilated Cardiomyopathy.,2025,Biomedicines,Journal Article,midkine_comparator,"Serum MIDKINE (not PTN), 54 human heart-failure patients, inflammatory vs non-inflammatory dilated cardiomyopathy",not_applicable,irrelevant,Comparator only.,abstract_search
PMID:20350697,20350697,10.1016/j.cardfail.2009.12.014,,Serum midkine as a predictor of cardiac events in patients with chronic heart failure.,2010,J Card Fail,"Comparative Study; Journal Article; Research Support, Non-U.S. Gov't",midkine_comparator,"Serum MIDKINE (not PTN), human chronic heart failure patients, predictor of cardiac events",up_vs_control,irrelevant,"Comparator: the structurally related family member HAS been measured in HF plasma prognostically. Establishes that the assay/study design is routine and PTN's absence is a gap, not an infeasibility.",abstract_search
PMID:21094842,21094842,10.1016/j.transproceed.2010.08.026,,Serum midkine is related to NYHA class and cystatin C in heart transplant recipients.,2010,Transplant Proc,Journal Article,midkine_comparator,"Serum MIDKINE (not PTN), human heart transplant recipients, related to NYHA class and cystatin C",up_vs_control,irrelevant,Comparator only.,abstract_search
PMID:39523983,39523983,10.1161/CIRCHEARTFAILURE.124.012434,PMC11753946,Comprehensive Proteomics Profiling Identifies Circulating Biomarkers to Distinguish Hypertrophic Cardiomyopathy From Other Cardiomyopathies With Left Ventricular Hypertrophy.,2024,Circ Heart Fail,Journal Article; Multicenter Study,plasma_ptn_cardiac_measured,"Plasma pleiotrophin, SomaScan 4979-protein assay; human HCM cases vs 3 control cardiomyopathies (hypertensive LVH, ATTR-CM, aortic stenosis)",down_vs_control,contradicting,"PTN significantly LOWER in HCM across all 3 comparisons in training and test sets, retained after adjustment for 19 clinical parameters. Controls are other LVH diseases, not healthy.",fulltext_scan
PMID:35861824,35861824,10.1161/JAHA.121.025935,PMC9707839,Candidate Plasma Biomarkers to Detect Anthracycline-Related Cardiomyopathy in Childhood Cancer Survivors: A Case Control Study in the Dutch Childhood Cancer Survivor Study.,2022,J Am Heart Assoc,"Journal Article; Research Support, Non-U.S. Gov't",plasma_ptn_cardiac_measured,"Plasma pleiotrophin, Olink PEA (276 proteins), 28 anthracycline-cardiomyopathy cases vs 29 anthracycline-treated controls (LVEF>=53%), childhood cancer survivors",up_vs_control,supporting,"PTN significantly higher, q<0.1, robust to NT-proBNP adjustment; but selected in only 18% of elastic-net folds and NOT different between ACMP and genetic DCM.",abstract_search
PMID:28885394,28885394,10.1097/MCA.0000000000000556,,Pleiotrophin levels are associated with improved coronary collateral circulation.,2018,Coron Artery Dis,Journal Article,plasma_ptn_cardiac_measured,"Serum pleiotrophin, commercial human ELISA, 88 patients with chronic total coronary occlusion (good vs poor collaterals)",up_vs_control,supporting,"690.1+/-187.9 vs 415.3+/-165.9 ng/mL, good vs poor collaterals, P<0.001. NO heart-failure or healthy-control comparison; contrast is collateral grade, not disease vs health.",abstract_search
PMID:21685905,21685905,10.1038/nbt.1899,PMC3366591,A pipeline that integrates the discovery and verification of plasma protein biomarkers reveals candidate markers for cardiovascular disease.,2011,Nat Biotechnol,"Journal Article; Research Support, N.I.H., Extramural; Research Support, Non-U.S. Gov't; Validation Study",plasma_ptn_cardiac_measured,"Pleiotrophin in coronary sinus + peripheral plasma, discovery MS and western blot, human planned myocardial infarction (septal ablation)",up_vs_control,contradicting,"PTN release detected, but cardiac catheterisation ALONE also changed PTN; authors eliminated PTN as not specific to myocardial injury.",fulltext_scan
PMID:41738315,41738315,10.1002/ijgo.70907,PMC13377318,Diminished pleiotrophin as a new clue to pre-eclampsia: Linking impaired angiogenesis to adverse outcomes.,2026,Int J Gynaecol Obstet,Journal Article,plasma_ptn_measured_noncardiac,"Serum PTN, human, in pre-eclampsia vs healthy pregnant controls",down_vs_control,irrelevant,,abstract_search
PMID:41740952,41740952,10.1055/a-2820-4095,,Pleiotrophin Promotes Megakaryocyte Differentiation and Thrombocytopoiesis by Regulating PTPRZ1-Fyn-Akt Signaling in Thrombocytopenia after Allo-HSCT.,2026,Thromb Haemost,Journal Article,plasma_ptn_measured_noncardiac,Plasma PTN measured by ELISA in human HSCT patients (thrombocytopenic vs non-thrombocytopenic) and healthy donors,down_vs_control,irrelevant,,abstract_search
PMID:42063204,42063204,10.1093/gerona/glag111,PMC13242929,Effects of a short-term multicomponent functional exercise program on the serum proteome: an exploratory study in hospitalized older adults.,2026,J Gerontol A Biol Sci Med Sci,Journal Article; Randomized Controlled Trial,plasma_ptn_measured_noncardiac,"Pleiotrophin (PTN), serum, Olink proteomics panel, human hospitalized older adults",up_vs_control,irrelevant,,abstract_search
PMID:42149205,42149205,10.1007/s00431-026-06981-9,PMC13183709,Evidence of the role of Midkine and Pleiotrophin in the pathogenesis of Familial Mediterranean Fever.,2026,Eur J Pediatr,Journal Article,plasma_ptn_measured_noncardiac,"Serum PTN protein (ELISA) and mRNA in blood, human FMF patients vs controls",no_difference,irrelevant,,abstract_search
PMID:42193935,42193935,10.3390/cells15100927,PMC13204032,Pleiotrophin in Mammary Gland Development and Breast Cancer: A Comprehensive Review of the Evidence.,2026,Cells,Journal Article; Review,plasma_ptn_measured_noncardiac,"Serum PTN protein, human, breast cancer patients vs healthy controls",up_vs_control,irrelevant,,abstract_search
PMID:41595776,41595776,10.3390/biomedicines14010242,PMC12838815,Direct Relationship Between Heparin Binding to Midkine and Pleiotrophin and the Development of Acute Deep Vein Thrombosis.,2026,Biomedicines,Journal Article,plasma_ptn_measured_noncardiac,"Serum PTN (and MK, HP) measured by ELISA in human patients with acute DVT vs healthy controls",up_vs_control,irrelevant,,abstract_search
PMID:42301613,42301613,10.1007/s11357-026-02356-y,,Characterization of the plasma proteomic profile of dual trajectories in cognitive status and physical performance.,2026,Geroscience,Journal Article,plasma_ptn_measured_noncardiac,"PTN among 1301 plasma proteins measured by SomaScan aptamer proteomics, human plasma",not_applicable,irrelevant,,abstract_search
PMID:41303424,41303424,10.3390/ijms262210943,PMC12652421,Low-Abundance Proteomics Reveal Pleiotrophin and Fibroblast Growth Factor-21 as Biomarkers of Metabolic Dysfunction-Associated Steatohepatitis.,2025,Int J Mol Sci,Journal Article,plasma_ptn_measured_noncardiac,"Plasma PTN protein, Olink proteomics, human obese MASLD/MASH cohort",up_vs_control,irrelevant,,abstract_search
PMID:40195413,40195413,10.1038/s41698-025-00879-9,PMC11977001,Plasma proteomic biomarkers predict therapeutic responses in advanced biliary tract cancer patients receiving Camrelizumab plus the GEMOX treatment.,2025,NPJ Precis Oncol,Journal Article,plasma_ptn_measured_noncardiac,"PTN (pleiotrophin) protein in human plasma, biliary tract cancer patients",up_vs_control,irrelevant,,abstract_search
PMID:40274826,40274826,10.1038/s41467-025-59242-y,PMC12022165,Targeted plasma proteomics reveals organ damage signatures of AIDS- and noncommunicable disease-related deaths in people with HIV.,2025,Nat Commun,Journal Article,plasma_ptn_measured_noncardiac,"PTN (pleiotrophin) plasma protein via Olink PEA panel, human PWH cohort (HIV deaths vs survivors/controls)",not_applicable,irrelevant,,abstract_search
PMID:38978645,38978645,10.1101/2024.06.26.24309530,PMC11230312,A proteomic signature of healthspan.,2025,medRxiv,Journal Article; Preprint,plasma_ptn_measured_noncardiac,"Plasma pleiotrophin in a healthspan proteomic signature, human cohort",not_applicable,irrelevant,PTN recurs across ageing/longevity plasma proteomic signatures - a competing non-cardiac explanation for circulating PTN.,fulltext_scan
PMID:38271258,38271258,10.1093/infdis/jiae039,,Identification of CCL20 as a Prognostic Predictor for Severe Fever With Thrombocytopenia Syndrome Based on Plasma Proteomics.,2024,J Infect Dis,Journal Article,plasma_ptn_measured_noncardiac,"Pleiotrophin, plasma, human (Olink proteomics), SFTS patients",not_applicable,irrelevant,,abstract_search
PMID:36829233,36829233,10.1186/s12931-023-02364-y,PMC9950694,Targeted plasma proteomics reveals signatures discriminating COVID-19 from sepsis with pneumonia.,2023,Respir Res,Journal Article,plasma_ptn_measured_noncardiac,"PTN (pleiotrophin) among 276 plasma proteins, plasma, human COVID-19/sepsis/pneumonia patients and controls",not_applicable,irrelevant,,abstract_search
PMID:38057571,38057571,10.1038/s41586-023-06802-1,PMC10700136,Organ aging signatures in the plasma proteome track health and disease.,2023,Nature,"Journal Article; Research Support, N.I.H., Extramural; Research Support, Non-U.S. Gov't",plasma_ptn_measured_noncardiac,"Plasma pleiotrophin, SomaScan organ-aging proteome, human population cohorts",up_vs_control,irrelevant,"PTN is an early-changing plasma ageing marker attributed to arterial/brain pericytes, smooth muscle and fibroblasts - a non-cardiac systemic source.",fulltext_scan
PMID:36333824,36333824,10.1111/acel.13736,PMC9741503,Plasma proteomic signature of decline in gait speed and grip strength.,2022,Aging Cell,Journal Article,plasma_ptn_measured_noncardiac,"Plasma pleiotrophin (aptamer-based assay) in human community-dwelling adults, associated with gait speed/grip strength decline",not_applicable,irrelevant,,abstract_search
PMID:34177897,34177897,10.3389/fimmu.2021.650465,PMC8226183,"Unbiased Analysis of Temporal Changes in Immune Serum Markers in Acute COVID-19 Infection With Emphasis on Organ Failure, Anti-Viral Treatment, and Demographic Characteristics.",2021,Front Immunol,"Journal Article; Research Support, N.I.H., Extramural",plasma_ptn_measured_noncardiac,"Pleiotrophin, serum, Olink proteomics, human COVID-19 patients",not_applicable,irrelevant,,abstract_search
PMID:34247888,34247888,10.1016/j.arcmed.2021.06.005,,"Pleiotrophin Serum Level is Increased in Relapsing-Remitting Multiple Sclerosis and Correlates With Sex, BMI and Treatment.",2021,Arch Med Res,"Journal Article; Research Support, Non-U.S. Gov't",plasma_ptn_measured_noncardiac,"PTN serum levels, ELISA, human RRMS patients and healthy controls",up_vs_control,irrelevant,,abstract_search
PMID:33089916,33089916,10.1111/acel.13250,PMC7681045,"Plasma proteomic profile of age, health span, and all-cause mortality in older adults.",2020,Aging Cell,"Journal Article; Research Support, N.I.H., Extramural; Research Support, Non-U.S. Gov't",plasma_ptn_measured_noncardiac,"Pleiotrophin (PTN), plasma, human (SomaScan proteomics), associated with chronological age",not_applicable,irrelevant,,abstract_search
PMID:32153561,32153561,10.3389/fimmu.2020.00110,PMC7046794,Association of Midkine and Pleiotrophin Gene Polymorphisms With Systemic Lupus Erythematosus Susceptibility in Chinese Han Population.,2020,Front Immunol,"Journal Article; Research Support, Non-U.S. Gov't",plasma_ptn_measured_noncardiac,"Plasma pleiotrophin (PTN) and midkine (MK), human, in SLE patients vs healthy controls",up_vs_control,irrelevant,,abstract_search
PMID:30635982,30635982,10.1111/jcmm.14116,PMC6378201,Serum pleiotrophin as a diagnostic and prognostic marker for small cell lung cancer.,2019,J Cell Mol Med,"Journal Article; Research Support, Non-U.S. Gov't",plasma_ptn_measured_noncardiac,"Serum PTN protein, human, small cell lung cancer patients vs benign lung disease/healthy volunteers",up_vs_control,irrelevant,,abstract_search
PMID:31662522,31662522,10.21873/invivo.11688,PMC6899099,"Evaluation of Serum Biomarkers (FGF-2, HGF, MIF and PTN) in Patients With Testicular Germ Cell Cancer.",2019,In Vivo,Journal Article,plasma_ptn_measured_noncardiac,"Serum PTN, ELISA, human testicular germ cell cancer patients vs healthy men",no_difference,irrelevant,,abstract_search
PMID:27904997,27904997,10.1007/s00393-016-0234-8,,"Pleiotrophin, the angiogenic and mitogenic growth factor: levels in serum and synovial fluid in rheumatoid arthritis and osteoarthritis : And correlation with clinical, laboratory and radiological indices.",2018,Z Rheumatol,Journal Article,plasma_ptn_measured_noncardiac,"PTN in serum and synovial fluid, human, rheumatoid arthritis and osteoarthritis patients vs healthy controls",no_difference,irrelevant,,abstract_search
PMID:27903979,27903979,10.18632/oncotarget.13658,PMC5522313,Elevated plasma midkine and pleiotrophin levels in patients with systemic lupus erythematosus.,2017,Oncotarget,Journal Article,plasma_ptn_measured_noncardiac,"Plasma pleiotrophin (and midkine), ELISA, in human SLE, RA, Sjögren's syndrome patients and healthy controls",up_vs_control,irrelevant,,abstract_search
PMID:25123647,25123647,10.1093/gerona/glu121,PMC4469006,Circulating Proteomic Signatures of Chronological Age.,2014,J Gerontol A Biol Sci Med Sci,Journal Article; Twin Study,plasma_ptn_measured_noncardiac,"Pleiotrophin protein measured in human plasma via SOMAscan assay, TwinsUK/AddNeuroMed cohorts",up_vs_control,irrelevant,,abstract_search
PMID:23333521,23333521,10.1016/j.jbspin.2012.10.024,,"Expression of the growth factor pleiotrophin and its receptor protein tyrosine phosphatase beta/zeta in the serum, cartilage and subchondral bone of patients with osteoarthritis.",2013,Joint Bone Spine,"Journal Article; Research Support, Non-U.S. Gov't",plasma_ptn_measured_noncardiac,"Serum pleiotrophin, human, osteoarthritis patients vs healthy donors",up_vs_control,irrelevant,,abstract_search
PMID:21170350,21170350,10.1371/journal.pone.0015003,PMC2999620,Unlocking biomarker discovery: large scale application of aptamer proteomic technology for early detection of lung cancer.,2010,PLoS One,"Journal Article; Multicenter Study; Research Support, N.I.H., Extramural; Research Support, Non-U.S. Gov't",plasma_ptn_measured_noncardiac,"Pleiotrophin among 813 proteins measured in human serum (aptamer proteomics), NSCLC vs smoking controls",not_applicable,irrelevant,,abstract_search
PMID:19037648,19037648,10.1007/s00402-008-0777-5,,The systemic angiogenic response during bone healing.,2008,Arch Orthop Trauma Surg,"Journal Article; Research Support, Non-U.S. Gov't",plasma_ptn_measured_noncardiac,Serum PTN measured by ELISA in human patients with bone fracture healing/nonunion,up_vs_control,irrelevant,,abstract_search
PMID:14504053,14504053,10.1093/annonc/mdg416,,Marked increase of the growth factors pleiotrophin and fibroblast growth factor-2 in serum of testicular cancer patients.,2003,Ann Oncol,"Journal Article; Research Support, Non-U.S. Gov't",plasma_ptn_measured_noncardiac,"PTN and FGF-2 serum levels, ELISA, human testicular cancer patients",up_vs_control,irrelevant,,abstract_search
PMID:11895915,11895915,,,Significance of the expression of the growth factor pleiotrophin in pancreatic cancer patients.,2002,Clin Cancer Res,"Journal Article; Research Support, Non-U.S. Gov't; Research Support, U.S. Gov't, P.H.S.",plasma_ptn_measured_noncardiac,"PTN serum levels in human pancreatic cancer, chronic pancreatitis, and healthy control patients",up_vs_control,irrelevant,,abstract_search
PMID:11953815,11953815,10.1038/sj.bjc.6600202,PMC2364151,Serum levels of the angiogenic factor pleiotrophin in relation to disease stage in lung cancer patients.,2002,Br J Cancer,"Journal Article; Research Support, Non-U.S. Gov't",plasma_ptn_measured_noncardiac,"Pleiotrophin serum levels, human lung cancer patients vs healthy controls",up_vs_control,irrelevant,,abstract_search
PMID:8241100,8241100,10.1161/01.atv.13.12.1798,,"Identification of novel heparin-releasable proteins, as well as the cytokines midkine and pleiotrophin, in human postheparin plasma.",1993,Arterioscler Thromb,"Journal Article; Research Support, U.S. Gov't, P.H.S.",plasma_ptn_measured_noncardiac,"Pleiotrophin protein, human postheparin plasma (heparin-releasable fraction), human",not_applicable,irrelevant,,abstract_search
PMID:41693979,41693979,10.3748/wjg.v32.i5.115301,PMC12897517,loss drives 5-fluorouracil resistanceTGF-&#x3b2;/Smad/SP1/PTN-dependent apoptosis evasion and macrophage remodeling in gastric cancer.,2026,World J Gastroenterol,Journal Article,ptn_cancer_secreted_biology,"PTN expression in gastric cancer cells/tumor tissue (RNA/protein), not plasma; serum ICAM2 measured instead",up_vs_control,irrelevant,,abstract_search
PMID:41955968,41955968,10.1016/j.neo.2026.101304,PMC13091213,Midkine and pleiotrophin in glioma: From mechanistic insights to therapeutic potential.,2026,Neoplasia,Journal Article; Review,ptn_cancer_secreted_biology,"PTN/MK expression in glioma tumor tissue, not plasma; review of tumor biology",not_applicable,irrelevant,,abstract_search
PMID:41779010,41779010,10.1158/1078-0432.CCR-25-2854,PMC13176825,Spatial Transcriptomics Reveals Location-Specific Tumor Cell Subtypes and Signaling within Multifocal Small Intestinal Neuroendocrine Tumors.,2026,Clin Cancer Res,Journal Article,ptn_cancer_secreted_biology,"PTN-NCL ligand-receptor transcript expression in tumor tissue, human SI-NET spatial transcriptomics",not_applicable,irrelevant,,abstract_search
PMID:41918097,41918097,10.1186/s13058-026-02268-x,PMC13162450,Single-cell landscape of intratumoral heterogeneity and GABA-mediated remodeling of the immune microenvironment in breast cancer metastases.,2026,Breast Cancer Res,Journal Article,ptn_cancer_secreted_biology,"PTN ligand-receptor signaling (PTN/MDK-NCL) inferred from scRNA-seq in breast cancer metastasis tissue, human",not_applicable,irrelevant,,abstract_search
PMID:42112375,42112375,10.3389/fimmu.2026.1824726,PMC13149450,Glioma-intrinsic SLC1A3 hijacks the vascular niche to establish an immunosuppressive microenvironment.,2026,Front Immunol,Journal Article,ptn_cancer_secreted_biology,PTN-SDC3 ligand-receptor interaction inferred computationally in glioma tumor cells/endothelial cells (interactome analysis),not_applicable,irrelevant,,abstract_search
PMID:40069574,40069574,10.1038/s41416-025-02968-9,PMC11997037,CD44cells enhance pro-tumor stroma in the spatial landscape of colorectal cancer leading edge.,2025,Br J Cancer,Journal Article,ptn_cancer_secreted_biology,"PTN signaling in tumor tissue/CAFs, mouse AOM/DSS colon tumors and human CRC clinical tissue samples",not_applicable,irrelevant,,abstract_search
PMID:40361445,40361445,10.3390/cancers17091516,PMC12070880,Regulation of Pleiotrophin and PTPRZ1 Expression by Hypoxia to Restrict Hypoxia-Induced Cell Migration.,2025,Cancers (Basel),Journal Article,ptn_cancer_secreted_biology,"PTN protein/mRNA in endothelial and cancer cells (in vitro, mouse/human cell lines)",up_vs_control,irrelevant,,abstract_search
PMID:40416874,40416874,10.3389/fonc.2025.1591430,PMC12098048,Uncovering key regulatory pathways and prognostic biomarkers in the tumor microenvironment of high-grade serous ovarian cancer through single-cell RNA sequencing and experimental validation.,2025,Front Oncol,Journal Article,ptn_cancer_secreted_biology,"PTN signaling/mRNA and SDC4 expression in HGSOC scRNA-seq/tissue and cell lines (OVCAR3, SKOV3), human",up_vs_control,irrelevant,,abstract_search
PMID:40604866,40604866,10.1186/s40001-025-02808-9,PMC12220309,Pleiotrophin promote glioma proliferation and invasion by enhancing NF-&#x3ba;B/SLUG mediated epithelial-mesenchymal transition.,2025,Eur J Med Res,Journal Article,ptn_cancer_secreted_biology,"PTN mRNA expression in glioma tissue samples (TCGA/CGGA) and glioma cell lines, human",up_vs_control,irrelevant,,abstract_search
PMID:40643435,40643435,10.1089/ars.2024.0808,,Targeting the HNRNPA2B1/HDGF/PTN Axis to Overcome Radioresistance in Non-Small Cell Lung Cancer.,2025,Antioxid Redox Signal,Journal Article,ptn_cancer_secreted_biology,PTN mRNA/protein in NSCLC cell lines and mouse tumor xenografts (not plasma),not_applicable,irrelevant,,abstract_search
PMID:40534868,40534868,10.3389/fimmu.2025.1612987,PMC12174124,Integrated transcriptomics and machine learning reveal REN as a dual regulator of tumor stemness and NK cell evasion in Wilms tumor progression.,2025,Front Immunol,Journal Article,ptn_cancer_secreted_biology,"PTN-NCL ligand-receptor interaction inferred from scRNA-seq/spatial transcriptomics in Wilms tumor tissue, human",not_applicable,irrelevant,,abstract_search
PMID:39582814,39582814,10.2147/JHC.S493675,PMC11583788,scRNA-Seq Analysis Revealed CAFs Regulating HCC Cells via PTN Signaling.,2024,J Hepatocell Carcinoma,Journal Article,ptn_cancer_secreted_biology,"PTN expression in HCC tumor tissue vs adjacent tissue, scRNA-seq/IF, human",up_vs_control,irrelevant,,abstract_search
PMID:38173195,38173195,10.2174/0109298673282799231211113347,,Single-cell RNA Sequencing Analysis Reveals the Role of Cancerassociated Fibroblasts in Skin Melanoma.,2024,Curr Med Chem,Journal Article,ptn_cancer_secreted_biology,"PTN-SDC3 ligand-receptor interaction from scRNA-seq, melanoma tissue CAFs, human",not_applicable,irrelevant,,abstract_search
PMID:38302728,38302728,10.1038/s41417-024-00727-1,,Schwann cell derived pleiotrophin stimulates fibroblast for proliferation and excessive collagen deposition in plexiform neurofibroma.,2024,Cancer Gene Ther,Journal Article,ptn_cancer_secreted_biology,"PTN scRNA-seq/protein in human plexiform neurofibroma tissue, Schwann cells and fibroblasts",not_applicable,irrelevant,,abstract_search
PMID:38507720,38507720,10.1158/0008-5472.CAN-23-2640,PMC11148543,A Subpopulation of Luminal Progenitors Secretes Pleiotrophin to Promote Angiogenesis and Metastasis in Inflammatory Breast Cancer.,2024,Cancer Res,"Journal Article; Research Support, Non-U.S. Gov't",ptn_cancer_secreted_biology,"PTN mRNA/protein in tumor luminal progenitor cells and serum analysis mentioned; breast cancer, human",not_applicable,irrelevant,,abstract_search
PMID:38701136,38701136,10.3233/BD-249003,PMC11091641,Pleiotrophin serum level and metastasis occurrence in breast cancer patients.,2024,Breast Dis,Journal Article; Observational Study,ptn_cancer_secreted_biology,"PTN serum levels, human, breast cancer patients (metastatic vs non-metastatic)",up_vs_control,irrelevant,,abstract_search
PMID:38766528,38766528,10.1016/j.omtn.2024.102194,PMC11101731,miR-200-mediated inactivation of cancer-associated fibroblasts via targeting of NRP2-VEGFR signaling attenuates lung cancer invasion and metastasis.,2024,Mol Ther Nucleic Acids,Journal Article,ptn_cancer_secreted_biology,"Pleiotrophin secretion from cancer-associated fibroblasts (cell culture), human lung cancer model",not_applicable,irrelevant,,abstract_search
PMID:38821164,38821164,10.1016/j.ejphar.2024.176692,,Targeting the interaction of pleiotrophin and VEGFAwith protein tyrosine phosphatase receptor zeta 1 inhibits endothelial cell activation and angiogenesis.,2024,Eur J Pharmacol,Journal Article,ptn_cancer_secreted_biology,"PTN peptide fragment/protein in vitro (endothelial cells, glioblastoma cells); no plasma or serum measurement",not_applicable,irrelevant,,abstract_search
PMID:39759507,39759507,10.3389/fimmu.2024.1517679,PMC11695424,Unveiling the NEFH+ malignant cell subtype: Insights from single-cell RNA sequencing in prostate cancer progression and tumor microenvironment interactions.,2024,Front Immunol,Journal Article,ptn_cancer_secreted_biology,"PTN mRNA/expression in malignant prostate cancer cell subtype (scRNA-seq), human tumor tissue and cell lines",not_applicable,irrelevant,,abstract_search
PMID:39322128,39322128,10.1016/j.ijbiomac.2024.135962,,Effects of pleiotrophin (PTN) on the FAK inhibitor Y15 in breast cancer cells.,2024,Int J Biol Macromol,Journal Article,ptn_cancer_secreted_biology,"PTN protein expression/knockdown in breast cancer cell lines (cell-based, human cancer cells)",not_applicable,irrelevant,,abstract_search
PMID:36828390,36828390,10.1084/jem.20220610,PMC9998964,Pleiotrophin drives a prometastatic immune niche in breast cancer.,2023,J Exp Med,"Journal Article; Research Support, Non-U.S. Gov't; Research Support, N.I.H., Extramural",ptn_cancer_secreted_biology,PTN in plasma (human breast cancer patients); PTN mRNA/protein in murine breast cancer cells,up_vs_control,irrelevant,,abstract_search
PMID:37260355,37260355,10.1002/ijc.34564,PMC10524925,Genetic deletion or tyrosine phosphatase inhibition of PTPRZ1 activates c-Met to up-regulate angiogenesis and lung adenocarcinoma growth.,2023,Int J Cancer,"Journal Article; Research Support, N.I.H., Extramural; Research Support, Non-U.S. Gov't",ptn_cancer_secreted_biology,PTN as signaling ligand activating PTPRZ1/c-Met in mouse lung endothelial cells and LUAD; no plasma/serum measurement,not_applicable,irrelevant,,abstract_search
PMID:37960806,37960806,10.1097/MD.0000000000035634,PMC10637552,"Prognostic evaluation of oral squamous cell carcinoma based on pleiotrophin, urokinase plasminogen activator, and glycoprotein nonmetastatic melanoma protein B expression.",2023,Medicine (Baltimore),Journal Article,ptn_cancer_secreted_biology,"PTN protein by immunohistochemistry in oral squamous cell carcinoma tissue vs adjacent tissue, human",up_vs_control,irrelevant,,abstract_search
PMID:37259127,37259127,10.1186/s13099-023-00554-z,PMC10230711,Single-cell RNA sequencing reveals the mediatory role of cancer-associated fibroblast PTN in hepatitis B virus cirrhosis-HCC progression.,2023,Gut Pathog,Journal Article,ptn_cancer_secreted_biology,"PTN mRNA/expression in HCC single-cell transcriptome, CAFs and tumor cells, human tissue",up_vs_control,irrelevant,,abstract_search
PMID:34845163,34845163,10.1097/CAD.0000000000001259,,Pleiotrophin affects the susceptibility of prostate cancer cells to cisplatin.,2022,Anticancer Drugs,Journal Article,ptn_cancer_secreted_biology,Pleiotrophin protein/expression in PC3 prostate cancer cells and 293 cells; not plasma,not_applicable,irrelevant,,abstract_search
PMID:34964899,34964899,10.1093/neuonc/noab302,PMC9248408,Surgical resection of glioblastomas induces pleiotrophin-mediated self-renewal of glioblastoma stem cells in recurrent tumors.,2022,Neuro Oncol,"Journal Article; Research Support, Non-U.S. Gov't",ptn_cancer_secreted_biology,PTN expression in glioblastoma tumor tissue/cells and xenografts; rat and human,up_vs_control,irrelevant,,abstract_search
PMID:35179814,35179814,10.1111/cas.15301,PMC9128182,The link between menin and pleiotrophin in the tumor biology of pancreatic neuroendocrine neoplasms.,2022,Cancer Sci,Journal Article,ptn_cancer_secreted_biology,"PTN protein in pNEN tumor tissue (qRT-PCR/western blot) and cell lines BON1/QGP1, human",up_vs_control,irrelevant,,abstract_search
PMID:35365620,35365620,10.1038/s41467-022-29235-2,PMC8975871,Serum proteomics links suppression of tumor immunity to ancestry and lethal prostate cancer.,2022,Nat Commun,"Journal Article; Research Support, N.I.H., Extramural; Research Support, N.I.H., Intramural; Research Support, U.S. Gov't, Non-P.H.S.",ptn_cancer_secreted_biology,"Pleiotrophin, serum, human (prostate cancer cohorts)",up_vs_control,irrelevant,,abstract_search
PMID:35402183,35402183,10.21037/tcr-22-195,PMC8990826,CircPTN promotes angiogenesis via the MiR-595/LYRM5 signaling pathway in non-small cell lung cancer.,2022,Transl Cancer Res,Journal Article,ptn_cancer_secreted_biology,circPTN mRNA in human NSCLC tumor tissue,up_vs_control,irrelevant,,abstract_search
PMID:35493691,35493691,10.1016/j.jbo.2022.100429,PMC9048097,Luteolin attenuates the chemoresistance of osteosarcoma through inhibiting the PTN/&#x3b2;-catenin/MDR1 signaling axis by upregulating miR-384.,2022,J Bone Oncol,Journal Article,ptn_cancer_secreted_biology,"PTN mRNA/protein in osteosarcoma cell lines (MG63) and xenograft tumors, human cancer cell model",down_vs_control,irrelevant,,abstract_search
PMID:36571997,36571997,10.1016/j.biopha.2022.114162,,Pharmacological targeting of the receptor ALK inhibits tumorigenicity and overcomes chemoresistance in pancreatic ductal adenocarcinoma.,2022,Biomed Pharmacother,Journal Article,ptn_cancer_secreted_biology,PTN as ALK ligand in vitro PDAC PDX/stem cell models; no plasma/serum measurement,not_applicable,irrelevant,,abstract_search
PMID:35461017,35461017,10.1016/j.tice.2022.101801,,Binding of pleiotrophin to cell surface nucleolin mediates prostate cancer cell adhesion to osteoblasts.,2022,Tissue Cell,Journal Article,ptn_cancer_secreted_biology,"PTN protein/peptides and nucleolin interaction, prostate cancer cell lines and osteoblasts, human",not_applicable,irrelevant,,abstract_search
PMID:32460190,32460190,10.1016/j.biopha.2020.110201,,Long noncoding RNA OIP5-AS1 mediates resistance to doxorubicin by regulating miR-137-3p/PTN axis in osteosarcoma.,2020,Biomed Pharmacother,Journal Article,ptn_cancer_secreted_biology,PTN expression in osteosarcoma tissues and cells (human/mouse xenograft); no plasma/serum measurement,up_vs_control,irrelevant,,abstract_search
PMID:33288843,33288843,10.1038/s41416-020-01200-0,PMC7921397,Discovery of PTN as a serum-based biomarker of pro-metastatic prostate cancer.,2020,Br J Cancer,"Journal Article; Research Support, N.I.H., Extramural; Research Support, Non-U.S. Gov't; Research Support, U.S. Gov't, Non-P.H.S.",ptn_cancer_secreted_biology,"PTN serum levels and tissue PTN, human prostate cancer patients",up_vs_control,irrelevant,,abstract_search
PMID:31609809,31609809,10.1097/CEJ.0000000000000535,,Circular RNA Pleiotrophin promotes carcinogenesis in glioma via regulation of microRNA-122/SRY-box transcription factor 6 axis.,2020,Eur J Cancer Prev,"Journal Article; Research Support, Non-U.S. Gov't",ptn_cancer_secreted_biology,circular RNA circ_PTN and miR-122 expression in glioma cell lines (human),not_applicable,irrelevant,,abstract_search
PMID:32629066,32629066,10.1016/j.neulet.2020.135153,,"Down-regulation of circ-PTN suppresses cell proliferation, invasion and glycolysis in glioma by regulating miR-432-5p/RAB10 axis.",2020,Neurosci Lett,Journal Article,ptn_cancer_secreted_biology,"circ-PTN, miR-432-5p, RAB10 in glioma tissue and cell lines (LN229, A172), human/mouse xenograft",up_vs_control,irrelevant,,abstract_search
PMID:32801858,32801858,10.2147/CMAR.S250890,PMC7398883,"Long Non-Coding RNA AGAP2-AS1/miR-628-5p/PTN Axis Modulates Proliferation, Migration, Invasion, and Apoptosis of Glioma Cells.",2020,Cancer Manag Res,Journal Article; Retracted Publication,ptn_cancer_secreted_biology,"PTN mRNA/protein in glioma tissue and cell lines, human; also mouse xenograft tumor tissue",up_vs_control,irrelevant,,abstract_search
PMID:31205522,31205522,10.7150/jca.28231,PMC6548002,"The Expression, Functions, Interactions and Prognostic Values of PTPRZ1: A Review and Bioinformatic Analysis.",2019,J Cancer,Journal Article; Review,ptn_cancer_secreted_biology,no measurement; review of PTPRZ1/PTN interactions in tumor tissues,not_applicable,irrelevant,,abstract_search
PMID:31413208,31413208,10.18632/aging.102157,PMC6710034,miR-627-3p inhibits osteosarcoma cell proliferation and metastasis by targeting PTN.,2019,Aging (Albany NY),Journal Article; Retracted Publication,ptn_cancer_secreted_biology,"PTN protein/mRNA in osteosarcoma cell lines and tissue, human and mouse xenograft",not_applicable,irrelevant,,abstract_search
PMID:31822653,31822653,10.1038/s41389-019-0182-7,PMC6904680,LncRNA MACC1-AS1 sponges multiple miRNAs and RNA-binding protein PTBP1.,2019,Oncogenesis,Journal Article,ptn_cancer_secreted_biology,"PTN mRNA expression, breast tumor cells, human (not plasma)",up_vs_control,irrelevant,,abstract_search
PMID:31939629,31939629,10.3892/mmr.2019.10841,PMC6896370,A 21&#x2011;gene Support Vector Machine classifier and a 10&#x2011;gene risk score system constructed for patients with gastric cancer.,2019,Mol Med Rep,Journal Article,ptn_cancer_secreted_biology,"PTN mRNA expression in gastric tumor tissue gene expression profiles, human",not_applicable,irrelevant,,abstract_search
PMID:31059061,31059061,10.3892/or.2019.7136,PMC6549074,Luteolin suppresses colorectal cancer cell metastasis via regulation of the miR&#x2011;384/pleiotrophin axis.,2019,Oncol Rep,Journal Article,ptn_cancer_secreted_biology,"PTN mRNA expression in CRC cells/tissues (qPCR); human and mouse xenograft, not plasma",down_vs_control,irrelevant,,abstract_search
PMID:31737191,31737191,,PMC6834503,Tumor-associated macrophages increase the proportion of cancer stem cells in lymphoma by secreting pleiotrophin.,2019,Am J Transl Res,Journal Article,ptn_cancer_secreted_biology,"PTN expression in lymphoma tissue and secreted by TAMs in vitro, human",up_vs_control,irrelevant,,abstract_search
PMID:29928866,29928866,10.1016/j.yexcr.2018.06.020,,Hepatitis B virus promotes proliferation and metastasis in male Chinese hepatocellular carcinoma patients through the LEF-1/miR-371a-5p/SRCIN1/pleiotrophin/Slug pathway.,2018,Exp Cell Res,"Journal Article; Research Support, Non-U.S. Gov't",ptn_cancer_secreted_biology,"PTN expression in HCC tumor tissue/cells (HepG2), human; miR-371a-5p also measured in serum",up_vs_control,irrelevant,,abstract_search
PMID:30427932,30427932,10.1371/journal.pone.0207473,PMC6235361,A meta-analysis on the role of pleiotrophin (PTN) as a prognostic factor in cancer.,2018,PLoS One,Journal Article; Meta-Analysis,ptn_cancer_secreted_biology,"PTN expression (tissue/tumor), meta-analysis across cancer patient studies, human",up_vs_control,irrelevant,,abstract_search
PMID:30497491,30497491,10.1186/s12964-018-0304-4,PMC6267809,Chemotherapy-driven increases in the CDKN1A/PTN/PTPRZ1 axis promote chemoresistance by activating the NF-&#x3ba;B pathway in breast cancer cells.,2018,Cell Commun Signal,"Journal Article; Research Support, Non-U.S. Gov't",ptn_cancer_secreted_biology,"PTN/PTPRZ1 mRNA and protein expression in TNBC tumour tissue and cell lines, human",up_vs_control,irrelevant,,abstract_search
PMID:28946562,28946562,10.3233/CBM-170145,PMC6296221,Midkine and pleiotrophin concentrations in needle biopsies of breast and lung masses.,2017,Cancer Biomark,Journal Article,ptn_cancer_secreted_biology,"MDK and PTN protein in needle biopsy washout (tissue), breast/lung masses, human",up_vs_control,irrelevant,,abstract_search
PMID:28969035,28969035,10.18632/oncotarget.19148,PMC5609967,Pleiotrophin promotes chemoresistance to doxorubicin in osteosarcoma by upregulating P-glycoprotein.,2017,Oncotarget,Journal Article,ptn_cancer_secreted_biology,"PTN protein expression in osteosarcoma tumor tissue (IHC) and OS cell lines/xenograft, human/mouse",up_vs_control,irrelevant,,abstract_search
PMID:28557334,28557334,10.1111/jcmm.13213,PMC5661149,"Pleiotrophin, a target of miR-384, promotes proliferation, metastasis and lipogenesis in HBV-related hepatocellular carcinoma.",2017,J Cell Mol Med,Journal Article,ptn_cancer_secreted_biology,"PTN mRNA/protein in HCC tissue and HepG2 cells, human",up_vs_control,irrelevant,,abstract_search
PMID:28562667,28562667,10.1371/journal.pone.0177964,PMC5451024,Therapeutic silence of pleiotrophin by targeted delivery of siRNA and its effect on the inhibition of tumor growth and metastasis.,2017,PLoS One,Journal Article,ptn_cancer_secreted_biology,"PTN mRNA/protein in melanoma cells and mouse tumor tissue, siRNA knockdown",down_vs_control,irrelevant,,abstract_search
PMID:28569747,28569747,10.1038/ncomms15080,PMC5461490,Tumour-associated macrophages secrete pleiotrophin to promote PTPRZ1 signalling in glioblastoma stem cells for tumour growth.,2017,Nat Commun,"Journal Article; Research Support, N.I.H., Extramural; Research Support, Non-U.S. Gov't",ptn_cancer_secreted_biology,"PTN secreted by tumour-associated macrophages, tissue/cell culture, glioblastoma; human and mouse models",not_applicable,irrelevant,,abstract_search
PMID:28638231,28638231,10.3748/wjg.v23.i21.3907,PMC5467077,Pleiotrophin and N-syndecan promote perineural invasion and tumor progression in an orthotopic mouse model of pancreatic cancer.,2017,World J Gastroenterol,Journal Article,ptn_cancer_secreted_biology,"PTN protein in pancreatic cancer tissue (immunohistochemistry), mouse xenograft model",not_applicable,irrelevant,,abstract_search
PMID:28823557,28823557,10.1016/j.cell.2017.07.016,PMC5587159,Neural Precursor-Derived Pleiotrophin Mediates Subventricular Zone Invasion by Glioma.,2017,Cell,Journal Article,ptn_cancer_secreted_biology,"Pleiotrophin secreted by SVZ neural precursor cells, murine brain and glioma xenografts",not_applicable,irrelevant,,abstract_search
PMID:28841413,28841413,10.1016/j.cell.2017.08.011,,The Tropism of Pleiotrophin: Orchestrating Glioma Brain Invasion.,2017,Cell,Journal Article; Comment,ptn_cancer_secreted_biology,"PTN secreted by neural progenitors, complex-bound; glioma cells, not plasma/serum",not_applicable,irrelevant,,abstract_search
PMID:26893832,26893832,10.3892/br.2016.570,PMC4734038,Expression of receptor protein tyrosine phosphatase &#x3b6; is a risk factor for triple negative breast cancer relapse.,2016,Biomed Rep,Journal Article,ptn_cancer_secreted_biology,PTPRZ1 and PTN protein expression by immunohistochemistry in human breast tumor tissue,up_vs_control,irrelevant,,abstract_search
PMID:26914549,26914549,10.1371/journal.pone.0149383,PMC4767803,Increased Pleiotrophin Concentrations in Papillary Thyroid Cancer.,2016,PLoS One,"Journal Article; Research Support, N.I.H., Intramural",ptn_cancer_secreted_biology,"PTN in thyroid FNA tissue samples (normalized to thyroglobulin), human",up_vs_control,irrelevant,,abstract_search
PMID:27693125,27693125,10.1016/j.bbcan.2016.09.007,,Pleiotrophin and its receptor protein tyrosine phosphatase beta/zeta as regulators of angiogenesis and cancer.,2016,Biochim Biophys Acta,"Journal Article; Research Support, Non-U.S. Gov't; Review",ptn_cancer_secreted_biology,"review discussing PTN protein and RPTPβ/ζ receptor in cancer/angiogenesis biology, no specific measurement",not_applicable,irrelevant,,abstract_search
PMID:28041942,28041942,10.1016/j.cca.2016.12.030,,Pleiotrophin as a potential biomarker in breast cancer patients.,2016,Clin Chim Acta,Journal Article,ptn_cancer_secreted_biology,"Serum PTN, human breast cancer patients vs healthy controls; also tissue PTN by IHC",up_vs_control,irrelevant,,abstract_search
PMID:27806344,27806344,10.18632/oncotarget.12983,PMC5348327,Pleiotrophin enhances PDGFB-induced gliomagenesis through increased proliferation of neural progenitor cells.,2016,Oncotarget,Journal Article,ptn_cancer_secreted_biology,PTN mRNA expression in glioma tissue/tumor datasets; PTN protein in mouse neural progenitor cells/RCAS model,not_applicable,irrelevant,,abstract_search
PMID:28090572,28090572,10.1080/23723556.2016.1141087,PMC5160416,Pleiotrophin is a driver of vascular abnormalization in glioblastoma.,2016,Mol Cell Oncol,Journal Article,ptn_cancer_secreted_biology,"PTN in glioma tumor vasculature/tissue, likely mouse model",not_applicable,irrelevant,,abstract_search
PMID:25743809,25743809,10.7314/apjcp.2015.16.4.1421,,Serum pleiotrophin could be an early indicator for diagnosis and prognosis of non-small cell lung cancer.,2015,Asian Pac J Cancer Prev,"Comparative Study; Journal Article; Research Support, Non-U.S. Gov't",ptn_cancer_secreted_biology,"Serum PTN protein in NSCLC/SCLC patients vs controls, human; also tissue PTN near lung tumors",up_vs_control,irrelevant,,abstract_search
PMID:26408254,26408254,10.1016/j.neo.2015.07.007,PMC4674489,Pleiotrophin exerts its migration and invasion effect through the neuropilin-1 pathway.,2015,Neoplasia,Journal Article,ptn_cancer_secreted_biology,"PTN-NRP1 interaction/signaling in tumor cell lines and endothelial cells, no plasma/serum measurement",not_applicable,irrelevant,,abstract_search
PMID:26645582,26645582,10.1126/scisignal.aaa1690,,Pleiotrophin promotes vascular abnormalization in gliomas and correlates with poor survival in patients with astrocytomas.,2015,Sci Signal,"Journal Article; Research Support, Non-U.S. Gov't",ptn_cancer_secreted_biology,Pleiotrophin in human astrocytoma tumor tissue and mouse GL261 glioma tumors,up_vs_control,irrelevant,,abstract_search
PMID:26687816,26687816,10.1016/j.ajpath.2015.10.016,,Mutation-Independent Activation of the Anaplastic Lymphoma Kinase in Neuroblastoma.,2015,Am J Pathol,"Journal Article; Research Support, Non-U.S. Gov't",ptn_cancer_secreted_biology,Pleiotrophin protein expression in human neuroblastoma tumor tissue and paired normal tissue,not_applicable,irrelevant,,abstract_search
PMID:25864755,25864755,,,Expression of pleiotrophin in small cell lung cancer.,2015,J Biol Regul Homeost Agents,"Letter; Research Support, Non-U.S. Gov't",ptn_cancer_secreted_biology,"PTN protein, tissue (immunohistochemistry), human lung cancer and benign lung tissue",up_vs_control,irrelevant,,abstract_search
PMID:25418856,25418856,10.1002/mc.22249,PMC4456343,PTN signaling: Components and mechanistic insights in human ovarian cancer.,2014,Mol Carcinog,"Journal Article; Research Support, N.I.H., Extramural; Research Support, Non-U.S. Gov't",ptn_cancer_secreted_biology,PTN protein in serum and tumor tissue of ovarian cancer patients; human,up_vs_control,irrelevant,,abstract_search
PMID:25436328,25436328,,,Increased expression of pleiotrophin is a prognostic marker for patients with gastric cancer.,2014,Hepatogastroenterology,Journal Article,ptn_cancer_secreted_biology,"PTN protein (IHC) and mRNA (qRT-PCR), gastric cancer tissue vs paratumor tissue, human",up_vs_control,irrelevant,,abstract_search
PMID:25459668,25459668,10.1016/j.critrevonc.2014.10.007,,Angiogenic factors in chronic lymphocytic leukaemia (CLL): Where do we stand?,2014,Crit Rev Oncol Hematol,"Journal Article; Research Support, Non-U.S. Gov't; Review",ptn_cancer_secreted_biology,no measurement; review discusses PTN as angiogenic factor secreted in CLL,not_applicable,irrelevant,,abstract_search
PMID:24698102,24698102,10.1111/apm.12229,,Elevated expression of pleiotrophin in lymphocytic leukemia CD19+ B cells.,2014,APMIS,"Journal Article; Research Support, Non-U.S. Gov't",ptn_cancer_secreted_biology,"PTN protein/mRNA in CD19+ B cells (leukemia patients vs healthy adults), human",up_vs_control,irrelevant,,abstract_search
PMID:25001988,25001988,10.1016/j.jocn.2014.02.020,,Co-expression of midkine and pleiotrophin predicts poor survival in human glioma.,2014,J Clin Neurosci,Comparative Study; Journal Article,ptn_cancer_secreted_biology,PTN protein (IHC) and mRNA (qRT-PCR) in human glioma tissue vs paratumor tissue,up_vs_control,irrelevant,,abstract_search
PMID:23349846,23349846,10.1371/journal.pone.0054278,PMC3547881,Role of GalNAc4S-6ST in astrocytic tumor progression.,2013,PLoS One,"Journal Article; Research Support, Non-U.S. Gov't",ptn_cancer_secreted_biology,"PTN protein used in cell migration assays; GalNAc4S-6ST/PTN/MK mRNA and protein in glioma tissue and U251-MG cells, human",not_applicable,irrelevant,,abstract_search
PMID:24151381,24151381,10.3748/wjg.v19.i39.6555,PMC3801368,Pleiotrophin promotes perineural invasion in pancreatic cancer.,2013,World J Gastroenterol,"Journal Article; Research Support, Non-U.S. Gov't; Review",ptn_cancer_secreted_biology,"PTN expression in pancreatic cancer cell cytoplasm, tumor tissue; not plasma/serum measurement",not_applicable,irrelevant,,abstract_search
PMID:23686309,23686309,10.1038/onc.2013.168,,The pleiotrophin-ALK axis is required for tumorigenicity of glioblastoma stem cells.,2013,Oncogene,"Journal Article; Research Support, Non-U.S. Gov't",ptn_cancer_secreted_biology,"PTN and ALK expression in glioblastoma stem cells (tumor tissue/cell lines), human and mouse models",not_applicable,irrelevant,,abstract_search
PMID:23170925,23170925,10.1186/1471-2407-12-537,PMC3577502,PTPRZ1 regulates calmodulin phosphorylation and tumor progression in small-cell lung carcinoma.,2012,BMC Cancer,"Journal Article; Research Support, Non-U.S. Gov't",ptn_cancer_secreted_biology,"PTPRZ1 expression in tumor tissue/cell lines; PTN-PTPRZ1 signaling in SCLC cells, human/mouse",not_applicable,irrelevant,,abstract_search
PMID:23267434,23267434,10.3389/fonc.2012.00192,PMC3525999,"ALK receptor activation, ligands and therapeutic targeting in glioblastoma and in other cancers.",2012,Front Oncol,Journal Article,ptn_cancer_secreted_biology,PTN/ALK/MK gene expression in cancer tissue datasets; no plasma/serum measurement described,not_applicable,irrelevant,,abstract_search
PMID:22783964,22783964,10.1111/j.1349-7006.2012.02383.x,PMC7659367,Implications of pleiotrophin in human PC3 prostate cancer cell growth in vivo.,2012,Cancer Sci,"Journal Article; Research Support, Non-U.S. Gov't",ptn_cancer_secreted_biology,PTN expression/knockdown in human PC3 prostate cancer cells and mouse xenograft tumor tissue,not_applicable,irrelevant,,abstract_search
PMID:23060448,23060448,10.1074/jbc.M112.405852,PMC3504749,Loss of receptor protein tyrosine phosphatase &#x3b2;/&#x3b6; (RPTP&#x3b2;/&#x3b6;) promotes prostate cancer metastasis.,2012,J Biol Chem,"Journal Article; Research Support, Non-U.S. Gov't",ptn_cancer_secreted_biology,"Pleiotrophin/RPTPβ/ζ/Syndecan-3 signaling in prostate cancer cell lines (DU145, PC3), human",not_applicable,irrelevant,,abstract_search
PMID:21344482,21344482,10.1002/jcb.23066,,A peptide corresponding to the C-terminal region of pleiotrophin inhibits angiogenesis in vivo and in vitro.,2011,J Cell Biochem,"Journal Article; Research Support, Non-U.S. Gov't",ptn_cancer_secreted_biology,PTN peptide binding/signaling in human endothelial cells and CAM assay; no plasma/serum measurement,not_applicable,irrelevant,,abstract_search
PMID:22065111,22065111,10.1007/s00384-011-1344-z,,Pleiotrophin is a potential colorectal cancer prognostic factor that promotes VEGF expression and induces angiogenesis in colorectal cancer.,2011,Int J Colorectal Dis,"Journal Article; Research Support, Non-U.S. Gov't",ptn_cancer_secreted_biology,"PTN in serum and tumor tissue of colorectal cancer patients vs normal volunteers/tissue, human",up_vs_control,irrelevant,,abstract_search
PMID:21624116,21624116,10.1186/1471-2407-11-212,PMC3118947,The synthetic peptide P111-136 derived from the C-terminal domain of heparin affin regulatory peptide inhibits tumour growth of prostate cancer PC-3 cells.,2011,BMC Cancer,"Journal Article; Research Support, Non-U.S. Gov't",ptn_cancer_secreted_biology,"HARP/pleiotrophin autocrine loop in PC-3 prostate cancer cells; xenograft tumor tissue, mouse/human cell line",not_applicable,irrelevant,,abstract_search
PMID:21677838,21677838,10.3748/wjg.v17.i21.2667,PMC3110932,PAd-shRNA-PTN reduces pleiotrophin of pancreatic cancer cells and inhibits neurite outgrowth of DRG.,2011,World J Gastroenterol,"Journal Article; Research Support, Non-U.S. Gov't",ptn_cancer_secreted_biology,PTN mRNA/protein in human pancreatic cancer BxPC-3 cells (in vitro); DRG neurons co-cultured,down_vs_control,irrelevant,,abstract_search
PMID:27721338,27721338,10.3390/ph4121591,PMC4060103,Targeted CRM197-PEG-PEI/siRNA Complexes for Therapeutic RNAi in Glioblastoma.,2011,Pharmaceuticals (Basel),Journal Article,ptn_cancer_secreted_biology,"PTN gene knockdown via siRNA in glioblastoma tumor cells/xenografts, mouse model",down_vs_control,irrelevant,,abstract_search
PMID:20013808,20013808,10.1002/ijc.25110,,Antitumorigenic effects of a mutant of the heparin affin regulatory peptide on the U87 MG glioblastoma cell line.,2010,Int J Cancer,"Journal Article; Research Support, Non-U.S. Gov't",ptn_cancer_secreted_biology,"HARP/PTN and dominant-negative mutant in glioblastoma cells, xenograft tumor tissue; human/mouse",not_applicable,irrelevant,,abstract_search
PMID:20639902,20639902,10.1038/onc.2010.282,PMC3007126,Lung cancer cell migration is regulated via repressing growth factor PTN/RPTP &#x3b2;/&#x3b6; signaling by menin.,2010,Oncogene,"Journal Article; Research Support, N.I.H., Extramural; Research Support, Non-U.S. Gov't",ptn_cancer_secreted_biology,PTN mRNA/protein and RPTPβ/ζ in A549 human lung cancer cells; no plasma/serum measurement,not_applicable,irrelevant,,abstract_search
PMID:24281102,24281102,10.3390/cancers2020970,PMC3835113,VEGF and pleiotrophin modulate the immune profile of breast cancer.,2010,Cancers (Basel),Journal Article,ptn_cancer_secreted_biology,not measured; review discussing PTN expression in human breast tumor tissue,not_applicable,irrelevant,,abstract_search
PMID:20738847,20738847,10.1186/1476-4598-9-224,PMC2936342,A Pleiotrophin C-terminus peptide induces anti-cancer effects through RPTP&#x3b2;/&#x3b6;.,2010,Mol Cancer,"Journal Article; Research Support, Non-U.S. Gov't",ptn_cancer_secreted_biology,"Pleiotrophin peptide P(122-131) effects in DU145/LNCaP prostate cancer cell lines, human",not_applicable,irrelevant,,abstract_search
PMID:20646462,20646462,,,[Construction of siRNA lentiviral expressing vector targeting pleiotrophin gene and its impact on growth and apoptosis in H446 cells of human small cell lung cancer].,2010,Zhonghua Jie He He Hu Xi Za Zhi,"English Abstract; Journal Article; Research Support, Non-U.S. Gov't",ptn_cancer_secreted_biology,"PTN mRNA/protein in H446 human lung cancer cells (in vitro, not plasma)",down_vs_control,irrelevant,,abstract_search
PMID:19177199,19177199,10.1593/neo.81040,PMC2631139,Enhanced antitumorigenic effects in glioblastoma on double targeting of pleiotrophin and its receptor ALK.,2009,Neoplasia,"Journal Article; Research Support, Non-U.S. Gov't",ptn_cancer_secreted_biology,"PTN/ALK mRNA and protein expression in glioblastoma cell lines and xenograft tumor tissue, human/mouse",not_applicable,irrelevant,,abstract_search
PMID:19275511,19275511,10.1586/14737140.9.3.331,PMC2780428,Anaplastic lymphoma kinase: role in cancer pathogenesis and small-molecule inhibitor development for therapy.,2009,Expert Rev Anticancer Ther,"Journal Article; Research Support, N.I.H., Extramural; Research Support, Non-U.S. Gov't; Review",ptn_cancer_secreted_biology,No measurement; PTN discussed as ALK ligand in autocrine/paracrine cancer growth loops (review),not_applicable,irrelevant,,abstract_search
PMID:19331172,19331172,,,Serum stimulates Pleiotrophin gene expression in an AP-1-dependent manner in human endothelial and glioblastoma cells.,2009,Anticancer Res,"Journal Article; Research Support, Non-U.S. Gov't",ptn_cancer_secreted_biology,PTN protein secretion (Western blot) in culture medium of human HUVECs and glioblastoma M059K cells,up_vs_control,irrelevant,,abstract_search
PMID:19538958,19538958,10.1016/j.yexcr.2009.06.010,,Epithelial-mesenchymal transition of ovarian tumor cells induces an angiogenic monocyte cell population.,2009,Exp Cell Res,"Journal Article; Research Support, Non-U.S. Gov't",ptn_cancer_secreted_biology,"Pleiotrophin expression in SKOV3 ovarian tumor cell line (in vitro), human",up_vs_control,irrelevant,,abstract_search
PMID:19675075,19675075,10.1677/ERC-08-0289,,Aggressive inherited and sporadic medullary thyroid carcinomas display similar oncogenic pathways.,2009,Endocr Relat Cancer,"Journal Article; Research Support, Non-U.S. Gov't",ptn_cancer_secreted_biology,"PTN mRNA/protein in medullary thyroid carcinoma tissue and cell line, human",up_vs_control,irrelevant,,abstract_search
PMID:20167557,20167557,10.1684/ecn.2009.0172,,Roles of pleiotrophin in tumor growth and angiogenesis.,2009,Eur Cytokine Netw,Journal Article; Review,ptn_cancer_secreted_biology,not measured; review of PTN in tumor growth and angiogenesis,not_applicable,irrelevant,,abstract_search
PMID:19058221,19058221,10.1002/ijc.24084,,Nitric oxide stimulates migration of human endothelial and prostate cancer cells through up-regulation of pleiotrophin expression and its receptor protein tyrosine phosphatase beta/zeta.,2009,Int J Cancer,"Journal Article; Research Support, Non-U.S. Gov't",ptn_cancer_secreted_biology,PTN mRNA/protein expression in human endothelial and prostate cancer cell lines (in vitro),up_vs_control,irrelevant,,abstract_search
PMID:19633684,19633684,10.1038/onc.2009.184,PMC4312131,Effect of single-chain antibody targeting of the ligand-binding domain in the anaplastic lymphoma kinase receptor.,2009,Oncogene,"Journal Article; Research Support, N.I.H., Extramural",ptn_cancer_secreted_biology,"ALK and PTN expression in brain tumor tissue (archival), human; no plasma/serum measurement",up_vs_control,irrelevant,,abstract_search
PMID:17694547,17694547,10.1002/med.20109,,Development of anaplastic lymphoma kinase (ALK) small-molecule inhibitors for cancer therapy.,2008,Med Res Rev,"Journal Article; Research Support, N.I.H., Extramural; Research Support, Non-U.S. Gov't; Review",ptn_cancer_secreted_biology,no measurement; review discusses PTN as ALK ligand in cancer biology,not_applicable,irrelevant,,abstract_search
PMID:18519694,18519694,10.1158/0008-5472.CAN-07-6705,,Vascular endothelial growth factor receptor 2 mediates macrophage infiltration into orthotopic pancreatic tumors in mice.,2008,Cancer Res,"Journal Article; Research Support, N.I.H., Extramural; Research Support, Non-U.S. Gov't",ptn_cancer_secreted_biology,"Pleiotrophin in tumor microenvironment, mouse orthotopic pancreatic tumor tissue; not plasma",not_applicable,irrelevant,,abstract_search
PMID:18651707,18651707,10.1002/pmic.200800042,,Glycosaminoglycan-binding cytokines as tumor markers.,2008,Proteomics,Journal Article; Review,ptn_cancer_secreted_biology,"Serum/plasma pleiotrophin and other GAG-binding cytokines, human, tumor patients",up_vs_control,irrelevant,,abstract_search
PMID:18790762,18790762,10.1158/1535-7163.MCT-08-0301,,16-kDa fragment of pleiotrophin acts on endothelial and breast tumor cells and inhibits tumor development.,2008,Mol Cancer Ther,"Journal Article; Research Support, Non-U.S. Gov't",ptn_cancer_secreted_biology,"truncated PTN (PTNΔ111-136) in muscle/tumor tissue extracts, breast tumor and endothelial cells; mouse xenograft model",not_applicable,irrelevant,,abstract_search
PMID:19060246,19060246,10.1182/blood-2008-02-133751,PMC2651013,Pleiotrophin produced by multiple myeloma induces transdifferentiation of monocytes into vascular endothelial cells: a novel mechanism of tumor-induced vasculogenesis.,2008,Blood,"Journal Article; Research Support, Non-U.S. Gov't",ptn_cancer_secreted_biology,"PTN expression in multiple myeloma cells/BM serum, monocyte cell lines; human and mouse xenograft model",not_applicable,irrelevant,,abstract_search
PMID:17607711,17607711,10.1002/jcp.21191,,"Inhibition of the mitogenic, angiogenic and tumorigenic activities of pleiotrophin by a synthetic peptide corresponding to its C-thrombospondin repeat-I domain.",2008,J Cell Physiol,"Journal Article; Research Support, Non-U.S. Gov't",ptn_cancer_secreted_biology,"PTN protein/synthetic peptides, in vitro assays and tumor xenograft models; not plasma/cardiac",not_applicable,irrelevant,,abstract_search
PMID:18716876,18716876,10.1007/s10620-008-0433-5,,"Pleiotrophin expression in human pancreatic cancer and its correlation with clinicopathological features, perineural invasion, and prognosis.",2008,Dig Dis Sci,"Journal Article; Research Support, Non-U.S. Gov't",ptn_cancer_secreted_biology,"PTN protein in pancreatic tumor tissue by immunohistochemistry, human",not_applicable,irrelevant,,abstract_search
PMID:17369488,17369488,10.1182/blood-2006-08-042374,,Pleiotrophin is highly expressed by myeloma cells and promotes myeloma tumor growth.,2007,Blood,"Journal Article; Research Support, Non-U.S. Gov't",ptn_cancer_secreted_biology,"PTN protein in serum and cell culture supernatants; multiple myeloma cells, human",up_vs_control,irrelevant,,abstract_search
PMID:17443289,17443289,10.1007/s11060-007-9379-2,,"Pleiotrophin expression in astrocytic and oligodendroglial tumors and it's correlation with histological diagnosis, microvascular density, cellular proliferation and overall survival.",2007,J Neurooncol,"Journal Article; Research Support, Non-U.S. Gov't",ptn_cancer_secreted_biology,"PTN protein by immunohistochemistry in brain tumor tissue (astrocytomas/oligodendrogliomas), human",not_applicable,irrelevant,,abstract_search
PMID:17578909,17578909,10.1073/pnas.0704366104,PMC1904160,Secretion of pleiotrophin stimulates breast cancer progression through remodeling of the tumor microenvironment.,2007,Proc Natl Acad Sci U S A,"Journal Article; Research Support, N.I.H., Extramural; Research Support, Non-U.S. Gov't",ptn_cancer_secreted_biology,"PTN protein secretion/expression in mouse breast tumors, MCF-7 xenografts, and cell coculture models",not_applicable,irrelevant,,abstract_search
PMID:17706593,17706593,10.1016/j.bbrc.2007.06.050,PMC2084077,The receptor protein tyrosine phosphatase (RPTP)beta/zeta is expressed in different subtypes of human breast cancer.,2007,Biochem Biophys Res Commun,Journal Article,ptn_cancer_secreted_biology,RPTPbeta/zeta protein expression in human breast cancer tissue; no plasma PTN measured,not_applicable,irrelevant,,abstract_search
PMID:18156802,18156802,10.4161/cc.6.23.5090,,"Pleiotrophin, a multifunctional tumor promoter through induction of tumor angiogenesis, remodeling of the tumor microenvironment, and activation of stromal fibroblasts.",2007,Cell Cycle,"Journal Article; Research Support, N.I.H., Extramural; Research Support, Non-U.S. Gov't; Research Support, U.S. Gov't, Non-P.H.S.; Review",ptn_cancer_secreted_biology,no measurement; review of PTN expression/signaling in tumor cells and mouse mammary tumor model,not_applicable,irrelevant,,abstract_search
PMID:18221061,18221061,10.2174/157489207780832405,,Pleiotrophin as a possible new target for angiogenesis-related diseases and cancer.,2007,Recent Pat Anticancer Drug Discov,Journal Article; Review,ptn_cancer_secreted_biology,PTN expression in human tumour cell lines/tissue specimens across cancers; no plasma/cardiac measurement,not_applicable,irrelevant,,abstract_search
PMID:17881084,17881084,10.1016/j.ejcb.2007.07.007,,Heparin affin regulatory peptide/pleiotrophin negatively affects diverse biological activities in C6 glioma cells.,2007,Eur J Cell Biol,"Journal Article; Research Support, Non-U.S. Gov't",ptn_cancer_secreted_biology,HARP/pleiotrophin protein in conditioned medium of rat C6 glioma cells (antisense knockdown),not_applicable,irrelevant,,abstract_search
PMID:17825221,17825221,,,[Construction of the recombinant adenovirus mediated shRNA to silence PTN in pancreatic carcinoma and the effect of DRGn on neurite in vitro].,2007,Xi Bao Yu Fen Zi Mian Yi Xue Za Zhi,English Abstract; Journal Article,ptn_cancer_secreted_biology,"PTN protein in pancreatic carcinoma cells (Western blot), not plasma; DRGn co-culture, cells",not_applicable,irrelevant,,abstract_search
PMID:16488995,16488995,10.1158/0008-5472.CAN-05-3493,,Dominant-stable beta-catenin expression causes cell fate alterations and Wnt signaling antagonist expression in a murine granulosa cell tumor model.,2006,Cancer Res,"Journal Article; Research Support, N.I.H., Extramural; Research Support, Non-U.S. Gov't",ptn_cancer_secreted_biology,Pleiotrophin mRNA in mouse ovarian tumor tissue; serum PTN measured (no increase) in mouse model,no_difference,irrelevant,,abstract_search
PMID:16489031,16489031,10.1158/0008-5472.CAN-05-1221,,Targeting of the receptor protein tyrosine phosphatase beta with a monoclonal antibody delays tumor growth in a glioblastoma model.,2006,Cancer Res,Journal Article,ptn_cancer_secreted_biology,"RPTPbeta expression/antibody binding on glioma tumor cells; pleiotrophin only mentioned as interaction partner, not measured",not_applicable,irrelevant,,abstract_search
PMID:16554021,16554021,10.1016/j.bbrc.2006.03.006,,Identification of the angiogenesis signaling domain in pleiotrophin defines a mechanism of the angiogenic switch.,2006,Biochem Biophys Res Commun,"Journal Article; Research Support, N.I.H., Extramural",ptn_cancer_secreted_biology,"PTN protein domains expressed ectopically in SW-13 tumor cells, mouse xenograft model",not_applicable,irrelevant,,abstract_search
PMID:16681640,16681640,10.1111/j.1365-2141.2006.06052.x,,Serum pleiotrophin levels are elevated in multiple myeloma patients and correlate with disease status.,2006,Br J Haematol,"Journal Article; Research Support, Non-U.S. Gov't",ptn_cancer_secreted_biology,PTN serum levels in human multiple myeloma patients,up_vs_control,irrelevant,,abstract_search
PMID:16501609,16501609,10.1038/sj.onc.1209348,,"Pleiotrophin, a candidate gene for poor tumor vasculature and in vivo neuroblastoma sensitivity to irinotecan.",2006,Oncogene,Comparative Study; Journal Article,ptn_cancer_secreted_biology,"PTN mRNA in neuroblastoma xenograft tumor tissue (mouse model, human-derived cell lines)",down_vs_control,irrelevant,,abstract_search
PMID:17059762,17059762,,,[A pleiotrophin-specific siRNA and its effect on PTEN-/- MEF241 cells].,2006,Ai Zheng,"Journal Article; Research Support, Non-U.S. Gov't",ptn_cancer_secreted_biology,"Ptn mRNA expression, Northern blot, in mouse PTEN-/- MEF241 cells and tumor xenografts",down_vs_control,irrelevant,,abstract_search
PMID:16507572,16507572,10.1074/jbc.M512509200,,PTEN deletion leads to up-regulation of a secreted growth factor pleiotrophin.,2006,J Biol Chem,"Journal Article; Research Support, N.I.H., Extramural; Research Support, Non-U.S. Gov't; Research Support, U.S. Gov't, Non-P.H.S.",ptn_cancer_secreted_biology,"Ptn mRNA/protein in Pten-null mouse embryonic fibroblasts and mammary tumors, mouse",up_vs_control,irrelevant,,abstract_search
PMID:16839274,16839274,10.1089/hum.2006.17.751,,RNA interference-mediated gene silencing of pleiotrophin through polyethylenimine-complexed small interfering RNAs in vivo exerts antitumoral effects in glioblastoma xenografts.,2006,Hum Gene Ther,"Journal Article; Research Support, Non-U.S. Gov't",ptn_cancer_secreted_biology,"PTN mRNA/protein knockdown in U87 glioblastoma cells and mouse xenograft tumors, not plasma",down_vs_control,irrelevant,,abstract_search
PMID:16923162,16923162,10.1111/j.1471-4159.2006.04022.x,,RNA interference targeting protein tyrosine phosphatase zeta/receptor-type protein tyrosine phosphatase beta suppresses glioblastoma growth in vitro and in vivo.,2006,J Neurochem,"Comparative Study; Journal Article; Research Support, Non-U.S. Gov't",ptn_cancer_secreted_biology,PTN/PTPzeta expression in glioblastoma cells (U251-MG) and mouse xenograft tumor tissue,not_applicable,irrelevant,,abstract_search
PMID:17067552,17067552,10.1016/j.bbrc.2006.09.148,PMC1850963,Dominant negative pleiotrophin induces tetraploidy and aneuploidy in U87MG human glioblastoma cells.,2006,Biochem Biophys Res Commun,"Journal Article; Research Support, N.I.H., Extramural; Research Support, Non-U.S. Gov't",ptn_cancer_secreted_biology,"PTN signaling/expression in U87MG human glioblastoma cells (cell line, dominant-negative construct)",not_applicable,irrelevant,,abstract_search
PMID:15496960,15496960,10.1038/sj.gt.3302398,,Ribozyme targeting of the growth factor pleiotrophin in established tumors: a gene therapy approach.,2005,Gene Ther,"Journal Article; Research Support, U.S. Gov't, P.H.S.",ptn_cancer_secreted_biology,PTN mRNA depletion in melanoma tumor tissue; serum PTN protein levels in mice,down_vs_control,irrelevant,,abstract_search
PMID:15606670,15606670,10.1111/j.0303-6987.2005.00282.x,,Pleiotrophin expression correlates with melanocytic tumor progression and metastatic potential.,2005,J Cutan Pathol,Journal Article,ptn_cancer_secreted_biology,"PTN protein immunohistochemistry in melanocytic nevi and melanoma tissue, human",up_vs_control,irrelevant,,abstract_search
PMID:15908427,15908427,10.1074/jbc.M502614200,,Differential induction of glioblastoma migration and growth by two forms of pleiotrophin.,2005,J Biol Chem,"Journal Article; Research Support, N.I.H., Extramural; Research Support, Non-U.S. Gov't; Research Support, U.S. Gov't, P.H.S.",ptn_cancer_secreted_biology,PTN15/PTN18 protein and mRNA in human glioblastoma tumor tissue and cell lines,up_vs_control,irrelevant,,abstract_search
PMID:15986444,15986444,10.1002/ijc.21276,,Ribozyme-targeting reveals the rate-limiting role of pleiotrophin in glioblastoma.,2005,Int J Cancer,"Journal Article; Research Support, Non-U.S. Gov't",ptn_cancer_secreted_biology,PTN mRNA/protein in glioblastoma cell lines; PTN serum levels in mouse xenograft model,down_vs_control,irrelevant,,abstract_search
PMID:16105548,16105548,10.1016/j.bbrc.2005.07.060,,Pleiotrophin stimulates tyrosine phosphorylation of beta-adducin through inactivation of the transmembrane receptor protein tyrosine phosphatase beta/zeta.,2005,Biochem Biophys Res Commun,"Journal Article; Research Support, N.I.H., Extramural; Research Support, U.S. Gov't, P.H.S.",ptn_cancer_secreted_biology,PTN signaling and beta-adducin tyrosine phosphorylation in cell lines; not a plasma/serum measurement,not_applicable,irrelevant,,abstract_search
PMID:15013213,15013213,10.1016/S0304-3835(03)00450-6,,Midkine and pleiotrophin in neural development and cancer.,2004,Cancer Lett,"Journal Article; Research Support, Non-U.S. Gov't; Review",ptn_cancer_secreted_biology,no plasma/serum PTN measurement; discusses tissue expression and blood MK (not PTN) in carcinomas,not_applicable,irrelevant,,abstract_search
PMID:15379633,15379633,10.2174/1568009043332835,,Heparin affin regulatory peptide: a new target for tumour therapy?,2004,Curr Cancer Drug Targets,"Journal Article; Research Support, Non-U.S. Gov't; Review",ptn_cancer_secreted_biology,"PTN/HARP protein in tumor tissue and cell lines, various species",not_applicable,irrelevant,,abstract_search
PMID:14692702,14692702,10.1093/jnen/62.12.1265,,Expression and function of the receptor protein tyrosine phosphatase zeta and its ligand pleiotrophin in human astrocytomas.,2003,J Neuropathol Exp Neurol,"Comparative Study; Journal Article; Research Support, Non-U.S. Gov't",ptn_cancer_secreted_biology,"PTN protein in astrocytoma/glioblastoma tumor tissue via ELISA and IHC, human",up_vs_control,irrelevant,,abstract_search
PMID:12648577,12648577,10.1016/s0090-8258(02)00070-7,,Immunohistochemical and quantitative competitive PCR analyses of midkine and pleiotrophin expression in cervical cancer.,2003,Gynecol Oncol,"Journal Article; Research Support, Non-U.S. Gov't",ptn_cancer_secreted_biology,"PTN mRNA and protein in cervical cancer tissue vs normal cervix tissue, human",up_vs_control,irrelevant,,abstract_search
PMID:12762884,12762884,10.1227/01.neu.0000064806.87785.ab,,Glioblastoma and cerebral microvascular endothelial cell migration in response to tumor-associated growth factors.,2003,Neurosurgery,"Journal Article; Research Support, Non-U.S. Gov't",ptn_cancer_secreted_biology,PTN as recombinant chemotactic factor tested on human glioblastoma and endothelial cells in vitro,no_difference,irrelevant,,abstract_search
PMID:14523809,14523809,10.1016/s0022-3468(03)00385-3,,Significance of heparin-binding growth factor expression on cells of solid pediatric tumors.,2003,J Pediatr Surg,Journal Article,ptn_cancer_secreted_biology,"PTN mRNA (RT-PCR) and secreted protein (ELISA) in pediatric tumor cell lines/tissue, human/mouse xenograft",not_applicable,irrelevant,,abstract_search
PMID:14555979,14555979,10.1038/sj.onc.1206763,,A role for receptor tyrosine phosphatase zeta in glioma cell migration.,2003,Oncogene,"Journal Article; Research Support, Non-U.S. Gov't",ptn_cancer_secreted_biology,"PTN mRNA transcript, tumor tissue (glioblastoma), human",not_applicable,irrelevant,,abstract_search
PMID:11809760,11809760,10.1074/jbc.M112354200,,Pleiotrophin signaling through anaplastic lymphoma kinase is rate-limiting for glioblastoma growth.,2002,J Biol Chem,"Journal Article; Research Support, Non-U.S. Gov't; Research Support, U.S. Gov't, Non-P.H.S.; Research Support, U.S. Gov't, P.H.S.",ptn_cancer_secreted_biology,PTN-ALK signaling in glioblastoma tissue/cell lines and xenografts; not plasma,not_applicable,irrelevant,,abstract_search
PMID:12046056,12046056,10.3748/wjg.v8.i3.385,PMC4656407,The prognostic molecular markers in hepatocellular carcinoma.,2002,World J Gastroenterol,Journal Article; Review,ptn_cancer_secreted_biology,"not measured; general review mentions pleiotrophin as angiogenesis marker in HCC prognosis, human",not_applicable,irrelevant,,abstract_search
PMID:12057902,12057902,10.1016/S0002-9440(10)61147-9,PMC1850839,An invasion-independent pathway of blood-borne metastasis: a new murine mammary tumor model.,2002,Am J Pathol,"Comparative Study; Journal Article; Research Support, Non-U.S. Gov't",ptn_cancer_secreted_biology,"Pleiotrophin mRNA overexpression in murine mammary tumor cells (MCH66), tissue/cDNA analysis, mouse",up_vs_control,irrelevant,,abstract_search
PMID:11288955,11288955,10.1177/172460080101600102,,Circulating angiogenesis regulators in cancer patients.,2001,Int J Biol Markers,Journal Article; Review,ptn_cancer_secreted_biology,"Review of circulating angiogenesis regulators including pleiotrophin in blood, human cancer patients",not_applicable,irrelevant,,abstract_search
PMID:11016659,11016659,,,Pleiotrophin can be rate-limiting for pancreatic cancer cell growth.,2000,Cancer Res,"Journal Article; Research Support, Non-U.S. Gov't",ptn_cancer_secreted_biology,"PTN mRNA/protein in pancreatic cancer cell lines (Colo357, Panc89) and tumor xenografts",not_applicable,irrelevant,,abstract_search
PMID:10224041,10224041,10.1074/jbc.274.19.12959,,Domain structure of pleiotrophin required for transformation.,1999,J Biol Chem,"Journal Article; Research Support, Non-U.S. Gov't",ptn_cancer_secreted_biology,PTN protein/mutants studied in NIH 3T3 cell transformation assays; not plasma or cardiac,not_applicable,irrelevant,,abstract_search
PMID:9776412,9776412,10.1093/jnci/90.19.1468,,Relationship between serum concentrations of the growth factor pleiotrophin and pleiotrophin-positive tumors.,1998,J Natl Cancer Inst,"Journal Article; Research Support, Non-U.S. Gov't; Research Support, U.S. Gov't, P.H.S.",ptn_cancer_secreted_biology,"Serum pleiotrophin, ELISA, in mice with human tumor xenografts and human GI cancer patients",up_vs_control,irrelevant,,abstract_search
PMID:9041202,9041202,,,"Expression of the angiogenic factors vascular endothelial cell growth factor, acidic and basic fibroblast growth factor, tumor growth factor beta-1, platelet-derived endothelial cell growth factor, placenta growth factor, and pleiotrophin in human primary breast cancer and its relation to angiogenesis.",1997,Cancer Res,Journal Article,ptn_cancer_secreted_biology,Pleiotrophin mRNA in human breast tumor tissue (RNase protection); no plasma/serum measurement,not_applicable,irrelevant,,abstract_search
PMID:9135027,9135027,,,An angiogenic role for the neurokines midkine and pleiotrophin in tumorigenesis.,1997,Cancer Res,"Journal Article; Research Support, Non-U.S. Gov't",ptn_cancer_secreted_biology,PTN/MK overexpression in MCF-7 breast carcinoma cells; angiogenic activity in rabbit cornea; not plasma,not_applicable,irrelevant,,abstract_search
PMID:9201975,9201975,10.1074/jbc.272.27.16733,,Human breast cancer growth inhibited in vivo by a dominant negative pleiotrophin mutant.,1997,J Biol Chem,"Journal Article; Research Support, U.S. Gov't, P.H.S.",ptn_cancer_secreted_biology,PTN gene expression/protein in human breast cancer cell line (MDA-MB-231) and mouse tumor xenografts; no plasma measurement,not_applicable,irrelevant,,abstract_search
PMID:8825127,8825127,10.1007/BF01803788,,"Breast cancer angiogenesis--new approaches to therapy via antiangiogenesis, hypoxic activated drugs, and vascular targeting.",1996,Breast Cancer Res Treat,Journal Article; Review,ptn_cancer_secreted_biology,"Pleiotrophin expression in breast tumor tissue/cell lines, human",not_applicable,irrelevant,,abstract_search
PMID:8962127,8962127,10.1073/pnas.93.25.14753,PMC26208,Melanoma angiogenesis and metastasis modulated by ribozyme targeting of the secreted growth factor pleiotrophin.,1996,Proc Natl Acad Sci U S A,"Journal Article; Research Support, U.S. Gov't, Non-P.H.S.; Research Support, U.S. Gov't, P.H.S.",ptn_cancer_secreted_biology,"PTN mRNA/growth factor activity in human melanoma cells and mouse xenograft tumors, not plasma",down_vs_control,irrelevant,,abstract_search
PMID:7712489,7712489,,,Differential expression of pleiotrophin and midkine in advanced neuroblastomas.,1995,Cancer Res,"Comparative Study; Journal Article; Research Support, Non-U.S. Gov't; Research Support, U.S. Gov't, P.H.S.",ptn_cancer_secreted_biology,"PTN mRNA expression, tumor tissue and cell lines, human neuroblastoma",down_vs_control,irrelevant,,abstract_search
PMID:8534864,8534864,10.1007/BF00666037,,Molecular and pharmacologic targeting of angiogenesis factors--the example of pleiotrophin.,1995,Breast Cancer Res Treat,Comparative Study; Journal Article; Review,ptn_cancer_secreted_biology,PTN protein secreted by human breast cancer cell line supernatants; gene expression in tumor cell lines/tissues,not_applicable,irrelevant,,abstract_search
PMID:8792088,8792088,,,Pleiotrophin and midkine in normal development and tumor biology.,1995,Crit Rev Oncog,"Journal Article; Research Support, U.S. Gov't, Non-P.H.S.; Research Support, U.S. Gov't, P.H.S.; Review",ptn_cancer_secreted_biology,"no specific measurement; review of PTN/MK expression in development and cancer, no plasma/serum assay described",not_applicable,irrelevant,,abstract_search
PMID:7520350,7520350,10.1002/1097-0142(19940901)74:5<1584::aid-cncr2820740514>3.0.co;2-v,,Midkine and pleiotrophin expression in normal and malignant breast tissue.,1994,Cancer,"Journal Article; Research Support, Non-U.S. Gov't; Research Support, U.S. Gov't, Non-P.H.S.; Research Support, U.S. Gov't, P.H.S.",ptn_cancer_secreted_biology,PTN and midkine mRNA (RT-PCR) in human breast tissue; midkine mRNA by Northern blot in cell lines,no_difference,irrelevant,,abstract_search
PMID:7533562,7533562,10.1007/BF00666163,,The potential role of the heparin-binding growth factor pleiotrophin in breast cancer.,1994,Breast Cancer Res Treat,Journal Article; Review,ptn_cancer_secreted_biology,"PTN expression in breast tumor tissue samples, human",not_applicable,irrelevant,,abstract_search
PMID:8383007,8383007,,,A new family of heparin-binding growth/differentiation factors: increased midkine expression in Wilms' tumor and other human carcinomas.,1993,Cancer Res,"Journal Article; Research Support, Non-U.S. Gov't",ptn_cancer_secreted_biology,"PTN mRNA expression, tissue/cell samples (Wilms' tumor, carcinomas, PA-1 cells), human",not_applicable,irrelevant,,abstract_search
PMID:1464602,1464602,,,Pleiotrophin stimulates fibroblasts and endothelial and epithelial cells and is expressed in human cancer.,1992,J Biol Chem,"Journal Article; Research Support, Non-U.S. Gov't; Research Support, U.S. Gov't, P.H.S.",ptn_cancer_secreted_biology,PTN protein in cell culture supernatants and PTN mRNA in human breast cancer tissue/cell lines,not_applicable,irrelevant,,abstract_search
PMID:1733956,1733956,,,A heparin-binding growth factor secreted from breast cancer cells homologous to a developmentally regulated cytokine.,1992,J Biol Chem,"Journal Article; Research Support, Non-U.S. Gov't; Research Support, U.S. Gov't, P.H.S.",ptn_cancer_secreted_biology,"PTN/HB-GAM protein purified from breast cancer cell (MDA-MB-231) culture supernatant, human",not_applicable,irrelevant,,abstract_search
PMID:39976844,39976844,10.1007/s11357-025-01561-5,PMC12181502,Transcriptomic profiling of senescence effects on blood-brain barrier-related gene expression in brain capillary endothelial cells in a mouse model of paclitaxel-induced chemobrain.,2025,Geroscience,"Journal Article; Research Support, N.I.H., Intramural; Research Support, N.I.H., Extramural; Research Support, Non-U.S. Gov't",ptn_other,"PTN pathway transcriptomic enrichment in brain capillary endothelial cells, mouse scRNA-seq",up_vs_control,irrelevant,,abstract_search
PMID:40527822,40527822,10.1097/MD.0000000000042681,PMC12173313,Exploring potential therapeutic targets for cardiomyopathy: A proteome-wide Mendelian randomization analysis.,2025,Medicine (Baltimore),Journal Article,ptn_other,PTN cis-pQTL as instrument in proteome-wide MR (deCODE plasma proteins) vs FinnGen cardiomyopathy,not_applicable,irrelevant,PTN listed only in a matrisome enrichment set for HCM; did NOT survive multiple-testing correction.,fulltext_scan
PMID:39409168,39409168,10.3390/ijms251910839,PMC11477150,Pleiotrophin Activates cMet- and mTORC1-Dependent Protein Synthesis through PTPRZ1-The Role of &#x3b1;&#x3b2;Integrin.,2024,Int J Mol Sci,Journal Article,ptn_other,"PTN signaling studied in endothelial cells (HUVEC, mouse); no plasma/serum measurement reported",not_applicable,irrelevant,,abstract_search
PMID:39512690,39512690,10.7150/ijms.98778,PMC11539388,The Biomarkers in Extreme Longevity: Insights Gained from Metabolomics and Proteomics.,2024,Int J Med Sci,Journal Article; Review,ptn_other,Review discusses PTN as longevity biomarker from proteomics; no specific matrix/species stated,not_applicable,irrelevant,,abstract_search
PMID:39668573,39668573,10.1111/joor.13918,,Pleiotrophin Prevents HO-Induced Senescence of Dental Pulp Stem Cells.,2024,J Oral Rehabil,Journal Article,ptn_other,PTN added exogenously to human dental pulp stem cell culture media; not measured in plasma/serum or cardiac tissue,not_applicable,irrelevant,,abstract_search
PMID:37409018,37409018,10.3389/fneur.2023.1166598,PMC10319054,Diagnosis of post-neurosurgical bacterial meningitis in patients with aneurysmal subarachnoid hemorrhage based on the immunity-related proteomics signature of the cerebrospinal fluid.,2023,Front Neurol,Journal Article,ptn_other,Pleiotrophin in CSF (not plasma/serum) of human aSAH patients with/without meningitis,up_vs_control,irrelevant,,abstract_search
PMID:37850119,37850119,10.1155/2023/7944102,PMC10578979,Differential Production of Midkine and Pleiotrophin by Innate APCs upon Stimulation through Nucleic Acid-Sensing TLRs.,2023,J Immunol Res,Journal Article,ptn_other,"PTN protein secreted by human innate APCs (monocytes, macrophages, MDDCs, mDCs, pDCs) in cell culture, not plasma/serum",up_vs_control,irrelevant,,abstract_search
PMID:36050589,36050589,10.1007/s11357-022-00650-z,PMC9886771,Is an MRI-derived anatomical measure of dementia risk also a measure of brain aging?,2022,Geroscience,"Journal Article; Research Support, U.S. Gov't, Non-P.H.S.; Research Support, N.I.H., Extramural; Research Support, Non-U.S. Gov't",ptn_other,"Plasma pleiotrophin (Somalogic proteomic panel), human, association with AD-PS/dementia risk score, not heart failure/cardiac disease",not_applicable,irrelevant,,abstract_search
PMID:33430704,33430704,10.1089/ten.TEA.2020.0335,PMC8219190,Assessing the Angiogenic Efficacy of Pleiotrophin Released from Injectable Heparin-Alginate Gels.,2021,Tissue Eng Part A,"Journal Article; Research Support, N.I.H., Extramural",ptn_other,PTN protein released from hydrogel; tested on human iPSC-derived endothelial cells and mouse subcutaneous model,not_applicable,irrelevant,,abstract_search
PMID:34667143,34667143,10.1038/s41398-021-01664-5,PMC8526592,The proteomic architecture of schizophrenia iPSC-derived cerebral organoids reveals alterations in GWAS and neuronal development factors.,2021,Transl Psychiatry,"Journal Article; Research Support, Non-U.S. Gov't",ptn_other,PTN protein in human iPSC-derived cerebral organoid tissue (schizophrenia vs control),not_applicable,irrelevant,,abstract_search
PMID:35053198,35053198,10.3390/biom12010050,PMC8773689,Interactions of Pleiotrophin with a Structurally Defined Heparin Hexasaccharide.,2021,Biomolecules,"Journal Article; Research Support, N.I.H., Extramural",ptn_other,"PTN protein structural NMR interaction with heparin hexasaccharide, in vitro biochemistry",not_applicable,irrelevant,,abstract_search
PMID:32681389,32681389,10.1007/s10456-020-09733-x,,Pleiotrophin selectively binds to vascular endothelial growth factor receptor 2 and inhibits or stimulates cell migration depending on &#x3b1;&#x3b2;integrin expression.,2020,Angiogenesis,"Journal Article; Research Support, Non-U.S. Gov't",ptn_other,"PTN-VEGFR2 binding, receptor phosphorylation in HUVEC and tumor cell lines",not_applicable,irrelevant,,abstract_search
PMID:29651006,29651006,10.1038/s41598-018-24326-x,PMC5897396,Cyclin-dependent kinase 5 mediates pleiotrophin-induced endothelial cell migration.,2018,Sci Rep,"Journal Article; Research Support, Non-U.S. Gov't",ptn_other,Not measured in plasma/serum; PTN signaling studied in HUVEC cells (human) in vitro,not_applicable,irrelevant,,abstract_search
PMID:29042634,29042634,10.1038/s41598-017-13831-0,PMC5645330,A novel quantification-driven proteomic strategy identifies an endogenous peptide of pleiotrophin as a new biomarker of Alzheimer's disease.,2017,Sci Rep,"Journal Article; Research Support, Non-U.S. Gov't",ptn_other,"Pleiotrophin peptide fragment (151-166) in human cerebrospinal fluid, Alzheimer's disease patients",up_vs_control,irrelevant,,abstract_search
PMID:26924457,26924457,10.1016/j.vph.2016.02.008,,Vascular endothelial growth factor A (VEGF-A) decreases expression and secretion of pleiotrophin in a VEGF receptor-independent manner.,2016,Vascul Pharmacol,"Journal Article; Research Support, Non-U.S. Gov't",ptn_other,"PTN mRNA/protein expression and secretion in HUVEC endothelial cells (human, in vitro)",down_vs_control,irrelevant,,abstract_search
PMID:26114799,26114799,10.1016/j.advms.2015.05.003,,Effects of Pleiotrophin on endothelial and inflammatory cells: Pro-angiogenic and anti-inflammatory properties and potential role for vascular bio-prosthesis endothelialization.,2015,Adv Med Sci,"Journal Article; Research Support, Non-U.S. Gov't",ptn_other,"Recombinant PTN treatment on human EA.hy926 endothelial cells, THP-1 monocytes, macrophages (cell culture)",not_applicable,irrelevant,,abstract_search
PMID:29308157,29308157,10.1039/c4sc03905j,PMC5647740,Target profiling of an antimetastatic RAPTA agent by chemical proteomics: relevance to the mode of action.,2015,Chem Sci,Journal Article,ptn_other,Pleiotrophin protein target identified in cancer cell lysates via chemical proteomics; not plasma/serum,not_applicable,irrelevant,,abstract_search
PMID:24694599,24694599,10.1248/bpb.b13-00845,,Functional receptors and intracellular signal pathways of midkine (MK) and pleiotrophin (PTN).,2014,Biol Pharm Bull,"Journal Article; Research Support, Non-U.S. Gov't; Review",ptn_other,"none; review of MK/PTN receptors and signaling pathways, no analyte measured",not_applicable,irrelevant,,abstract_search
PMID:23777859,23777859,10.1016/j.bbapap.2013.06.004,,"Anaplastic lymphoma kinase: ""Ligand Independent Activation"" mediated by the PTN/RPTP&#x3b2;/&#x3b6; signaling pathway.",2013,Biochim Biophys Acta,Journal Article; Review,ptn_other,no plasma/serum measurement; describes PTN/RPTPβ/ζ/ALK signaling mechanism,not_applicable,irrelevant,,abstract_search
PMID:24042838,24042838,10.3892/ijmm.2013.1491,,High-glucose-based peritoneal dialysis solution induces the upregulation of VEGF expression in human peritoneal mesothelial cells: The role of pleiotrophin.,2013,Int J Mol Med,"Journal Article; Research Support, Non-U.S. Gov't",ptn_other,"PTN mRNA/protein in human peritoneal mesothelial cells (in vitro), not plasma/cardiac",up_vs_control,irrelevant,,abstract_search
PMID:22286531,22286531,10.1038/oby.2012.14,,Using gene expression to predict differences in the secretome of human omental vs. subcutaneous adipose tissue.,2012,Obesity (Silver Spring),"Journal Article; Research Support, Non-U.S. Gov't",ptn_other,"PTN mRNA/protein in human omental/subcutaneous adipose tissue and SGBS preadipocytes, not plasma",not_applicable,irrelevant,,abstract_search
PMID:22672269,22672269,10.1111/j.1742-7843.2012.00906.x,,Heparin affin regulatory peptide modulates the endogenous anticoagulant activity of heparin and heparan sulphate mimetics.,2012,Basic Clin Pharmacol Toxicol,Journal Article,ptn_other,"HARP/pleiotrophin protein activity assayed in vitro (purified system, human plasma) and in vivo (mice); not a cardiac disease measurement",not_applicable,irrelevant,,abstract_search
PMID:19333097,19333097,10.1097/BRS.0b013e318194e20c,,Mechanical stimulation alters pleiotrophin and aggrecan expression by human intervertebral disc cells and influences their capacity to stimulate endothelial migration.,2009,Spine (Phila Pa 1976),"Journal Article; Research Support, Non-U.S. Gov't",ptn_other,"PTN mRNA/protein in human intervertebral disc cell culture, not plasma or cardiac",up_vs_control,irrelevant,,abstract_search
PMID:17960557,17960557,10.1002/jcp.21313,PMC2697332,Pleiotrophin induces nitric oxide dependent migration of endothelial progenitor cells.,2008,J Cell Physiol,"Journal Article; Research Support, N.I.H., Extramural; Research Support, Non-U.S. Gov't",ptn_other,PTN applied exogenously to human EPCs/HUVECs in vitro; no plasma/serum measurement,not_applicable,irrelevant,,abstract_search
PMID:18835578,18835578,10.1016/j.bbagen.2008.09.001,,Glycosaminoglycan affinity of the complete fibroblast growth factor family.,2008,Biochim Biophys Acta,"Journal Article; Research Support, Non-U.S. Gov't",ptn_other,"Recombinant pleiotrophin protein binding affinity to heparin/GAGs, in vitro (COS cell-derived)",not_applicable,irrelevant,,abstract_search
PMID:19059395,19059395,10.1016/j.ejphar.2008.11.046,,Aprotinin stimulates angiogenesis and human endothelial cell migration through the growth factor pleiotrophin and its receptor protein tyrosine phosphatase beta/zeta.,2008,Eur J Pharmacol,Journal Article,ptn_other,PTN expression/secretion in human endothelial cell line in vitro; not plasma/serum,up_vs_control,irrelevant,,abstract_search
PMID:17098867,17098867,10.1073/pnas.0607299103,PMC1693826,Pleiotrophin disrupts calcium-dependent homophilic cell-cell adhesion and initiates an epithelial-mesenchymal transition.,2006,Proc Natl Acad Sci U S A,"Journal Article; Research Support, N.I.H., Extramural",ptn_other,PTN protein signaling studied in U373 human glioma cell line; no plasma/serum/tissue measurement,not_applicable,irrelevant,,abstract_search
PMID:16093362,16093362,10.1095/biolreprod.105.041038,,Evidence that osteogenic progenitor cells in the human tunica albuginea may originate from stem cells: implications for peyronie disease.,2005,Biol Reprod,"Journal Article; Research Support, N.I.H., Extramural; Research Support, Non-U.S. Gov't",ptn_other,"PTN mRNA expression in cultured human tunica albuginea/Peyronie plaque cells, not plasma",not_applicable,irrelevant,,abstract_search
PMID:15684595,15684595,10.2176/nmc.44.637,,Overexpression of heparin-binding growth-associated molecule in malignant glioma cells.,2004,Neurol Med Chir (Tokyo),Journal Article,ptn_other,"HB-GAM mRNA and protein in glioma cell lines and glioblastoma/normal brain tissue, human",up_vs_control,irrelevant,,abstract_search
PMID:14586125,14586125,10.1271/bbb.67.2288,,"Efficient production of recombinant human pleiotrophin in yeast, Pichia pastoris.",2003,Biosci Biotechnol Biochem,Journal Article,ptn_other,recombinant human PTN protein produced/purified from Pichia pastoris yeast culture medium,not_applicable,irrelevant,,abstract_search
PMID:11795867,11795867,10.1006/abbi.2001.2705,,Pleiotrophin: a cytokine with diverse functions and a novel signaling pathway.,2002,Arch Biochem Biophys,Journal Article; Review,ptn_other,"no measurement; review of PTN biology, function, and signaling",not_applicable,irrelevant,,abstract_search
PMID:11241349,11241349,10.1002/1097-4652(2001)9999:9999<00::AID-JCP1051>3.0.CO;2-F,,Pleiotrophin induces angiogenesis: involvement of the phosphoinositide-3 kinase but not the nitric oxide synthase pathways.,2001,J Cell Physiol,"Journal Article; Research Support, Non-U.S. Gov't",ptn_other,PTN protein applied to HUVEC (human endothelial cells) in vitro; no plasma/serum or cardiac tissue measurement,not_applicable,irrelevant,,abstract_search
PMID:10600521,10600521,10.1006/bbrc.1999.1835,,Glycosaminoglycans promote HARP/PTN dimerization.,1999,Biochem Biophys Res Commun,"Journal Article; Research Support, Non-U.S. Gov't",ptn_other,"HARP/PTN protein dimerization in NIH-3T3 conditioned medium and cell surface, not plasma",not_applicable,irrelevant,,abstract_search
PMID:7520717,7520717,10.3109/08977199409010982,,Mitogenic and in vitro angiogenic activity of human recombinant heparin affin regulatory peptide.,1994,Growth Factors,"Journal Article; Research Support, Non-U.S. Gov't",ptn_other,"Recombinant human HARP/pleiotrophin protein produced in NIH 3T3 cells, mitogenic/angiogenic assay in vitro",not_applicable,irrelevant,,abstract_search
PMID:8167469,8167469,10.1006/prep.1994.1002,,Refolding and characterization of human recombinant heparin-binding neurite-promoting factor.,1994,Protein Expr Purif,Comparative Study; Journal Article,ptn_other,Recombinant human HBNF/PTN protein produced in E. coli; native HBNF from bovine brain tissue,not_applicable,irrelevant,,abstract_search
PMID:1445382,1445382,,,Characterization of bovine heparin-binding neurotrophic factor (HBNF): assignment of disulfide bonds.,1992,Biochem Int,Journal Article,ptn_other,HBNF (PTN) protein disulfide bonds characterized in bovine brain tissue,not_applicable,irrelevant,,abstract_search
PMID:1599459,1599459,10.1016/s0006-291x(05)80979-9,,Expression and purification of biologically active human OSF-1 in Escherichia coli.,1992,Biochem Biophys Res Commun,Journal Article,ptn_other,"Recombinant human OSF-1/PTN expressed in E. coli, purified protein; not plasma/tissue measurement",not_applicable,irrelevant,,abstract_search
