receptor,tumor_type,gtex_tissue,tumor_rank_metric,normal_rank_metric,delta_percentile_points,delta_vs_background_pctile,direction,mapping_quality,tumor_median_rsem,normal_median_tpm,is_focus_receptor,caveat
ACKR1,ACC,Adrenal_Gland,47.39,67.26,-19.87,6.1,depleted,good,25.67,7.516,False,"rank-based within-dataset percentile among 1379 shared genes; TCGA=RSEM normalized_count, GTEx v8=TPM; NOT a fold change. mapping: Adrenocortical carcinoma vs whole adrenal gland (cortex+medulla mixed in GTEx)"
ACKR1,BLCA,Bladder,54.35,93.87,-39.52,0.9,depleted,good,91.73,104.55,False,"rank-based within-dataset percentile among 1379 shared genes; TCGA=RSEM normalized_count, GTEx v8=TPM; NOT a fold change. mapping: GTEx Bladder n is small (21 donors)"
ACKR1,BRCA,Breast_Mammary_Tissue,59.72,97.57,-37.85,0.9,depleted,good,190.21,268.201,False,"rank-based within-dataset percentile among 1379 shared genes; TCGA=RSEM normalized_count, GTEx v8=TPM; NOT a fold change. clean tissue-of-origin match"
ACKR1,CESC,Cervix_Ectocervix,51.02,92.2,-41.19,1.5,depleted,fair,67.46,99.556,False,"rank-based within-dataset percentile among 1379 shared genes; TCGA=RSEM normalized_count, GTEx v8=TPM; NOT a fold change. mapping: GTEx cervix n very small (~5-9 donors); ecto/endo split"
ACKR1,CHOL,Liver,45.0,38.98,6.02,69.1,comparable,poor,43.37,0.375,False,"rank-based within-dataset percentile among 1379 shared genes; TCGA=RSEM normalized_count, GTEx v8=TPM; NOT a fold change. mapping: Cholangiocarcinoma arises from bile-duct epithelium; GTEx has no bile duct, Liver is hepatocyte-dominated"
ACKR1,COAD,Colon_Transverse,50.36,89.23,-38.87,1.2,depleted,good,65.52,42.768,False,"rank-based within-dataset percentile among 1379 shared genes; TCGA=RSEM normalized_count, GTEx v8=TPM; NOT a fold change. clean tissue-of-origin match"
ACKR1,ESCA,Esophagus_Mucosa,49.42,88.36,-38.94,1.5,depleted,fair,68.4,42.445,False,"rank-based within-dataset percentile among 1379 shared genes; TCGA=RSEM normalized_count, GTEx v8=TPM; NOT a fold change. mapping: TCGA ESCA mixes squamous and adenocarcinoma; mucosa is squamous"
ACKR1,GBM,Brain_Cortex,52.54,81.25,-28.72,5.3,depleted,good,105.14,16.0,False,"rank-based within-dataset percentile among 1379 shared genes; TCGA=RSEM normalized_count, GTEx v8=TPM; NOT a fold change. clean tissue-of-origin match"
ACKR1,HNSC,Esophagus_Mucosa,52.76,88.36,-35.61,1.5,depleted,poor,111.09,42.445,False,"rank-based within-dataset percentile among 1379 shared genes; TCGA=RSEM normalized_count, GTEx v8=TPM; NOT a fold change. mapping: No oral/laryngeal mucosa in GTEx; esophageal squamous mucosa used as surrogate epithelium"
ACKR1,KICH,Kidney_Cortex,49.56,63.85,-14.29,13.7,comparable,fair,35.51,4.589,False,"rank-based within-dataset percentile among 1379 shared genes; TCGA=RSEM normalized_count, GTEx v8=TPM; NOT a fold change. mapping: Chromophobe RCC derives from distal nephron/collecting duct"
ACKR1,KIRC,Kidney_Cortex,60.95,63.85,-2.9,35.9,comparable,good,288.8,4.589,False,"rank-based within-dataset percentile among 1379 shared genes; TCGA=RSEM normalized_count, GTEx v8=TPM; NOT a fold change. clean tissue-of-origin match"
ACKR1,KIRP,Kidney_Cortex,50.8,63.85,-13.05,14.5,comparable,good,64.35,4.589,False,"rank-based within-dataset percentile among 1379 shared genes; TCGA=RSEM normalized_count, GTEx v8=TPM; NOT a fold change. clean tissue-of-origin match"
ACKR1,LGG,Brain_Cortex,51.67,81.25,-29.59,3.3,depleted,good,79.88,16.0,False,"rank-based within-dataset percentile among 1379 shared genes; TCGA=RSEM normalized_count, GTEx v8=TPM; NOT a fold change. clean tissue-of-origin match"
ACKR1,LIHC,Liver,45.0,38.98,6.02,74.8,comparable,good,23.43,0.375,False,"rank-based within-dataset percentile among 1379 shared genes; TCGA=RSEM normalized_count, GTEx v8=TPM; NOT a fold change. clean tissue-of-origin match"
ACKR1,LUAD,Lung,56.02,91.04,-35.03,1.3,depleted,good,170.97,116.645,False,"rank-based within-dataset percentile among 1379 shared genes; TCGA=RSEM normalized_count, GTEx v8=TPM; NOT a fold change. clean tissue-of-origin match"
ACKR1,LUSC,Lung,49.42,91.04,-41.62,0.8,depleted,good,94.44,116.645,False,"rank-based within-dataset percentile among 1379 shared genes; TCGA=RSEM normalized_count, GTEx v8=TPM; NOT a fold change. clean tissue-of-origin match"
ACKR1,MESO,Lung,65.66,91.04,-25.38,5.9,depleted,poor,343.33,116.645,False,"rank-based within-dataset percentile among 1379 shared genes; TCGA=RSEM normalized_count, GTEx v8=TPM; NOT a fold change. mapping: No pleura/mesothelium in GTEx; Lung used only as an anatomic neighbour"
ACKR1,OV,Ovary,44.92,69.72,-24.8,7.4,depleted,fair,45.53,12.763,False,"rank-based within-dataset percentile among 1379 shared genes; TCGA=RSEM normalized_count, GTEx v8=TPM; NOT a fold change. mapping: Most TCGA OV is high-grade serous, now thought largely fallopian-tube derived; GTEx Ovary is stroma-rich"
ACKR1,PAAD,Pancreas,66.46,72.92,-6.45,27.3,comparable,good,462.41,5.235,False,"rank-based within-dataset percentile among 1379 shared genes; TCGA=RSEM normalized_count, GTEx v8=TPM; NOT a fold change. mapping: GTEx Pancreas is acinar-dominated; PDAC is ductal"
ACKR1,PCPG,Adrenal_Gland,56.38,67.26,-10.88,21.8,comparable,fair,117.4,7.516,False,"rank-based within-dataset percentile among 1379 shared genes; TCGA=RSEM normalized_count, GTEx v8=TPM; NOT a fold change. mapping: Pheochromocytoma is medullary; paraganglioma is extra-adrenal"
ACKR1,PRAD,Prostate,71.32,88.43,-17.11,6.4,depleted,good,480.66,50.78,False,"rank-based within-dataset percentile among 1379 shared genes; TCGA=RSEM normalized_count, GTEx v8=TPM; NOT a fold change. clean tissue-of-origin match"
ACKR1,READ,Colon_Sigmoid,52.32,90.03,-37.71,3.3,depleted,good,83.18,63.859,False,"rank-based within-dataset percentile among 1379 shared genes; TCGA=RSEM normalized_count, GTEx v8=TPM; NOT a fold change. clean tissue-of-origin match"
ACKR1,SARC,Esophagus_Muscularis,55.51,93.58,-38.07,1.8,depleted,poor,120.46,104.364,False,"rank-based within-dataset percentile among 1379 shared genes; TCGA=RSEM normalized_count, GTEx v8=TPM; NOT a fold change. mapping: TCGA SARC is histologically heterogeneous (LMS, DDLPS, UPS); smooth muscle is a partial surrogate only"
ACKR1,SKCM,Skin_Sun_Exposed_Lower_leg,59.72,91.48,-31.76,5.4,depleted,good,115.86,80.365,False,"rank-based within-dataset percentile among 1379 shared genes; TCGA=RSEM normalized_count, GTEx v8=TPM; NOT a fold change. mapping: GTEx skin is keratinocyte-dominated; melanocytes are a minor fraction"
ACKR1,STAD,Stomach,58.05,86.33,-28.28,3.3,depleted,good,189.27,26.047,False,"rank-based within-dataset percentile among 1379 shared genes; TCGA=RSEM normalized_count, GTEx v8=TPM; NOT a fold change. clean tissue-of-origin match"
ACKR1,TGCT,Testis,57.83,67.04,-9.21,27.6,comparable,fair,187.38,8.589,False,"rank-based within-dataset percentile among 1379 shared genes; TCGA=RSEM normalized_count, GTEx v8=TPM; NOT a fold change. mapping: Testis has extreme transcriptome breadth; germ-cell tumour vs whole testis"
ACKR1,THCA,Thyroid,58.05,85.03,-26.98,1.7,depleted,good,167.65,47.797,False,"rank-based within-dataset percentile among 1379 shared genes; TCGA=RSEM normalized_count, GTEx v8=TPM; NOT a fold change. clean tissue-of-origin match"
ACKR1,UCEC,Uterus,58.7,94.74,-36.04,2.1,depleted,fair,142.24,152.767,False,"rank-based within-dataset percentile among 1379 shared genes; TCGA=RSEM normalized_count, GTEx v8=TPM; NOT a fold change. mapping: GTEx Uterus is myometrium-dominated; UCEC arises from endometrium"
ACKR1,UCS,Uterus,44.92,94.74,-49.82,0.2,depleted,poor,50.91,152.767,False,"rank-based within-dataset percentile among 1379 shared genes; TCGA=RSEM normalized_count, GTEx v8=TPM; NOT a fold change. mapping: Carcinosarcoma is biphasic (carcinomatous+sarcomatous); no matched normal exists"
ACKR1,UVM,Skin_Not_Sun_Exposed_Suprapubic,42.46,90.83,-48.37,3.4,depleted,poor,6.41,70.374,False,"rank-based within-dataset percentile among 1379 shared genes; TCGA=RSEM normalized_count, GTEx v8=TPM; NOT a fold change. mapping: No uveal tract in GTEx; skin used only as a melanocyte-containing surrogate"
ACVR1,ACC,Adrenal_Gland,74.87,70.23,4.64,70.8,comparable,good,434.44,9.463,False,"rank-based within-dataset percentile among 1379 shared genes; TCGA=RSEM normalized_count, GTEx v8=TPM; NOT a fold change. mapping: Adrenocortical carcinoma vs whole adrenal gland (cortex+medulla mixed in GTEx)"
ACVR1,BLCA,Bladder,75.67,77.56,-1.89,39.9,comparable,good,545.06,24.105,False,"rank-based within-dataset percentile among 1379 shared genes; TCGA=RSEM normalized_count, GTEx v8=TPM; NOT a fold change. mapping: GTEx Bladder n is small (21 donors)"
ACVR1,BRCA,Breast_Mammary_Tissue,79.95,77.34,2.61,61.9,comparable,good,869.09,26.085,False,"rank-based within-dataset percentile among 1379 shared genes; TCGA=RSEM normalized_count, GTEx v8=TPM; NOT a fold change. clean tissue-of-origin match"
ACVR1,CESC,Cervix_Ectocervix,76.83,79.15,-2.32,38.3,comparable,fair,640.04,32.272,False,"rank-based within-dataset percentile among 1379 shared genes; TCGA=RSEM normalized_count, GTEx v8=TPM; NOT a fold change. mapping: GTEx cervix n very small (~5-9 donors); ecto/endo split"
ACVR1,CHOL,Liver,83.94,75.31,8.63,74.2,comparable,poor,1271.12,7.077,False,"rank-based within-dataset percentile among 1379 shared genes; TCGA=RSEM normalized_count, GTEx v8=TPM; NOT a fold change. mapping: Cholangiocarcinoma arises from bile-duct epithelium; GTEx has no bile duct, Liver is hepatocyte-dominated"
ACVR1,COAD,Colon_Transverse,72.99,69.94,3.05,62.1,comparable,good,512.97,12.022,False,"rank-based within-dataset percentile among 1379 shared genes; TCGA=RSEM normalized_count, GTEx v8=TPM; NOT a fold change. clean tissue-of-origin match"
ACVR1,ESCA,Esophagus_Mucosa,81.04,70.16,10.88,81.4,comparable,fair,990.14,9.535,False,"rank-based within-dataset percentile among 1379 shared genes; TCGA=RSEM normalized_count, GTEx v8=TPM; NOT a fold change. mapping: TCGA ESCA mixes squamous and adenocarcinoma; mucosa is squamous"
ACVR1,GBM,Brain_Cortex,73.06,66.1,6.96,69.8,comparable,good,694.31,5.867,False,"rank-based within-dataset percentile among 1379 shared genes; TCGA=RSEM normalized_count, GTEx v8=TPM; NOT a fold change. clean tissue-of-origin match"
ACVR1,HNSC,Esophagus_Mucosa,79.88,70.16,9.72,80.7,comparable,poor,975.54,9.535,False,"rank-based within-dataset percentile among 1379 shared genes; TCGA=RSEM normalized_count, GTEx v8=TPM; NOT a fold change. mapping: No oral/laryngeal mucosa in GTEx; esophageal squamous mucosa used as surrogate epithelium"
ACVR1,KICH,Kidney_Cortex,81.25,69.87,11.39,80.6,comparable,fair,825.66,7.141,False,"rank-based within-dataset percentile among 1379 shared genes; TCGA=RSEM normalized_count, GTEx v8=TPM; NOT a fold change. mapping: Chromophobe RCC derives from distal nephron/collecting duct"
ACVR1,KIRC,Kidney_Cortex,76.11,69.87,6.24,69.0,comparable,good,917.89,7.141,False,"rank-based within-dataset percentile among 1379 shared genes; TCGA=RSEM normalized_count, GTEx v8=TPM; NOT a fold change. clean tissue-of-origin match"
ACVR1,KIRP,Kidney_Cortex,80.82,69.87,10.95,81.7,comparable,good,998.36,7.141,False,"rank-based within-dataset percentile among 1379 shared genes; TCGA=RSEM normalized_count, GTEx v8=TPM; NOT a fold change. clean tissue-of-origin match"
ACVR1,LGG,Brain_Cortex,73.64,66.1,7.54,74.9,comparable,good,605.97,5.867,False,"rank-based within-dataset percentile among 1379 shared genes; TCGA=RSEM normalized_count, GTEx v8=TPM; NOT a fold change. clean tissue-of-origin match"
ACVR1,LIHC,Liver,76.32,75.31,1.02,46.4,comparable,good,608.61,7.077,False,"rank-based within-dataset percentile among 1379 shared genes; TCGA=RSEM normalized_count, GTEx v8=TPM; NOT a fold change. clean tissue-of-origin match"
ACVR1,LUAD,Lung,80.53,68.27,12.26,85.8,comparable,good,1045.88,21.163,False,"rank-based within-dataset percentile among 1379 shared genes; TCGA=RSEM normalized_count, GTEx v8=TPM; NOT a fold change. clean tissue-of-origin match"
ACVR1,LUSC,Lung,80.96,68.27,12.69,81.9,comparable,good,1074.8,21.163,False,"rank-based within-dataset percentile among 1379 shared genes; TCGA=RSEM normalized_count, GTEx v8=TPM; NOT a fold change. clean tissue-of-origin match"
ACVR1,MESO,Lung,80.89,68.27,12.62,83.1,comparable,poor,1188.64,21.163,False,"rank-based within-dataset percentile among 1379 shared genes; TCGA=RSEM normalized_count, GTEx v8=TPM; NOT a fold change. mapping: No pleura/mesothelium in GTEx; Lung used only as an anatomic neighbour"
ACVR1,OV,Ovary,81.25,79.01,2.25,56.3,comparable,fair,941.77,26.798,False,"rank-based within-dataset percentile among 1379 shared genes; TCGA=RSEM normalized_count, GTEx v8=TPM; NOT a fold change. mapping: Most TCGA OV is high-grade serous, now thought largely fallopian-tube derived; GTEx Ovary is stroma-rich"
ACVR1,PAAD,Pancreas,80.53,71.97,8.56,74.8,comparable,good,1264.28,4.891,False,"rank-based within-dataset percentile among 1379 shared genes; TCGA=RSEM normalized_count, GTEx v8=TPM; NOT a fold change. mapping: GTEx Pancreas is acinar-dominated; PDAC is ductal"
ACVR1,PCPG,Adrenal_Gland,82.63,70.23,12.4,81.9,comparable,fair,1004.59,9.463,False,"rank-based within-dataset percentile among 1379 shared genes; TCGA=RSEM normalized_count, GTEx v8=TPM; NOT a fold change. mapping: Pheochromocytoma is medullary; paraganglioma is extra-adrenal"
ACVR1,PRAD,Prostate,75.45,70.59,4.86,71.4,comparable,good,631.94,14.989,False,"rank-based within-dataset percentile among 1379 shared genes; TCGA=RSEM normalized_count, GTEx v8=TPM; NOT a fold change. clean tissue-of-origin match"
ACVR1,READ,Colon_Sigmoid,72.77,77.19,-4.42,35.5,comparable,good,517.76,21.818,False,"rank-based within-dataset percentile among 1379 shared genes; TCGA=RSEM normalized_count, GTEx v8=TPM; NOT a fold change. clean tissue-of-origin match"
ACVR1,SARC,Esophagus_Muscularis,84.88,76.83,8.05,75.5,comparable,poor,1321.14,21.733,False,"rank-based within-dataset percentile among 1379 shared genes; TCGA=RSEM normalized_count, GTEx v8=TPM; NOT a fold change. mapping: TCGA SARC is histologically heterogeneous (LMS, DDLPS, UPS); smooth muscle is a partial surrogate only"
ACVR1,SKCM,Skin_Sun_Exposed_Lower_leg,81.76,72.63,9.14,73.0,comparable,good,888.83,17.814,False,"rank-based within-dataset percentile among 1379 shared genes; TCGA=RSEM normalized_count, GTEx v8=TPM; NOT a fold change. mapping: GTEx skin is keratinocyte-dominated; melanocytes are a minor fraction"
ACVR1,STAD,Stomach,78.35,72.48,5.87,69.8,comparable,good,854.49,9.985,False,"rank-based within-dataset percentile among 1379 shared genes; TCGA=RSEM normalized_count, GTEx v8=TPM; NOT a fold change. clean tissue-of-origin match"
ACVR1,TGCT,Testis,80.09,58.7,21.39,86.9,comparable,fair,826.47,5.702,False,"rank-based within-dataset percentile among 1379 shared genes; TCGA=RSEM normalized_count, GTEx v8=TPM; NOT a fold change. mapping: Testis has extreme transcriptome breadth; germ-cell tumour vs whole testis"
ACVR1,THCA,Thyroid,90.54,79.8,10.73,85.0,comparable,good,2512.07,34.24,False,"rank-based within-dataset percentile among 1379 shared genes; TCGA=RSEM normalized_count, GTEx v8=TPM; NOT a fold change. clean tissue-of-origin match"
ACVR1,UCEC,Uterus,77.99,79.44,-1.45,41.0,comparable,fair,695.12,35.939,False,"rank-based within-dataset percentile among 1379 shared genes; TCGA=RSEM normalized_count, GTEx v8=TPM; NOT a fold change. mapping: GTEx Uterus is myometrium-dominated; UCEC arises from endometrium"
ACVR1,UCS,Uterus,78.5,79.44,-0.94,43.7,comparable,poor,835.4,35.939,False,"rank-based within-dataset percentile among 1379 shared genes; TCGA=RSEM normalized_count, GTEx v8=TPM; NOT a fold change. mapping: Carcinosarcoma is biphasic (carcinomatous+sarcomatous); no matched normal exists"
ACVR1,UVM,Skin_Not_Sun_Exposed_Suprapubic,78.86,73.57,5.29,55.2,comparable,poor,475.64,16.707,False,"rank-based within-dataset percentile among 1379 shared genes; TCGA=RSEM normalized_count, GTEx v8=TPM; NOT a fold change. mapping: No uveal tract in GTEx; skin used only as a melanocyte-containing surrogate"
ACVR1B,ACC,Adrenal_Gland,85.97,69.8,16.17,93.3,enriched,good,1214.63,9.269,False,"rank-based within-dataset percentile among 1379 shared genes; TCGA=RSEM normalized_count, GTEx v8=TPM; NOT a fold change. mapping: Adrenocortical carcinoma vs whole adrenal gland (cortex+medulla mixed in GTEx)"
ACVR1B,BLCA,Bladder,81.76,71.54,10.22,79.7,comparable,good,966.89,16.369,False,"rank-based within-dataset percentile among 1379 shared genes; TCGA=RSEM normalized_count, GTEx v8=TPM; NOT a fold change. mapping: GTEx Bladder n is small (21 donors)"
ACVR1B,BRCA,Breast_Mammary_Tissue,84.16,73.71,10.44,79.4,comparable,good,1228.31,20.871,False,"rank-based within-dataset percentile among 1379 shared genes; TCGA=RSEM normalized_count, GTEx v8=TPM; NOT a fold change. clean tissue-of-origin match"
ACVR1B,CESC,Cervix_Ectocervix,84.23,73.06,11.17,77.7,comparable,fair,1172.45,21.126,False,"rank-based within-dataset percentile among 1379 shared genes; TCGA=RSEM normalized_count, GTEx v8=TPM; NOT a fold change. mapping: GTEx cervix n very small (~5-9 donors); ecto/endo split"
ACVR1B,CHOL,Liver,84.52,85.17,-0.65,39.9,comparable,poor,1364.2,15.725,False,"rank-based within-dataset percentile among 1379 shared genes; TCGA=RSEM normalized_count, GTEx v8=TPM; NOT a fold change. mapping: Cholangiocarcinoma arises from bile-duct epithelium; GTEx has no bile duct, Liver is hepatocyte-dominated"
ACVR1B,COAD,Colon_Transverse,87.35,77.92,9.43,79.0,comparable,good,1631.39,19.47,False,"rank-based within-dataset percentile among 1379 shared genes; TCGA=RSEM normalized_count, GTEx v8=TPM; NOT a fold change. clean tissue-of-origin match"
ACVR1B,ESCA,Esophagus_Mucosa,84.37,82.49,1.89,56.3,comparable,fair,1319.78,24.713,False,"rank-based within-dataset percentile among 1379 shared genes; TCGA=RSEM normalized_count, GTEx v8=TPM; NOT a fold change. mapping: TCGA ESCA mixes squamous and adenocarcinoma; mucosa is squamous"
ACVR1B,GBM,Brain_Cortex,77.99,86.77,-8.77,25.5,comparable,good,879.86,23.739,False,"rank-based within-dataset percentile among 1379 shared genes; TCGA=RSEM normalized_count, GTEx v8=TPM; NOT a fold change. clean tissue-of-origin match"
ACVR1B,HNSC,Esophagus_Mucosa,81.4,82.49,-1.09,40.5,comparable,poor,1143.54,24.713,False,"rank-based within-dataset percentile among 1379 shared genes; TCGA=RSEM normalized_count, GTEx v8=TPM; NOT a fold change. mapping: No oral/laryngeal mucosa in GTEx; esophageal squamous mucosa used as surrogate epithelium"
ACVR1B,KICH,Kidney_Cortex,92.71,85.46,7.25,71.3,comparable,fair,2684.28,20.642,False,"rank-based within-dataset percentile among 1379 shared genes; TCGA=RSEM normalized_count, GTEx v8=TPM; NOT a fold change. mapping: Chromophobe RCC derives from distal nephron/collecting duct"
ACVR1B,KIRC,Kidney_Cortex,82.34,85.46,-3.12,35.2,comparable,good,1538.95,20.642,False,"rank-based within-dataset percentile among 1379 shared genes; TCGA=RSEM normalized_count, GTEx v8=TPM; NOT a fold change. clean tissue-of-origin match"
ACVR1B,KIRP,Kidney_Cortex,88.87,85.46,3.41,63.0,comparable,good,1901.28,20.642,False,"rank-based within-dataset percentile among 1379 shared genes; TCGA=RSEM normalized_count, GTEx v8=TPM; NOT a fold change. clean tissue-of-origin match"
ACVR1B,LGG,Brain_Cortex,82.63,86.77,-4.13,31.8,comparable,good,1088.65,23.739,False,"rank-based within-dataset percentile among 1379 shared genes; TCGA=RSEM normalized_count, GTEx v8=TPM; NOT a fold change. clean tissue-of-origin match"
ACVR1B,LIHC,Liver,84.52,85.17,-0.65,39.7,comparable,good,1221.99,15.725,False,"rank-based within-dataset percentile among 1379 shared genes; TCGA=RSEM normalized_count, GTEx v8=TPM; NOT a fold change. clean tissue-of-origin match"
ACVR1B,LUAD,Lung,84.16,70.52,13.63,88.0,comparable,good,1326.4,23.399,False,"rank-based within-dataset percentile among 1379 shared genes; TCGA=RSEM normalized_count, GTEx v8=TPM; NOT a fold change. clean tissue-of-origin match"
ACVR1B,LUSC,Lung,82.63,70.52,12.11,81.0,comparable,good,1263.59,23.399,False,"rank-based within-dataset percentile among 1379 shared genes; TCGA=RSEM normalized_count, GTEx v8=TPM; NOT a fold change. clean tissue-of-origin match"
ACVR1B,MESO,Lung,75.16,70.52,4.64,67.4,comparable,poor,747.75,23.399,False,"rank-based within-dataset percentile among 1379 shared genes; TCGA=RSEM normalized_count, GTEx v8=TPM; NOT a fold change. mapping: No pleura/mesothelium in GTEx; Lung used only as an anatomic neighbour"
ACVR1B,OV,Ovary,85.61,71.9,13.71,82.9,comparable,fair,1374.88,15.123,False,"rank-based within-dataset percentile among 1379 shared genes; TCGA=RSEM normalized_count, GTEx v8=TPM; NOT a fold change. mapping: Most TCGA OV is high-grade serous, now thought largely fallopian-tube derived; GTEx Ovary is stroma-rich"
ACVR1B,PAAD,Pancreas,83.5,87.78,-4.28,32.8,comparable,good,1532.94,15.86,False,"rank-based within-dataset percentile among 1379 shared genes; TCGA=RSEM normalized_count, GTEx v8=TPM; NOT a fold change. mapping: GTEx Pancreas is acinar-dominated; PDAC is ductal"
ACVR1B,PCPG,Adrenal_Gland,91.55,69.8,21.75,90.9,enriched,fair,2332.65,9.269,False,"rank-based within-dataset percentile among 1379 shared genes; TCGA=RSEM normalized_count, GTEx v8=TPM; NOT a fold change. mapping: Pheochromocytoma is medullary; paraganglioma is extra-adrenal"
ACVR1B,PRAD,Prostate,85.46,76.83,8.63,81.7,comparable,good,1372.47,22.814,False,"rank-based within-dataset percentile among 1379 shared genes; TCGA=RSEM normalized_count, GTEx v8=TPM; NOT a fold change. clean tissue-of-origin match"
ACVR1B,READ,Colon_Sigmoid,88.58,66.32,22.26,90.6,enriched,good,1878.99,10.653,False,"rank-based within-dataset percentile among 1379 shared genes; TCGA=RSEM normalized_count, GTEx v8=TPM; NOT a fold change. clean tissue-of-origin match"
ACVR1B,SARC,Esophagus_Muscularis,71.25,67.98,3.26,62.1,comparable,poor,507.6,11.477,False,"rank-based within-dataset percentile among 1379 shared genes; TCGA=RSEM normalized_count, GTEx v8=TPM; NOT a fold change. mapping: TCGA SARC is histologically heterogeneous (LMS, DDLPS, UPS); smooth muscle is a partial surrogate only"
ACVR1B,SKCM,Skin_Sun_Exposed_Lower_leg,79.51,89.16,-9.64,22.4,comparable,good,704.3,65.211,False,"rank-based within-dataset percentile among 1379 shared genes; TCGA=RSEM normalized_count, GTEx v8=TPM; NOT a fold change. mapping: GTEx skin is keratinocyte-dominated; melanocytes are a minor fraction"
ACVR1B,STAD,Stomach,84.95,81.11,3.84,63.1,comparable,good,1440.31,17.759,False,"rank-based within-dataset percentile among 1379 shared genes; TCGA=RSEM normalized_count, GTEx v8=TPM; NOT a fold change. clean tissue-of-origin match"
ACVR1B,TGCT,Testis,93.51,83.28,10.22,71.3,comparable,fair,2851.51,23.797,False,"rank-based within-dataset percentile among 1379 shared genes; TCGA=RSEM normalized_count, GTEx v8=TPM; NOT a fold change. mapping: Testis has extreme transcriptome breadth; germ-cell tumour vs whole testis"
ACVR1B,THCA,Thyroid,76.11,71.97,4.13,68.5,comparable,good,734.15,20.822,False,"rank-based within-dataset percentile among 1379 shared genes; TCGA=RSEM normalized_count, GTEx v8=TPM; NOT a fold change. clean tissue-of-origin match"
ACVR1B,UCEC,Uterus,84.23,69.29,14.94,85.9,comparable,fair,1142.29,17.637,False,"rank-based within-dataset percentile among 1379 shared genes; TCGA=RSEM normalized_count, GTEx v8=TPM; NOT a fold change. mapping: GTEx Uterus is myometrium-dominated; UCEC arises from endometrium"
ACVR1B,UCS,Uterus,82.7,69.29,13.42,83.9,comparable,poor,1086.31,17.637,False,"rank-based within-dataset percentile among 1379 shared genes; TCGA=RSEM normalized_count, GTEx v8=TPM; NOT a fold change. mapping: Carcinosarcoma is biphasic (carcinomatous+sarcomatous); no matched normal exists"
ACVR1B,UVM,Skin_Not_Sun_Exposed_Suprapubic,84.23,88.87,-4.64,31.1,comparable,poor,838.04,57.524,False,"rank-based within-dataset percentile among 1379 shared genes; TCGA=RSEM normalized_count, GTEx v8=TPM; NOT a fold change. mapping: No uveal tract in GTEx; skin used only as a melanocyte-containing surrogate"
ACVR2A,ACC,Adrenal_Gland,66.32,56.6,9.72,83.0,comparable,good,230.92,3.262,False,"rank-based within-dataset percentile among 1379 shared genes; TCGA=RSEM normalized_count, GTEx v8=TPM; NOT a fold change. mapping: Adrenocortical carcinoma vs whole adrenal gland (cortex+medulla mixed in GTEx)"
ACVR2A,BLCA,Bladder,70.74,69.0,1.74,51.3,comparable,good,379.57,13.277,False,"rank-based within-dataset percentile among 1379 shared genes; TCGA=RSEM normalized_count, GTEx v8=TPM; NOT a fold change. mapping: GTEx Bladder n is small (21 donors)"
ACVR2A,BRCA,Breast_Mammary_Tissue,65.01,62.11,2.9,63.2,comparable,good,295.96,9.522,False,"rank-based within-dataset percentile among 1379 shared genes; TCGA=RSEM normalized_count, GTEx v8=TPM; NOT a fold change. clean tissue-of-origin match"
ACVR2A,CESC,Cervix_Ectocervix,67.19,63.56,3.63,62.7,comparable,fair,284.78,10.565,False,"rank-based within-dataset percentile among 1379 shared genes; TCGA=RSEM normalized_count, GTEx v8=TPM; NOT a fold change. mapping: GTEx cervix n very small (~5-9 donors); ecto/endo split"
ACVR2A,CHOL,Liver,67.11,64.21,2.9,60.7,comparable,poor,345.93,2.769,False,"rank-based within-dataset percentile among 1379 shared genes; TCGA=RSEM normalized_count, GTEx v8=TPM; NOT a fold change. mapping: Cholangiocarcinoma arises from bile-duct epithelium; GTEx has no bile duct, Liver is hepatocyte-dominated"
ACVR2A,COAD,Colon_Transverse,65.88,59.72,6.16,70.9,comparable,good,273.31,6.753,False,"rank-based within-dataset percentile among 1379 shared genes; TCGA=RSEM normalized_count, GTEx v8=TPM; NOT a fold change. clean tissue-of-origin match"
ACVR2A,ESCA,Esophagus_Mucosa,69.07,67.98,1.09,52.4,comparable,fair,348.64,8.49,False,"rank-based within-dataset percentile among 1379 shared genes; TCGA=RSEM normalized_count, GTEx v8=TPM; NOT a fold change. mapping: TCGA ESCA mixes squamous and adenocarcinoma; mucosa is squamous"
ACVR2A,GBM,Brain_Cortex,62.18,59.35,2.83,61.3,comparable,good,278.88,3.872,False,"rank-based within-dataset percentile among 1379 shared genes; TCGA=RSEM normalized_count, GTEx v8=TPM; NOT a fold change. clean tissue-of-origin match"
ACVR2A,HNSC,Esophagus_Mucosa,62.4,67.98,-5.58,26.8,comparable,poor,238.54,8.49,False,"rank-based within-dataset percentile among 1379 shared genes; TCGA=RSEM normalized_count, GTEx v8=TPM; NOT a fold change. mapping: No oral/laryngeal mucosa in GTEx; esophageal squamous mucosa used as surrogate epithelium"
ACVR2A,KICH,Kidney_Cortex,66.46,56.53,9.93,77.2,comparable,fair,235.88,2.814,False,"rank-based within-dataset percentile among 1379 shared genes; TCGA=RSEM normalized_count, GTEx v8=TPM; NOT a fold change. mapping: Chromophobe RCC derives from distal nephron/collecting duct"
ACVR2A,KIRC,Kidney_Cortex,63.92,56.53,7.4,71.6,comparable,good,343.92,2.814,False,"rank-based within-dataset percentile among 1379 shared genes; TCGA=RSEM normalized_count, GTEx v8=TPM; NOT a fold change. clean tissue-of-origin match"
ACVR2A,KIRP,Kidney_Cortex,68.27,56.53,11.75,83.5,comparable,good,339.23,2.814,False,"rank-based within-dataset percentile among 1379 shared genes; TCGA=RSEM normalized_count, GTEx v8=TPM; NOT a fold change. clean tissue-of-origin match"
ACVR2A,LGG,Brain_Cortex,66.24,59.35,6.89,73.9,comparable,good,338.34,3.872,False,"rank-based within-dataset percentile among 1379 shared genes; TCGA=RSEM normalized_count, GTEx v8=TPM; NOT a fold change. clean tissue-of-origin match"
ACVR2A,LIHC,Liver,66.97,64.21,2.76,64.2,comparable,good,260.4,2.769,False,"rank-based within-dataset percentile among 1379 shared genes; TCGA=RSEM normalized_count, GTEx v8=TPM; NOT a fold change. clean tissue-of-origin match"
ACVR2A,LUAD,Lung,62.4,54.13,8.27,76.9,comparable,good,277.62,7.65,False,"rank-based within-dataset percentile among 1379 shared genes; TCGA=RSEM normalized_count, GTEx v8=TPM; NOT a fold change. clean tissue-of-origin match"
ACVR2A,LUSC,Lung,65.08,54.13,10.95,79.0,comparable,good,321.6,7.65,False,"rank-based within-dataset percentile among 1379 shared genes; TCGA=RSEM normalized_count, GTEx v8=TPM; NOT a fold change. clean tissue-of-origin match"
ACVR2A,MESO,Lung,64.36,54.13,10.22,79.0,comparable,poor,298.85,7.65,False,"rank-based within-dataset percentile among 1379 shared genes; TCGA=RSEM normalized_count, GTEx v8=TPM; NOT a fold change. mapping: No pleura/mesothelium in GTEx; Lung used only as an anatomic neighbour"
ACVR2A,OV,Ovary,67.04,64.07,2.97,58.4,comparable,fair,321.36,8.255,False,"rank-based within-dataset percentile among 1379 shared genes; TCGA=RSEM normalized_count, GTEx v8=TPM; NOT a fold change. mapping: Most TCGA OV is high-grade serous, now thought largely fallopian-tube derived; GTEx Ovary is stroma-rich"
ACVR2A,PAAD,Pancreas,66.24,63.56,2.68,59.4,comparable,good,452.15,2.69,False,"rank-based within-dataset percentile among 1379 shared genes; TCGA=RSEM normalized_count, GTEx v8=TPM; NOT a fold change. mapping: GTEx Pancreas is acinar-dominated; PDAC is ductal"
ACVR2A,PCPG,Adrenal_Gland,72.12,56.6,15.52,85.9,comparable,fair,446.61,3.262,False,"rank-based within-dataset percentile among 1379 shared genes; TCGA=RSEM normalized_count, GTEx v8=TPM; NOT a fold change. mapping: Pheochromocytoma is medullary; paraganglioma is extra-adrenal"
ACVR2A,PRAD,Prostate,70.59,61.09,9.5,83.3,comparable,good,455.58,8.417,False,"rank-based within-dataset percentile among 1379 shared genes; TCGA=RSEM normalized_count, GTEx v8=TPM; NOT a fold change. clean tissue-of-origin match"
ACVR2A,READ,Colon_Sigmoid,66.17,63.92,2.25,61.0,comparable,good,281.32,8.651,False,"rank-based within-dataset percentile among 1379 shared genes; TCGA=RSEM normalized_count, GTEx v8=TPM; NOT a fold change. clean tissue-of-origin match"
ACVR2A,SARC,Esophagus_Muscularis,65.66,67.19,-1.52,36.8,comparable,poor,316.42,10.988,False,"rank-based within-dataset percentile among 1379 shared genes; TCGA=RSEM normalized_count, GTEx v8=TPM; NOT a fold change. mapping: TCGA SARC is histologically heterogeneous (LMS, DDLPS, UPS); smooth muscle is a partial surrogate only"
ACVR2A,SKCM,Skin_Sun_Exposed_Lower_leg,66.68,78.21,-11.53,19.3,comparable,good,225.26,26.037,False,"rank-based within-dataset percentile among 1379 shared genes; TCGA=RSEM normalized_count, GTEx v8=TPM; NOT a fold change. mapping: GTEx skin is keratinocyte-dominated; melanocytes are a minor fraction"
ACVR2A,STAD,Stomach,64.72,63.49,1.23,55.2,comparable,good,325.06,5.746,False,"rank-based within-dataset percentile among 1379 shared genes; TCGA=RSEM normalized_count, GTEx v8=TPM; NOT a fold change. clean tissue-of-origin match"
ACVR2A,TGCT,Testis,66.53,69.29,-2.76,40.5,comparable,fair,336.09,9.542,False,"rank-based within-dataset percentile among 1379 shared genes; TCGA=RSEM normalized_count, GTEx v8=TPM; NOT a fold change. mapping: Testis has extreme transcriptome breadth; germ-cell tumour vs whole testis"
ACVR2A,THCA,Thyroid,66.03,60.37,5.66,73.5,comparable,good,336.08,8.721,False,"rank-based within-dataset percentile among 1379 shared genes; TCGA=RSEM normalized_count, GTEx v8=TPM; NOT a fold change. clean tissue-of-origin match"
ACVR2A,UCEC,Uterus,65.81,63.63,2.18,58.4,comparable,fair,266.6,10.207,False,"rank-based within-dataset percentile among 1379 shared genes; TCGA=RSEM normalized_count, GTEx v8=TPM; NOT a fold change. mapping: GTEx Uterus is myometrium-dominated; UCEC arises from endometrium"
ACVR2A,UCS,Uterus,73.64,63.63,10.01,78.6,comparable,poor,604.37,10.207,False,"rank-based within-dataset percentile among 1379 shared genes; TCGA=RSEM normalized_count, GTEx v8=TPM; NOT a fold change. mapping: Carcinosarcoma is biphasic (carcinomatous+sarcomatous); no matched normal exists"
ACVR2A,UVM,Skin_Not_Sun_Exposed_Suprapubic,69.58,79.59,-10.01,22.0,comparable,poor,188.56,26.05,False,"rank-based within-dataset percentile among 1379 shared genes; TCGA=RSEM normalized_count, GTEx v8=TPM; NOT a fold change. mapping: No uveal tract in GTEx; skin used only as a melanocyte-containing surrogate"
ACVR2B,ACC,Adrenal_Gland,71.9,60.73,11.17,85.9,comparable,good,359.58,4.803,False,"rank-based within-dataset percentile among 1379 shared genes; TCGA=RSEM normalized_count, GTEx v8=TPM; NOT a fold change. mapping: Adrenocortical carcinoma vs whole adrenal gland (cortex+medulla mixed in GTEx)"
ACVR2B,BLCA,Bladder,68.64,50.51,18.13,91.2,enriched,good,310.25,3.231,False,"rank-based within-dataset percentile among 1379 shared genes; TCGA=RSEM normalized_count, GTEx v8=TPM; NOT a fold change. mapping: GTEx Bladder n is small (21 donors)"
ACVR2B,BRCA,Breast_Mammary_Tissue,68.27,46.16,22.12,95.5,enriched,good,358.99,2.481,False,"rank-based within-dataset percentile among 1379 shared genes; TCGA=RSEM normalized_count, GTEx v8=TPM; NOT a fold change. clean tissue-of-origin match"
ACVR2B,CESC,Cervix_Ectocervix,62.91,52.39,10.51,77.0,comparable,fair,203.73,4.137,False,"rank-based within-dataset percentile among 1379 shared genes; TCGA=RSEM normalized_count, GTEx v8=TPM; NOT a fold change. mapping: GTEx cervix n very small (~5-9 donors); ecto/endo split"
ACVR2B,CHOL,Liver,57.9,57.61,0.29,42.9,comparable,poor,147.96,1.731,False,"rank-based within-dataset percentile among 1379 shared genes; TCGA=RSEM normalized_count, GTEx v8=TPM; NOT a fold change. mapping: Cholangiocarcinoma arises from bile-duct epithelium; GTEx has no bile duct, Liver is hepatocyte-dominated"
ACVR2B,COAD,Colon_Transverse,65.01,45.43,19.58,92.4,enriched,good,244.56,2.186,False,"rank-based within-dataset percentile among 1379 shared genes; TCGA=RSEM normalized_count, GTEx v8=TPM; NOT a fold change. clean tissue-of-origin match"
ACVR2B,ESCA,Esophagus_Mucosa,64.79,41.73,23.06,96.2,enriched,fair,246.63,1.169,False,"rank-based within-dataset percentile among 1379 shared genes; TCGA=RSEM normalized_count, GTEx v8=TPM; NOT a fold change. mapping: TCGA ESCA mixes squamous and adenocarcinoma; mucosa is squamous"
ACVR2B,GBM,Brain_Cortex,59.86,53.48,6.38,68.7,comparable,good,221.28,2.457,False,"rank-based within-dataset percentile among 1379 shared genes; TCGA=RSEM normalized_count, GTEx v8=TPM; NOT a fold change. clean tissue-of-origin match"
ACVR2B,HNSC,Esophagus_Mucosa,56.67,41.73,14.94,89.5,comparable,poor,152.46,1.169,False,"rank-based within-dataset percentile among 1379 shared genes; TCGA=RSEM normalized_count, GTEx v8=TPM; NOT a fold change. mapping: No oral/laryngeal mucosa in GTEx; esophageal squamous mucosa used as surrogate epithelium"
ACVR2B,KICH,Kidney_Cortex,64.94,48.62,16.32,89.3,comparable,fair,192.75,1.556,False,"rank-based within-dataset percentile among 1379 shared genes; TCGA=RSEM normalized_count, GTEx v8=TPM; NOT a fold change. mapping: Chromophobe RCC derives from distal nephron/collecting duct"
ACVR2B,KIRC,Kidney_Cortex,61.02,48.62,12.4,82.3,comparable,good,290.79,1.556,False,"rank-based within-dataset percentile among 1379 shared genes; TCGA=RSEM normalized_count, GTEx v8=TPM; NOT a fold change. clean tissue-of-origin match"
ACVR2B,KIRP,Kidney_Cortex,68.56,48.62,19.94,94.6,enriched,good,350.0,1.556,False,"rank-based within-dataset percentile among 1379 shared genes; TCGA=RSEM normalized_count, GTEx v8=TPM; NOT a fold change. clean tissue-of-origin match"
ACVR2B,LGG,Brain_Cortex,75.38,53.48,21.9,95.1,enriched,good,683.5,2.457,False,"rank-based within-dataset percentile among 1379 shared genes; TCGA=RSEM normalized_count, GTEx v8=TPM; NOT a fold change. clean tissue-of-origin match"
ACVR2B,LIHC,Liver,64.43,57.61,6.82,76.0,comparable,good,202.42,1.731,False,"rank-based within-dataset percentile among 1379 shared genes; TCGA=RSEM normalized_count, GTEx v8=TPM; NOT a fold change. clean tissue-of-origin match"
ACVR2B,LUAD,Lung,62.76,42.31,20.45,94.8,enriched,good,280.49,2.825,False,"rank-based within-dataset percentile among 1379 shared genes; TCGA=RSEM normalized_count, GTEx v8=TPM; NOT a fold change. clean tissue-of-origin match"
ACVR2B,LUSC,Lung,60.51,42.31,18.2,89.5,comparable,good,242.06,2.825,False,"rank-based within-dataset percentile among 1379 shared genes; TCGA=RSEM normalized_count, GTEx v8=TPM; NOT a fold change. clean tissue-of-origin match"
ACVR2B,MESO,Lung,56.74,42.31,14.43,86.5,comparable,poor,177.83,2.825,False,"rank-based within-dataset percentile among 1379 shared genes; TCGA=RSEM normalized_count, GTEx v8=TPM; NOT a fold change. mapping: No pleura/mesothelium in GTEx; Lung used only as an anatomic neighbour"
ACVR2B,OV,Ovary,70.52,61.75,8.77,73.8,comparable,fair,412.76,6.502,False,"rank-based within-dataset percentile among 1379 shared genes; TCGA=RSEM normalized_count, GTEx v8=TPM; NOT a fold change. mapping: Most TCGA OV is high-grade serous, now thought largely fallopian-tube derived; GTEx Ovary is stroma-rich"
ACVR2B,PAAD,Pancreas,54.21,59.57,-5.37,29.7,comparable,good,205.92,1.874,False,"rank-based within-dataset percentile among 1379 shared genes; TCGA=RSEM normalized_count, GTEx v8=TPM; NOT a fold change. mapping: GTEx Pancreas is acinar-dominated; PDAC is ductal"
ACVR2B,PCPG,Adrenal_Gland,74.44,60.73,13.71,83.8,comparable,fair,539.18,4.803,False,"rank-based within-dataset percentile among 1379 shared genes; TCGA=RSEM normalized_count, GTEx v8=TPM; NOT a fold change. mapping: Pheochromocytoma is medullary; paraganglioma is extra-adrenal"
ACVR2B,PRAD,Prostate,66.39,45.79,20.59,96.4,enriched,good,313.43,2.88,False,"rank-based within-dataset percentile among 1379 shared genes; TCGA=RSEM normalized_count, GTEx v8=TPM; NOT a fold change. clean tissue-of-origin match"
ACVR2B,READ,Colon_Sigmoid,66.82,50.58,16.24,86.1,comparable,good,306.15,3.044,False,"rank-based within-dataset percentile among 1379 shared genes; TCGA=RSEM normalized_count, GTEx v8=TPM; NOT a fold change. clean tissue-of-origin match"
ACVR2B,SARC,Esophagus_Muscularis,58.41,49.42,8.99,77.3,comparable,poor,165.45,2.631,False,"rank-based within-dataset percentile among 1379 shared genes; TCGA=RSEM normalized_count, GTEx v8=TPM; NOT a fold change. mapping: TCGA SARC is histologically heterogeneous (LMS, DDLPS, UPS); smooth muscle is a partial surrogate only"
ACVR2B,SKCM,Skin_Sun_Exposed_Lower_leg,70.38,40.21,30.17,96.5,enriched,good,328.84,1.321,False,"rank-based within-dataset percentile among 1379 shared genes; TCGA=RSEM normalized_count, GTEx v8=TPM; NOT a fold change. mapping: GTEx skin is keratinocyte-dominated; melanocytes are a minor fraction"
ACVR2B,STAD,Stomach,60.44,50.58,9.86,79.0,comparable,good,224.51,2.273,False,"rank-based within-dataset percentile among 1379 shared genes; TCGA=RSEM normalized_count, GTEx v8=TPM; NOT a fold change. clean tissue-of-origin match"
ACVR2B,TGCT,Testis,89.09,60.3,28.79,92.3,enriched,fair,1629.48,5.949,False,"rank-based within-dataset percentile among 1379 shared genes; TCGA=RSEM normalized_count, GTEx v8=TPM; NOT a fold change. mapping: Testis has extreme transcriptome breadth; germ-cell tumour vs whole testis"
ACVR2B,THCA,Thyroid,65.95,49.56,16.39,92.6,enriched,good,331.8,3.534,False,"rank-based within-dataset percentile among 1379 shared genes; TCGA=RSEM normalized_count, GTEx v8=TPM; NOT a fold change. clean tissue-of-origin match"
ACVR2B,UCEC,Uterus,68.85,55.8,13.05,83.4,comparable,fair,341.07,5.212,False,"rank-based within-dataset percentile among 1379 shared genes; TCGA=RSEM normalized_count, GTEx v8=TPM; NOT a fold change. mapping: GTEx Uterus is myometrium-dominated; UCEC arises from endometrium"
ACVR2B,UCS,Uterus,73.93,55.8,18.13,89.8,comparable,poor,628.22,5.212,False,"rank-based within-dataset percentile among 1379 shared genes; TCGA=RSEM normalized_count, GTEx v8=TPM; NOT a fold change. mapping: Carcinosarcoma is biphasic (carcinomatous+sarcomatous); no matched normal exists"
ACVR2B,UVM,Skin_Not_Sun_Exposed_Suprapubic,69.72,40.43,29.3,95.9,enriched,poor,190.54,1.368,False,"rank-based within-dataset percentile among 1379 shared genes; TCGA=RSEM normalized_count, GTEx v8=TPM; NOT a fold change. mapping: No uveal tract in GTEx; skin used only as a melanocyte-containing surrogate"
AGTR1,ACC,Adrenal_Gland,77.27,86.84,-9.57,16.8,comparable,good,605.61,33.7,False,"rank-based within-dataset percentile among 1379 shared genes; TCGA=RSEM normalized_count, GTEx v8=TPM; NOT a fold change. mapping: Adrenocortical carcinoma vs whole adrenal gland (cortex+medulla mixed in GTEx)"
AGTR1,BLCA,Bladder,32.89,70.52,-37.64,1.3,depleted,good,7.58,15.363,False,"rank-based within-dataset percentile among 1379 shared genes; TCGA=RSEM normalized_count, GTEx v8=TPM; NOT a fold change. mapping: GTEx Bladder n is small (21 donors)"
AGTR1,BRCA,Breast_Mammary_Tissue,46.45,82.85,-36.4,1.4,depleted,good,57.87,39.003,False,"rank-based within-dataset percentile among 1379 shared genes; TCGA=RSEM normalized_count, GTEx v8=TPM; NOT a fold change. clean tissue-of-origin match"
AGTR1,CESC,Cervix_Ectocervix,23.42,50.8,-27.37,7.0,depleted,fair,1.67,3.567,False,"rank-based within-dataset percentile among 1379 shared genes; TCGA=RSEM normalized_count, GTEx v8=TPM; NOT a fold change. mapping: GTEx cervix n very small (~5-9 donors); ecto/endo split"
AGTR1,CHOL,Liver,54.35,90.17,-35.82,3.6,depleted,poor,109.45,27.971,False,"rank-based within-dataset percentile among 1379 shared genes; TCGA=RSEM normalized_count, GTEx v8=TPM; NOT a fold change. mapping: Cholangiocarcinoma arises from bile-duct epithelium; GTEx has no bile duct, Liver is hepatocyte-dominated"
AGTR1,COAD,Colon_Transverse,26.0,61.97,-35.97,1.5,depleted,good,2.79,7.604,False,"rank-based within-dataset percentile among 1379 shared genes; TCGA=RSEM normalized_count, GTEx v8=TPM; NOT a fold change. clean tissue-of-origin match"
AGTR1,ESCA,Esophagus_Mucosa,26.36,41.44,-15.08,11.8,comparable,fair,4.31,1.159,False,"rank-based within-dataset percentile among 1379 shared genes; TCGA=RSEM normalized_count, GTEx v8=TPM; NOT a fold change. mapping: TCGA ESCA mixes squamous and adenocarcinoma; mucosa is squamous"
AGTR1,GBM,Brain_Cortex,35.5,22.52,12.98,80.1,comparable,good,14.41,0.124,False,"rank-based within-dataset percentile among 1379 shared genes; TCGA=RSEM normalized_count, GTEx v8=TPM; NOT a fold change. clean tissue-of-origin match"
AGTR1,HNSC,Esophagus_Mucosa,24.11,41.44,-17.33,7.9,depleted,poor,3.1,1.159,False,"rank-based within-dataset percentile among 1379 shared genes; TCGA=RSEM normalized_count, GTEx v8=TPM; NOT a fold change. mapping: No oral/laryngeal mucosa in GTEx; esophageal squamous mucosa used as surrogate epithelium"
AGTR1,KICH,Kidney_Cortex,49.64,66.53,-16.9,10.9,comparable,fair,36.18,5.554,False,"rank-based within-dataset percentile among 1379 shared genes; TCGA=RSEM normalized_count, GTEx v8=TPM; NOT a fold change. mapping: Chromophobe RCC derives from distal nephron/collecting duct"
AGTR1,KIRC,Kidney_Cortex,55.37,66.53,-11.17,18.6,comparable,good,172.34,5.554,False,"rank-based within-dataset percentile among 1379 shared genes; TCGA=RSEM normalized_count, GTEx v8=TPM; NOT a fold change. clean tissue-of-origin match"
AGTR1,KIRP,Kidney_Cortex,38.4,66.53,-28.14,3.2,depleted,good,12.31,5.554,False,"rank-based within-dataset percentile among 1379 shared genes; TCGA=RSEM normalized_count, GTEx v8=TPM; NOT a fold change. clean tissue-of-origin match"
AGTR1,LGG,Brain_Cortex,26.65,22.52,4.13,65.3,comparable,good,2.73,0.124,False,"rank-based within-dataset percentile among 1379 shared genes; TCGA=RSEM normalized_count, GTEx v8=TPM; NOT a fold change. clean tissue-of-origin match"
AGTR1,LIHC,Liver,79.8,90.17,-10.37,15.6,comparable,good,802.51,27.971,False,"rank-based within-dataset percentile among 1379 shared genes; TCGA=RSEM normalized_count, GTEx v8=TPM; NOT a fold change. clean tissue-of-origin match"
AGTR1,LUAD,Lung,36.58,61.17,-24.58,4.3,depleted,good,22.07,12.957,False,"rank-based within-dataset percentile among 1379 shared genes; TCGA=RSEM normalized_count, GTEx v8=TPM; NOT a fold change. clean tissue-of-origin match"
AGTR1,LUSC,Lung,29.62,61.17,-31.54,2.8,depleted,good,9.5,12.957,False,"rank-based within-dataset percentile among 1379 shared genes; TCGA=RSEM normalized_count, GTEx v8=TPM; NOT a fold change. clean tissue-of-origin match"
AGTR1,MESO,Lung,42.82,61.17,-18.35,10.2,comparable,poor,40.64,12.957,False,"rank-based within-dataset percentile among 1379 shared genes; TCGA=RSEM normalized_count, GTEx v8=TPM; NOT a fold change. mapping: No pleura/mesothelium in GTEx; Lung used only as an anatomic neighbour"
AGTR1,OV,Ovary,28.1,51.16,-23.06,8.0,depleted,fair,5.78,2.653,False,"rank-based within-dataset percentile among 1379 shared genes; TCGA=RSEM normalized_count, GTEx v8=TPM; NOT a fold change. mapping: Most TCGA OV is high-grade serous, now thought largely fallopian-tube derived; GTEx Ovary is stroma-rich"
AGTR1,PAAD,Pancreas,39.05,56.02,-16.97,11.6,comparable,good,44.39,1.423,False,"rank-based within-dataset percentile among 1379 shared genes; TCGA=RSEM normalized_count, GTEx v8=TPM; NOT a fold change. mapping: GTEx Pancreas is acinar-dominated; PDAC is ductal"
AGTR1,PCPG,Adrenal_Gland,53.19,86.84,-33.65,2.9,depleted,fair,83.13,33.7,False,"rank-based within-dataset percentile among 1379 shared genes; TCGA=RSEM normalized_count, GTEx v8=TPM; NOT a fold change. mapping: Pheochromocytoma is medullary; paraganglioma is extra-adrenal"
AGTR1,PRAD,Prostate,60.08,52.25,7.83,79.3,comparable,good,183.76,4.741,False,"rank-based within-dataset percentile among 1379 shared genes; TCGA=RSEM normalized_count, GTEx v8=TPM; NOT a fold change. clean tissue-of-origin match"
AGTR1,READ,Colon_Sigmoid,28.46,77.7,-49.24,0.8,depleted,good,4.81,23.617,False,"rank-based within-dataset percentile among 1379 shared genes; TCGA=RSEM normalized_count, GTEx v8=TPM; NOT a fold change. clean tissue-of-origin match"
AGTR1,SARC,Esophagus_Muscularis,50.15,64.58,-14.43,12.0,comparable,poor,64.21,8.859,False,"rank-based within-dataset percentile among 1379 shared genes; TCGA=RSEM normalized_count, GTEx v8=TPM; NOT a fold change. mapping: TCGA SARC is histologically heterogeneous (LMS, DDLPS, UPS); smooth muscle is a partial surrogate only"
AGTR1,SKCM,Skin_Sun_Exposed_Lower_leg,28.61,69.14,-40.54,3.2,depleted,good,2.59,14.401,False,"rank-based within-dataset percentile among 1379 shared genes; TCGA=RSEM normalized_count, GTEx v8=TPM; NOT a fold change. mapping: GTEx skin is keratinocyte-dominated; melanocytes are a minor fraction"
AGTR1,STAD,Stomach,29.26,50.07,-20.81,6.7,depleted,good,7.22,2.197,False,"rank-based within-dataset percentile among 1379 shared genes; TCGA=RSEM normalized_count, GTEx v8=TPM; NOT a fold change. clean tissue-of-origin match"
AGTR1,TGCT,Testis,30.06,42.6,-12.55,22.8,comparable,fair,14.69,2.317,False,"rank-based within-dataset percentile among 1379 shared genes; TCGA=RSEM normalized_count, GTEx v8=TPM; NOT a fold change. mapping: Testis has extreme transcriptome breadth; germ-cell tumour vs whole testis"
AGTR1,THCA,Thyroid,39.63,69.43,-29.8,0.7,depleted,good,16.43,18.128,False,"rank-based within-dataset percentile among 1379 shared genes; TCGA=RSEM normalized_count, GTEx v8=TPM; NOT a fold change. clean tissue-of-origin match"
AGTR1,UCEC,Uterus,20.2,56.45,-36.26,1.9,depleted,fair,1.31,5.503,False,"rank-based within-dataset percentile among 1379 shared genes; TCGA=RSEM normalized_count, GTEx v8=TPM; NOT a fold change. mapping: GTEx Uterus is myometrium-dominated; UCEC arises from endometrium"
AGTR1,UCS,Uterus,39.41,56.45,-17.04,11.5,comparable,poor,28.38,5.503,False,"rank-based within-dataset percentile among 1379 shared genes; TCGA=RSEM normalized_count, GTEx v8=TPM; NOT a fold change. mapping: Carcinosarcoma is biphasic (carcinomatous+sarcomatous); no matched normal exists"
AGTR1,UVM,Skin_Not_Sun_Exposed_Suprapubic,24.26,59.64,-35.39,5.4,depleted,poor,0.44,6.791,False,"rank-based within-dataset percentile among 1379 shared genes; TCGA=RSEM normalized_count, GTEx v8=TPM; NOT a fold change. mapping: No uveal tract in GTEx; skin used only as a melanocyte-containing surrogate"
AXL,ACC,Adrenal_Gland,67.48,80.31,-12.84,12.0,comparable,good,257.63,20.196,False,"rank-based within-dataset percentile among 1379 shared genes; TCGA=RSEM normalized_count, GTEx v8=TPM; NOT a fold change. mapping: Adrenocortical carcinoma vs whole adrenal gland (cortex+medulla mixed in GTEx)"
AXL,BLCA,Bladder,75.02,90.03,-15.01,13.8,comparable,good,526.0,62.225,False,"rank-based within-dataset percentile among 1379 shared genes; TCGA=RSEM normalized_count, GTEx v8=TPM; NOT a fold change. mapping: GTEx Bladder n is small (21 donors)"
AXL,BRCA,Breast_Mammary_Tissue,83.14,86.33,-3.19,35.4,comparable,good,1097.99,49.721,False,"rank-based within-dataset percentile among 1379 shared genes; TCGA=RSEM normalized_count, GTEx v8=TPM; NOT a fold change. clean tissue-of-origin match"
AXL,CESC,Cervix_Ectocervix,75.45,90.1,-14.65,18.1,comparable,fair,583.96,78.73,False,"rank-based within-dataset percentile among 1379 shared genes; TCGA=RSEM normalized_count, GTEx v8=TPM; NOT a fold change. mapping: GTEx cervix n very small (~5-9 donors); ecto/endo split"
AXL,CHOL,Liver,72.26,61.97,10.3,77.2,comparable,poor,534.03,2.3,False,"rank-based within-dataset percentile among 1379 shared genes; TCGA=RSEM normalized_count, GTEx v8=TPM; NOT a fold change. mapping: Cholangiocarcinoma arises from bile-duct epithelium; GTEx has no bile duct, Liver is hepatocyte-dominated"
AXL,COAD,Colon_Transverse,70.81,88.0,-17.19,11.1,comparable,good,425.18,38.499,False,"rank-based within-dataset percentile among 1379 shared genes; TCGA=RSEM normalized_count, GTEx v8=TPM; NOT a fold change. clean tissue-of-origin match"
AXL,ESCA,Esophagus_Mucosa,77.48,72.55,4.93,66.5,comparable,fair,722.47,11.027,False,"rank-based within-dataset percentile among 1379 shared genes; TCGA=RSEM normalized_count, GTEx v8=TPM; NOT a fold change. mapping: TCGA ESCA mixes squamous and adenocarcinoma; mucosa is squamous"
AXL,GBM,Brain_Cortex,83.43,81.54,1.89,51.6,comparable,good,1336.64,16.418,False,"rank-based within-dataset percentile among 1379 shared genes; TCGA=RSEM normalized_count, GTEx v8=TPM; NOT a fold change. clean tissue-of-origin match"
AXL,HNSC,Esophagus_Mucosa,79.08,72.55,6.53,73.5,comparable,poor,923.87,11.027,False,"rank-based within-dataset percentile among 1379 shared genes; TCGA=RSEM normalized_count, GTEx v8=TPM; NOT a fold change. mapping: No oral/laryngeal mucosa in GTEx; esophageal squamous mucosa used as surrogate epithelium"
AXL,KICH,Kidney_Cortex,67.62,68.93,-1.31,41.2,comparable,fair,264.06,6.769,False,"rank-based within-dataset percentile among 1379 shared genes; TCGA=RSEM normalized_count, GTEx v8=TPM; NOT a fold change. mapping: Chromophobe RCC derives from distal nephron/collecting duct"
AXL,KIRC,Kidney_Cortex,87.85,68.93,18.93,92.5,enriched,good,2362.92,6.769,False,"rank-based within-dataset percentile among 1379 shared genes; TCGA=RSEM normalized_count, GTEx v8=TPM; NOT a fold change. clean tissue-of-origin match"
AXL,KIRP,Kidney_Cortex,84.52,68.93,15.59,89.8,comparable,good,1379.07,6.769,False,"rank-based within-dataset percentile among 1379 shared genes; TCGA=RSEM normalized_count, GTEx v8=TPM; NOT a fold change. clean tissue-of-origin match"
AXL,LGG,Brain_Cortex,84.08,81.54,2.54,61.0,comparable,good,1181.21,16.418,False,"rank-based within-dataset percentile among 1379 shared genes; TCGA=RSEM normalized_count, GTEx v8=TPM; NOT a fold change. clean tissue-of-origin match"
AXL,LIHC,Liver,65.74,61.97,3.77,68.1,comparable,good,229.76,2.3,False,"rank-based within-dataset percentile among 1379 shared genes; TCGA=RSEM normalized_count, GTEx v8=TPM; NOT a fold change. clean tissue-of-origin match"
AXL,LUAD,Lung,80.6,81.91,-1.31,41.7,comparable,good,1053.45,46.465,False,"rank-based within-dataset percentile among 1379 shared genes; TCGA=RSEM normalized_count, GTEx v8=TPM; NOT a fold change. clean tissue-of-origin match"
AXL,LUSC,Lung,76.32,81.91,-5.58,33.3,comparable,good,772.26,46.465,False,"rank-based within-dataset percentile among 1379 shared genes; TCGA=RSEM normalized_count, GTEx v8=TPM; NOT a fold change. clean tissue-of-origin match"
AXL,MESO,Lung,84.66,81.91,2.76,62.6,comparable,poor,1589.65,46.465,False,"rank-based within-dataset percentile among 1379 shared genes; TCGA=RSEM normalized_count, GTEx v8=TPM; NOT a fold change. mapping: No pleura/mesothelium in GTEx; Lung used only as an anatomic neighbour"
AXL,OV,Ovary,78.28,85.32,-7.03,28.3,comparable,fair,782.55,43.724,False,"rank-based within-dataset percentile among 1379 shared genes; TCGA=RSEM normalized_count, GTEx v8=TPM; NOT a fold change. mapping: Most TCGA OV is high-grade serous, now thought largely fallopian-tube derived; GTEx Ovary is stroma-rich"
AXL,PAAD,Pancreas,84.23,63.34,20.88,93.0,enriched,good,1699.91,2.635,False,"rank-based within-dataset percentile among 1379 shared genes; TCGA=RSEM normalized_count, GTEx v8=TPM; NOT a fold change. mapping: GTEx Pancreas is acinar-dominated; PDAC is ductal"
AXL,PCPG,Adrenal_Gland,72.04,80.31,-8.27,26.0,comparable,fair,444.4,20.196,False,"rank-based within-dataset percentile among 1379 shared genes; TCGA=RSEM normalized_count, GTEx v8=TPM; NOT a fold change. mapping: Pheochromocytoma is medullary; paraganglioma is extra-adrenal"
AXL,PRAD,Prostate,76.83,83.87,-7.03,23.2,comparable,good,672.66,36.207,False,"rank-based within-dataset percentile among 1379 shared genes; TCGA=RSEM normalized_count, GTEx v8=TPM; NOT a fold change. clean tissue-of-origin match"
AXL,READ,Colon_Sigmoid,70.23,92.06,-21.83,10.7,comparable,good,424.24,79.931,False,"rank-based within-dataset percentile among 1379 shared genes; TCGA=RSEM normalized_count, GTEx v8=TPM; NOT a fold change. clean tissue-of-origin match"
AXL,SARC,Esophagus_Muscularis,93.07,91.19,1.89,57.1,comparable,poor,3331.17,69.335,False,"rank-based within-dataset percentile among 1379 shared genes; TCGA=RSEM normalized_count, GTEx v8=TPM; NOT a fold change. mapping: TCGA SARC is histologically heterogeneous (LMS, DDLPS, UPS); smooth muscle is a partial surrogate only"
AXL,SKCM,Skin_Sun_Exposed_Lower_leg,71.68,82.12,-10.44,21.0,comparable,good,352.72,34.021,False,"rank-based within-dataset percentile among 1379 shared genes; TCGA=RSEM normalized_count, GTEx v8=TPM; NOT a fold change. mapping: GTEx skin is keratinocyte-dominated; melanocytes are a minor fraction"
AXL,STAD,Stomach,80.17,80.67,-0.51,44.5,comparable,good,981.62,17.057,False,"rank-based within-dataset percentile among 1379 shared genes; TCGA=RSEM normalized_count, GTEx v8=TPM; NOT a fold change. clean tissue-of-origin match"
AXL,TGCT,Testis,72.04,88.72,-16.68,17.5,comparable,fair,489.08,35.843,False,"rank-based within-dataset percentile among 1379 shared genes; TCGA=RSEM normalized_count, GTEx v8=TPM; NOT a fold change. mapping: Testis has extreme transcriptome breadth; germ-cell tumour vs whole testis"
AXL,THCA,Thyroid,79.88,81.25,-1.38,41.3,comparable,good,959.15,36.219,False,"rank-based within-dataset percentile among 1379 shared genes; TCGA=RSEM normalized_count, GTEx v8=TPM; NOT a fold change. clean tissue-of-origin match"
AXL,UCEC,Uterus,70.52,88.14,-17.62,12.5,comparable,fair,397.01,72.735,False,"rank-based within-dataset percentile among 1379 shared genes; TCGA=RSEM normalized_count, GTEx v8=TPM; NOT a fold change. mapping: GTEx Uterus is myometrium-dominated; UCEC arises from endometrium"
AXL,UCS,Uterus,80.6,88.14,-7.54,27.7,comparable,poor,960.66,72.735,False,"rank-based within-dataset percentile among 1379 shared genes; TCGA=RSEM normalized_count, GTEx v8=TPM; NOT a fold change. mapping: Carcinosarcoma is biphasic (carcinomatous+sarcomatous); no matched normal exists"
AXL,UVM,Skin_Not_Sun_Exposed_Suprapubic,75.09,78.43,-3.34,32.8,comparable,poor,329.91,23.651,False,"rank-based within-dataset percentile among 1379 shared genes; TCGA=RSEM normalized_count, GTEx v8=TPM; NOT a fold change. mapping: No uveal tract in GTEx; skin used only as a melanocyte-containing surrogate"
BMPR1A,ACC,Adrenal_Gland,74.51,60.37,14.14,90.9,enriched,good,425.11,4.696,False,"rank-based within-dataset percentile among 1379 shared genes; TCGA=RSEM normalized_count, GTEx v8=TPM; NOT a fold change. mapping: Adrenocortical carcinoma vs whole adrenal gland (cortex+medulla mixed in GTEx)"
BMPR1A,BLCA,Bladder,71.1,68.2,2.9,63.3,comparable,good,392.58,12.67,False,"rank-based within-dataset percentile among 1379 shared genes; TCGA=RSEM normalized_count, GTEx v8=TPM; NOT a fold change. mapping: GTEx Bladder n is small (21 donors)"
BMPR1A,BRCA,Breast_Mammary_Tissue,73.93,60.8,13.13,85.0,comparable,good,577.66,8.746,False,"rank-based within-dataset percentile among 1379 shared genes; TCGA=RSEM normalized_count, GTEx v8=TPM; NOT a fold change. clean tissue-of-origin match"
BMPR1A,CESC,Cervix_Ectocervix,71.39,68.2,3.19,61.8,comparable,fair,390.44,16.126,False,"rank-based within-dataset percentile among 1379 shared genes; TCGA=RSEM normalized_count, GTEx v8=TPM; NOT a fold change. mapping: GTEx cervix n very small (~5-9 donors); ecto/endo split"
BMPR1A,CHOL,Liver,71.46,56.89,14.58,84.2,comparable,poor,492.89,1.667,False,"rank-based within-dataset percentile among 1379 shared genes; TCGA=RSEM normalized_count, GTEx v8=TPM; NOT a fold change. mapping: Cholangiocarcinoma arises from bile-duct epithelium; GTEx has no bile duct, Liver is hepatocyte-dominated"
BMPR1A,COAD,Colon_Transverse,71.46,66.46,5.0,68.1,comparable,good,460.3,9.658,False,"rank-based within-dataset percentile among 1379 shared genes; TCGA=RSEM normalized_count, GTEx v8=TPM; NOT a fold change. clean tissue-of-origin match"
BMPR1A,ESCA,Esophagus_Mucosa,74.51,58.99,15.52,89.8,comparable,fair,593.25,4.607,False,"rank-based within-dataset percentile among 1379 shared genes; TCGA=RSEM normalized_count, GTEx v8=TPM; NOT a fold change. mapping: TCGA ESCA mixes squamous and adenocarcinoma; mucosa is squamous"
BMPR1A,GBM,Brain_Cortex,68.49,54.42,14.07,81.9,comparable,good,504.22,2.716,False,"rank-based within-dataset percentile among 1379 shared genes; TCGA=RSEM normalized_count, GTEx v8=TPM; NOT a fold change. clean tissue-of-origin match"
BMPR1A,HNSC,Esophagus_Mucosa,66.82,58.99,7.83,76.4,comparable,poor,350.25,4.607,False,"rank-based within-dataset percentile among 1379 shared genes; TCGA=RSEM normalized_count, GTEx v8=TPM; NOT a fold change. mapping: No oral/laryngeal mucosa in GTEx; esophageal squamous mucosa used as surrogate epithelium"
BMPR1A,KICH,Kidney_Cortex,67.69,52.25,15.45,87.2,comparable,fair,264.19,1.992,False,"rank-based within-dataset percentile among 1379 shared genes; TCGA=RSEM normalized_count, GTEx v8=TPM; NOT a fold change. mapping: Chromophobe RCC derives from distal nephron/collecting duct"
BMPR1A,KIRC,Kidney_Cortex,67.62,52.25,15.37,87.2,comparable,good,450.48,1.992,False,"rank-based within-dataset percentile among 1379 shared genes; TCGA=RSEM normalized_count, GTEx v8=TPM; NOT a fold change. clean tissue-of-origin match"
BMPR1A,KIRP,Kidney_Cortex,70.45,52.25,18.2,93.0,enriched,good,404.08,1.992,False,"rank-based within-dataset percentile among 1379 shared genes; TCGA=RSEM normalized_count, GTEx v8=TPM; NOT a fold change. clean tissue-of-origin match"
BMPR1A,LGG,Brain_Cortex,76.25,54.42,21.83,95.1,enriched,good,728.58,2.716,False,"rank-based within-dataset percentile among 1379 shared genes; TCGA=RSEM normalized_count, GTEx v8=TPM; NOT a fold change. clean tissue-of-origin match"
BMPR1A,LIHC,Liver,66.53,56.89,9.64,82.7,comparable,good,251.19,1.667,False,"rank-based within-dataset percentile among 1379 shared genes; TCGA=RSEM normalized_count, GTEx v8=TPM; NOT a fold change. clean tissue-of-origin match"
BMPR1A,LUAD,Lung,69.14,53.7,15.45,89.8,comparable,good,450.8,7.435,False,"rank-based within-dataset percentile among 1379 shared genes; TCGA=RSEM normalized_count, GTEx v8=TPM; NOT a fold change. clean tissue-of-origin match"
BMPR1A,LUSC,Lung,69.43,53.7,15.74,86.4,comparable,good,464.61,7.435,False,"rank-based within-dataset percentile among 1379 shared genes; TCGA=RSEM normalized_count, GTEx v8=TPM; NOT a fold change. clean tissue-of-origin match"
BMPR1A,MESO,Lung,72.77,53.7,19.07,91.7,enriched,poor,601.96,7.435,False,"rank-based within-dataset percentile among 1379 shared genes; TCGA=RSEM normalized_count, GTEx v8=TPM; NOT a fold change. mapping: No pleura/mesothelium in GTEx; Lung used only as an anatomic neighbour"
BMPR1A,OV,Ovary,77.41,70.45,6.96,70.5,comparable,fair,717.15,13.718,False,"rank-based within-dataset percentile among 1379 shared genes; TCGA=RSEM normalized_count, GTEx v8=TPM; NOT a fold change. mapping: Most TCGA OV is high-grade serous, now thought largely fallopian-tube derived; GTEx Ovary is stroma-rich"
BMPR1A,PAAD,Pancreas,65.59,60.88,4.71,65.6,comparable,good,438.2,2.159,False,"rank-based within-dataset percentile among 1379 shared genes; TCGA=RSEM normalized_count, GTEx v8=TPM; NOT a fold change. mapping: GTEx Pancreas is acinar-dominated; PDAC is ductal"
BMPR1A,PCPG,Adrenal_Gland,72.77,60.37,12.4,82.0,comparable,fair,477.69,4.696,False,"rank-based within-dataset percentile among 1379 shared genes; TCGA=RSEM normalized_count, GTEx v8=TPM; NOT a fold change. mapping: Pheochromocytoma is medullary; paraganglioma is extra-adrenal"
BMPR1A,PRAD,Prostate,78.93,66.68,12.26,89.1,comparable,good,765.52,11.761,False,"rank-based within-dataset percentile among 1379 shared genes; TCGA=RSEM normalized_count, GTEx v8=TPM; NOT a fold change. clean tissue-of-origin match"
BMPR1A,READ,Colon_Sigmoid,72.19,77.34,-5.15,33.9,comparable,good,486.16,22.683,False,"rank-based within-dataset percentile among 1379 shared genes; TCGA=RSEM normalized_count, GTEx v8=TPM; NOT a fold change. clean tissue-of-origin match"
BMPR1A,SARC,Esophagus_Muscularis,71.61,72.34,-0.73,39.1,comparable,poor,528.7,15.925,False,"rank-based within-dataset percentile among 1379 shared genes; TCGA=RSEM normalized_count, GTEx v8=TPM; NOT a fold change. mapping: TCGA SARC is histologically heterogeneous (LMS, DDLPS, UPS); smooth muscle is a partial surrogate only"
BMPR1A,SKCM,Skin_Sun_Exposed_Lower_leg,70.59,59.21,11.39,77.9,comparable,good,332.47,6.849,False,"rank-based within-dataset percentile among 1379 shared genes; TCGA=RSEM normalized_count, GTEx v8=TPM; NOT a fold change. mapping: GTEx skin is keratinocyte-dominated; melanocytes are a minor fraction"
BMPR1A,STAD,Stomach,72.92,62.55,10.37,79.6,comparable,good,564.63,5.498,False,"rank-based within-dataset percentile among 1379 shared genes; TCGA=RSEM normalized_count, GTEx v8=TPM; NOT a fold change. clean tissue-of-origin match"
BMPR1A,TGCT,Testis,75.45,58.77,16.68,81.5,comparable,fair,585.72,5.711,False,"rank-based within-dataset percentile among 1379 shared genes; TCGA=RSEM normalized_count, GTEx v8=TPM; NOT a fold change. mapping: Testis has extreme transcriptome breadth; germ-cell tumour vs whole testis"
BMPR1A,THCA,Thyroid,77.27,67.77,9.5,82.2,comparable,good,803.52,15.807,False,"rank-based within-dataset percentile among 1379 shared genes; TCGA=RSEM normalized_count, GTEx v8=TPM; NOT a fold change. clean tissue-of-origin match"
BMPR1A,UCEC,Uterus,76.47,69.0,7.47,72.1,comparable,fair,641.79,17.129,False,"rank-based within-dataset percentile among 1379 shared genes; TCGA=RSEM normalized_count, GTEx v8=TPM; NOT a fold change. mapping: GTEx Uterus is myometrium-dominated; UCEC arises from endometrium"
BMPR1A,UCS,Uterus,76.11,69.0,7.11,73.0,comparable,poor,734.33,17.129,False,"rank-based within-dataset percentile among 1379 shared genes; TCGA=RSEM normalized_count, GTEx v8=TPM; NOT a fold change. mapping: Carcinosarcoma is biphasic (carcinomatous+sarcomatous); no matched normal exists"
BMPR1A,UVM,Skin_Not_Sun_Exposed_Suprapubic,73.13,59.86,13.27,80.3,comparable,poor,279.28,6.923,False,"rank-based within-dataset percentile among 1379 shared genes; TCGA=RSEM normalized_count, GTEx v8=TPM; NOT a fold change. mapping: No uveal tract in GTEx; skin used only as a melanocyte-containing surrogate"
BMPR1B,ACC,Adrenal_Gland,54.86,44.71,10.15,84.0,comparable,good,67.43,1.043,False,"rank-based within-dataset percentile among 1379 shared genes; TCGA=RSEM normalized_count, GTEx v8=TPM; NOT a fold change. mapping: Adrenocortical carcinoma vs whole adrenal gland (cortex+medulla mixed in GTEx)"
BMPR1B,BLCA,Bladder,35.28,26.0,9.28,78.0,comparable,good,10.42,0.303,False,"rank-based within-dataset percentile among 1379 shared genes; TCGA=RSEM normalized_count, GTEx v8=TPM; NOT a fold change. mapping: GTEx Bladder n is small (21 donors)"
BMPR1B,BRCA,Breast_Mammary_Tissue,65.74,29.33,36.4,99.2,enriched,good,314.95,0.497,False,"rank-based within-dataset percentile among 1379 shared genes; TCGA=RSEM normalized_count, GTEx v8=TPM; NOT a fold change. clean tissue-of-origin match"
BMPR1B,CESC,Cervix_Ectocervix,48.77,38.4,10.37,76.6,comparable,fair,53.3,1.152,False,"rank-based within-dataset percentile among 1379 shared genes; TCGA=RSEM normalized_count, GTEx v8=TPM; NOT a fold change. mapping: GTEx cervix n very small (~5-9 donors); ecto/endo split"
BMPR1B,CHOL,Liver,35.71,35.64,0.07,42.1,comparable,poor,13.27,0.248,False,"rank-based within-dataset percentile among 1379 shared genes; TCGA=RSEM normalized_count, GTEx v8=TPM; NOT a fold change. mapping: Cholangiocarcinoma arises from bile-duct epithelium; GTEx has no bile duct, Liver is hepatocyte-dominated"
BMPR1B,COAD,Colon_Transverse,30.13,32.31,-2.18,39.0,comparable,good,6.03,0.745,False,"rank-based within-dataset percentile among 1379 shared genes; TCGA=RSEM normalized_count, GTEx v8=TPM; NOT a fold change. clean tissue-of-origin match"
BMPR1B,ESCA,Esophagus_Mucosa,48.84,22.23,26.61,97.6,enriched,fair,64.45,0.155,False,"rank-based within-dataset percentile among 1379 shared genes; TCGA=RSEM normalized_count, GTEx v8=TPM; NOT a fold change. mapping: TCGA ESCA mixes squamous and adenocarcinoma; mucosa is squamous"
BMPR1B,GBM,Brain_Cortex,70.16,68.06,2.1,51.8,comparable,good,584.98,6.708,False,"rank-based within-dataset percentile among 1379 shared genes; TCGA=RSEM normalized_count, GTEx v8=TPM; NOT a fold change. clean tissue-of-origin match"
BMPR1B,HNSC,Esophagus_Mucosa,53.05,22.23,30.82,98.2,enriched,poor,114.54,0.155,False,"rank-based within-dataset percentile among 1379 shared genes; TCGA=RSEM normalized_count, GTEx v8=TPM; NOT a fold change. mapping: No oral/laryngeal mucosa in GTEx; esophageal squamous mucosa used as surrogate epithelium"
BMPR1B,KICH,Kidney_Cortex,93.0,52.1,40.9,99.7,enriched,fair,2842.64,1.962,False,"rank-based within-dataset percentile among 1379 shared genes; TCGA=RSEM normalized_count, GTEx v8=TPM; NOT a fold change. mapping: Chromophobe RCC derives from distal nephron/collecting duct"
BMPR1B,KIRC,Kidney_Cortex,34.05,52.1,-18.06,10.4,comparable,good,11.58,1.962,False,"rank-based within-dataset percentile among 1379 shared genes; TCGA=RSEM normalized_count, GTEx v8=TPM; NOT a fold change. clean tissue-of-origin match"
BMPR1B,KIRP,Kidney_Cortex,31.51,52.1,-20.59,7.3,depleted,good,4.74,1.962,False,"rank-based within-dataset percentile among 1379 shared genes; TCGA=RSEM normalized_count, GTEx v8=TPM; NOT a fold change. clean tissue-of-origin match"
BMPR1B,LGG,Brain_Cortex,79.8,68.06,11.75,83.4,comparable,good,919.74,6.708,False,"rank-based within-dataset percentile among 1379 shared genes; TCGA=RSEM normalized_count, GTEx v8=TPM; NOT a fold change. clean tissue-of-origin match"
BMPR1B,LIHC,Liver,29.33,35.64,-6.31,24.4,comparable,good,2.48,0.248,False,"rank-based within-dataset percentile among 1379 shared genes; TCGA=RSEM normalized_count, GTEx v8=TPM; NOT a fold change. clean tissue-of-origin match"
BMPR1B,LUAD,Lung,46.88,32.23,14.65,89.4,comparable,good,76.12,1.175,False,"rank-based within-dataset percentile among 1379 shared genes; TCGA=RSEM normalized_count, GTEx v8=TPM; NOT a fold change. clean tissue-of-origin match"
BMPR1B,LUSC,Lung,44.85,32.23,12.62,81.6,comparable,good,58.15,1.175,False,"rank-based within-dataset percentile among 1379 shared genes; TCGA=RSEM normalized_count, GTEx v8=TPM; NOT a fold change. clean tissue-of-origin match"
BMPR1B,MESO,Lung,42.57,32.23,10.33,79.3,comparable,poor,39.25,1.175,False,"rank-based within-dataset percentile among 1379 shared genes; TCGA=RSEM normalized_count, GTEx v8=TPM; NOT a fold change. mapping: No pleura/mesothelium in GTEx; Lung used only as an anatomic neighbour"
BMPR1B,OV,Ovary,71.25,66.24,5.0,65.7,comparable,fair,458.08,9.872,False,"rank-based within-dataset percentile among 1379 shared genes; TCGA=RSEM normalized_count, GTEx v8=TPM; NOT a fold change. mapping: Most TCGA OV is high-grade serous, now thought largely fallopian-tube derived; GTEx Ovary is stroma-rich"
BMPR1B,PAAD,Pancreas,48.26,41.73,6.53,70.1,comparable,good,110.79,0.489,False,"rank-based within-dataset percentile among 1379 shared genes; TCGA=RSEM normalized_count, GTEx v8=TPM; NOT a fold change. mapping: GTEx Pancreas is acinar-dominated; PDAC is ductal"
BMPR1B,PCPG,Adrenal_Gland,84.45,44.71,39.74,97.3,enriched,fair,1210.54,1.043,False,"rank-based within-dataset percentile among 1379 shared genes; TCGA=RSEM normalized_count, GTEx v8=TPM; NOT a fold change. mapping: Pheochromocytoma is medullary; paraganglioma is extra-adrenal"
BMPR1B,PRAD,Prostate,92.78,68.85,23.93,97.8,enriched,good,2884.31,13.666,False,"rank-based within-dataset percentile among 1379 shared genes; TCGA=RSEM normalized_count, GTEx v8=TPM; NOT a fold change. clean tissue-of-origin match"
BMPR1B,READ,Colon_Sigmoid,30.78,42.24,-11.46,22.0,comparable,good,6.69,1.394,False,"rank-based within-dataset percentile among 1379 shared genes; TCGA=RSEM normalized_count, GTEx v8=TPM; NOT a fold change. clean tissue-of-origin match"
BMPR1B,SARC,Esophagus_Muscularis,51.16,64.43,-13.27,13.6,comparable,poor,73.13,8.63,False,"rank-based within-dataset percentile among 1379 shared genes; TCGA=RSEM normalized_count, GTEx v8=TPM; NOT a fold change. mapping: TCGA SARC is histologically heterogeneous (LMS, DDLPS, UPS); smooth muscle is a partial surrogate only"
BMPR1B,SKCM,Skin_Sun_Exposed_Lower_leg,59.64,32.74,26.9,95.0,enriched,good,115.0,0.691,False,"rank-based within-dataset percentile among 1379 shared genes; TCGA=RSEM normalized_count, GTEx v8=TPM; NOT a fold change. mapping: GTEx skin is keratinocyte-dominated; melanocytes are a minor fraction"
BMPR1B,STAD,Stomach,40.57,52.76,-12.18,16.7,comparable,good,30.83,2.642,False,"rank-based within-dataset percentile among 1379 shared genes; TCGA=RSEM normalized_count, GTEx v8=TPM; NOT a fold change. clean tissue-of-origin match"
BMPR1B,TGCT,Testis,41.81,50.22,-8.41,28.9,comparable,fair,46.95,3.501,False,"rank-based within-dataset percentile among 1379 shared genes; TCGA=RSEM normalized_count, GTEx v8=TPM; NOT a fold change. mapping: Testis has extreme transcriptome breadth; germ-cell tumour vs whole testis"
BMPR1B,THCA,Thyroid,25.85,36.08,-10.22,16.6,comparable,good,2.47,0.957,False,"rank-based within-dataset percentile among 1379 shared genes; TCGA=RSEM normalized_count, GTEx v8=TPM; NOT a fold change. clean tissue-of-origin match"
BMPR1B,UCEC,Uterus,77.48,43.04,34.45,97.4,enriched,fair,681.65,1.528,False,"rank-based within-dataset percentile among 1379 shared genes; TCGA=RSEM normalized_count, GTEx v8=TPM; NOT a fold change. mapping: GTEx Uterus is myometrium-dominated; UCEC arises from endometrium"
BMPR1B,UCS,Uterus,63.71,43.04,20.67,92.2,enriched,poor,279.37,1.528,False,"rank-based within-dataset percentile among 1379 shared genes; TCGA=RSEM normalized_count, GTEx v8=TPM; NOT a fold change. mapping: Carcinosarcoma is biphasic (carcinomatous+sarcomatous); no matched normal exists"
BMPR1B,UVM,Skin_Not_Sun_Exposed_Suprapubic,57.4,31.0,26.4,94.6,enriched,poor,44.06,0.538,False,"rank-based within-dataset percentile among 1379 shared genes; TCGA=RSEM normalized_count, GTEx v8=TPM; NOT a fold change. mapping: No uveal tract in GTEx; skin used only as a melanocyte-containing surrogate"
BMPR2,ACC,Adrenal_Gland,89.01,81.33,7.69,78.8,comparable,good,1596.61,21.875,False,"rank-based within-dataset percentile among 1379 shared genes; TCGA=RSEM normalized_count, GTEx v8=TPM; NOT a fold change. mapping: Adrenocortical carcinoma vs whole adrenal gland (cortex+medulla mixed in GTEx)"
BMPR2,BLCA,Bladder,87.56,76.03,11.53,82.7,comparable,good,1599.48,22.012,False,"rank-based within-dataset percentile among 1379 shared genes; TCGA=RSEM normalized_count, GTEx v8=TPM; NOT a fold change. mapping: GTEx Bladder n is small (21 donors)"
BMPR2,BRCA,Breast_Mammary_Tissue,91.91,73.86,18.06,92.2,enriched,good,2630.84,21.193,False,"rank-based within-dataset percentile among 1379 shared genes; TCGA=RSEM normalized_count, GTEx v8=TPM; NOT a fold change. clean tissue-of-origin match"
BMPR2,CESC,Cervix_Ectocervix,85.9,76.4,9.5,74.6,comparable,fair,1376.53,26.658,False,"rank-based within-dataset percentile among 1379 shared genes; TCGA=RSEM normalized_count, GTEx v8=TPM; NOT a fold change. mapping: GTEx cervix n very small (~5-9 donors); ecto/endo split"
BMPR2,CHOL,Liver,86.26,68.64,17.62,87.9,comparable,poor,1606.32,4.044,False,"rank-based within-dataset percentile among 1379 shared genes; TCGA=RSEM normalized_count, GTEx v8=TPM; NOT a fold change. mapping: Cholangiocarcinoma arises from bile-duct epithelium; GTEx has no bile duct, Liver is hepatocyte-dominated"
BMPR2,COAD,Colon_Transverse,84.95,69.87,15.08,88.5,comparable,good,1360.04,11.966,False,"rank-based within-dataset percentile among 1379 shared genes; TCGA=RSEM normalized_count, GTEx v8=TPM; NOT a fold change. clean tissue-of-origin match"
BMPR2,ESCA,Esophagus_Mucosa,91.62,71.32,20.3,94.5,enriched,fair,2602.14,10.442,False,"rank-based within-dataset percentile among 1379 shared genes; TCGA=RSEM normalized_count, GTEx v8=TPM; NOT a fold change. mapping: TCGA ESCA mixes squamous and adenocarcinoma; mucosa is squamous"
BMPR2,GBM,Brain_Cortex,87.06,78.79,8.27,72.0,comparable,good,1738.43,12.677,False,"rank-based within-dataset percentile among 1379 shared genes; TCGA=RSEM normalized_count, GTEx v8=TPM; NOT a fold change. clean tissue-of-origin match"
BMPR2,HNSC,Esophagus_Mucosa,87.06,71.32,15.74,90.4,enriched,poor,1891.51,10.442,False,"rank-based within-dataset percentile among 1379 shared genes; TCGA=RSEM normalized_count, GTEx v8=TPM; NOT a fold change. mapping: No oral/laryngeal mucosa in GTEx; esophageal squamous mucosa used as surrogate epithelium"
BMPR2,KICH,Kidney_Cortex,88.07,71.1,16.97,90.2,enriched,fair,1609.7,7.76,False,"rank-based within-dataset percentile among 1379 shared genes; TCGA=RSEM normalized_count, GTEx v8=TPM; NOT a fold change. mapping: Chromophobe RCC derives from distal nephron/collecting duct"
BMPR2,KIRC,Kidney_Cortex,90.75,71.1,19.65,93.3,enriched,good,3185.31,7.76,False,"rank-based within-dataset percentile among 1379 shared genes; TCGA=RSEM normalized_count, GTEx v8=TPM; NOT a fold change. clean tissue-of-origin match"
BMPR2,KIRP,Kidney_Cortex,87.56,71.1,16.46,90.9,enriched,good,1693.48,7.76,False,"rank-based within-dataset percentile among 1379 shared genes; TCGA=RSEM normalized_count, GTEx v8=TPM; NOT a fold change. clean tissue-of-origin match"
BMPR2,LGG,Brain_Cortex,93.07,78.79,14.29,87.7,comparable,good,2815.97,12.677,False,"rank-based within-dataset percentile among 1379 shared genes; TCGA=RSEM normalized_count, GTEx v8=TPM; NOT a fold change. clean tissue-of-origin match"
BMPR2,LIHC,Liver,81.62,68.64,12.98,89.6,comparable,good,934.11,4.044,False,"rank-based within-dataset percentile among 1379 shared genes; TCGA=RSEM normalized_count, GTEx v8=TPM; NOT a fold change. clean tissue-of-origin match"
BMPR2,LUAD,Lung,88.72,81.62,7.11,74.3,comparable,good,2135.47,45.106,False,"rank-based within-dataset percentile among 1379 shared genes; TCGA=RSEM normalized_count, GTEx v8=TPM; NOT a fold change. clean tissue-of-origin match"
BMPR2,LUSC,Lung,86.55,81.62,4.93,67.8,comparable,good,1758.29,45.106,False,"rank-based within-dataset percentile among 1379 shared genes; TCGA=RSEM normalized_count, GTEx v8=TPM; NOT a fold change. clean tissue-of-origin match"
BMPR2,MESO,Lung,88.72,81.62,7.11,73.1,comparable,poor,2312.93,45.106,False,"rank-based within-dataset percentile among 1379 shared genes; TCGA=RSEM normalized_count, GTEx v8=TPM; NOT a fold change. mapping: No pleura/mesothelium in GTEx; Lung used only as an anatomic neighbour"
BMPR2,OV,Ovary,88.8,74.29,14.5,84.2,comparable,fair,1783.61,19.018,False,"rank-based within-dataset percentile among 1379 shared genes; TCGA=RSEM normalized_count, GTEx v8=TPM; NOT a fold change. mapping: Most TCGA OV is high-grade serous, now thought largely fallopian-tube derived; GTEx Ovary is stroma-rich"
BMPR2,PAAD,Pancreas,89.09,66.61,22.48,94.1,enriched,good,2657.49,3.635,False,"rank-based within-dataset percentile among 1379 shared genes; TCGA=RSEM normalized_count, GTEx v8=TPM; NOT a fold change. mapping: GTEx Pancreas is acinar-dominated; PDAC is ductal"
BMPR2,PCPG,Adrenal_Gland,92.42,81.33,11.09,80.3,comparable,fair,2628.2,21.875,False,"rank-based within-dataset percentile among 1379 shared genes; TCGA=RSEM normalized_count, GTEx v8=TPM; NOT a fold change. mapping: Pheochromocytoma is medullary; paraganglioma is extra-adrenal"
BMPR2,PRAD,Prostate,90.61,72.77,17.84,94.7,enriched,good,2213.86,17.523,False,"rank-based within-dataset percentile among 1379 shared genes; TCGA=RSEM normalized_count, GTEx v8=TPM; NOT a fold change. clean tissue-of-origin match"
BMPR2,READ,Colon_Sigmoid,85.24,75.89,9.35,74.3,comparable,good,1420.49,20.34,False,"rank-based within-dataset percentile among 1379 shared genes; TCGA=RSEM normalized_count, GTEx v8=TPM; NOT a fold change. clean tissue-of-origin match"
BMPR2,SARC,Esophagus_Muscularis,89.59,75.09,14.5,88.6,comparable,poor,1994.74,19.541,False,"rank-based within-dataset percentile among 1379 shared genes; TCGA=RSEM normalized_count, GTEx v8=TPM; NOT a fold change. mapping: TCGA SARC is histologically heterogeneous (LMS, DDLPS, UPS); smooth muscle is a partial surrogate only"
BMPR2,SKCM,Skin_Sun_Exposed_Lower_leg,88.94,69.72,19.22,89.6,comparable,good,1679.9,14.779,False,"rank-based within-dataset percentile among 1379 shared genes; TCGA=RSEM normalized_count, GTEx v8=TPM; NOT a fold change. mapping: GTEx skin is keratinocyte-dominated; melanocytes are a minor fraction"
BMPR2,STAD,Stomach,90.46,69.94,20.52,93.4,enriched,good,2353.71,8.333,False,"rank-based within-dataset percentile among 1379 shared genes; TCGA=RSEM normalized_count, GTEx v8=TPM; NOT a fold change. clean tissue-of-origin match"
BMPR2,TGCT,Testis,87.2,70.59,16.61,81.3,comparable,fair,1390.92,10.318,False,"rank-based within-dataset percentile among 1379 shared genes; TCGA=RSEM normalized_count, GTEx v8=TPM; NOT a fold change. mapping: Testis has extreme transcriptome breadth; germ-cell tumour vs whole testis"
BMPR2,THCA,Thyroid,89.96,72.55,17.4,93.8,enriched,good,2330.38,21.497,False,"rank-based within-dataset percentile among 1379 shared genes; TCGA=RSEM normalized_count, GTEx v8=TPM; NOT a fold change. clean tissue-of-origin match"
BMPR2,UCEC,Uterus,89.23,76.83,12.4,82.5,comparable,fair,1816.92,29.397,False,"rank-based within-dataset percentile among 1379 shared genes; TCGA=RSEM normalized_count, GTEx v8=TPM; NOT a fold change. mapping: GTEx Uterus is myometrium-dominated; UCEC arises from endometrium"
BMPR2,UCS,Uterus,89.52,76.83,12.69,82.8,comparable,poor,1902.9,29.397,False,"rank-based within-dataset percentile among 1379 shared genes; TCGA=RSEM normalized_count, GTEx v8=TPM; NOT a fold change. mapping: Carcinosarcoma is biphasic (carcinomatous+sarcomatous); no matched normal exists"
BMPR2,UVM,Skin_Not_Sun_Exposed_Suprapubic,85.32,69.36,15.95,84.0,comparable,poor,928.71,13.304,False,"rank-based within-dataset percentile among 1379 shared genes; TCGA=RSEM normalized_count, GTEx v8=TPM; NOT a fold change. mapping: No uveal tract in GTEx; skin used only as a melanocyte-containing surrogate"
CCR1,ACC,Adrenal_Gland,50.94,62.47,-11.53,13.5,comparable,good,41.12,5.464,False,"rank-based within-dataset percentile among 1379 shared genes; TCGA=RSEM normalized_count, GTEx v8=TPM; NOT a fold change. mapping: Adrenocortical carcinoma vs whole adrenal gland (cortex+medulla mixed in GTEx)"
CCR1,BLCA,Bladder,56.74,51.6,5.15,68.7,comparable,good,112.18,3.681,False,"rank-based within-dataset percentile among 1379 shared genes; TCGA=RSEM normalized_count, GTEx v8=TPM; NOT a fold change. mapping: GTEx Bladder n is small (21 donors)"
CCR1,BRCA,Breast_Mammary_Tissue,61.02,49.56,11.46,81.4,comparable,good,219.0,3.117,False,"rank-based within-dataset percentile among 1379 shared genes; TCGA=RSEM normalized_count, GTEx v8=TPM; NOT a fold change. clean tissue-of-origin match"
CCR1,CESC,Cervix_Ectocervix,54.71,36.44,18.27,88.7,comparable,fair,106.76,0.952,False,"rank-based within-dataset percentile among 1379 shared genes; TCGA=RSEM normalized_count, GTEx v8=TPM; NOT a fold change. mapping: GTEx cervix n very small (~5-9 donors); ecto/endo split"
CCR1,CHOL,Liver,50.51,46.3,4.21,64.1,comparable,poor,74.33,0.748,False,"rank-based within-dataset percentile among 1379 shared genes; TCGA=RSEM normalized_count, GTEx v8=TPM; NOT a fold change. mapping: Cholangiocarcinoma arises from bile-duct epithelium; GTEx has no bile duct, Liver is hepatocyte-dominated"
CCR1,COAD,Colon_Transverse,57.83,47.17,10.66,81.5,comparable,good,127.1,2.701,False,"rank-based within-dataset percentile among 1379 shared genes; TCGA=RSEM normalized_count, GTEx v8=TPM; NOT a fold change. clean tissue-of-origin match"
CCR1,ESCA,Esophagus_Mucosa,52.18,37.74,14.43,88.0,comparable,fair,90.0,0.876,False,"rank-based within-dataset percentile among 1379 shared genes; TCGA=RSEM normalized_count, GTEx v8=TPM; NOT a fold change. mapping: TCGA ESCA mixes squamous and adenocarcinoma; mucosa is squamous"
CCR1,GBM,Brain_Cortex,65.23,35.13,30.09,95.9,enriched,good,388.03,0.53,False,"rank-based within-dataset percentile among 1379 shared genes; TCGA=RSEM normalized_count, GTEx v8=TPM; NOT a fold change. clean tissue-of-origin match"
CCR1,HNSC,Esophagus_Mucosa,53.99,37.74,16.24,91.2,enriched,poor,125.01,0.876,False,"rank-based within-dataset percentile among 1379 shared genes; TCGA=RSEM normalized_count, GTEx v8=TPM; NOT a fold change. mapping: No oral/laryngeal mucosa in GTEx; esophageal squamous mucosa used as surrogate epithelium"
CCR1,KICH,Kidney_Cortex,53.41,45.14,8.27,73.4,comparable,fair,59.3,1.17,False,"rank-based within-dataset percentile among 1379 shared genes; TCGA=RSEM normalized_count, GTEx v8=TPM; NOT a fold change. mapping: Chromophobe RCC derives from distal nephron/collecting duct"
CCR1,KIRC,Kidney_Cortex,61.39,45.14,16.24,88.9,comparable,good,299.08,1.17,False,"rank-based within-dataset percentile among 1379 shared genes; TCGA=RSEM normalized_count, GTEx v8=TPM; NOT a fold change. clean tissue-of-origin match"
CCR1,KIRP,Kidney_Cortex,59.06,45.14,13.92,87.2,comparable,good,150.37,1.17,False,"rank-based within-dataset percentile among 1379 shared genes; TCGA=RSEM normalized_count, GTEx v8=TPM; NOT a fold change. clean tissue-of-origin match"
CCR1,LGG,Brain_Cortex,58.12,35.13,22.99,95.9,enriched,good,171.68,0.53,False,"rank-based within-dataset percentile among 1379 shared genes; TCGA=RSEM normalized_count, GTEx v8=TPM; NOT a fold change. clean tissue-of-origin match"
CCR1,LIHC,Liver,56.82,46.3,10.51,85.0,comparable,good,86.72,0.748,False,"rank-based within-dataset percentile among 1379 shared genes; TCGA=RSEM normalized_count, GTEx v8=TPM; NOT a fold change. clean tissue-of-origin match"
CCR1,LUAD,Lung,65.37,64.21,1.16,51.4,comparable,good,344.55,15.883,False,"rank-based within-dataset percentile among 1379 shared genes; TCGA=RSEM normalized_count, GTEx v8=TPM; NOT a fold change. clean tissue-of-origin match"
CCR1,LUSC,Lung,58.34,64.21,-5.87,32.3,comparable,good,206.91,15.883,False,"rank-based within-dataset percentile among 1379 shared genes; TCGA=RSEM normalized_count, GTEx v8=TPM; NOT a fold change. clean tissue-of-origin match"
CCR1,MESO,Lung,65.3,64.21,1.09,50.0,comparable,poor,333.59,15.883,False,"rank-based within-dataset percentile among 1379 shared genes; TCGA=RSEM normalized_count, GTEx v8=TPM; NOT a fold change. mapping: No pleura/mesothelium in GTEx; Lung used only as an anatomic neighbour"
CCR1,OV,Ovary,62.04,45.87,16.17,85.7,comparable,fair,220.23,1.559,False,"rank-based within-dataset percentile among 1379 shared genes; TCGA=RSEM normalized_count, GTEx v8=TPM; NOT a fold change. mapping: Most TCGA OV is high-grade serous, now thought largely fallopian-tube derived; GTEx Ovary is stroma-rich"
CCR1,PAAD,Pancreas,52.54,46.88,5.66,67.9,comparable,good,174.6,0.726,False,"rank-based within-dataset percentile among 1379 shared genes; TCGA=RSEM normalized_count, GTEx v8=TPM; NOT a fold change. mapping: GTEx Pancreas is acinar-dominated; PDAC is ductal"
CCR1,PCPG,Adrenal_Gland,49.35,62.47,-13.13,17.5,comparable,fair,55.17,5.464,False,"rank-based within-dataset percentile among 1379 shared genes; TCGA=RSEM normalized_count, GTEx v8=TPM; NOT a fold change. mapping: Pheochromocytoma is medullary; paraganglioma is extra-adrenal"
CCR1,PRAD,Prostate,46.95,38.03,8.92,82.2,comparable,good,49.67,1.643,False,"rank-based within-dataset percentile among 1379 shared genes; TCGA=RSEM normalized_count, GTEx v8=TPM; NOT a fold change. clean tissue-of-origin match"
CCR1,READ,Colon_Sigmoid,56.45,49.93,6.53,69.1,comparable,good,113.73,2.91,False,"rank-based within-dataset percentile among 1379 shared genes; TCGA=RSEM normalized_count, GTEx v8=TPM; NOT a fold change. clean tissue-of-origin match"
CCR1,SARC,Esophagus_Muscularis,63.42,52.9,10.51,80.8,comparable,poor,265.32,3.349,False,"rank-based within-dataset percentile among 1379 shared genes; TCGA=RSEM normalized_count, GTEx v8=TPM; NOT a fold change. mapping: TCGA SARC is histologically heterogeneous (LMS, DDLPS, UPS); smooth muscle is a partial surrogate only"
CCR1,SKCM,Skin_Sun_Exposed_Lower_leg,61.97,34.7,27.27,95.2,enriched,good,142.63,0.827,False,"rank-based within-dataset percentile among 1379 shared genes; TCGA=RSEM normalized_count, GTEx v8=TPM; NOT a fold change. mapping: GTEx skin is keratinocyte-dominated; melanocytes are a minor fraction"
CCR1,STAD,Stomach,58.41,46.01,12.4,83.5,comparable,good,195.92,1.566,False,"rank-based within-dataset percentile among 1379 shared genes; TCGA=RSEM normalized_count, GTEx v8=TPM; NOT a fold change. clean tissue-of-origin match"
CCR1,TGCT,Testis,64.94,17.3,47.64,98.5,enriched,fair,310.94,0.424,False,"rank-based within-dataset percentile among 1379 shared genes; TCGA=RSEM normalized_count, GTEx v8=TPM; NOT a fold change. mapping: Testis has extreme transcriptome breadth; germ-cell tumour vs whole testis"
CCR1,THCA,Thyroid,53.99,41.37,12.62,88.0,comparable,good,98.86,1.551,False,"rank-based within-dataset percentile among 1379 shared genes; TCGA=RSEM normalized_count, GTEx v8=TPM; NOT a fold change. clean tissue-of-origin match"
CCR1,UCEC,Uterus,55.95,42.75,13.2,83.6,comparable,fair,108.98,1.496,False,"rank-based within-dataset percentile among 1379 shared genes; TCGA=RSEM normalized_count, GTEx v8=TPM; NOT a fold change. mapping: GTEx Uterus is myometrium-dominated; UCEC arises from endometrium"
CCR1,UCS,Uterus,52.39,42.75,9.64,78.0,comparable,poor,100.97,1.496,False,"rank-based within-dataset percentile among 1379 shared genes; TCGA=RSEM normalized_count, GTEx v8=TPM; NOT a fold change. mapping: Carcinosarcoma is biphasic (carcinomatous+sarcomatous); no matched normal exists"
CCR1,UVM,Skin_Not_Sun_Exposed_Suprapubic,56.89,33.39,23.5,92.6,enriched,poor,42.35,0.678,False,"rank-based within-dataset percentile among 1379 shared genes; TCGA=RSEM normalized_count, GTEx v8=TPM; NOT a fold change. mapping: No uveal tract in GTEx; skin used only as a melanocyte-containing surrogate"
CCR5,ACC,Adrenal_Gland,43.11,42.02,1.09,48.8,comparable,good,13.08,0.827,False,"rank-based within-dataset percentile among 1379 shared genes; TCGA=RSEM normalized_count, GTEx v8=TPM; NOT a fold change. mapping: Adrenocortical carcinoma vs whole adrenal gland (cortex+medulla mixed in GTEx)"
CCR5,BLCA,Bladder,50.51,39.27,11.24,81.7,comparable,good,56.96,1.366,False,"rank-based within-dataset percentile among 1379 shared genes; TCGA=RSEM normalized_count, GTEx v8=TPM; NOT a fold change. mapping: GTEx Bladder n is small (21 donors)"
CCR5,BRCA,Breast_Mammary_Tissue,59.14,30.78,28.35,97.8,enriched,good,174.72,0.571,False,"rank-based within-dataset percentile among 1379 shared genes; TCGA=RSEM normalized_count, GTEx v8=TPM; NOT a fold change. clean tissue-of-origin match"
CCR5,CESC,Cervix_Ectocervix,57.25,34.19,23.06,92.0,enriched,fair,126.71,0.774,False,"rank-based within-dataset percentile among 1379 shared genes; TCGA=RSEM normalized_count, GTEx v8=TPM; NOT a fold change. mapping: GTEx cervix n very small (~5-9 donors); ecto/endo split"
CCR5,CHOL,Liver,49.78,39.92,9.86,76.7,comparable,poor,70.17,0.412,False,"rank-based within-dataset percentile among 1379 shared genes; TCGA=RSEM normalized_count, GTEx v8=TPM; NOT a fold change. mapping: Cholangiocarcinoma arises from bile-duct epithelium; GTEx has no bile duct, Liver is hepatocyte-dominated"
CCR5,COAD,Colon_Transverse,52.25,39.56,12.69,84.8,comparable,good,80.92,1.392,False,"rank-based within-dataset percentile among 1379 shared genes; TCGA=RSEM normalized_count, GTEx v8=TPM; NOT a fold change. clean tissue-of-origin match"
CCR5,ESCA,Esophagus_Mucosa,50.44,38.69,11.75,83.3,comparable,fair,75.0,0.936,False,"rank-based within-dataset percentile among 1379 shared genes; TCGA=RSEM normalized_count, GTEx v8=TPM; NOT a fold change. mapping: TCGA ESCA mixes squamous and adenocarcinoma; mucosa is squamous"
CCR5,GBM,Brain_Cortex,53.55,20.49,33.07,97.4,enriched,good,119.36,0.099,False,"rank-based within-dataset percentile among 1379 shared genes; TCGA=RSEM normalized_count, GTEx v8=TPM; NOT a fold change. clean tissue-of-origin match"
CCR5,HNSC,Esophagus_Mucosa,53.55,38.69,14.87,89.3,comparable,poor,119.37,0.936,False,"rank-based within-dataset percentile among 1379 shared genes; TCGA=RSEM normalized_count, GTEx v8=TPM; NOT a fold change. mapping: No oral/laryngeal mucosa in GTEx; esophageal squamous mucosa used as surrogate epithelium"
CCR5,KICH,Kidney_Cortex,47.46,32.67,14.79,86.5,comparable,fair,29.15,0.401,False,"rank-based within-dataset percentile among 1379 shared genes; TCGA=RSEM normalized_count, GTEx v8=TPM; NOT a fold change. mapping: Chromophobe RCC derives from distal nephron/collecting duct"
CCR5,KIRC,Kidney_Cortex,63.34,32.67,30.67,98.3,enriched,good,334.13,0.401,False,"rank-based within-dataset percentile among 1379 shared genes; TCGA=RSEM normalized_count, GTEx v8=TPM; NOT a fold change. clean tissue-of-origin match"
CCR5,KIRP,Kidney_Cortex,56.53,32.67,23.86,97.2,enriched,good,113.55,0.401,False,"rank-based within-dataset percentile among 1379 shared genes; TCGA=RSEM normalized_count, GTEx v8=TPM; NOT a fold change. clean tissue-of-origin match"
CCR5,LGG,Brain_Cortex,43.91,20.49,23.42,96.1,enriched,good,28.87,0.099,False,"rank-based within-dataset percentile among 1379 shared genes; TCGA=RSEM normalized_count, GTEx v8=TPM; NOT a fold change. clean tissue-of-origin match"
CCR5,LIHC,Liver,52.39,39.92,12.47,88.7,comparable,good,58.66,0.412,False,"rank-based within-dataset percentile among 1379 shared genes; TCGA=RSEM normalized_count, GTEx v8=TPM; NOT a fold change. clean tissue-of-origin match"
CCR5,LUAD,Lung,60.37,47.82,12.55,86.4,comparable,good,242.02,4.487,False,"rank-based within-dataset percentile among 1379 shared genes; TCGA=RSEM normalized_count, GTEx v8=TPM; NOT a fold change. clean tissue-of-origin match"
CCR5,LUSC,Lung,53.63,47.82,5.8,69.6,comparable,good,135.69,4.487,False,"rank-based within-dataset percentile among 1379 shared genes; TCGA=RSEM normalized_count, GTEx v8=TPM; NOT a fold change. clean tissue-of-origin match"
CCR5,MESO,Lung,63.05,47.82,15.23,88.0,comparable,poor,263.11,4.487,False,"rank-based within-dataset percentile among 1379 shared genes; TCGA=RSEM normalized_count, GTEx v8=TPM; NOT a fold change. mapping: No pleura/mesothelium in GTEx; Lung used only as an anatomic neighbour"
CCR5,OV,Ovary,53.12,35.35,17.77,87.8,comparable,fair,106.33,0.477,False,"rank-based within-dataset percentile among 1379 shared genes; TCGA=RSEM normalized_count, GTEx v8=TPM; NOT a fold change. mapping: Most TCGA OV is high-grade serous, now thought largely fallopian-tube derived; GTEx Ovary is stroma-rich"
CCR5,PAAD,Pancreas,50.36,36.37,14.0,84.8,comparable,good,138.63,0.303,False,"rank-based within-dataset percentile among 1379 shared genes; TCGA=RSEM normalized_count, GTEx v8=TPM; NOT a fold change. mapping: GTEx Pancreas is acinar-dominated; PDAC is ductal"
CCR5,PCPG,Adrenal_Gland,42.17,42.02,0.15,47.4,comparable,fair,20.31,0.827,False,"rank-based within-dataset percentile among 1379 shared genes; TCGA=RSEM normalized_count, GTEx v8=TPM; NOT a fold change. mapping: Pheochromocytoma is medullary; paraganglioma is extra-adrenal"
CCR5,PRAD,Prostate,49.71,36.22,13.49,90.6,enriched,good,64.42,1.333,False,"rank-based within-dataset percentile among 1379 shared genes; TCGA=RSEM normalized_count, GTEx v8=TPM; NOT a fold change. clean tissue-of-origin match"
CCR5,READ,Colon_Sigmoid,50.29,35.86,14.43,83.7,comparable,good,67.51,0.75,False,"rank-based within-dataset percentile among 1379 shared genes; TCGA=RSEM normalized_count, GTEx v8=TPM; NOT a fold change. clean tissue-of-origin match"
CCR5,SARC,Esophagus_Muscularis,52.83,36.73,16.1,90.9,enriched,poor,82.21,0.703,False,"rank-based within-dataset percentile among 1379 shared genes; TCGA=RSEM normalized_count, GTEx v8=TPM; NOT a fold change. mapping: TCGA SARC is histologically heterogeneous (LMS, DDLPS, UPS); smooth muscle is a partial surrogate only"
CCR5,SKCM,Skin_Sun_Exposed_Lower_leg,54.86,23.89,30.96,96.8,enriched,good,73.97,0.244,False,"rank-based within-dataset percentile among 1379 shared genes; TCGA=RSEM normalized_count, GTEx v8=TPM; NOT a fold change. mapping: GTEx skin is keratinocyte-dominated; melanocytes are a minor fraction"
CCR5,STAD,Stomach,57.9,44.13,13.78,86.7,comparable,good,183.32,1.329,False,"rank-based within-dataset percentile among 1379 shared genes; TCGA=RSEM normalized_count, GTEx v8=TPM; NOT a fold change. clean tissue-of-origin match"
CCR5,TGCT,Testis,67.48,8.81,58.67,99.6,enriched,fair,363.0,0.162,False,"rank-based within-dataset percentile among 1379 shared genes; TCGA=RSEM normalized_count, GTEx v8=TPM; NOT a fold change. mapping: Testis has extreme transcriptome breadth; germ-cell tumour vs whole testis"
CCR5,THCA,Thyroid,50.65,37.96,12.69,88.3,comparable,good,72.73,1.152,False,"rank-based within-dataset percentile among 1379 shared genes; TCGA=RSEM normalized_count, GTEx v8=TPM; NOT a fold change. clean tissue-of-origin match"
CCR5,UCEC,Uterus,52.32,36.51,15.81,87.3,comparable,fair,83.78,0.848,False,"rank-based within-dataset percentile among 1379 shared genes; TCGA=RSEM normalized_count, GTEx v8=TPM; NOT a fold change. mapping: GTEx Uterus is myometrium-dominated; UCEC arises from endometrium"
CCR5,UCS,Uterus,41.3,36.51,4.79,67.4,comparable,poor,34.5,0.848,False,"rank-based within-dataset percentile among 1379 shared genes; TCGA=RSEM normalized_count, GTEx v8=TPM; NOT a fold change. mapping: Carcinosarcoma is biphasic (carcinomatous+sarcomatous); no matched normal exists"
CCR5,UVM,Skin_Not_Sun_Exposed_Suprapubic,49.27,24.62,24.66,93.5,enriched,poor,16.34,0.261,False,"rank-based within-dataset percentile among 1379 shared genes; TCGA=RSEM normalized_count, GTEx v8=TPM; NOT a fold change. mapping: No uveal tract in GTEx; skin used only as a melanocyte-containing surrogate"
CD4,ACC,Adrenal_Gland,67.77,71.39,-3.63,31.4,comparable,good,259.12,10.573,False,"rank-based within-dataset percentile among 1379 shared genes; TCGA=RSEM normalized_count, GTEx v8=TPM; NOT a fold change. mapping: Adrenocortical carcinoma vs whole adrenal gland (cortex+medulla mixed in GTEx)"
CD4,BLCA,Bladder,74.51,64.5,10.01,79.1,comparable,good,506.83,9.864,False,"rank-based within-dataset percentile among 1379 shared genes; TCGA=RSEM normalized_count, GTEx v8=TPM; NOT a fold change. mapping: GTEx Bladder n is small (21 donors)"
CD4,BRCA,Breast_Mammary_Tissue,82.7,68.78,13.92,86.4,comparable,good,1070.67,15.027,False,"rank-based within-dataset percentile among 1379 shared genes; TCGA=RSEM normalized_count, GTEx v8=TPM; NOT a fold change. clean tissue-of-origin match"
CD4,CESC,Cervix_Ectocervix,76.47,58.85,17.62,88.1,comparable,fair,619.32,7.207,False,"rank-based within-dataset percentile among 1379 shared genes; TCGA=RSEM normalized_count, GTEx v8=TPM; NOT a fold change. mapping: GTEx cervix n very small (~5-9 donors); ecto/endo split"
CD4,CHOL,Liver,77.27,87.93,-10.66,20.4,comparable,poor,766.52,21.87,False,"rank-based within-dataset percentile among 1379 shared genes; TCGA=RSEM normalized_count, GTEx v8=TPM; NOT a fold change. mapping: Cholangiocarcinoma arises from bile-duct epithelium; GTEx has no bile duct, Liver is hepatocyte-dominated"
CD4,COAD,Colon_Transverse,74.08,70.81,3.26,62.9,comparable,good,554.08,12.466,False,"rank-based within-dataset percentile among 1379 shared genes; TCGA=RSEM normalized_count, GTEx v8=TPM; NOT a fold change. clean tissue-of-origin match"
CD4,ESCA,Esophagus_Mucosa,73.57,61.17,12.4,84.6,comparable,fair,537.42,5.367,False,"rank-based within-dataset percentile among 1379 shared genes; TCGA=RSEM normalized_count, GTEx v8=TPM; NOT a fold change. mapping: TCGA ESCA mixes squamous and adenocarcinoma; mucosa is squamous"
CD4,GBM,Brain_Cortex,85.9,63.85,22.04,91.4,enriched,good,1609.45,5.18,False,"rank-based within-dataset percentile among 1379 shared genes; TCGA=RSEM normalized_count, GTEx v8=TPM; NOT a fold change. clean tissue-of-origin match"
CD4,HNSC,Esophagus_Mucosa,76.03,61.17,14.87,89.3,comparable,poor,738.14,5.367,False,"rank-based within-dataset percentile among 1379 shared genes; TCGA=RSEM normalized_count, GTEx v8=TPM; NOT a fold change. mapping: No oral/laryngeal mucosa in GTEx; esophageal squamous mucosa used as surrogate epithelium"
CD4,KICH,Kidney_Cortex,73.42,69.65,3.77,63.5,comparable,fair,432.34,7.03,False,"rank-based within-dataset percentile among 1379 shared genes; TCGA=RSEM normalized_count, GTEx v8=TPM; NOT a fold change. mapping: Chromophobe RCC derives from distal nephron/collecting duct"
CD4,KIRC,Kidney_Cortex,85.97,69.65,16.32,89.0,comparable,good,2048.29,7.03,False,"rank-based within-dataset percentile among 1379 shared genes; TCGA=RSEM normalized_count, GTEx v8=TPM; NOT a fold change. clean tissue-of-origin match"
CD4,KIRP,Kidney_Cortex,80.96,69.65,11.31,82.7,comparable,good,1022.25,7.03,False,"rank-based within-dataset percentile among 1379 shared genes; TCGA=RSEM normalized_count, GTEx v8=TPM; NOT a fold change. clean tissue-of-origin match"
CD4,LGG,Brain_Cortex,79.08,63.85,15.23,89.3,comparable,good,894.97,5.18,False,"rank-based within-dataset percentile among 1379 shared genes; TCGA=RSEM normalized_count, GTEx v8=TPM; NOT a fold change. clean tissue-of-origin match"
CD4,LIHC,Liver,82.56,87.93,-5.37,27.3,comparable,good,987.69,21.87,False,"rank-based within-dataset percentile among 1379 shared genes; TCGA=RSEM normalized_count, GTEx v8=TPM; NOT a fold change. clean tissue-of-origin match"
CD4,LUAD,Lung,88.87,88.72,0.15,47.6,comparable,good,2173.51,83.945,False,"rank-based within-dataset percentile among 1379 shared genes; TCGA=RSEM normalized_count, GTEx v8=TPM; NOT a fold change. clean tissue-of-origin match"
CD4,LUSC,Lung,82.99,88.72,-5.73,32.8,comparable,good,1287.53,83.945,False,"rank-based within-dataset percentile among 1379 shared genes; TCGA=RSEM normalized_count, GTEx v8=TPM; NOT a fold change. clean tissue-of-origin match"
CD4,MESO,Lung,85.46,88.72,-3.26,35.2,comparable,poor,1683.24,83.945,False,"rank-based within-dataset percentile among 1379 shared genes; TCGA=RSEM normalized_count, GTEx v8=TPM; NOT a fold change. mapping: No pleura/mesothelium in GTEx; Lung used only as an anatomic neighbour"
CD4,OV,Ovary,84.08,64.79,19.29,89.3,comparable,fair,1212.6,8.453,False,"rank-based within-dataset percentile among 1379 shared genes; TCGA=RSEM normalized_count, GTEx v8=TPM; NOT a fold change. mapping: Most TCGA OV is high-grade serous, now thought largely fallopian-tube derived; GTEx Ovary is stroma-rich"
CD4,PAAD,Pancreas,81.54,63.71,17.84,89.8,comparable,good,1358.22,2.696,False,"rank-based within-dataset percentile among 1379 shared genes; TCGA=RSEM normalized_count, GTEx v8=TPM; NOT a fold change. mapping: GTEx Pancreas is acinar-dominated; PDAC is ductal"
CD4,PCPG,Adrenal_Gland,69.51,71.39,-1.89,40.8,comparable,fair,376.1,10.573,False,"rank-based within-dataset percentile among 1379 shared genes; TCGA=RSEM normalized_count, GTEx v8=TPM; NOT a fold change. mapping: Pheochromocytoma is medullary; paraganglioma is extra-adrenal"
CD4,PRAD,Prostate,68.85,57.61,11.24,87.5,comparable,good,374.67,7.232,False,"rank-based within-dataset percentile among 1379 shared genes; TCGA=RSEM normalized_count, GTEx v8=TPM; NOT a fold change. clean tissue-of-origin match"
CD4,READ,Colon_Sigmoid,73.06,62.18,10.88,77.2,comparable,good,529.36,7.717,False,"rank-based within-dataset percentile among 1379 shared genes; TCGA=RSEM normalized_count, GTEx v8=TPM; NOT a fold change. clean tissue-of-origin match"
CD4,SARC,Esophagus_Muscularis,85.97,62.04,23.93,97.3,enriched,poor,1442.17,6.865,False,"rank-based within-dataset percentile among 1379 shared genes; TCGA=RSEM normalized_count, GTEx v8=TPM; NOT a fold change. mapping: TCGA SARC is histologically heterogeneous (LMS, DDLPS, UPS); smooth muscle is a partial surrogate only"
CD4,SKCM,Skin_Sun_Exposed_Lower_leg,78.57,62.33,16.24,85.4,comparable,good,637.58,8.83,False,"rank-based within-dataset percentile among 1379 shared genes; TCGA=RSEM normalized_count, GTEx v8=TPM; NOT a fold change. mapping: GTEx skin is keratinocyte-dominated; melanocytes are a minor fraction"
CD4,STAD,Stomach,79.73,61.82,17.91,91.7,enriched,good,953.1,5.306,False,"rank-based within-dataset percentile among 1379 shared genes; TCGA=RSEM normalized_count, GTEx v8=TPM; NOT a fold change. clean tissue-of-origin match"
CD4,TGCT,Testis,89.23,51.89,37.35,96.0,enriched,fair,1641.05,3.859,False,"rank-based within-dataset percentile among 1379 shared genes; TCGA=RSEM normalized_count, GTEx v8=TPM; NOT a fold change. mapping: Testis has extreme transcriptome breadth; germ-cell tumour vs whole testis"
CD4,THCA,Thyroid,75.24,62.98,12.26,87.4,comparable,good,684.9,10.969,False,"rank-based within-dataset percentile among 1379 shared genes; TCGA=RSEM normalized_count, GTEx v8=TPM; NOT a fold change. clean tissue-of-origin match"
CD4,UCEC,Uterus,77.7,58.85,18.85,89.8,comparable,fair,687.41,6.567,False,"rank-based within-dataset percentile among 1379 shared genes; TCGA=RSEM normalized_count, GTEx v8=TPM; NOT a fold change. mapping: GTEx Uterus is myometrium-dominated; UCEC arises from endometrium"
CD4,UCS,Uterus,70.09,58.85,11.24,80.7,comparable,poor,477.14,6.567,False,"rank-based within-dataset percentile among 1379 shared genes; TCGA=RSEM normalized_count, GTEx v8=TPM; NOT a fold change. mapping: Carcinosarcoma is biphasic (carcinomatous+sarcomatous); no matched normal exists"
CD4,UVM,Skin_Not_Sun_Exposed_Suprapubic,79.95,61.39,18.56,87.6,comparable,poor,524.84,7.565,False,"rank-based within-dataset percentile among 1379 shared genes; TCGA=RSEM normalized_count, GTEx v8=TPM; NOT a fold change. mapping: No uveal tract in GTEx; skin used only as a melanocyte-containing surrogate"
CD44,ACC,Adrenal_Gland,80.89,70.09,10.8,85.3,comparable,good,793.18,9.336,False,"rank-based within-dataset percentile among 1379 shared genes; TCGA=RSEM normalized_count, GTEx v8=TPM; NOT a fold change. mapping: Adrenocortical carcinoma vs whole adrenal gland (cortex+medulla mixed in GTEx)"
CD44,BLCA,Bladder,96.05,91.7,4.35,67.0,comparable,good,5636.45,74.522,False,"rank-based within-dataset percentile among 1379 shared genes; TCGA=RSEM normalized_count, GTEx v8=TPM; NOT a fold change. mapping: GTEx Bladder n is small (21 donors)"
CD44,BRCA,Breast_Mammary_Tissue,97.28,89.67,7.61,74.3,comparable,good,8207.91,72.546,False,"rank-based within-dataset percentile among 1379 shared genes; TCGA=RSEM normalized_count, GTEx v8=TPM; NOT a fold change. clean tissue-of-origin match"
CD44,CESC,Cervix_Ectocervix,97.93,92.93,5.0,65.9,comparable,fair,9793.71,104.458,False,"rank-based within-dataset percentile among 1379 shared genes; TCGA=RSEM normalized_count, GTEx v8=TPM; NOT a fold change. mapping: GTEx cervix n very small (~5-9 donors); ecto/endo split"
CD44,CHOL,Liver,89.96,62.33,27.63,95.4,enriched,poor,2353.71,2.339,False,"rank-based within-dataset percentile among 1379 shared genes; TCGA=RSEM normalized_count, GTEx v8=TPM; NOT a fold change. mapping: Cholangiocarcinoma arises from bile-duct epithelium; GTEx has no bile duct, Liver is hepatocyte-dominated"
CD44,COAD,Colon_Transverse,97.28,84.16,13.13,85.8,comparable,good,7078.64,31.22,False,"rank-based within-dataset percentile among 1379 shared genes; TCGA=RSEM normalized_count, GTEx v8=TPM; NOT a fold change. clean tissue-of-origin match"
CD44,ESCA,Esophagus_Mucosa,98.44,95.25,3.19,61.6,comparable,fair,11678.2,117.089,False,"rank-based within-dataset percentile among 1379 shared genes; TCGA=RSEM normalized_count, GTEx v8=TPM; NOT a fold change. mapping: TCGA ESCA mixes squamous and adenocarcinoma; mucosa is squamous"
CD44,GBM,Brain_Cortex,98.08,48.91,49.17,99.8,enriched,good,11153.8,1.608,False,"rank-based within-dataset percentile among 1379 shared genes; TCGA=RSEM normalized_count, GTEx v8=TPM; NOT a fold change. clean tissue-of-origin match"
CD44,HNSC,Esophagus_Mucosa,98.66,95.25,3.41,65.6,comparable,poor,22291.2,117.089,False,"rank-based within-dataset percentile among 1379 shared genes; TCGA=RSEM normalized_count, GTEx v8=TPM; NOT a fold change. mapping: No oral/laryngeal mucosa in GTEx; esophageal squamous mucosa used as surrogate epithelium"
CD44,KICH,Kidney_Cortex,93.29,70.52,22.77,95.7,enriched,fair,2957.49,7.408,False,"rank-based within-dataset percentile among 1379 shared genes; TCGA=RSEM normalized_count, GTEx v8=TPM; NOT a fold change. mapping: Chromophobe RCC derives from distal nephron/collecting duct"
CD44,KIRC,Kidney_Cortex,89.67,70.52,19.14,92.9,enriched,good,2761.64,7.408,False,"rank-based within-dataset percentile among 1379 shared genes; TCGA=RSEM normalized_count, GTEx v8=TPM; NOT a fold change. clean tissue-of-origin match"
CD44,KIRP,Kidney_Cortex,89.59,70.52,19.07,93.7,enriched,good,2023.86,7.408,False,"rank-based within-dataset percentile among 1379 shared genes; TCGA=RSEM normalized_count, GTEx v8=TPM; NOT a fold change. clean tissue-of-origin match"
CD44,LGG,Brain_Cortex,94.82,48.91,45.9,99.8,enriched,good,3391.26,1.608,False,"rank-based within-dataset percentile among 1379 shared genes; TCGA=RSEM normalized_count, GTEx v8=TPM; NOT a fold change. clean tissue-of-origin match"
CD44,LIHC,Liver,79.22,62.33,16.9,94.0,enriched,good,763.15,2.339,False,"rank-based within-dataset percentile among 1379 shared genes; TCGA=RSEM normalized_count, GTEx v8=TPM; NOT a fold change. clean tissue-of-origin match"
CD44,LUAD,Lung,96.12,90.32,5.8,70.9,comparable,good,6410.99,101.346,False,"rank-based within-dataset percentile among 1379 shared genes; TCGA=RSEM normalized_count, GTEx v8=TPM; NOT a fold change. clean tissue-of-origin match"
CD44,LUSC,Lung,98.3,90.32,7.98,73.5,comparable,good,13613.1,101.346,False,"rank-based within-dataset percentile among 1379 shared genes; TCGA=RSEM normalized_count, GTEx v8=TPM; NOT a fold change. clean tissue-of-origin match"
CD44,MESO,Lung,95.54,90.32,5.22,68.6,comparable,poor,6230.49,101.346,False,"rank-based within-dataset percentile among 1379 shared genes; TCGA=RSEM normalized_count, GTEx v8=TPM; NOT a fold change. mapping: No pleura/mesothelium in GTEx; Lung used only as an anatomic neighbour"
CD44,OV,Ovary,86.19,62.84,23.35,92.7,enriched,fair,1446.46,7.638,False,"rank-based within-dataset percentile among 1379 shared genes; TCGA=RSEM normalized_count, GTEx v8=TPM; NOT a fold change. mapping: Most TCGA OV is high-grade serous, now thought largely fallopian-tube derived; GTEx Ovary is stroma-rich"
CD44,PAAD,Pancreas,95.76,96.48,-0.73,49.7,comparable,good,8298.87,51.342,False,"rank-based within-dataset percentile among 1379 shared genes; TCGA=RSEM normalized_count, GTEx v8=TPM; NOT a fold change. mapping: GTEx Pancreas is acinar-dominated; PDAC is ductal"
CD44,PCPG,Adrenal_Gland,96.99,70.09,26.9,93.5,enriched,fair,7608.47,9.336,False,"rank-based within-dataset percentile among 1379 shared genes; TCGA=RSEM normalized_count, GTEx v8=TPM; NOT a fold change. mapping: Pheochromocytoma is medullary; paraganglioma is extra-adrenal"
CD44,PRAD,Prostate,94.31,89.96,4.35,69.4,comparable,good,3882.87,61.109,False,"rank-based within-dataset percentile among 1379 shared genes; TCGA=RSEM normalized_count, GTEx v8=TPM; NOT a fold change. clean tissue-of-origin match"
CD44,READ,Colon_Sigmoid,96.99,86.4,10.59,76.6,comparable,good,6689.02,44.83,False,"rank-based within-dataset percentile among 1379 shared genes; TCGA=RSEM normalized_count, GTEx v8=TPM; NOT a fold change. clean tissue-of-origin match"
CD44,SARC,Esophagus_Muscularis,96.7,89.67,7.03,72.6,comparable,poor,8173.44,58.862,False,"rank-based within-dataset percentile among 1379 shared genes; TCGA=RSEM normalized_count, GTEx v8=TPM; NOT a fold change. mapping: TCGA SARC is histologically heterogeneous (LMS, DDLPS, UPS); smooth muscle is a partial surrogate only"
CD44,SKCM,Skin_Sun_Exposed_Lower_leg,98.8,97.21,1.6,47.9,comparable,good,23063.0,227.917,False,"rank-based within-dataset percentile among 1379 shared genes; TCGA=RSEM normalized_count, GTEx v8=TPM; NOT a fold change. mapping: GTEx skin is keratinocyte-dominated; melanocytes are a minor fraction"
CD44,STAD,Stomach,97.06,82.49,14.58,87.9,comparable,good,7409.18,19.997,False,"rank-based within-dataset percentile among 1379 shared genes; TCGA=RSEM normalized_count, GTEx v8=TPM; NOT a fold change. clean tissue-of-origin match"
CD44,TGCT,Testis,88.94,41.01,47.93,98.6,enriched,fair,1601.39,2.154,False,"rank-based within-dataset percentile among 1379 shared genes; TCGA=RSEM normalized_count, GTEx v8=TPM; NOT a fold change. mapping: Testis has extreme transcriptome breadth; germ-cell tumour vs whole testis"
CD44,THCA,Thyroid,98.01,87.78,10.22,84.0,comparable,good,11305.2,56.559,False,"rank-based within-dataset percentile among 1379 shared genes; TCGA=RSEM normalized_count, GTEx v8=TPM; NOT a fold change. clean tissue-of-origin match"
CD44,UCEC,Uterus,94.53,94.16,0.36,45.5,comparable,fair,3495.7,142.58,False,"rank-based within-dataset percentile among 1379 shared genes; TCGA=RSEM normalized_count, GTEx v8=TPM; NOT a fold change. mapping: GTEx Uterus is myometrium-dominated; UCEC arises from endometrium"
CD44,UCS,Uterus,90.32,94.16,-3.84,36.0,comparable,poor,2093.72,142.58,False,"rank-based within-dataset percentile among 1379 shared genes; TCGA=RSEM normalized_count, GTEx v8=TPM; NOT a fold change. mapping: Carcinosarcoma is biphasic (carcinomatous+sarcomatous); no matched normal exists"
CD44,UVM,Skin_Not_Sun_Exposed_Suprapubic,99.75,97.28,2.47,47.6,comparable,poor,72587.35,233.922,False,"rank-based within-dataset percentile among 1379 shared genes; TCGA=RSEM normalized_count, GTEx v8=TPM; NOT a fold change. mapping: No uveal tract in GTEx; skin used only as a melanocyte-containing surrogate"
CX3CR1,ACC,Adrenal_Gland,47.97,37.82,10.15,83.9,comparable,good,29.03,0.561,False,"rank-based within-dataset percentile among 1379 shared genes; TCGA=RSEM normalized_count, GTEx v8=TPM; NOT a fold change. mapping: Adrenocortical carcinoma vs whole adrenal gland (cortex+medulla mixed in GTEx)"
CX3CR1,BLCA,Bladder,34.84,31.8,3.05,63.6,comparable,good,10.01,0.613,False,"rank-based within-dataset percentile among 1379 shared genes; TCGA=RSEM normalized_count, GTEx v8=TPM; NOT a fold change. mapping: GTEx Bladder n is small (21 donors)"
CX3CR1,BRCA,Breast_Mammary_Tissue,55.37,33.76,21.61,95.1,enriched,good,130.14,0.831,False,"rank-based within-dataset percentile among 1379 shared genes; TCGA=RSEM normalized_count, GTEx v8=TPM; NOT a fold change. clean tissue-of-origin match"
CX3CR1,CESC,Cervix_Ectocervix,39.45,25.27,14.18,83.5,comparable,fair,17.49,0.251,False,"rank-based within-dataset percentile among 1379 shared genes; TCGA=RSEM normalized_count, GTEx v8=TPM; NOT a fold change. mapping: GTEx cervix n very small (~5-9 donors); ecto/endo split"
CX3CR1,CHOL,Liver,43.76,39.41,4.35,64.5,comparable,poor,37.46,0.389,False,"rank-based within-dataset percentile among 1379 shared genes; TCGA=RSEM normalized_count, GTEx v8=TPM; NOT a fold change. mapping: Cholangiocarcinoma arises from bile-duct epithelium; GTEx has no bile duct, Liver is hepatocyte-dominated"
CX3CR1,COAD,Colon_Transverse,36.87,22.23,14.65,88.3,comparable,good,12.97,0.216,False,"rank-based within-dataset percentile among 1379 shared genes; TCGA=RSEM normalized_count, GTEx v8=TPM; NOT a fold change. clean tissue-of-origin match"
CX3CR1,ESCA,Esophagus_Mucosa,33.25,28.61,4.64,65.3,comparable,fair,10.3,0.349,False,"rank-based within-dataset percentile among 1379 shared genes; TCGA=RSEM normalized_count, GTEx v8=TPM; NOT a fold change. mapping: TCGA ESCA mixes squamous and adenocarcinoma; mucosa is squamous"
CX3CR1,GBM,Brain_Cortex,80.96,50.0,30.96,96.4,enriched,good,1135.54,1.856,False,"rank-based within-dataset percentile among 1379 shared genes; TCGA=RSEM normalized_count, GTEx v8=TPM; NOT a fold change. clean tissue-of-origin match"
CX3CR1,HNSC,Esophagus_Mucosa,37.67,28.61,9.06,79.1,comparable,poor,20.99,0.349,False,"rank-based within-dataset percentile among 1379 shared genes; TCGA=RSEM normalized_count, GTEx v8=TPM; NOT a fold change. mapping: No oral/laryngeal mucosa in GTEx; esophageal squamous mucosa used as surrogate epithelium"
CX3CR1,KICH,Kidney_Cortex,55.15,28.75,26.4,97.2,enriched,fair,76.84,0.251,False,"rank-based within-dataset percentile among 1379 shared genes; TCGA=RSEM normalized_count, GTEx v8=TPM; NOT a fold change. mapping: Chromophobe RCC derives from distal nephron/collecting duct"
CX3CR1,KIRC,Kidney_Cortex,64.58,28.75,35.82,99.3,enriched,good,369.75,0.251,False,"rank-based within-dataset percentile among 1379 shared genes; TCGA=RSEM normalized_count, GTEx v8=TPM; NOT a fold change. clean tissue-of-origin match"
CX3CR1,KIRP,Kidney_Cortex,58.99,28.75,30.24,99.1,enriched,good,147.43,0.251,False,"rank-based within-dataset percentile among 1379 shared genes; TCGA=RSEM normalized_count, GTEx v8=TPM; NOT a fold change. clean tissue-of-origin match"
CX3CR1,LGG,Brain_Cortex,82.41,50.0,32.41,98.9,enriched,good,1078.75,1.856,False,"rank-based within-dataset percentile among 1379 shared genes; TCGA=RSEM normalized_count, GTEx v8=TPM; NOT a fold change. clean tissue-of-origin match"
CX3CR1,LIHC,Liver,46.08,39.41,6.67,75.7,comparable,good,28.8,0.389,False,"rank-based within-dataset percentile among 1379 shared genes; TCGA=RSEM normalized_count, GTEx v8=TPM; NOT a fold change. clean tissue-of-origin match"
CX3CR1,LUAD,Lung,45.14,35.42,9.72,80.6,comparable,good,66.28,1.535,False,"rank-based within-dataset percentile among 1379 shared genes; TCGA=RSEM normalized_count, GTEx v8=TPM; NOT a fold change. clean tissue-of-origin match"
CX3CR1,LUSC,Lung,36.73,35.42,1.31,51.8,comparable,good,25.09,1.535,False,"rank-based within-dataset percentile among 1379 shared genes; TCGA=RSEM normalized_count, GTEx v8=TPM; NOT a fold change. clean tissue-of-origin match"
CX3CR1,MESO,Lung,57.32,35.42,21.9,93.6,enriched,poor,186.83,1.535,False,"rank-based within-dataset percentile among 1379 shared genes; TCGA=RSEM normalized_count, GTEx v8=TPM; NOT a fold change. mapping: No pleura/mesothelium in GTEx; Lung used only as an anatomic neighbour"
CX3CR1,OV,Ovary,54.42,28.03,26.4,94.4,enriched,fair,120.74,0.234,False,"rank-based within-dataset percentile among 1379 shared genes; TCGA=RSEM normalized_count, GTEx v8=TPM; NOT a fold change. mapping: Most TCGA OV is high-grade serous, now thought largely fallopian-tube derived; GTEx Ovary is stroma-rich"
CX3CR1,PAAD,Pancreas,40.79,37.38,3.41,61.6,comparable,good,54.69,0.327,False,"rank-based within-dataset percentile among 1379 shared genes; TCGA=RSEM normalized_count, GTEx v8=TPM; NOT a fold change. mapping: GTEx Pancreas is acinar-dominated; PDAC is ductal"
CX3CR1,PCPG,Adrenal_Gland,48.62,37.82,10.8,79.6,comparable,fair,50.11,0.561,False,"rank-based within-dataset percentile among 1379 shared genes; TCGA=RSEM normalized_count, GTEx v8=TPM; NOT a fold change. mapping: Pheochromocytoma is medullary; paraganglioma is extra-adrenal"
CX3CR1,PRAD,Prostate,49.85,31.07,18.78,95.3,enriched,good,66.71,0.86,False,"rank-based within-dataset percentile among 1379 shared genes; TCGA=RSEM normalized_count, GTEx v8=TPM; NOT a fold change. clean tissue-of-origin match"
CX3CR1,READ,Colon_Sigmoid,35.86,27.16,8.7,73.2,comparable,good,12.1,0.296,False,"rank-based within-dataset percentile among 1379 shared genes; TCGA=RSEM normalized_count, GTEx v8=TPM; NOT a fold change. clean tissue-of-origin match"
CX3CR1,SARC,Esophagus_Muscularis,47.46,31.51,15.95,90.6,enriched,poor,43.28,0.407,False,"rank-based within-dataset percentile among 1379 shared genes; TCGA=RSEM normalized_count, GTEx v8=TPM; NOT a fold change. mapping: TCGA SARC is histologically heterogeneous (LMS, DDLPS, UPS); smooth muscle is a partial surrogate only"
CX3CR1,SKCM,Skin_Sun_Exposed_Lower_leg,42.02,30.57,11.46,78.3,comparable,good,17.85,0.526,False,"rank-based within-dataset percentile among 1379 shared genes; TCGA=RSEM normalized_count, GTEx v8=TPM; NOT a fold change. mapping: GTEx skin is keratinocyte-dominated; melanocytes are a minor fraction"
CX3CR1,STAD,Stomach,38.47,24.84,13.63,86.3,comparable,good,23.8,0.222,False,"rank-based within-dataset percentile among 1379 shared genes; TCGA=RSEM normalized_count, GTEx v8=TPM; NOT a fold change. clean tissue-of-origin match"
CX3CR1,TGCT,Testis,39.99,29.33,10.66,72.1,comparable,fair,38.23,1.02,False,"rank-based within-dataset percentile among 1379 shared genes; TCGA=RSEM normalized_count, GTEx v8=TPM; NOT a fold change. mapping: Testis has extreme transcriptome breadth; germ-cell tumour vs whole testis"
CX3CR1,THCA,Thyroid,55.22,30.42,24.8,97.6,enriched,good,116.58,0.575,False,"rank-based within-dataset percentile among 1379 shared genes; TCGA=RSEM normalized_count, GTEx v8=TPM; NOT a fold change. clean tissue-of-origin match"
CX3CR1,UCEC,Uterus,41.52,32.16,9.35,76.9,comparable,fair,25.88,0.486,False,"rank-based within-dataset percentile among 1379 shared genes; TCGA=RSEM normalized_count, GTEx v8=TPM; NOT a fold change. mapping: GTEx Uterus is myometrium-dominated; UCEC arises from endometrium"
CX3CR1,UCS,Uterus,37.89,32.16,5.73,69.6,comparable,poor,24.44,0.486,False,"rank-based within-dataset percentile among 1379 shared genes; TCGA=RSEM normalized_count, GTEx v8=TPM; NOT a fold change. mapping: Carcinosarcoma is biphasic (carcinomatous+sarcomatous); no matched normal exists"
CX3CR1,UVM,Skin_Not_Sun_Exposed_Suprapubic,53.99,26.79,27.19,95.0,enriched,poor,29.52,0.366,False,"rank-based within-dataset percentile among 1379 shared genes; TCGA=RSEM normalized_count, GTEx v8=TPM; NOT a fold change. mapping: No uveal tract in GTEx; skin used only as a melanocyte-containing surrogate"
EGFR,ACC,Adrenal_Gland,65.08,76.9,-11.82,13.1,comparable,good,195.89,14.642,False,"rank-based within-dataset percentile among 1379 shared genes; TCGA=RSEM normalized_count, GTEx v8=TPM; NOT a fold change. mapping: Adrenocortical carcinoma vs whole adrenal gland (cortex+medulla mixed in GTEx)"
EGFR,BLCA,Bladder,77.19,77.19,0.0,45.3,comparable,good,614.58,23.53,False,"rank-based within-dataset percentile among 1379 shared genes; TCGA=RSEM normalized_count, GTEx v8=TPM; NOT a fold change. mapping: GTEx Bladder n is small (21 donors)"
EGFR,BRCA,Breast_Mammary_Tissue,58.56,80.96,-22.41,5.9,depleted,good,165.94,32.942,False,"rank-based within-dataset percentile among 1379 shared genes; TCGA=RSEM normalized_count, GTEx v8=TPM; NOT a fold change. clean tissue-of-origin match"
EGFR,CESC,Cervix_Ectocervix,79.88,78.43,1.45,48.7,comparable,fair,841.12,30.955,False,"rank-based within-dataset percentile among 1379 shared genes; TCGA=RSEM normalized_count, GTEx v8=TPM; NOT a fold change. mapping: GTEx cervix n very small (~5-9 donors); ecto/endo split"
EGFR,CHOL,Liver,76.18,85.82,-9.64,21.8,comparable,poor,707.22,16.914,False,"rank-based within-dataset percentile among 1379 shared genes; TCGA=RSEM normalized_count, GTEx v8=TPM; NOT a fold change. mapping: Cholangiocarcinoma arises from bile-duct epithelium; GTEx has no bile duct, Liver is hepatocyte-dominated"
EGFR,COAD,Colon_Transverse,73.06,74.08,-1.02,42.5,comparable,good,517.18,15.05,False,"rank-based within-dataset percentile among 1379 shared genes; TCGA=RSEM normalized_count, GTEx v8=TPM; NOT a fold change. clean tissue-of-origin match"
EGFR,ESCA,Esophagus_Mucosa,87.56,84.45,3.12,60.9,comparable,fair,1690.38,29.914,False,"rank-based within-dataset percentile among 1379 shared genes; TCGA=RSEM normalized_count, GTEx v8=TPM; NOT a fold change. mapping: TCGA ESCA mixes squamous and adenocarcinoma; mucosa is squamous"
EGFR,GBM,Brain_Cortex,94.89,67.26,27.63,95.0,enriched,good,4086.18,6.254,False,"rank-based within-dataset percentile among 1379 shared genes; TCGA=RSEM normalized_count, GTEx v8=TPM; NOT a fold change. clean tissue-of-origin match"
EGFR,HNSC,Esophagus_Mucosa,90.83,84.45,6.38,73.2,comparable,poor,2885.97,29.914,False,"rank-based within-dataset percentile among 1379 shared genes; TCGA=RSEM normalized_count, GTEx v8=TPM; NOT a fold change. mapping: No oral/laryngeal mucosa in GTEx; esophageal squamous mucosa used as surrogate epithelium"
EGFR,KICH,Kidney_Cortex,81.33,66.03,15.3,87.1,comparable,fair,826.58,5.205,False,"rank-based within-dataset percentile among 1379 shared genes; TCGA=RSEM normalized_count, GTEx v8=TPM; NOT a fold change. mapping: Chromophobe RCC derives from distal nephron/collecting duct"
EGFR,KIRC,Kidney_Cortex,88.29,66.03,22.26,95.0,enriched,good,2474.53,5.205,False,"rank-based within-dataset percentile among 1379 shared genes; TCGA=RSEM normalized_count, GTEx v8=TPM; NOT a fold change. clean tissue-of-origin match"
EGFR,KIRP,Kidney_Cortex,75.89,66.03,9.86,78.8,comparable,good,654.67,5.205,False,"rank-based within-dataset percentile among 1379 shared genes; TCGA=RSEM normalized_count, GTEx v8=TPM; NOT a fold change. clean tissue-of-origin match"
EGFR,LGG,Brain_Cortex,91.48,67.26,24.22,96.9,enriched,good,2412.91,6.254,False,"rank-based within-dataset percentile among 1379 shared genes; TCGA=RSEM normalized_count, GTEx v8=TPM; NOT a fold change. clean tissue-of-origin match"
EGFR,LIHC,Liver,79.88,85.82,-5.95,25.6,comparable,good,813.81,16.914,False,"rank-based within-dataset percentile among 1379 shared genes; TCGA=RSEM normalized_count, GTEx v8=TPM; NOT a fold change. clean tissue-of-origin match"
EGFR,LUAD,Lung,79.73,69.29,10.44,81.5,comparable,good,989.82,22.127,False,"rank-based within-dataset percentile among 1379 shared genes; TCGA=RSEM normalized_count, GTEx v8=TPM; NOT a fold change. clean tissue-of-origin match"
EGFR,LUSC,Lung,88.29,69.29,19.0,90.2,enriched,good,2054.93,22.127,False,"rank-based within-dataset percentile among 1379 shared genes; TCGA=RSEM normalized_count, GTEx v8=TPM; NOT a fold change. clean tissue-of-origin match"
EGFR,MESO,Lung,77.27,69.29,7.98,74.8,comparable,poor,858.5,22.127,False,"rank-based within-dataset percentile among 1379 shared genes; TCGA=RSEM normalized_count, GTEx v8=TPM; NOT a fold change. mapping: No pleura/mesothelium in GTEx; Lung used only as an anatomic neighbour"
EGFR,OV,Ovary,61.75,75.89,-14.14,17.0,comparable,fair,215.81,20.736,False,"rank-based within-dataset percentile among 1379 shared genes; TCGA=RSEM normalized_count, GTEx v8=TPM; NOT a fold change. mapping: Most TCGA OV is high-grade serous, now thought largely fallopian-tube derived; GTEx Ovary is stroma-rich"
EGFR,PAAD,Pancreas,71.39,76.47,-5.08,30.4,comparable,good,664.83,6.85,False,"rank-based within-dataset percentile among 1379 shared genes; TCGA=RSEM normalized_count, GTEx v8=TPM; NOT a fold change. mapping: GTEx Pancreas is acinar-dominated; PDAC is ductal"
EGFR,PCPG,Adrenal_Gland,45.21,76.9,-31.69,3.4,depleted,fair,32.64,14.642,False,"rank-based within-dataset percentile among 1379 shared genes; TCGA=RSEM normalized_count, GTEx v8=TPM; NOT a fold change. mapping: Pheochromocytoma is medullary; paraganglioma is extra-adrenal"
EGFR,PRAD,Prostate,77.77,80.17,-2.39,36.4,comparable,good,719.15,27.051,False,"rank-based within-dataset percentile among 1379 shared genes; TCGA=RSEM normalized_count, GTEx v8=TPM; NOT a fold change. clean tissue-of-origin match"
EGFR,READ,Colon_Sigmoid,74.29,75.02,-0.73,44.5,comparable,good,582.54,18.978,False,"rank-based within-dataset percentile among 1379 shared genes; TCGA=RSEM normalized_count, GTEx v8=TPM; NOT a fold change. clean tissue-of-origin match"
EGFR,SARC,Esophagus_Muscularis,68.64,81.91,-13.27,13.5,comparable,poor,392.25,31.802,False,"rank-based within-dataset percentile among 1379 shared genes; TCGA=RSEM normalized_count, GTEx v8=TPM; NOT a fold change. mapping: TCGA SARC is histologically heterogeneous (LMS, DDLPS, UPS); smooth muscle is a partial surrogate only"
EGFR,SKCM,Skin_Sun_Exposed_Lower_leg,49.56,91.19,-41.62,2.7,depleted,good,41.89,78.337,False,"rank-based within-dataset percentile among 1379 shared genes; TCGA=RSEM normalized_count, GTEx v8=TPM; NOT a fold change. mapping: GTEx skin is keratinocyte-dominated; melanocytes are a minor fraction"
EGFR,STAD,Stomach,75.38,73.86,1.52,56.7,comparable,good,685.3,11.008,False,"rank-based within-dataset percentile among 1379 shared genes; TCGA=RSEM normalized_count, GTEx v8=TPM; NOT a fold change. clean tissue-of-origin match"
EGFR,TGCT,Testis,51.45,58.99,-7.54,30.5,comparable,fair,124.28,5.731,False,"rank-based within-dataset percentile among 1379 shared genes; TCGA=RSEM normalized_count, GTEx v8=TPM; NOT a fold change. mapping: Testis has extreme transcriptome breadth; germ-cell tumour vs whole testis"
EGFR,THCA,Thyroid,76.69,74.37,2.32,63.7,comparable,good,774.26,25.039,False,"rank-based within-dataset percentile among 1379 shared genes; TCGA=RSEM normalized_count, GTEx v8=TPM; NOT a fold change. clean tissue-of-origin match"
EGFR,UCEC,Uterus,66.24,71.97,-5.73,30.5,comparable,fair,275.41,21.4,False,"rank-based within-dataset percentile among 1379 shared genes; TCGA=RSEM normalized_count, GTEx v8=TPM; NOT a fold change. mapping: GTEx Uterus is myometrium-dominated; UCEC arises from endometrium"
EGFR,UCS,Uterus,64.14,71.97,-7.83,26.8,comparable,poor,287.49,21.4,False,"rank-based within-dataset percentile among 1379 shared genes; TCGA=RSEM normalized_count, GTEx v8=TPM; NOT a fold change. mapping: Carcinosarcoma is biphasic (carcinomatous+sarcomatous); no matched normal exists"
EGFR,UVM,Skin_Not_Sun_Exposed_Suprapubic,54.21,91.26,-37.06,4.9,depleted,poor,29.61,75.93,False,"rank-based within-dataset percentile among 1379 shared genes; TCGA=RSEM normalized_count, GTEx v8=TPM; NOT a fold change. mapping: No uveal tract in GTEx; skin used only as a melanocyte-containing surrogate"
ERBB2,ACC,Adrenal_Gland,63.63,62.98,0.65,47.1,comparable,good,171.01,5.675,False,"rank-based within-dataset percentile among 1379 shared genes; TCGA=RSEM normalized_count, GTEx v8=TPM; NOT a fold change. mapping: Adrenocortical carcinoma vs whole adrenal gland (cortex+medulla mixed in GTEx)"
ERBB2,BLCA,Bladder,97.06,84.23,12.84,85.6,comparable,good,7528.02,36.499,False,"rank-based within-dataset percentile among 1379 shared genes; TCGA=RSEM normalized_count, GTEx v8=TPM; NOT a fold change. mapping: GTEx Bladder n is small (21 donors)"
ERBB2,BRCA,Breast_Mammary_Tissue,96.56,82.49,14.07,86.9,comparable,good,7030.66,36.906,False,"rank-based within-dataset percentile among 1379 shared genes; TCGA=RSEM normalized_count, GTEx v8=TPM; NOT a fold change. clean tissue-of-origin match"
ERBB2,CESC,Cervix_Ectocervix,95.32,87.27,8.05,72.2,comparable,fair,4531.63,60.612,False,"rank-based within-dataset percentile among 1379 shared genes; TCGA=RSEM normalized_count, GTEx v8=TPM; NOT a fold change. mapping: GTEx cervix n very small (~5-9 donors); ecto/endo split"
ERBB2,CHOL,Liver,95.47,82.49,12.98,81.9,comparable,poor,5469.65,12.568,False,"rank-based within-dataset percentile among 1379 shared genes; TCGA=RSEM normalized_count, GTEx v8=TPM; NOT a fold change. mapping: Cholangiocarcinoma arises from bile-duct epithelium; GTEx has no bile duct, Liver is hepatocyte-dominated"
ERBB2,COAD,Colon_Transverse,95.4,90.75,4.64,67.2,comparable,good,4686.73,51.18,False,"rank-based within-dataset percentile among 1379 shared genes; TCGA=RSEM normalized_count, GTEx v8=TPM; NOT a fold change. clean tissue-of-origin match"
ERBB2,ESCA,Esophagus_Mucosa,93.94,94.89,-0.94,41.3,comparable,fair,3784.62,113.101,False,"rank-based within-dataset percentile among 1379 shared genes; TCGA=RSEM normalized_count, GTEx v8=TPM; NOT a fold change. mapping: TCGA ESCA mixes squamous and adenocarcinoma; mucosa is squamous"
ERBB2,GBM,Brain_Cortex,81.4,67.69,13.71,81.1,comparable,good,1168.77,6.467,False,"rank-based within-dataset percentile among 1379 shared genes; TCGA=RSEM normalized_count, GTEx v8=TPM; NOT a fold change. clean tissue-of-origin match"
ERBB2,HNSC,Esophagus_Mucosa,91.99,94.89,-2.9,35.2,comparable,poor,3292.61,113.101,False,"rank-based within-dataset percentile among 1379 shared genes; TCGA=RSEM normalized_count, GTEx v8=TPM; NOT a fold change. mapping: No oral/laryngeal mucosa in GTEx; esophageal squamous mucosa used as surrogate epithelium"
ERBB2,KICH,Kidney_Cortex,95.03,94.45,0.58,47.6,comparable,fair,4525.43,53.57,False,"rank-based within-dataset percentile among 1379 shared genes; TCGA=RSEM normalized_count, GTEx v8=TPM; NOT a fold change. mapping: Chromophobe RCC derives from distal nephron/collecting duct"
ERBB2,KIRC,Kidney_Cortex,88.58,94.45,-5.87,28.9,comparable,good,2553.48,53.57,False,"rank-based within-dataset percentile among 1379 shared genes; TCGA=RSEM normalized_count, GTEx v8=TPM; NOT a fold change. clean tissue-of-origin match"
ERBB2,KIRP,Kidney_Cortex,96.77,94.45,2.32,51.4,comparable,good,6605.63,53.57,False,"rank-based within-dataset percentile among 1379 shared genes; TCGA=RSEM normalized_count, GTEx v8=TPM; NOT a fold change. clean tissue-of-origin match"
ERBB2,LGG,Brain_Cortex,74.22,67.69,6.53,72.2,comparable,good,639.47,6.467,False,"rank-based within-dataset percentile among 1379 shared genes; TCGA=RSEM normalized_count, GTEx v8=TPM; NOT a fold change. clean tissue-of-origin match"
ERBB2,LIHC,Liver,90.54,82.49,8.05,78.9,comparable,good,2237.29,12.568,False,"rank-based within-dataset percentile among 1379 shared genes; TCGA=RSEM normalized_count, GTEx v8=TPM; NOT a fold change. clean tissue-of-origin match"
ERBB2,LUAD,Lung,95.98,82.41,13.56,87.8,comparable,good,6097.4,47.78,False,"rank-based within-dataset percentile among 1379 shared genes; TCGA=RSEM normalized_count, GTEx v8=TPM; NOT a fold change. clean tissue-of-origin match"
ERBB2,LUSC,Lung,90.97,82.41,8.56,74.1,comparable,good,2701.22,47.78,False,"rank-based within-dataset percentile among 1379 shared genes; TCGA=RSEM normalized_count, GTEx v8=TPM; NOT a fold change. clean tissue-of-origin match"
ERBB2,MESO,Lung,90.03,82.41,7.61,74.0,comparable,poor,2697.86,47.78,False,"rank-based within-dataset percentile among 1379 shared genes; TCGA=RSEM normalized_count, GTEx v8=TPM; NOT a fold change. mapping: No pleura/mesothelium in GTEx; Lung used only as an anatomic neighbour"
ERBB2,OV,Ovary,94.53,83.36,11.17,78.5,comparable,fair,4067.98,38.723,False,"rank-based within-dataset percentile among 1379 shared genes; TCGA=RSEM normalized_count, GTEx v8=TPM; NOT a fold change. mapping: Most TCGA OV is high-grade serous, now thought largely fallopian-tube derived; GTEx Ovary is stroma-rich"
ERBB2,PAAD,Pancreas,93.65,89.74,3.92,63.4,comparable,good,4996.85,18.578,False,"rank-based within-dataset percentile among 1379 shared genes; TCGA=RSEM normalized_count, GTEx v8=TPM; NOT a fold change. mapping: GTEx Pancreas is acinar-dominated; PDAC is ductal"
ERBB2,PCPG,Adrenal_Gland,63.78,62.98,0.8,50.0,comparable,fair,236.49,5.675,False,"rank-based within-dataset percentile among 1379 shared genes; TCGA=RSEM normalized_count, GTEx v8=TPM; NOT a fold change. mapping: Pheochromocytoma is medullary; paraganglioma is extra-adrenal"
ERBB2,PRAD,Prostate,96.48,92.78,3.7,67.6,comparable,good,5521.39,83.774,False,"rank-based within-dataset percentile among 1379 shared genes; TCGA=RSEM normalized_count, GTEx v8=TPM; NOT a fold change. clean tissue-of-origin match"
ERBB2,READ,Colon_Sigmoid,95.32,81.91,13.42,81.9,comparable,good,4669.01,31.919,False,"rank-based within-dataset percentile among 1379 shared genes; TCGA=RSEM normalized_count, GTEx v8=TPM; NOT a fold change. clean tissue-of-origin match"
ERBB2,SARC,Esophagus_Muscularis,85.46,82.78,2.68,59.8,comparable,poor,1380.63,33.509,False,"rank-based within-dataset percentile among 1379 shared genes; TCGA=RSEM normalized_count, GTEx v8=TPM; NOT a fold change. mapping: TCGA SARC is histologically heterogeneous (LMS, DDLPS, UPS); smooth muscle is a partial surrogate only"
ERBB2,SKCM,Skin_Sun_Exposed_Lower_leg,88.51,94.09,-5.58,30.1,comparable,good,1574.34,118.26,False,"rank-based within-dataset percentile among 1379 shared genes; TCGA=RSEM normalized_count, GTEx v8=TPM; NOT a fold change. mapping: GTEx skin is keratinocyte-dominated; melanocytes are a minor fraction"
ERBB2,STAD,Stomach,94.53,89.88,4.64,66.0,comparable,good,4247.1,34.5,False,"rank-based within-dataset percentile among 1379 shared genes; TCGA=RSEM normalized_count, GTEx v8=TPM; NOT a fold change. clean tissue-of-origin match"
ERBB2,TGCT,Testis,91.04,82.12,8.92,69.4,comparable,fair,1960.38,21.871,False,"rank-based within-dataset percentile among 1379 shared genes; TCGA=RSEM normalized_count, GTEx v8=TPM; NOT a fold change. mapping: Testis has extreme transcriptome breadth; germ-cell tumour vs whole testis"
ERBB2,THCA,Thyroid,96.34,93.0,3.34,66.5,comparable,good,6690.72,99.308,False,"rank-based within-dataset percentile among 1379 shared genes; TCGA=RSEM normalized_count, GTEx v8=TPM; NOT a fold change. clean tissue-of-origin match"
ERBB2,UCEC,Uterus,96.05,83.14,12.91,83.0,comparable,fair,4853.03,48.032,False,"rank-based within-dataset percentile among 1379 shared genes; TCGA=RSEM normalized_count, GTEx v8=TPM; NOT a fold change. mapping: GTEx Uterus is myometrium-dominated; UCEC arises from endometrium"
ERBB2,UCS,Uterus,95.83,83.14,12.69,82.8,comparable,poor,4555.36,48.032,False,"rank-based within-dataset percentile among 1379 shared genes; TCGA=RSEM normalized_count, GTEx v8=TPM; NOT a fold change. mapping: Carcinosarcoma is biphasic (carcinomatous+sarcomatous); no matched normal exists"
ERBB2,UVM,Skin_Not_Sun_Exposed_Suprapubic,90.25,93.94,-3.7,32.2,comparable,poor,1699.78,110.944,False,"rank-based within-dataset percentile among 1379 shared genes; TCGA=RSEM normalized_count, GTEx v8=TPM; NOT a fold change. mapping: No uveal tract in GTEx; skin used only as a melanocyte-containing surrogate"
ERBB3,ACC,Adrenal_Gland,41.66,38.03,3.63,57.2,comparable,good,10.8,0.576,False,"rank-based within-dataset percentile among 1379 shared genes; TCGA=RSEM normalized_count, GTEx v8=TPM; NOT a fold change. mapping: Adrenocortical carcinoma vs whole adrenal gland (cortex+medulla mixed in GTEx)"
ERBB3,BLCA,Bladder,93.22,65.88,27.34,96.2,enriched,good,3051.45,10.815,False,"rank-based within-dataset percentile among 1379 shared genes; TCGA=RSEM normalized_count, GTEx v8=TPM; NOT a fold change. mapping: GTEx Bladder n is small (21 donors)"
ERBB3,BRCA,Breast_Mammary_Tissue,96.41,73.35,23.06,95.9,enriched,good,6958.87,20.306,False,"rank-based within-dataset percentile among 1379 shared genes; TCGA=RSEM normalized_count, GTEx v8=TPM; NOT a fold change. clean tissue-of-origin match"
ERBB3,CESC,Cervix_Ectocervix,91.91,65.81,26.11,93.8,enriched,fair,2654.14,13.633,False,"rank-based within-dataset percentile among 1379 shared genes; TCGA=RSEM normalized_count, GTEx v8=TPM; NOT a fold change. mapping: GTEx cervix n very small (~5-9 donors); ecto/endo split"
ERBB3,CHOL,Liver,97.21,91.33,5.87,68.6,comparable,poor,8882.27,33.196,False,"rank-based within-dataset percentile among 1379 shared genes; TCGA=RSEM normalized_count, GTEx v8=TPM; NOT a fold change. mapping: Cholangiocarcinoma arises from bile-duct epithelium; GTEx has no bile duct, Liver is hepatocyte-dominated"
ERBB3,COAD,Colon_Transverse,96.99,89.09,7.9,75.3,comparable,good,6539.55,42.505,False,"rank-based within-dataset percentile among 1379 shared genes; TCGA=RSEM normalized_count, GTEx v8=TPM; NOT a fold change. clean tissue-of-origin match"
ERBB3,ESCA,Esophagus_Mucosa,93.0,91.19,1.81,56.1,comparable,fair,3219.77,62.65,False,"rank-based within-dataset percentile among 1379 shared genes; TCGA=RSEM normalized_count, GTEx v8=TPM; NOT a fold change. mapping: TCGA ESCA mixes squamous and adenocarcinoma; mucosa is squamous"
ERBB3,GBM,Brain_Cortex,61.24,70.38,-9.14,24.7,comparable,good,256.23,7.596,False,"rank-based within-dataset percentile among 1379 shared genes; TCGA=RSEM normalized_count, GTEx v8=TPM; NOT a fold change. clean tissue-of-origin match"
ERBB3,HNSC,Esophagus_Mucosa,84.59,91.19,-6.6,24.1,comparable,poor,1486.94,62.65,False,"rank-based within-dataset percentile among 1379 shared genes; TCGA=RSEM normalized_count, GTEx v8=TPM; NOT a fold change. mapping: No oral/laryngeal mucosa in GTEx; esophageal squamous mucosa used as surrogate epithelium"
ERBB3,KICH,Kidney_Cortex,82.92,81.4,1.52,50.0,comparable,fair,957.0,15.519,False,"rank-based within-dataset percentile among 1379 shared genes; TCGA=RSEM normalized_count, GTEx v8=TPM; NOT a fold change. mapping: Chromophobe RCC derives from distal nephron/collecting duct"
ERBB3,KIRC,Kidney_Cortex,92.49,81.4,11.09,79.3,comparable,good,3974.67,15.519,False,"rank-based within-dataset percentile among 1379 shared genes; TCGA=RSEM normalized_count, GTEx v8=TPM; NOT a fold change. clean tissue-of-origin match"
ERBB3,KIRP,Kidney_Cortex,94.45,81.4,13.05,85.9,comparable,good,4011.28,15.519,False,"rank-based within-dataset percentile among 1379 shared genes; TCGA=RSEM normalized_count, GTEx v8=TPM; NOT a fold change. clean tissue-of-origin match"
ERBB3,LGG,Brain_Cortex,75.53,70.38,5.15,68.4,comparable,good,694.81,7.596,False,"rank-based within-dataset percentile among 1379 shared genes; TCGA=RSEM normalized_count, GTEx v8=TPM; NOT a fold change. clean tissue-of-origin match"
ERBB3,LIHC,Liver,95.11,91.33,3.77,68.2,comparable,good,4785.51,33.196,False,"rank-based within-dataset percentile among 1379 shared genes; TCGA=RSEM normalized_count, GTEx v8=TPM; NOT a fold change. clean tissue-of-origin match"
ERBB3,LUAD,Lung,94.38,66.03,28.35,98.1,enriched,good,4532.54,18.267,False,"rank-based within-dataset percentile among 1379 shared genes; TCGA=RSEM normalized_count, GTEx v8=TPM; NOT a fold change. clean tissue-of-origin match"
ERBB3,LUSC,Lung,84.74,66.03,18.71,89.9,comparable,good,1493.81,18.267,False,"rank-based within-dataset percentile among 1379 shared genes; TCGA=RSEM normalized_count, GTEx v8=TPM; NOT a fold change. clean tissue-of-origin match"
ERBB3,MESO,Lung,55.66,66.03,-10.37,18.2,comparable,poor,160.71,18.267,False,"rank-based within-dataset percentile among 1379 shared genes; TCGA=RSEM normalized_count, GTEx v8=TPM; NOT a fold change. mapping: No pleura/mesothelium in GTEx; Lung used only as an anatomic neighbour"
ERBB3,OV,Ovary,91.48,43.04,48.44,99.1,enriched,fair,2658.29,1.13,False,"rank-based within-dataset percentile among 1379 shared genes; TCGA=RSEM normalized_count, GTEx v8=TPM; NOT a fold change. mapping: Most TCGA OV is high-grade serous, now thought largely fallopian-tube derived; GTEx Ovary is stroma-rich"
ERBB3,PAAD,Pancreas,92.49,90.39,2.1,57.8,comparable,good,4146.47,20.011,False,"rank-based within-dataset percentile among 1379 shared genes; TCGA=RSEM normalized_count, GTEx v8=TPM; NOT a fold change. mapping: GTEx Pancreas is acinar-dominated; PDAC is ductal"
ERBB3,PCPG,Adrenal_Gland,49.42,38.03,11.39,80.9,comparable,fair,55.66,0.576,False,"rank-based within-dataset percentile among 1379 shared genes; TCGA=RSEM normalized_count, GTEx v8=TPM; NOT a fold change. mapping: Pheochromocytoma is medullary; paraganglioma is extra-adrenal"
ERBB3,PRAD,Prostate,96.56,85.39,11.17,87.2,comparable,good,5635.63,40.44,False,"rank-based within-dataset percentile among 1379 shared genes; TCGA=RSEM normalized_count, GTEx v8=TPM; NOT a fold change. clean tissue-of-origin match"
ERBB3,READ,Colon_Sigmoid,97.06,75.16,21.9,90.2,enriched,good,6697.75,19.122,False,"rank-based within-dataset percentile among 1379 shared genes; TCGA=RSEM normalized_count, GTEx v8=TPM; NOT a fold change. clean tissue-of-origin match"
ERBB3,SARC,Esophagus_Muscularis,34.55,70.23,-35.68,2.3,depleted,poor,8.69,13.98,False,"rank-based within-dataset percentile among 1379 shared genes; TCGA=RSEM normalized_count, GTEx v8=TPM; NOT a fold change. mapping: TCGA SARC is histologically heterogeneous (LMS, DDLPS, UPS); smooth muscle is a partial surrogate only"
ERBB3,SKCM,Skin_Sun_Exposed_Lower_leg,97.72,90.46,7.25,69.2,comparable,good,10815.0,71.905,False,"rank-based within-dataset percentile among 1379 shared genes; TCGA=RSEM normalized_count, GTEx v8=TPM; NOT a fold change. mapping: GTEx skin is keratinocyte-dominated; melanocytes are a minor fraction"
ERBB3,STAD,Stomach,95.61,92.35,3.26,61.2,comparable,good,5490.2,45.573,False,"rank-based within-dataset percentile among 1379 shared genes; TCGA=RSEM normalized_count, GTEx v8=TPM; NOT a fold change. clean tissue-of-origin match"
ERBB3,TGCT,Testis,87.93,45.72,42.2,97.5,enriched,fair,1484.47,2.756,False,"rank-based within-dataset percentile among 1379 shared genes; TCGA=RSEM normalized_count, GTEx v8=TPM; NOT a fold change. mapping: Testis has extreme transcriptome breadth; germ-cell tumour vs whole testis"
ERBB3,THCA,Thyroid,86.84,62.4,24.44,97.5,enriched,good,1716.79,10.02,False,"rank-based within-dataset percentile among 1379 shared genes; TCGA=RSEM normalized_count, GTEx v8=TPM; NOT a fold change. clean tissue-of-origin match"
ERBB3,UCEC,Uterus,92.13,46.23,45.9,99.2,enriched,fair,2510.39,2.203,False,"rank-based within-dataset percentile among 1379 shared genes; TCGA=RSEM normalized_count, GTEx v8=TPM; NOT a fold change. mapping: GTEx Uterus is myometrium-dominated; UCEC arises from endometrium"
ERBB3,UCS,Uterus,89.09,46.23,42.86,98.8,enriched,poor,1808.88,2.203,False,"rank-based within-dataset percentile among 1379 shared genes; TCGA=RSEM normalized_count, GTEx v8=TPM; NOT a fold change. mapping: Carcinosarcoma is biphasic (carcinomatous+sarcomatous); no matched normal exists"
ERBB3,UVM,Skin_Not_Sun_Exposed_Suprapubic,94.74,90.1,4.64,52.8,comparable,poor,4082.49,66.65,False,"rank-based within-dataset percentile among 1379 shared genes; TCGA=RSEM normalized_count, GTEx v8=TPM; NOT a fold change. mapping: No uveal tract in GTEx; skin used only as a melanocyte-containing surrogate"
ERBB4,ACC,Adrenal_Gland,24.91,16.06,8.85,81.4,comparable,good,0.94,0.034,False,"rank-based within-dataset percentile among 1379 shared genes; TCGA=RSEM normalized_count, GTEx v8=TPM; NOT a fold change. mapping: Adrenocortical carcinoma vs whole adrenal gland (cortex+medulla mixed in GTEx)"
ERBB4,BLCA,Bladder,26.58,16.79,9.79,78.7,comparable,good,3.3,0.076,False,"rank-based within-dataset percentile among 1379 shared genes; TCGA=RSEM normalized_count, GTEx v8=TPM; NOT a fold change. mapping: GTEx Bladder n is small (21 donors)"
ERBB4,BRCA,Breast_Mammary_Tissue,75.6,39.63,35.97,99.0,enriched,good,639.0,1.443,False,"rank-based within-dataset percentile among 1379 shared genes; TCGA=RSEM normalized_count, GTEx v8=TPM; NOT a fold change. clean tissue-of-origin match"
ERBB4,CESC,Cervix_Ectocervix,26.43,21.79,4.64,65.0,comparable,fair,2.7,0.155,False,"rank-based within-dataset percentile among 1379 shared genes; TCGA=RSEM normalized_count, GTEx v8=TPM; NOT a fold change. mapping: GTEx cervix n very small (~5-9 donors); ecto/endo split"
ERBB4,CHOL,Liver,33.83,14.68,19.14,89.4,comparable,poor,10.28,0.013,False,"rank-based within-dataset percentile among 1379 shared genes; TCGA=RSEM normalized_count, GTEx v8=TPM; NOT a fold change. mapping: Cholangiocarcinoma arises from bile-duct epithelium; GTEx has no bile duct, Liver is hepatocyte-dominated"
ERBB4,COAD,Colon_Transverse,6.89,13.74,-6.85,25.6,comparable,good,0.0,0.053,False,"rank-based within-dataset percentile among 1379 shared genes; TCGA=RSEM normalized_count, GTEx v8=TPM; NOT a fold change. clean tissue-of-origin match"
ERBB4,ESCA,Esophagus_Mucosa,17.59,14.39,3.19,61.3,comparable,fair,0.99,0.036,False,"rank-based within-dataset percentile among 1379 shared genes; TCGA=RSEM normalized_count, GTEx v8=TPM; NOT a fold change. mapping: TCGA ESCA mixes squamous and adenocarcinoma; mucosa is squamous"
ERBB4,GBM,Brain_Cortex,60.3,65.16,-4.86,33.5,comparable,good,230.45,5.482,False,"rank-based within-dataset percentile among 1379 shared genes; TCGA=RSEM normalized_count, GTEx v8=TPM; NOT a fold change. clean tissue-of-origin match"
ERBB4,HNSC,Esophagus_Mucosa,21.5,14.39,7.11,74.8,comparable,poor,1.97,0.036,False,"rank-based within-dataset percentile among 1379 shared genes; TCGA=RSEM normalized_count, GTEx v8=TPM; NOT a fold change. mapping: No oral/laryngeal mucosa in GTEx; esophageal squamous mucosa used as surrogate epithelium"
ERBB4,KICH,Kidney_Cortex,74.0,53.26,20.74,94.3,enriched,fair,444.47,2.118,False,"rank-based within-dataset percentile among 1379 shared genes; TCGA=RSEM normalized_count, GTEx v8=TPM; NOT a fold change. mapping: Chromophobe RCC derives from distal nephron/collecting duct"
ERBB4,KIRC,Kidney_Cortex,34.77,53.26,-18.49,10.0,comparable,good,12.83,2.118,False,"rank-based within-dataset percentile among 1379 shared genes; TCGA=RSEM normalized_count, GTEx v8=TPM; NOT a fold change. clean tissue-of-origin match"
ERBB4,KIRP,Kidney_Cortex,30.71,53.26,-22.55,6.0,depleted,good,4.25,2.118,False,"rank-based within-dataset percentile among 1379 shared genes; TCGA=RSEM normalized_count, GTEx v8=TPM; NOT a fold change. clean tissue-of-origin match"
ERBB4,LGG,Brain_Cortex,81.83,65.16,16.68,91.3,enriched,good,1039.7,5.482,False,"rank-based within-dataset percentile among 1379 shared genes; TCGA=RSEM normalized_count, GTEx v8=TPM; NOT a fold change. clean tissue-of-origin match"
ERBB4,LIHC,Liver,9.03,14.68,-5.66,26.5,comparable,good,0.0,0.013,False,"rank-based within-dataset percentile among 1379 shared genes; TCGA=RSEM normalized_count, GTEx v8=TPM; NOT a fold change. clean tissue-of-origin match"
ERBB4,LUAD,Lung,39.49,29.33,10.15,81.1,comparable,good,29.09,0.882,False,"rank-based within-dataset percentile among 1379 shared genes; TCGA=RSEM normalized_count, GTEx v8=TPM; NOT a fold change. clean tissue-of-origin match"
ERBB4,LUSC,Lung,30.49,29.33,1.16,51.3,comparable,good,10.47,0.882,False,"rank-based within-dataset percentile among 1379 shared genes; TCGA=RSEM normalized_count, GTEx v8=TPM; NOT a fold change. clean tissue-of-origin match"
ERBB4,MESO,Lung,39.41,29.33,10.08,78.7,comparable,poor,26.67,0.882,False,"rank-based within-dataset percentile among 1379 shared genes; TCGA=RSEM normalized_count, GTEx v8=TPM; NOT a fold change. mapping: No pleura/mesothelium in GTEx; Lung used only as an anatomic neighbour"
ERBB4,OV,Ovary,72.63,23.46,49.17,99.3,enriched,fair,496.66,0.132,False,"rank-based within-dataset percentile among 1379 shared genes; TCGA=RSEM normalized_count, GTEx v8=TPM; NOT a fold change. mapping: Most TCGA OV is high-grade serous, now thought largely fallopian-tube derived; GTEx Ovary is stroma-rich"
ERBB4,PAAD,Pancreas,28.39,37.16,-8.77,23.1,comparable,good,12.34,0.323,False,"rank-based within-dataset percentile among 1379 shared genes; TCGA=RSEM normalized_count, GTEx v8=TPM; NOT a fold change. mapping: GTEx Pancreas is acinar-dominated; PDAC is ductal"
ERBB4,PCPG,Adrenal_Gland,43.55,16.06,27.48,93.9,enriched,fair,25.31,0.034,False,"rank-based within-dataset percentile among 1379 shared genes; TCGA=RSEM normalized_count, GTEx v8=TPM; NOT a fold change. mapping: Pheochromocytoma is medullary; paraganglioma is extra-adrenal"
ERBB4,PRAD,Prostate,43.33,22.37,20.96,96.5,enriched,good,34.94,0.252,False,"rank-based within-dataset percentile among 1379 shared genes; TCGA=RSEM normalized_count, GTEx v8=TPM; NOT a fold change. clean tissue-of-origin match"
ERBB4,READ,Colon_Sigmoid,6.67,20.56,-13.89,19.3,comparable,good,0.0,0.112,False,"rank-based within-dataset percentile among 1379 shared genes; TCGA=RSEM normalized_count, GTEx v8=TPM; NOT a fold change. clean tissue-of-origin match"
ERBB4,SARC,Esophagus_Muscularis,20.85,18.31,2.54,59.5,comparable,poor,0.95,0.065,False,"rank-based within-dataset percentile among 1379 shared genes; TCGA=RSEM normalized_count, GTEx v8=TPM; NOT a fold change. mapping: TCGA SARC is histologically heterogeneous (LMS, DDLPS, UPS); smooth muscle is a partial surrogate only"
ERBB4,SKCM,Skin_Sun_Exposed_Lower_leg,18.75,26.29,-7.54,26.4,comparable,good,0.49,0.344,False,"rank-based within-dataset percentile among 1379 shared genes; TCGA=RSEM normalized_count, GTEx v8=TPM; NOT a fold change. mapping: GTEx skin is keratinocyte-dominated; melanocytes are a minor fraction"
ERBB4,STAD,Stomach,21.5,29.33,-7.83,24.9,comparable,good,2.14,0.367,False,"rank-based within-dataset percentile among 1379 shared genes; TCGA=RSEM normalized_count, GTEx v8=TPM; NOT a fold change. clean tissue-of-origin match"
ERBB4,TGCT,Testis,31.51,56.02,-24.51,11.3,comparable,fair,17.36,5.018,False,"rank-based within-dataset percentile among 1379 shared genes; TCGA=RSEM normalized_count, GTEx v8=TPM; NOT a fold change. mapping: Testis has extreme transcriptome breadth; germ-cell tumour vs whole testis"
ERBB4,THCA,Thyroid,52.18,44.42,7.76,79.1,comparable,good,82.35,2.191,False,"rank-based within-dataset percentile among 1379 shared genes; TCGA=RSEM normalized_count, GTEx v8=TPM; NOT a fold change. clean tissue-of-origin match"
ERBB4,UCEC,Uterus,61.17,21.43,39.74,98.4,enriched,fair,178.34,0.138,False,"rank-based within-dataset percentile among 1379 shared genes; TCGA=RSEM normalized_count, GTEx v8=TPM; NOT a fold change. mapping: GTEx Uterus is myometrium-dominated; UCEC arises from endometrium"
ERBB4,UCS,Uterus,57.76,21.43,36.33,97.5,enriched,poor,156.05,0.138,False,"rank-based within-dataset percentile among 1379 shared genes; TCGA=RSEM normalized_count, GTEx v8=TPM; NOT a fold change. mapping: Carcinosarcoma is biphasic (carcinomatous+sarcomatous); no matched normal exists"
ERBB4,UVM,Skin_Not_Sun_Exposed_Suprapubic,43.55,26.72,16.82,85.3,comparable,poor,7.93,0.365,False,"rank-based within-dataset percentile among 1379 shared genes; TCGA=RSEM normalized_count, GTEx v8=TPM; NOT a fold change. mapping: No uveal tract in GTEx; skin used only as a melanocyte-containing surrogate"
F2R,ACC,Adrenal_Gland,78.64,77.41,1.23,49.0,comparable,good,662.55,15.549,False,"rank-based within-dataset percentile among 1379 shared genes; TCGA=RSEM normalized_count, GTEx v8=TPM; NOT a fold change. mapping: Adrenocortical carcinoma vs whole adrenal gland (cortex+medulla mixed in GTEx)"
F2R,BLCA,Bladder,73.35,60.73,12.62,85.0,comparable,good,458.19,7.999,False,"rank-based within-dataset percentile among 1379 shared genes; TCGA=RSEM normalized_count, GTEx v8=TPM; NOT a fold change. mapping: GTEx Bladder n is small (21 donors)"
F2R,BRCA,Breast_Mammary_Tissue,85.82,69.65,16.17,89.9,comparable,good,1465.85,15.935,False,"rank-based within-dataset percentile among 1379 shared genes; TCGA=RSEM normalized_count, GTEx v8=TPM; NOT a fold change. clean tissue-of-origin match"
F2R,CESC,Cervix_Ectocervix,71.25,63.13,8.12,72.2,comparable,fair,383.44,10.379,False,"rank-based within-dataset percentile among 1379 shared genes; TCGA=RSEM normalized_count, GTEx v8=TPM; NOT a fold change. mapping: GTEx cervix n very small (~5-9 donors); ecto/endo split"
F2R,CHOL,Liver,80.46,67.69,12.76,81.4,comparable,poor,976.44,3.785,False,"rank-based within-dataset percentile among 1379 shared genes; TCGA=RSEM normalized_count, GTEx v8=TPM; NOT a fold change. mapping: Cholangiocarcinoma arises from bile-duct epithelium; GTEx has no bile duct, Liver is hepatocyte-dominated"
F2R,COAD,Colon_Transverse,78.72,62.04,16.68,89.8,comparable,good,837.92,7.618,False,"rank-based within-dataset percentile among 1379 shared genes; TCGA=RSEM normalized_count, GTEx v8=TPM; NOT a fold change. clean tissue-of-origin match"
F2R,ESCA,Esophagus_Mucosa,81.11,60.73,20.38,94.7,enriched,fair,996.53,5.207,False,"rank-based within-dataset percentile among 1379 shared genes; TCGA=RSEM normalized_count, GTEx v8=TPM; NOT a fold change. mapping: TCGA ESCA mixes squamous and adenocarcinoma; mucosa is squamous"
F2R,GBM,Brain_Cortex,89.01,39.49,49.53,99.9,enriched,good,2079.99,0.809,False,"rank-based within-dataset percentile among 1379 shared genes; TCGA=RSEM normalized_count, GTEx v8=TPM; NOT a fold change. clean tissue-of-origin match"
F2R,HNSC,Esophagus_Mucosa,79.73,60.73,19.0,93.6,enriched,poor,960.08,5.207,False,"rank-based within-dataset percentile among 1379 shared genes; TCGA=RSEM normalized_count, GTEx v8=TPM; NOT a fold change. mapping: No oral/laryngeal mucosa in GTEx; esophageal squamous mucosa used as surrogate epithelium"
F2R,KICH,Kidney_Cortex,73.57,79.44,-5.87,29.6,comparable,fair,433.32,13.583,False,"rank-based within-dataset percentile among 1379 shared genes; TCGA=RSEM normalized_count, GTEx v8=TPM; NOT a fold change. mapping: Chromophobe RCC derives from distal nephron/collecting duct"
F2R,KIRC,Kidney_Cortex,88.72,79.44,9.28,76.3,comparable,good,2598.58,13.583,False,"rank-based within-dataset percentile among 1379 shared genes; TCGA=RSEM normalized_count, GTEx v8=TPM; NOT a fold change. clean tissue-of-origin match"
F2R,KIRP,Kidney_Cortex,67.04,79.44,-12.4,16.1,comparable,good,312.34,13.583,False,"rank-based within-dataset percentile among 1379 shared genes; TCGA=RSEM normalized_count, GTEx v8=TPM; NOT a fold change. clean tissue-of-origin match"
F2R,LGG,Brain_Cortex,83.5,39.49,44.02,99.7,enriched,good,1129.84,0.809,False,"rank-based within-dataset percentile among 1379 shared genes; TCGA=RSEM normalized_count, GTEx v8=TPM; NOT a fold change. clean tissue-of-origin match"
F2R,LIHC,Liver,73.35,67.69,5.66,74.0,comparable,good,462.63,3.785,False,"rank-based within-dataset percentile among 1379 shared genes; TCGA=RSEM normalized_count, GTEx v8=TPM; NOT a fold change. clean tissue-of-origin match"
F2R,LUAD,Lung,78.5,80.53,-2.03,39.6,comparable,good,905.88,42.478,False,"rank-based within-dataset percentile among 1379 shared genes; TCGA=RSEM normalized_count, GTEx v8=TPM; NOT a fold change. clean tissue-of-origin match"
F2R,LUSC,Lung,77.85,80.53,-2.68,40.7,comparable,good,887.73,42.478,False,"rank-based within-dataset percentile among 1379 shared genes; TCGA=RSEM normalized_count, GTEx v8=TPM; NOT a fold change. clean tissue-of-origin match"
F2R,MESO,Lung,81.4,80.53,0.87,49.3,comparable,poor,1249.59,42.478,False,"rank-based within-dataset percentile among 1379 shared genes; TCGA=RSEM normalized_count, GTEx v8=TPM; NOT a fold change. mapping: No pleura/mesothelium in GTEx; Lung used only as an anatomic neighbour"
F2R,OV,Ovary,72.04,57.32,14.72,84.3,comparable,fair,480.65,4.866,False,"rank-based within-dataset percentile among 1379 shared genes; TCGA=RSEM normalized_count, GTEx v8=TPM; NOT a fold change. mapping: Most TCGA OV is high-grade serous, now thought largely fallopian-tube derived; GTEx Ovary is stroma-rich"
F2R,PAAD,Pancreas,88.07,61.53,26.54,95.8,enriched,good,2381.36,2.234,False,"rank-based within-dataset percentile among 1379 shared genes; TCGA=RSEM normalized_count, GTEx v8=TPM; NOT a fold change. mapping: GTEx Pancreas is acinar-dominated; PDAC is ductal"
F2R,PCPG,Adrenal_Gland,77.85,77.41,0.44,48.3,comparable,fair,697.66,15.549,False,"rank-based within-dataset percentile among 1379 shared genes; TCGA=RSEM normalized_count, GTEx v8=TPM; NOT a fold change. mapping: Pheochromocytoma is medullary; paraganglioma is extra-adrenal"
F2R,PRAD,Prostate,75.74,64.72,11.02,86.8,comparable,good,639.98,10.458,False,"rank-based within-dataset percentile among 1379 shared genes; TCGA=RSEM normalized_count, GTEx v8=TPM; NOT a fold change. clean tissue-of-origin match"
F2R,READ,Colon_Sigmoid,78.79,64.29,14.5,84.0,comparable,good,857.21,8.811,False,"rank-based within-dataset percentile among 1379 shared genes; TCGA=RSEM normalized_count, GTEx v8=TPM; NOT a fold change. clean tissue-of-origin match"
F2R,SARC,Esophagus_Muscularis,84.59,66.68,17.91,93.0,enriched,poor,1280.0,10.429,False,"rank-based within-dataset percentile among 1379 shared genes; TCGA=RSEM normalized_count, GTEx v8=TPM; NOT a fold change. mapping: TCGA SARC is histologically heterogeneous (LMS, DDLPS, UPS); smooth muscle is a partial surrogate only"
F2R,SKCM,Skin_Sun_Exposed_Lower_leg,85.46,85.82,-0.36,42.4,comparable,good,1206.4,46.117,False,"rank-based within-dataset percentile among 1379 shared genes; TCGA=RSEM normalized_count, GTEx v8=TPM; NOT a fold change. mapping: GTEx skin is keratinocyte-dominated; melanocytes are a minor fraction"
F2R,STAD,Stomach,84.45,62.91,21.54,94.1,enriched,good,1369.77,5.595,False,"rank-based within-dataset percentile among 1379 shared genes; TCGA=RSEM normalized_count, GTEx v8=TPM; NOT a fold change. clean tissue-of-origin match"
F2R,TGCT,Testis,79.88,72.63,7.25,66.1,comparable,fair,820.99,11.657,False,"rank-based within-dataset percentile among 1379 shared genes; TCGA=RSEM normalized_count, GTEx v8=TPM; NOT a fold change. mapping: Testis has extreme transcriptome breadth; germ-cell tumour vs whole testis"
F2R,THCA,Thyroid,79.01,70.88,8.12,79.7,comparable,good,930.37,19.584,False,"rank-based within-dataset percentile among 1379 shared genes; TCGA=RSEM normalized_count, GTEx v8=TPM; NOT a fold change. clean tissue-of-origin match"
F2R,UCEC,Uterus,73.5,67.11,6.38,69.8,comparable,fair,483.82,14.123,False,"rank-based within-dataset percentile among 1379 shared genes; TCGA=RSEM normalized_count, GTEx v8=TPM; NOT a fold change. mapping: GTEx Uterus is myometrium-dominated; UCEC arises from endometrium"
F2R,UCS,Uterus,80.96,67.11,13.85,84.9,comparable,poor,978.78,14.123,False,"rank-based within-dataset percentile among 1379 shared genes; TCGA=RSEM normalized_count, GTEx v8=TPM; NOT a fold change. mapping: Carcinosarcoma is biphasic (carcinomatous+sarcomatous); no matched normal exists"
F2R,UVM,Skin_Not_Sun_Exposed_Suprapubic,60.3,87.2,-26.9,8.1,depleted,poor,60.27,47.961,False,"rank-based within-dataset percentile among 1379 shared genes; TCGA=RSEM normalized_count, GTEx v8=TPM; NOT a fold change. mapping: No uveal tract in GTEx; skin used only as a melanocyte-containing surrogate"
F2RL1,ACC,Adrenal_Gland,48.55,47.24,1.31,49.2,comparable,good,30.9,1.375,False,"rank-based within-dataset percentile among 1379 shared genes; TCGA=RSEM normalized_count, GTEx v8=TPM; NOT a fold change. mapping: Adrenocortical carcinoma vs whole adrenal gland (cortex+medulla mixed in GTEx)"
F2RL1,BLCA,Bladder,74.22,48.19,26.03,95.8,enriched,good,488.45,2.758,False,"rank-based within-dataset percentile among 1379 shared genes; TCGA=RSEM normalized_count, GTEx v8=TPM; NOT a fold change. mapping: GTEx Bladder n is small (21 donors)"
F2RL1,BRCA,Breast_Mammary_Tissue,59.5,43.76,15.74,89.3,comparable,good,187.6,2.04,False,"rank-based within-dataset percentile among 1379 shared genes; TCGA=RSEM normalized_count, GTEx v8=TPM; NOT a fold change. clean tissue-of-origin match"
F2RL1,CESC,Cervix_Ectocervix,78.28,26.07,52.21,99.1,enriched,fair,738.08,0.269,False,"rank-based within-dataset percentile among 1379 shared genes; TCGA=RSEM normalized_count, GTEx v8=TPM; NOT a fold change. mapping: GTEx cervix n very small (~5-9 donors); ecto/endo split"
F2RL1,CHOL,Liver,81.69,67.04,14.65,84.4,comparable,poor,1056.48,3.615,False,"rank-based within-dataset percentile among 1379 shared genes; TCGA=RSEM normalized_count, GTEx v8=TPM; NOT a fold change. mapping: Cholangiocarcinoma arises from bile-duct epithelium; GTEx has no bile duct, Liver is hepatocyte-dominated"
F2RL1,COAD,Colon_Transverse,88.58,83.94,4.64,67.2,comparable,good,1937.45,30.695,False,"rank-based within-dataset percentile among 1379 shared genes; TCGA=RSEM normalized_count, GTEx v8=TPM; NOT a fold change. clean tissue-of-origin match"
F2RL1,ESCA,Esophagus_Mucosa,84.81,73.06,11.75,83.3,comparable,fair,1384.93,11.789,False,"rank-based within-dataset percentile among 1379 shared genes; TCGA=RSEM normalized_count, GTEx v8=TPM; NOT a fold change. mapping: TCGA ESCA mixes squamous and adenocarcinoma; mucosa is squamous"
F2RL1,GBM,Brain_Cortex,54.64,29.48,25.16,93.7,enriched,good,135.25,0.277,False,"rank-based within-dataset percentile among 1379 shared genes; TCGA=RSEM normalized_count, GTEx v8=TPM; NOT a fold change. clean tissue-of-origin match"
F2RL1,HNSC,Esophagus_Mucosa,81.18,73.06,8.12,77.0,comparable,poor,1102.43,11.789,False,"rank-based within-dataset percentile among 1379 shared genes; TCGA=RSEM normalized_count, GTEx v8=TPM; NOT a fold change. mapping: No oral/laryngeal mucosa in GTEx; esophageal squamous mucosa used as surrogate epithelium"
F2RL1,KICH,Kidney_Cortex,70.67,76.9,-6.24,28.9,comparable,fair,323.06,11.325,False,"rank-based within-dataset percentile among 1379 shared genes; TCGA=RSEM normalized_count, GTEx v8=TPM; NOT a fold change. mapping: Chromophobe RCC derives from distal nephron/collecting duct"
F2RL1,KIRC,Kidney_Cortex,77.77,76.9,0.87,48.0,comparable,good,1020.38,11.325,False,"rank-based within-dataset percentile among 1379 shared genes; TCGA=RSEM normalized_count, GTEx v8=TPM; NOT a fold change. clean tissue-of-origin match"
F2RL1,KIRP,Kidney_Cortex,85.68,76.9,8.77,77.2,comparable,good,1525.46,11.325,False,"rank-based within-dataset percentile among 1379 shared genes; TCGA=RSEM normalized_count, GTEx v8=TPM; NOT a fold change. clean tissue-of-origin match"
F2RL1,LGG,Brain_Cortex,48.98,29.48,19.51,93.8,enriched,good,56.61,0.277,False,"rank-based within-dataset percentile among 1379 shared genes; TCGA=RSEM normalized_count, GTEx v8=TPM; NOT a fold change. clean tissue-of-origin match"
F2RL1,LIHC,Liver,68.2,67.04,1.16,47.3,comparable,good,287.0,3.615,False,"rank-based within-dataset percentile among 1379 shared genes; TCGA=RSEM normalized_count, GTEx v8=TPM; NOT a fold change. clean tissue-of-origin match"
F2RL1,LUAD,Lung,70.81,50.36,20.45,94.9,enriched,good,505.09,5.411,False,"rank-based within-dataset percentile among 1379 shared genes; TCGA=RSEM normalized_count, GTEx v8=TPM; NOT a fold change. clean tissue-of-origin match"
F2RL1,LUSC,Lung,73.93,50.36,23.57,93.9,enriched,good,624.81,5.411,False,"rank-based within-dataset percentile among 1379 shared genes; TCGA=RSEM normalized_count, GTEx v8=TPM; NOT a fold change. clean tissue-of-origin match"
F2RL1,MESO,Lung,56.67,50.36,6.31,71.4,comparable,poor,177.14,5.411,False,"rank-based within-dataset percentile among 1379 shared genes; TCGA=RSEM normalized_count, GTEx v8=TPM; NOT a fold change. mapping: No pleura/mesothelium in GTEx; Lung used only as an anatomic neighbour"
F2RL1,OV,Ovary,72.26,36.37,35.9,97.7,enriched,fair,485.72,0.549,False,"rank-based within-dataset percentile among 1379 shared genes; TCGA=RSEM normalized_count, GTEx v8=TPM; NOT a fold change. mapping: Most TCGA OV is high-grade serous, now thought largely fallopian-tube derived; GTEx Ovary is stroma-rich"
F2RL1,PAAD,Pancreas,83.58,81.33,2.25,58.2,comparable,good,1557.03,9.774,False,"rank-based within-dataset percentile among 1379 shared genes; TCGA=RSEM normalized_count, GTEx v8=TPM; NOT a fold change. mapping: GTEx Pancreas is acinar-dominated; PDAC is ductal"
F2RL1,PCPG,Adrenal_Gland,41.73,47.24,-5.51,32.6,comparable,fair,19.44,1.375,False,"rank-based within-dataset percentile among 1379 shared genes; TCGA=RSEM normalized_count, GTEx v8=TPM; NOT a fold change. mapping: Pheochromocytoma is medullary; paraganglioma is extra-adrenal"
F2RL1,PRAD,Prostate,74.08,48.48,25.6,98.5,enriched,good,569.34,3.387,False,"rank-based within-dataset percentile among 1379 shared genes; TCGA=RSEM normalized_count, GTEx v8=TPM; NOT a fold change. clean tissue-of-origin match"
F2RL1,READ,Colon_Sigmoid,87.93,26.0,61.93,99.6,enriched,good,1733.67,0.265,False,"rank-based within-dataset percentile among 1379 shared genes; TCGA=RSEM normalized_count, GTEx v8=TPM; NOT a fold change. clean tissue-of-origin match"
F2RL1,SARC,Esophagus_Muscularis,44.56,26.87,17.69,92.7,enriched,poor,33.58,0.217,False,"rank-based within-dataset percentile among 1379 shared genes; TCGA=RSEM normalized_count, GTEx v8=TPM; NOT a fold change. mapping: TCGA SARC is histologically heterogeneous (LMS, DDLPS, UPS); smooth muscle is a partial surrogate only"
F2RL1,SKCM,Skin_Sun_Exposed_Lower_leg,44.92,86.91,-41.99,2.5,depleted,good,24.73,50.143,False,"rank-based within-dataset percentile among 1379 shared genes; TCGA=RSEM normalized_count, GTEx v8=TPM; NOT a fold change. mapping: GTEx skin is keratinocyte-dominated; melanocytes are a minor fraction"
F2RL1,STAD,Stomach,85.97,76.32,9.64,78.4,comparable,good,1542.83,12.989,False,"rank-based within-dataset percentile among 1379 shared genes; TCGA=RSEM normalized_count, GTEx v8=TPM; NOT a fold change. clean tissue-of-origin match"
F2RL1,TGCT,Testis,83.14,25.49,57.65,99.5,enriched,fair,1005.7,0.795,False,"rank-based within-dataset percentile among 1379 shared genes; TCGA=RSEM normalized_count, GTEx v8=TPM; NOT a fold change. mapping: Testis has extreme transcriptome breadth; germ-cell tumour vs whole testis"
F2RL1,THCA,Thyroid,69.43,58.41,11.02,85.5,comparable,good,437.75,7.275,False,"rank-based within-dataset percentile among 1379 shared genes; TCGA=RSEM normalized_count, GTEx v8=TPM; NOT a fold change. clean tissue-of-origin match"
F2RL1,UCEC,Uterus,77.05,26.36,50.69,99.4,enriched,fair,664.27,0.254,False,"rank-based within-dataset percentile among 1379 shared genes; TCGA=RSEM normalized_count, GTEx v8=TPM; NOT a fold change. mapping: GTEx Uterus is myometrium-dominated; UCEC arises from endometrium"
F2RL1,UCS,Uterus,62.98,26.36,36.62,97.6,enriched,poor,265.02,0.254,False,"rank-based within-dataset percentile among 1379 shared genes; TCGA=RSEM normalized_count, GTEx v8=TPM; NOT a fold change. mapping: Carcinosarcoma is biphasic (carcinomatous+sarcomatous); no matched normal exists"
F2RL1,UVM,Skin_Not_Sun_Exposed_Suprapubic,37.16,89.74,-52.57,2.8,depleted,poor,2.98,61.671,False,"rank-based within-dataset percentile among 1379 shared genes; TCGA=RSEM normalized_count, GTEx v8=TPM; NOT a fold change. mapping: No uveal tract in GTEx; skin used only as a melanocyte-containing surrogate"
F2RL2,ACC,Adrenal_Gland,39.41,33.47,5.95,74.1,comparable,good,8.12,0.352,False,"rank-based within-dataset percentile among 1379 shared genes; TCGA=RSEM normalized_count, GTEx v8=TPM; NOT a fold change. mapping: Adrenocortical carcinoma vs whole adrenal gland (cortex+medulla mixed in GTEx)"
F2RL2,BLCA,Bladder,40.94,32.6,8.34,75.4,comparable,good,19.99,0.673,False,"rank-based within-dataset percentile among 1379 shared genes; TCGA=RSEM normalized_count, GTEx v8=TPM; NOT a fold change. mapping: GTEx Bladder n is small (21 donors)"
F2RL2,BRCA,Breast_Mammary_Tissue,71.32,45.87,25.45,97.0,enriched,good,477.25,2.415,False,"rank-based within-dataset percentile among 1379 shared genes; TCGA=RSEM normalized_count, GTEx v8=TPM; NOT a fold change. clean tissue-of-origin match"
F2RL2,CESC,Cervix_Ectocervix,43.26,34.99,8.27,72.4,comparable,fair,29.29,0.82,False,"rank-based within-dataset percentile among 1379 shared genes; TCGA=RSEM normalized_count, GTEx v8=TPM; NOT a fold change. mapping: GTEx cervix n very small (~5-9 donors); ecto/endo split"
F2RL2,CHOL,Liver,40.43,39.7,0.73,53.4,comparable,poor,23.65,0.41,False,"rank-based within-dataset percentile among 1379 shared genes; TCGA=RSEM normalized_count, GTEx v8=TPM; NOT a fold change. mapping: Cholangiocarcinoma arises from bile-duct epithelium; GTEx has no bile duct, Liver is hepatocyte-dominated"
F2RL2,COAD,Colon_Transverse,56.74,44.49,12.26,84.0,comparable,good,117.02,2.152,False,"rank-based within-dataset percentile among 1379 shared genes; TCGA=RSEM normalized_count, GTEx v8=TPM; NOT a fold change. clean tissue-of-origin match"
F2RL2,ESCA,Esophagus_Mucosa,60.08,34.77,25.31,97.3,enriched,fair,175.73,0.677,False,"rank-based within-dataset percentile among 1379 shared genes; TCGA=RSEM normalized_count, GTEx v8=TPM; NOT a fold change. mapping: TCGA ESCA mixes squamous and adenocarcinoma; mucosa is squamous"
F2RL2,GBM,Brain_Cortex,45.0,18.31,26.69,94.4,enriched,good,46.53,0.073,False,"rank-based within-dataset percentile among 1379 shared genes; TCGA=RSEM normalized_count, GTEx v8=TPM; NOT a fold change. clean tissue-of-origin match"
F2RL2,HNSC,Esophagus_Mucosa,60.08,34.77,25.31,96.7,enriched,poor,202.33,0.677,False,"rank-based within-dataset percentile among 1379 shared genes; TCGA=RSEM normalized_count, GTEx v8=TPM; NOT a fold change. mapping: No oral/laryngeal mucosa in GTEx; esophageal squamous mucosa used as surrogate epithelium"
F2RL2,KICH,Kidney_Cortex,31.65,28.03,3.63,55.0,comparable,fair,3.0,0.232,False,"rank-based within-dataset percentile among 1379 shared genes; TCGA=RSEM normalized_count, GTEx v8=TPM; NOT a fold change. mapping: Chromophobe RCC derives from distal nephron/collecting duct"
F2RL2,KIRC,Kidney_Cortex,40.86,28.03,12.84,82.7,comparable,good,28.99,0.232,False,"rank-based within-dataset percentile among 1379 shared genes; TCGA=RSEM normalized_count, GTEx v8=TPM; NOT a fold change. clean tissue-of-origin match"
F2RL2,KIRP,Kidney_Cortex,35.06,28.03,7.03,72.9,comparable,good,7.54,0.232,False,"rank-based within-dataset percentile among 1379 shared genes; TCGA=RSEM normalized_count, GTEx v8=TPM; NOT a fold change. clean tissue-of-origin match"
F2RL2,LGG,Brain_Cortex,31.44,18.31,13.13,85.6,comparable,good,6.13,0.073,False,"rank-based within-dataset percentile among 1379 shared genes; TCGA=RSEM normalized_count, GTEx v8=TPM; NOT a fold change. clean tissue-of-origin match"
F2RL2,LIHC,Liver,42.89,39.7,3.19,66.6,comparable,good,17.89,0.41,False,"rank-based within-dataset percentile among 1379 shared genes; TCGA=RSEM normalized_count, GTEx v8=TPM; NOT a fold change. clean tissue-of-origin match"
F2RL2,LUAD,Lung,36.95,27.96,8.99,78.4,comparable,good,23.16,0.768,False,"rank-based within-dataset percentile among 1379 shared genes; TCGA=RSEM normalized_count, GTEx v8=TPM; NOT a fold change. clean tissue-of-origin match"
F2RL2,LUSC,Lung,44.49,27.96,16.53,87.5,comparable,good,56.02,0.768,False,"rank-based within-dataset percentile among 1379 shared genes; TCGA=RSEM normalized_count, GTEx v8=TPM; NOT a fold change. clean tissue-of-origin match"
F2RL2,MESO,Lung,37.38,27.96,9.43,77.2,comparable,poor,19.33,0.768,False,"rank-based within-dataset percentile among 1379 shared genes; TCGA=RSEM normalized_count, GTEx v8=TPM; NOT a fold change. mapping: No pleura/mesothelium in GTEx; Lung used only as an anatomic neighbour"
F2RL2,OV,Ovary,29.84,22.23,7.61,71.9,comparable,fair,7.17,0.106,False,"rank-based within-dataset percentile among 1379 shared genes; TCGA=RSEM normalized_count, GTEx v8=TPM; NOT a fold change. mapping: Most TCGA OV is high-grade serous, now thought largely fallopian-tube derived; GTEx Ovary is stroma-rich"
F2RL2,PAAD,Pancreas,63.27,41.44,21.83,93.8,enriched,good,365.96,0.48,False,"rank-based within-dataset percentile among 1379 shared genes; TCGA=RSEM normalized_count, GTEx v8=TPM; NOT a fold change. mapping: GTEx Pancreas is acinar-dominated; PDAC is ductal"
F2RL2,PCPG,Adrenal_Gland,38.54,33.47,5.08,70.3,comparable,fair,13.24,0.352,False,"rank-based within-dataset percentile among 1379 shared genes; TCGA=RSEM normalized_count, GTEx v8=TPM; NOT a fold change. mapping: Pheochromocytoma is medullary; paraganglioma is extra-adrenal"
F2RL2,PRAD,Prostate,39.34,27.81,11.53,87.7,comparable,good,23.49,0.568,False,"rank-based within-dataset percentile among 1379 shared genes; TCGA=RSEM normalized_count, GTEx v8=TPM; NOT a fold change. clean tissue-of-origin match"
F2RL2,READ,Colon_Sigmoid,58.19,59.43,-1.23,42.9,comparable,good,132.44,5.761,False,"rank-based within-dataset percentile among 1379 shared genes; TCGA=RSEM normalized_count, GTEx v8=TPM; NOT a fold change. clean tissue-of-origin match"
F2RL2,SARC,Esophagus_Muscularis,40.1,61.31,-21.21,7.0,depleted,poor,19.61,6.42,False,"rank-based within-dataset percentile among 1379 shared genes; TCGA=RSEM normalized_count, GTEx v8=TPM; NOT a fold change. mapping: TCGA SARC is histologically heterogeneous (LMS, DDLPS, UPS); smooth muscle is a partial surrogate only"
F2RL2,SKCM,Skin_Sun_Exposed_Lower_leg,59.86,48.26,11.6,78.5,comparable,good,117.97,2.977,False,"rank-based within-dataset percentile among 1379 shared genes; TCGA=RSEM normalized_count, GTEx v8=TPM; NOT a fold change. mapping: GTEx skin is keratinocyte-dominated; melanocytes are a minor fraction"
F2RL2,STAD,Stomach,63.63,40.65,22.99,95.1,enriched,good,291.98,1.063,False,"rank-based within-dataset percentile among 1379 shared genes; TCGA=RSEM normalized_count, GTEx v8=TPM; NOT a fold change. clean tissue-of-origin match"
F2RL2,TGCT,Testis,35.5,7.29,28.21,91.8,enriched,fair,25.1,0.121,False,"rank-based within-dataset percentile among 1379 shared genes; TCGA=RSEM normalized_count, GTEx v8=TPM; NOT a fold change. mapping: Testis has extreme transcriptome breadth; germ-cell tumour vs whole testis"
F2RL2,THCA,Thyroid,37.74,28.54,9.21,81.8,comparable,good,13.11,0.435,False,"rank-based within-dataset percentile among 1379 shared genes; TCGA=RSEM normalized_count, GTEx v8=TPM; NOT a fold change. clean tissue-of-origin match"
F2RL2,UCEC,Uterus,45.0,45.79,-0.8,42.6,comparable,fair,37.58,2.098,False,"rank-based within-dataset percentile among 1379 shared genes; TCGA=RSEM normalized_count, GTEx v8=TPM; NOT a fold change. mapping: GTEx Uterus is myometrium-dominated; UCEC arises from endometrium"
F2RL2,UCS,Uterus,55.15,45.79,9.35,77.7,comparable,poor,127.74,2.098,False,"rank-based within-dataset percentile among 1379 shared genes; TCGA=RSEM normalized_count, GTEx v8=TPM; NOT a fold change. mapping: Carcinosarcoma is biphasic (carcinomatous+sarcomatous); no matched normal exists"
F2RL2,UVM,Skin_Not_Sun_Exposed_Suprapubic,35.79,51.02,-15.23,15.2,comparable,poor,2.66,3.461,False,"rank-based within-dataset percentile among 1379 shared genes; TCGA=RSEM normalized_count, GTEx v8=TPM; NOT a fold change. mapping: No uveal tract in GTEx; skin used only as a melanocyte-containing surrogate"
F2RL3,ACC,Adrenal_Gland,55.22,48.62,6.6,76.2,comparable,good,70.29,1.545,False,"rank-based within-dataset percentile among 1379 shared genes; TCGA=RSEM normalized_count, GTEx v8=TPM; NOT a fold change. mapping: Adrenocortical carcinoma vs whole adrenal gland (cortex+medulla mixed in GTEx)"
F2RL3,BLCA,Bladder,51.09,44.78,6.31,72.2,comparable,good,59.08,2.227,False,"rank-based within-dataset percentile among 1379 shared genes; TCGA=RSEM normalized_count, GTEx v8=TPM; NOT a fold change. mapping: GTEx Bladder n is small (21 donors)"
F2RL3,BRCA,Breast_Mammary_Tissue,47.32,70.3,-22.99,5.7,depleted,good,63.41,16.792,False,"rank-based within-dataset percentile among 1379 shared genes; TCGA=RSEM normalized_count, GTEx v8=TPM; NOT a fold change. clean tissue-of-origin match"
F2RL3,CESC,Cervix_Ectocervix,44.92,44.78,0.15,45.3,comparable,fair,33.97,2.189,False,"rank-based within-dataset percentile among 1379 shared genes; TCGA=RSEM normalized_count, GTEx v8=TPM; NOT a fold change. mapping: GTEx cervix n very small (~5-9 donors); ecto/endo split"
F2RL3,CHOL,Liver,53.84,28.9,24.95,94.1,enriched,poor,104.27,0.124,False,"rank-based within-dataset percentile among 1379 shared genes; TCGA=RSEM normalized_count, GTEx v8=TPM; NOT a fold change. mapping: Cholangiocarcinoma arises from bile-duct epithelium; GTEx has no bile duct, Liver is hepatocyte-dominated"
F2RL3,COAD,Colon_Transverse,50.15,54.21,-4.06,32.8,comparable,good,63.66,4.617,False,"rank-based within-dataset percentile among 1379 shared genes; TCGA=RSEM normalized_count, GTEx v8=TPM; NOT a fold change. clean tissue-of-origin match"
F2RL3,ESCA,Esophagus_Mucosa,50.15,40.07,10.08,80.0,comparable,fair,72.33,1.024,False,"rank-based within-dataset percentile among 1379 shared genes; TCGA=RSEM normalized_count, GTEx v8=TPM; NOT a fold change. mapping: TCGA ESCA mixes squamous and adenocarcinoma; mucosa is squamous"
F2RL3,GBM,Brain_Cortex,38.11,22.23,15.88,84.4,comparable,good,18.82,0.122,False,"rank-based within-dataset percentile among 1379 shared genes; TCGA=RSEM normalized_count, GTEx v8=TPM; NOT a fold change. clean tissue-of-origin match"
F2RL3,HNSC,Esophagus_Mucosa,45.07,40.07,5.0,70.0,comparable,poor,56.95,1.024,False,"rank-based within-dataset percentile among 1379 shared genes; TCGA=RSEM normalized_count, GTEx v8=TPM; NOT a fold change. mapping: No oral/laryngeal mucosa in GTEx; esophageal squamous mucosa used as surrogate epithelium"
F2RL3,KICH,Kidney_Cortex,56.24,64.87,-8.63,23.4,comparable,fair,85.0,4.75,False,"rank-based within-dataset percentile among 1379 shared genes; TCGA=RSEM normalized_count, GTEx v8=TPM; NOT a fold change. mapping: Chromophobe RCC derives from distal nephron/collecting duct"
F2RL3,KIRC,Kidney_Cortex,67.19,64.87,2.32,59.5,comparable,good,439.84,4.75,False,"rank-based within-dataset percentile among 1379 shared genes; TCGA=RSEM normalized_count, GTEx v8=TPM; NOT a fold change. clean tissue-of-origin match"
F2RL3,KIRP,Kidney_Cortex,42.1,64.87,-22.77,5.9,depleted,good,19.3,4.75,False,"rank-based within-dataset percentile among 1379 shared genes; TCGA=RSEM normalized_count, GTEx v8=TPM; NOT a fold change. clean tissue-of-origin match"
F2RL3,LGG,Brain_Cortex,30.93,22.23,8.7,77.1,comparable,good,5.39,0.122,False,"rank-based within-dataset percentile among 1379 shared genes; TCGA=RSEM normalized_count, GTEx v8=TPM; NOT a fold change. clean tissue-of-origin match"
F2RL3,LIHC,Liver,52.47,28.9,23.57,97.9,enriched,good,58.83,0.124,False,"rank-based within-dataset percentile among 1379 shared genes; TCGA=RSEM normalized_count, GTEx v8=TPM; NOT a fold change. clean tissue-of-origin match"
F2RL3,LUAD,Lung,48.19,83.07,-34.88,1.4,depleted,good,85.67,49.217,False,"rank-based within-dataset percentile among 1379 shared genes; TCGA=RSEM normalized_count, GTEx v8=TPM; NOT a fold change. clean tissue-of-origin match"
F2RL3,LUSC,Lung,43.26,83.07,-39.81,1.1,depleted,good,49.1,49.217,False,"rank-based within-dataset percentile among 1379 shared genes; TCGA=RSEM normalized_count, GTEx v8=TPM; NOT a fold change. clean tissue-of-origin match"
F2RL3,MESO,Lung,41.37,83.07,-41.7,1.4,depleted,poor,33.99,49.217,False,"rank-based within-dataset percentile among 1379 shared genes; TCGA=RSEM normalized_count, GTEx v8=TPM; NOT a fold change. mapping: No pleura/mesothelium in GTEx; Lung used only as an anatomic neighbour"
F2RL3,OV,Ovary,43.55,40.36,3.19,59.8,comparable,fair,36.82,0.847,False,"rank-based within-dataset percentile among 1379 shared genes; TCGA=RSEM normalized_count, GTEx v8=TPM; NOT a fold change. mapping: Most TCGA OV is high-grade serous, now thought largely fallopian-tube derived; GTEx Ovary is stroma-rich"
F2RL3,PAAD,Pancreas,62.33,62.4,-0.07,51.5,comparable,good,343.24,2.432,False,"rank-based within-dataset percentile among 1379 shared genes; TCGA=RSEM normalized_count, GTEx v8=TPM; NOT a fold change. mapping: GTEx Pancreas is acinar-dominated; PDAC is ductal"
F2RL3,PCPG,Adrenal_Gland,71.39,48.62,22.77,91.4,enriched,fair,431.01,1.545,False,"rank-based within-dataset percentile among 1379 shared genes; TCGA=RSEM normalized_count, GTEx v8=TPM; NOT a fold change. mapping: Pheochromocytoma is medullary; paraganglioma is extra-adrenal"
F2RL3,PRAD,Prostate,45.07,37.53,7.54,78.8,comparable,good,40.45,1.531,False,"rank-based within-dataset percentile among 1379 shared genes; TCGA=RSEM normalized_count, GTEx v8=TPM; NOT a fold change. clean tissue-of-origin match"
F2RL3,READ,Colon_Sigmoid,49.27,47.9,1.38,51.1,comparable,good,62.88,2.266,False,"rank-based within-dataset percentile among 1379 shared genes; TCGA=RSEM normalized_count, GTEx v8=TPM; NOT a fold change. clean tissue-of-origin match"
F2RL3,SARC,Esophagus_Muscularis,53.05,49.85,3.19,61.9,comparable,poor,86.17,2.71,False,"rank-based within-dataset percentile among 1379 shared genes; TCGA=RSEM normalized_count, GTEx v8=TPM; NOT a fold change. mapping: TCGA SARC is histologically heterogeneous (LMS, DDLPS, UPS); smooth muscle is a partial surrogate only"
F2RL3,SKCM,Skin_Sun_Exposed_Lower_leg,41.88,50.15,-8.27,25.2,comparable,good,17.65,3.469,False,"rank-based within-dataset percentile among 1379 shared genes; TCGA=RSEM normalized_count, GTEx v8=TPM; NOT a fold change. mapping: GTEx skin is keratinocyte-dominated; melanocytes are a minor fraction"
F2RL3,STAD,Stomach,54.79,58.12,-3.34,35.1,comparable,good,137.14,4.012,False,"rank-based within-dataset percentile among 1379 shared genes; TCGA=RSEM normalized_count, GTEx v8=TPM; NOT a fold change. clean tissue-of-origin match"
F2RL3,TGCT,Testis,29.55,52.61,-23.06,12.2,comparable,fair,13.7,4.115,False,"rank-based within-dataset percentile among 1379 shared genes; TCGA=RSEM normalized_count, GTEx v8=TPM; NOT a fold change. mapping: Testis has extreme transcriptome breadth; germ-cell tumour vs whole testis"
F2RL3,THCA,Thyroid,59.93,74.0,-14.07,10.7,comparable,good,200.39,24.487,False,"rank-based within-dataset percentile among 1379 shared genes; TCGA=RSEM normalized_count, GTEx v8=TPM; NOT a fold change. clean tissue-of-origin match"
F2RL3,UCEC,Uterus,51.38,47.53,3.84,63.5,comparable,fair,74.63,2.482,False,"rank-based within-dataset percentile among 1379 shared genes; TCGA=RSEM normalized_count, GTEx v8=TPM; NOT a fold change. mapping: GTEx Uterus is myometrium-dominated; UCEC arises from endometrium"
F2RL3,UCS,Uterus,43.04,47.53,-4.5,34.5,comparable,poor,41.34,2.482,False,"rank-based within-dataset percentile among 1379 shared genes; TCGA=RSEM normalized_count, GTEx v8=TPM; NOT a fold change. mapping: Carcinosarcoma is biphasic (carcinomatous+sarcomatous); no matched normal exists"
F2RL3,UVM,Skin_Not_Sun_Exposed_Suprapubic,41.95,46.01,-4.06,31.5,comparable,poor,6.2,2.398,False,"rank-based within-dataset percentile among 1379 shared genes; TCGA=RSEM normalized_count, GTEx v8=TPM; NOT a fold change. mapping: No uveal tract in GTEx; skin used only as a melanocyte-containing surrogate"
FGFR1,ACC,Adrenal_Gland,92.86,69.58,23.28,98.0,enriched,good,2429.44,9.119,False,"rank-based within-dataset percentile among 1379 shared genes; TCGA=RSEM normalized_count, GTEx v8=TPM; NOT a fold change. mapping: Adrenocortical carcinoma vs whole adrenal gland (cortex+medulla mixed in GTEx)"
FGFR1,BLCA,Bladder,73.06,92.71,-19.65,8.7,depleted,good,451.28,89.635,False,"rank-based within-dataset percentile among 1379 shared genes; TCGA=RSEM normalized_count, GTEx v8=TPM; NOT a fold change. mapping: GTEx Bladder n is small (21 donors)"
FGFR1,BRCA,Breast_Mammary_Tissue,88.65,91.99,-3.34,35.1,comparable,good,1935.46,95.731,False,"rank-based within-dataset percentile among 1379 shared genes; TCGA=RSEM normalized_count, GTEx v8=TPM; NOT a fold change. clean tissue-of-origin match"
FGFR1,CESC,Cervix_Ectocervix,70.74,93.58,-22.84,10.5,comparable,fair,374.79,120.973,False,"rank-based within-dataset percentile among 1379 shared genes; TCGA=RSEM normalized_count, GTEx v8=TPM; NOT a fold change. mapping: GTEx cervix n very small (~5-9 donors); ecto/endo split"
FGFR1,CHOL,Liver,88.51,64.43,24.08,93.6,enriched,poor,2088.7,2.814,False,"rank-based within-dataset percentile among 1379 shared genes; TCGA=RSEM normalized_count, GTEx v8=TPM; NOT a fold change. mapping: Cholangiocarcinoma arises from bile-duct epithelium; GTEx has no bile duct, Liver is hepatocyte-dominated"
FGFR1,COAD,Colon_Transverse,70.74,89.88,-19.14,8.9,depleted,good,423.82,45.577,False,"rank-based within-dataset percentile among 1379 shared genes; TCGA=RSEM normalized_count, GTEx v8=TPM; NOT a fold change. clean tissue-of-origin match"
FGFR1,ESCA,Esophagus_Mucosa,73.86,77.63,-3.77,31.8,comparable,fair,557.3,17.811,False,"rank-based within-dataset percentile among 1379 shared genes; TCGA=RSEM normalized_count, GTEx v8=TPM; NOT a fold change. mapping: TCGA ESCA mixes squamous and adenocarcinoma; mucosa is squamous"
FGFR1,GBM,Brain_Cortex,90.32,81.91,8.41,72.3,comparable,good,2208.97,16.646,False,"rank-based within-dataset percentile among 1379 shared genes; TCGA=RSEM normalized_count, GTEx v8=TPM; NOT a fold change. clean tissue-of-origin match"
FGFR1,HNSC,Esophagus_Mucosa,73.42,77.63,-4.21,30.8,comparable,poor,573.86,17.811,False,"rank-based within-dataset percentile among 1379 shared genes; TCGA=RSEM normalized_count, GTEx v8=TPM; NOT a fold change. mapping: No oral/laryngeal mucosa in GTEx; esophageal squamous mucosa used as surrogate epithelium"
FGFR1,KICH,Kidney_Cortex,93.44,83.5,9.93,77.2,comparable,fair,3048.74,18.026,False,"rank-based within-dataset percentile among 1379 shared genes; TCGA=RSEM normalized_count, GTEx v8=TPM; NOT a fold change. mapping: Chromophobe RCC derives from distal nephron/collecting duct"
FGFR1,KIRC,Kidney_Cortex,85.1,83.5,1.6,49.7,comparable,good,1869.89,18.026,False,"rank-based within-dataset percentile among 1379 shared genes; TCGA=RSEM normalized_count, GTEx v8=TPM; NOT a fold change. clean tissue-of-origin match"
FGFR1,KIRP,Kidney_Cortex,88.43,83.5,4.93,66.6,comparable,good,1833.76,18.026,False,"rank-based within-dataset percentile among 1379 shared genes; TCGA=RSEM normalized_count, GTEx v8=TPM; NOT a fold change. clean tissue-of-origin match"
FGFR1,LGG,Brain_Cortex,86.69,81.91,4.79,67.2,comparable,good,1472.88,16.646,False,"rank-based within-dataset percentile among 1379 shared genes; TCGA=RSEM normalized_count, GTEx v8=TPM; NOT a fold change. clean tissue-of-origin match"
FGFR1,LIHC,Liver,63.71,64.43,-0.73,39.6,comparable,good,190.08,2.814,False,"rank-based within-dataset percentile among 1379 shared genes; TCGA=RSEM normalized_count, GTEx v8=TPM; NOT a fold change. clean tissue-of-origin match"
FGFR1,LUAD,Lung,78.86,85.46,-6.6,25.2,comparable,good,933.71,60.397,False,"rank-based within-dataset percentile among 1379 shared genes; TCGA=RSEM normalized_count, GTEx v8=TPM; NOT a fold change. clean tissue-of-origin match"
FGFR1,LUSC,Lung,81.11,85.46,-4.35,36.8,comparable,good,1079.13,60.397,False,"rank-based within-dataset percentile among 1379 shared genes; TCGA=RSEM normalized_count, GTEx v8=TPM; NOT a fold change. clean tissue-of-origin match"
FGFR1,MESO,Lung,93.73,85.46,8.27,75.4,comparable,poor,4375.21,60.397,False,"rank-based within-dataset percentile among 1379 shared genes; TCGA=RSEM normalized_count, GTEx v8=TPM; NOT a fold change. mapping: No pleura/mesothelium in GTEx; Lung used only as an anatomic neighbour"
FGFR1,OV,Ovary,91.91,94.96,-3.05,37.4,comparable,fair,2861.67,142.885,False,"rank-based within-dataset percentile among 1379 shared genes; TCGA=RSEM normalized_count, GTEx v8=TPM; NOT a fold change. mapping: Most TCGA OV is high-grade serous, now thought largely fallopian-tube derived; GTEx Ovary is stroma-rich"
FGFR1,PAAD,Pancreas,87.64,95.32,-7.69,25.2,comparable,good,2278.02,42.665,False,"rank-based within-dataset percentile among 1379 shared genes; TCGA=RSEM normalized_count, GTEx v8=TPM; NOT a fold change. mapping: GTEx Pancreas is acinar-dominated; PDAC is ductal"
FGFR1,PCPG,Adrenal_Gland,95.4,69.58,25.82,93.1,enriched,fair,4571.49,9.119,False,"rank-based within-dataset percentile among 1379 shared genes; TCGA=RSEM normalized_count, GTEx v8=TPM; NOT a fold change. mapping: Pheochromocytoma is medullary; paraganglioma is extra-adrenal"
FGFR1,PRAD,Prostate,85.17,90.9,-5.73,26.8,comparable,good,1327.16,66.266,False,"rank-based within-dataset percentile among 1379 shared genes; TCGA=RSEM normalized_count, GTEx v8=TPM; NOT a fold change. clean tissue-of-origin match"
FGFR1,READ,Colon_Sigmoid,71.1,93.94,-22.84,10.0,comparable,good,452.74,111.087,False,"rank-based within-dataset percentile among 1379 shared genes; TCGA=RSEM normalized_count, GTEx v8=TPM; NOT a fold change. clean tissue-of-origin match"
FGFR1,SARC,Esophagus_Muscularis,96.12,93.8,2.32,58.9,comparable,poor,6628.63,107.354,False,"rank-based within-dataset percentile among 1379 shared genes; TCGA=RSEM normalized_count, GTEx v8=TPM; NOT a fold change. mapping: TCGA SARC is histologically heterogeneous (LMS, DDLPS, UPS); smooth muscle is a partial surrogate only"
FGFR1,SKCM,Skin_Sun_Exposed_Lower_leg,86.11,82.2,3.92,61.3,comparable,good,1321.91,34.028,False,"rank-based within-dataset percentile among 1379 shared genes; TCGA=RSEM normalized_count, GTEx v8=TPM; NOT a fold change. mapping: GTEx skin is keratinocyte-dominated; melanocytes are a minor fraction"
FGFR1,STAD,Stomach,76.18,79.01,-2.83,36.3,comparable,good,713.71,15.399,False,"rank-based within-dataset percentile among 1379 shared genes; TCGA=RSEM normalized_count, GTEx v8=TPM; NOT a fold change. clean tissue-of-origin match"
FGFR1,TGCT,Testis,96.56,86.62,9.93,70.9,comparable,fair,5843.44,31.329,False,"rank-based within-dataset percentile among 1379 shared genes; TCGA=RSEM normalized_count, GTEx v8=TPM; NOT a fold change. mapping: Testis has extreme transcriptome breadth; germ-cell tumour vs whole testis"
FGFR1,THCA,Thyroid,78.28,84.01,-5.73,27.2,comparable,good,870.32,45.849,False,"rank-based within-dataset percentile among 1379 shared genes; TCGA=RSEM normalized_count, GTEx v8=TPM; NOT a fold change. clean tissue-of-origin match"
FGFR1,UCEC,Uterus,93.8,92.93,0.87,47.6,comparable,fair,3096.94,115.626,False,"rank-based within-dataset percentile among 1379 shared genes; TCGA=RSEM normalized_count, GTEx v8=TPM; NOT a fold change. mapping: GTEx Uterus is myometrium-dominated; UCEC arises from endometrium"
FGFR1,UCS,Uterus,96.34,92.93,3.41,64.5,comparable,poor,6206.21,115.626,False,"rank-based within-dataset percentile among 1379 shared genes; TCGA=RSEM normalized_count, GTEx v8=TPM; NOT a fold change. mapping: Carcinosarcoma is biphasic (carcinomatous+sarcomatous); no matched normal exists"
FGFR1,UVM,Skin_Not_Sun_Exposed_Suprapubic,85.9,80.6,5.29,54.9,comparable,poor,980.43,29.05,False,"rank-based within-dataset percentile among 1379 shared genes; TCGA=RSEM normalized_count, GTEx v8=TPM; NOT a fold change. mapping: No uveal tract in GTEx; skin used only as a melanocyte-containing surrogate"
FGFR2,ACC,Adrenal_Gland,69.87,75.74,-5.87,24.0,comparable,good,314.57,13.698,False,"rank-based within-dataset percentile among 1379 shared genes; TCGA=RSEM normalized_count, GTEx v8=TPM; NOT a fold change. mapping: Adrenocortical carcinoma vs whole adrenal gland (cortex+medulla mixed in GTEx)"
FGFR2,BLCA,Bladder,74.66,71.25,3.41,64.7,comparable,good,513.86,16.006,False,"rank-based within-dataset percentile among 1379 shared genes; TCGA=RSEM normalized_count, GTEx v8=TPM; NOT a fold change. mapping: GTEx Bladder n is small (21 donors)"
FGFR2,BRCA,Breast_Mammary_Tissue,76.11,60.37,15.74,89.3,comparable,good,664.27,8.282,False,"rank-based within-dataset percentile among 1379 shared genes; TCGA=RSEM normalized_count, GTEx v8=TPM; NOT a fold change. clean tissue-of-origin match"
FGFR2,CESC,Cervix_Ectocervix,76.4,69.72,6.67,69.8,comparable,fair,608.48,17.574,False,"rank-based within-dataset percentile among 1379 shared genes; TCGA=RSEM normalized_count, GTEx v8=TPM; NOT a fold change. mapping: GTEx cervix n very small (~5-9 donors); ecto/endo split"
FGFR2,CHOL,Liver,93.87,76.25,17.62,87.9,comparable,poor,3954.53,7.478,False,"rank-based within-dataset percentile among 1379 shared genes; TCGA=RSEM normalized_count, GTEx v8=TPM; NOT a fold change. mapping: Cholangiocarcinoma arises from bile-duct epithelium; GTEx has no bile duct, Liver is hepatocyte-dominated"
FGFR2,COAD,Colon_Transverse,62.26,76.54,-14.29,14.0,comparable,good,194.03,17.744,False,"rank-based within-dataset percentile among 1379 shared genes; TCGA=RSEM normalized_count, GTEx v8=TPM; NOT a fold change. clean tissue-of-origin match"
FGFR2,ESCA,Esophagus_Mucosa,77.7,75.53,2.18,57.5,comparable,fair,725.65,14.394,False,"rank-based within-dataset percentile among 1379 shared genes; TCGA=RSEM normalized_count, GTEx v8=TPM; NOT a fold change. mapping: TCGA ESCA mixes squamous and adenocarcinoma; mucosa is squamous"
FGFR2,GBM,Brain_Cortex,73.86,85.46,-11.6,21.1,comparable,good,725.73,21.694,False,"rank-based within-dataset percentile among 1379 shared genes; TCGA=RSEM normalized_count, GTEx v8=TPM; NOT a fold change. clean tissue-of-origin match"
FGFR2,HNSC,Esophagus_Mucosa,76.76,75.53,1.23,59.2,comparable,poor,767.25,14.394,False,"rank-based within-dataset percentile among 1379 shared genes; TCGA=RSEM normalized_count, GTEx v8=TPM; NOT a fold change. mapping: No oral/laryngeal mucosa in GTEx; esophageal squamous mucosa used as surrogate epithelium"
FGFR2,KICH,Kidney_Cortex,77.7,70.16,7.54,71.9,comparable,fair,618.2,7.274,False,"rank-based within-dataset percentile among 1379 shared genes; TCGA=RSEM normalized_count, GTEx v8=TPM; NOT a fold change. mapping: Chromophobe RCC derives from distal nephron/collecting duct"
FGFR2,KIRC,Kidney_Cortex,72.92,70.16,2.76,61.1,comparable,good,677.17,7.274,False,"rank-based within-dataset percentile among 1379 shared genes; TCGA=RSEM normalized_count, GTEx v8=TPM; NOT a fold change. clean tissue-of-origin match"
FGFR2,KIRP,Kidney_Cortex,75.02,70.16,4.86,66.2,comparable,good,604.58,7.274,False,"rank-based within-dataset percentile among 1379 shared genes; TCGA=RSEM normalized_count, GTEx v8=TPM; NOT a fold change. clean tissue-of-origin match"
FGFR2,LGG,Brain_Cortex,85.03,85.46,-0.44,43.0,comparable,good,1270.81,21.694,False,"rank-based within-dataset percentile among 1379 shared genes; TCGA=RSEM normalized_count, GTEx v8=TPM; NOT a fold change. clean tissue-of-origin match"
FGFR2,LIHC,Liver,80.75,76.25,4.5,70.4,comparable,good,885.79,7.478,False,"rank-based within-dataset percentile among 1379 shared genes; TCGA=RSEM normalized_count, GTEx v8=TPM; NOT a fold change. clean tissue-of-origin match"
FGFR2,LUAD,Lung,65.95,53.05,12.91,87.2,comparable,good,360.99,6.946,False,"rank-based within-dataset percentile among 1379 shared genes; TCGA=RSEM normalized_count, GTEx v8=TPM; NOT a fold change. clean tissue-of-origin match"
FGFR2,LUSC,Lung,86.19,53.05,33.14,97.6,enriched,good,1667.97,6.946,False,"rank-based within-dataset percentile among 1379 shared genes; TCGA=RSEM normalized_count, GTEx v8=TPM; NOT a fold change. clean tissue-of-origin match"
FGFR2,MESO,Lung,69.0,53.05,15.95,88.8,comparable,poor,449.08,6.946,False,"rank-based within-dataset percentile among 1379 shared genes; TCGA=RSEM normalized_count, GTEx v8=TPM; NOT a fold change. mapping: No pleura/mesothelium in GTEx; Lung used only as an anatomic neighbour"
FGFR2,OV,Ovary,85.39,71.68,13.71,82.9,comparable,fair,1344.0,14.707,False,"rank-based within-dataset percentile among 1379 shared genes; TCGA=RSEM normalized_count, GTEx v8=TPM; NOT a fold change. mapping: Most TCGA OV is high-grade serous, now thought largely fallopian-tube derived; GTEx Ovary is stroma-rich"
FGFR2,PAAD,Pancreas,70.23,78.72,-8.48,23.6,comparable,good,615.55,7.883,False,"rank-based within-dataset percentile among 1379 shared genes; TCGA=RSEM normalized_count, GTEx v8=TPM; NOT a fold change. mapping: GTEx Pancreas is acinar-dominated; PDAC is ductal"
FGFR2,PCPG,Adrenal_Gland,51.6,75.74,-24.15,6.7,depleted,fair,75.03,13.698,False,"rank-based within-dataset percentile among 1379 shared genes; TCGA=RSEM normalized_count, GTEx v8=TPM; NOT a fold change. mapping: Pheochromocytoma is medullary; paraganglioma is extra-adrenal"
FGFR2,PRAD,Prostate,72.04,74.44,-2.39,36.4,comparable,good,500.18,19.515,False,"rank-based within-dataset percentile among 1379 shared genes; TCGA=RSEM normalized_count, GTEx v8=TPM; NOT a fold change. clean tissue-of-origin match"
FGFR2,READ,Colon_Sigmoid,60.08,85.17,-25.09,8.6,depleted,good,161.3,38.987,False,"rank-based within-dataset percentile among 1379 shared genes; TCGA=RSEM normalized_count, GTEx v8=TPM; NOT a fold change. clean tissue-of-origin match"
FGFR2,SARC,Esophagus_Muscularis,68.56,76.76,-8.19,21.5,comparable,poor,391.72,21.603,False,"rank-based within-dataset percentile among 1379 shared genes; TCGA=RSEM normalized_count, GTEx v8=TPM; NOT a fold change. mapping: TCGA SARC is histologically heterogeneous (LMS, DDLPS, UPS); smooth muscle is a partial surrogate only"
FGFR2,SKCM,Skin_Sun_Exposed_Lower_leg,40.72,84.52,-43.8,2.2,depleted,good,15.97,41.007,False,"rank-based within-dataset percentile among 1379 shared genes; TCGA=RSEM normalized_count, GTEx v8=TPM; NOT a fold change. mapping: GTEx skin is keratinocyte-dominated; melanocytes are a minor fraction"
FGFR2,STAD,Stomach,75.45,62.04,13.42,85.9,comparable,good,687.33,5.35,False,"rank-based within-dataset percentile among 1379 shared genes; TCGA=RSEM normalized_count, GTEx v8=TPM; NOT a fold change. clean tissue-of-origin match"
FGFR2,TGCT,Testis,86.69,59.43,27.27,91.2,enriched,fair,1346.14,5.793,False,"rank-based within-dataset percentile among 1379 shared genes; TCGA=RSEM normalized_count, GTEx v8=TPM; NOT a fold change. mapping: Testis has extreme transcriptome breadth; germ-cell tumour vs whole testis"
FGFR2,THCA,Thyroid,82.78,77.99,4.79,70.1,comparable,good,1176.14,30.602,False,"rank-based within-dataset percentile among 1379 shared genes; TCGA=RSEM normalized_count, GTEx v8=TPM; NOT a fold change. clean tissue-of-origin match"
FGFR2,UCEC,Uterus,86.11,82.2,3.92,63.7,comparable,fair,1383.43,43.503,False,"rank-based within-dataset percentile among 1379 shared genes; TCGA=RSEM normalized_count, GTEx v8=TPM; NOT a fold change. mapping: GTEx Uterus is myometrium-dominated; UCEC arises from endometrium"
FGFR2,UCS,Uterus,78.43,82.2,-3.77,36.7,comparable,poor,833.07,43.503,False,"rank-based within-dataset percentile among 1379 shared genes; TCGA=RSEM normalized_count, GTEx v8=TPM; NOT a fold change. mapping: Carcinosarcoma is biphasic (carcinomatous+sarcomatous); no matched normal exists"
FGFR2,UVM,Skin_Not_Sun_Exposed_Suprapubic,65.08,84.23,-19.14,12.2,comparable,poor,115.72,37.283,False,"rank-based within-dataset percentile among 1379 shared genes; TCGA=RSEM normalized_count, GTEx v8=TPM; NOT a fold change. mapping: No uveal tract in GTEx; skin used only as a melanocyte-containing surrogate"
FGFR3,ACC,Adrenal_Gland,45.65,50.29,-4.64,27.7,comparable,good,19.83,1.84,False,"rank-based within-dataset percentile among 1379 shared genes; TCGA=RSEM normalized_count, GTEx v8=TPM; NOT a fold change. mapping: Adrenocortical carcinoma vs whole adrenal gland (cortex+medulla mixed in GTEx)"
FGFR3,BLCA,Bladder,92.2,68.85,23.35,94.6,enriched,good,2794.05,13.197,False,"rank-based within-dataset percentile among 1379 shared genes; TCGA=RSEM normalized_count, GTEx v8=TPM; NOT a fold change. mapping: GTEx Bladder n is small (21 donors)"
FGFR3,BRCA,Breast_Mammary_Tissue,65.59,47.46,18.13,92.2,enriched,good,311.17,2.729,False,"rank-based within-dataset percentile among 1379 shared genes; TCGA=RSEM normalized_count, GTEx v8=TPM; NOT a fold change. clean tissue-of-origin match"
FGFR3,CESC,Cervix_Ectocervix,90.9,57.83,33.07,95.9,enriched,fair,2391.66,6.745,False,"rank-based within-dataset percentile among 1379 shared genes; TCGA=RSEM normalized_count, GTEx v8=TPM; NOT a fold change. mapping: GTEx cervix n very small (~5-9 donors); ecto/endo split"
FGFR3,CHOL,Liver,94.96,89.45,5.51,67.5,comparable,poor,4725.46,25.497,False,"rank-based within-dataset percentile among 1379 shared genes; TCGA=RSEM normalized_count, GTEx v8=TPM; NOT a fold change. mapping: Cholangiocarcinoma arises from bile-duct epithelium; GTEx has no bile duct, Liver is hepatocyte-dominated"
FGFR3,COAD,Colon_Transverse,72.19,76.11,-3.92,33.1,comparable,good,483.81,17.165,False,"rank-based within-dataset percentile among 1379 shared genes; TCGA=RSEM normalized_count, GTEx v8=TPM; NOT a fold change. clean tissue-of-origin match"
FGFR3,ESCA,Esophagus_Mucosa,86.55,97.72,-11.17,16.2,comparable,fair,1537.15,199.698,False,"rank-based within-dataset percentile among 1379 shared genes; TCGA=RSEM normalized_count, GTEx v8=TPM; NOT a fold change. mapping: TCGA ESCA mixes squamous and adenocarcinoma; mucosa is squamous"
FGFR3,GBM,Brain_Cortex,80.6,97.35,-16.75,13.8,comparable,good,1103.04,109.623,False,"rank-based within-dataset percentile among 1379 shared genes; TCGA=RSEM normalized_count, GTEx v8=TPM; NOT a fold change. clean tissue-of-origin match"
FGFR3,HNSC,Esophagus_Mucosa,91.19,97.72,-6.53,24.1,comparable,poor,3046.26,199.698,False,"rank-based within-dataset percentile among 1379 shared genes; TCGA=RSEM normalized_count, GTEx v8=TPM; NOT a fold change. mapping: No oral/laryngeal mucosa in GTEx; esophageal squamous mucosa used as surrogate epithelium"
FGFR3,KICH,Kidney_Cortex,38.4,86.91,-48.51,0.7,depleted,fair,8.12,23.226,False,"rank-based within-dataset percentile among 1379 shared genes; TCGA=RSEM normalized_count, GTEx v8=TPM; NOT a fold change. mapping: Chromophobe RCC derives from distal nephron/collecting duct"
FGFR3,KIRC,Kidney_Cortex,70.23,86.91,-16.68,11.7,comparable,good,549.71,23.226,False,"rank-based within-dataset percentile among 1379 shared genes; TCGA=RSEM normalized_count, GTEx v8=TPM; NOT a fold change. clean tissue-of-origin match"
FGFR3,KIRP,Kidney_Cortex,76.4,86.91,-10.51,19.0,comparable,good,676.89,23.226,False,"rank-based within-dataset percentile among 1379 shared genes; TCGA=RSEM normalized_count, GTEx v8=TPM; NOT a fold change. clean tissue-of-origin match"
FGFR3,LGG,Brain_Cortex,88.14,97.35,-9.21,21.2,comparable,good,1643.14,109.623,False,"rank-based within-dataset percentile among 1379 shared genes; TCGA=RSEM normalized_count, GTEx v8=TPM; NOT a fold change. clean tissue-of-origin match"
FGFR3,LIHC,Liver,85.1,89.45,-4.35,29.9,comparable,good,1319.76,25.497,False,"rank-based within-dataset percentile among 1379 shared genes; TCGA=RSEM normalized_count, GTEx v8=TPM; NOT a fold change. clean tissue-of-origin match"
FGFR3,LUAD,Lung,67.69,62.84,4.86,67.9,comparable,good,401.42,14.513,False,"rank-based within-dataset percentile among 1379 shared genes; TCGA=RSEM normalized_count, GTEx v8=TPM; NOT a fold change. clean tissue-of-origin match"
FGFR3,LUSC,Lung,87.49,62.84,24.66,94.5,enriched,good,1897.7,14.513,False,"rank-based within-dataset percentile among 1379 shared genes; TCGA=RSEM normalized_count, GTEx v8=TPM; NOT a fold change. clean tissue-of-origin match"
FGFR3,MESO,Lung,44.34,62.84,-18.49,10.0,comparable,poor,52.49,14.513,False,"rank-based within-dataset percentile among 1379 shared genes; TCGA=RSEM normalized_count, GTEx v8=TPM; NOT a fold change. mapping: No pleura/mesothelium in GTEx; Lung used only as an anatomic neighbour"
FGFR3,OV,Ovary,56.38,39.7,16.68,86.2,comparable,fair,146.12,0.783,False,"rank-based within-dataset percentile among 1379 shared genes; TCGA=RSEM normalized_count, GTEx v8=TPM; NOT a fold change. mapping: Most TCGA OV is high-grade serous, now thought largely fallopian-tube derived; GTEx Ovary is stroma-rich"
FGFR3,PAAD,Pancreas,75.53,96.12,-20.59,7.8,depleted,good,852.9,49.249,False,"rank-based within-dataset percentile among 1379 shared genes; TCGA=RSEM normalized_count, GTEx v8=TPM; NOT a fold change. mapping: GTEx Pancreas is acinar-dominated; PDAC is ductal"
FGFR3,PCPG,Adrenal_Gland,40.57,50.29,-9.72,23.5,comparable,fair,17.15,1.84,False,"rank-based within-dataset percentile among 1379 shared genes; TCGA=RSEM normalized_count, GTEx v8=TPM; NOT a fold change. mapping: Pheochromocytoma is medullary; paraganglioma is extra-adrenal"
FGFR3,PRAD,Prostate,71.97,71.03,0.94,50.3,comparable,good,497.93,15.63,False,"rank-based within-dataset percentile among 1379 shared genes; TCGA=RSEM normalized_count, GTEx v8=TPM; NOT a fold change. clean tissue-of-origin match"
FGFR3,READ,Colon_Sigmoid,73.57,40.21,33.36,94.9,enriched,good,563.35,1.17,False,"rank-based within-dataset percentile among 1379 shared genes; TCGA=RSEM normalized_count, GTEx v8=TPM; NOT a fold change. clean tissue-of-origin match"
FGFR3,SARC,Esophagus_Muscularis,48.11,41.01,7.11,72.8,comparable,poor,46.42,1.168,False,"rank-based within-dataset percentile among 1379 shared genes; TCGA=RSEM normalized_count, GTEx v8=TPM; NOT a fold change. mapping: TCGA SARC is histologically heterogeneous (LMS, DDLPS, UPS); smooth muscle is a partial surrogate only"
FGFR3,SKCM,Skin_Sun_Exposed_Lower_leg,55.87,98.22,-42.35,2.4,depleted,good,86.03,356.495,False,"rank-based within-dataset percentile among 1379 shared genes; TCGA=RSEM normalized_count, GTEx v8=TPM; NOT a fold change. mapping: GTEx skin is keratinocyte-dominated; melanocytes are a minor fraction"
FGFR3,STAD,Stomach,70.09,68.27,1.81,57.4,comparable,good,457.56,7.465,False,"rank-based within-dataset percentile among 1379 shared genes; TCGA=RSEM normalized_count, GTEx v8=TPM; NOT a fold change. clean tissue-of-origin match"
FGFR3,TGCT,Testis,95.61,89.96,5.66,63.1,comparable,fair,4006.85,39.928,False,"rank-based within-dataset percentile among 1379 shared genes; TCGA=RSEM normalized_count, GTEx v8=TPM; NOT a fold change. mapping: Testis has extreme transcriptome breadth; germ-cell tumour vs whole testis"
FGFR3,THCA,Thyroid,54.21,48.69,5.51,73.2,comparable,good,99.89,3.342,False,"rank-based within-dataset percentile among 1379 shared genes; TCGA=RSEM normalized_count, GTEx v8=TPM; NOT a fold change. clean tissue-of-origin match"
FGFR3,UCEC,Uterus,62.62,50.94,11.68,81.3,comparable,fair,206.86,3.293,False,"rank-based within-dataset percentile among 1379 shared genes; TCGA=RSEM normalized_count, GTEx v8=TPM; NOT a fold change. mapping: GTEx Uterus is myometrium-dominated; UCEC arises from endometrium"
FGFR3,UCS,Uterus,70.23,50.94,19.29,91.0,enriched,poor,481.83,3.293,False,"rank-based within-dataset percentile among 1379 shared genes; TCGA=RSEM normalized_count, GTEx v8=TPM; NOT a fold change. mapping: Carcinosarcoma is biphasic (carcinomatous+sarcomatous); no matched normal exists"
FGFR3,UVM,Skin_Not_Sun_Exposed_Suprapubic,68.85,98.22,-29.37,7.4,depleted,poor,172.43,364.546,False,"rank-based within-dataset percentile among 1379 shared genes; TCGA=RSEM normalized_count, GTEx v8=TPM; NOT a fold change. mapping: No uveal tract in GTEx; skin used only as a melanocyte-containing surrogate"
FGFR4,ACC,Adrenal_Gland,86.98,76.11,10.88,85.5,comparable,good,1307.87,13.751,False,"rank-based within-dataset percentile among 1379 shared genes; TCGA=RSEM normalized_count, GTEx v8=TPM; NOT a fold change. mapping: Adrenocortical carcinoma vs whole adrenal gland (cortex+medulla mixed in GTEx)"
FGFR4,BLCA,Bladder,48.33,53.63,-5.29,30.6,comparable,good,44.73,4.274,False,"rank-based within-dataset percentile among 1379 shared genes; TCGA=RSEM normalized_count, GTEx v8=TPM; NOT a fold change. mapping: GTEx Bladder n is small (21 donors)"
FGFR4,BRCA,Breast_Mammary_Tissue,54.13,44.2,9.93,78.2,comparable,good,120.7,2.104,False,"rank-based within-dataset percentile among 1379 shared genes; TCGA=RSEM normalized_count, GTEx v8=TPM; NOT a fold change. clean tissue-of-origin match"
FGFR4,CESC,Cervix_Ectocervix,53.41,53.84,-0.44,43.0,comparable,fair,95.11,4.568,False,"rank-based within-dataset percentile among 1379 shared genes; TCGA=RSEM normalized_count, GTEx v8=TPM; NOT a fold change. mapping: GTEx cervix n very small (~5-9 donors); ecto/endo split"
FGFR4,CHOL,Liver,95.69,93.73,1.96,57.3,comparable,poor,6060.74,48.89,False,"rank-based within-dataset percentile among 1379 shared genes; TCGA=RSEM normalized_count, GTEx v8=TPM; NOT a fold change. mapping: Cholangiocarcinoma arises from bile-duct epithelium; GTEx has no bile duct, Liver is hepatocyte-dominated"
FGFR4,COAD,Colon_Transverse,90.03,79.88,10.15,80.7,comparable,good,2189.68,21.856,False,"rank-based within-dataset percentile among 1379 shared genes; TCGA=RSEM normalized_count, GTEx v8=TPM; NOT a fold change. clean tissue-of-origin match"
FGFR4,ESCA,Esophagus_Mucosa,67.69,56.24,11.46,82.7,comparable,fair,313.24,3.589,False,"rank-based within-dataset percentile among 1379 shared genes; TCGA=RSEM normalized_count, GTEx v8=TPM; NOT a fold change. mapping: TCGA ESCA mixes squamous and adenocarcinoma; mucosa is squamous"
FGFR4,GBM,Brain_Cortex,40.57,45.36,-4.79,33.9,comparable,good,25.52,1.229,False,"rank-based within-dataset percentile among 1379 shared genes; TCGA=RSEM normalized_count, GTEx v8=TPM; NOT a fold change. clean tissue-of-origin match"
FGFR4,HNSC,Esophagus_Mucosa,51.23,56.24,-5.0,28.3,comparable,poor,96.74,3.589,False,"rank-based within-dataset percentile among 1379 shared genes; TCGA=RSEM normalized_count, GTEx v8=TPM; NOT a fold change. mapping: No oral/laryngeal mucosa in GTEx; esophageal squamous mucosa used as surrogate epithelium"
FGFR4,KICH,Kidney_Cortex,39.7,90.83,-51.12,0.6,depleted,fair,9.54,32.588,False,"rank-based within-dataset percentile among 1379 shared genes; TCGA=RSEM normalized_count, GTEx v8=TPM; NOT a fold change. mapping: Chromophobe RCC derives from distal nephron/collecting duct"
FGFR4,KIRC,Kidney_Cortex,77.85,90.83,-12.98,15.8,comparable,good,1020.49,32.588,False,"rank-based within-dataset percentile among 1379 shared genes; TCGA=RSEM normalized_count, GTEx v8=TPM; NOT a fold change. clean tissue-of-origin match"
FGFR4,KIRP,Kidney_Cortex,90.97,90.83,0.15,44.6,comparable,good,2295.72,32.588,False,"rank-based within-dataset percentile among 1379 shared genes; TCGA=RSEM normalized_count, GTEx v8=TPM; NOT a fold change. clean tissue-of-origin match"
FGFR4,LGG,Brain_Cortex,43.18,45.36,-2.18,38.4,comparable,good,25.57,1.229,False,"rank-based within-dataset percentile among 1379 shared genes; TCGA=RSEM normalized_count, GTEx v8=TPM; NOT a fold change. clean tissue-of-origin match"
FGFR4,LIHC,Liver,95.03,93.73,1.31,47.5,comparable,good,4737.28,48.89,False,"rank-based within-dataset percentile among 1379 shared genes; TCGA=RSEM normalized_count, GTEx v8=TPM; NOT a fold change. clean tissue-of-origin match"
FGFR4,LUAD,Lung,56.6,90.61,-34.01,1.5,depleted,good,177.58,106.981,False,"rank-based within-dataset percentile among 1379 shared genes; TCGA=RSEM normalized_count, GTEx v8=TPM; NOT a fold change. clean tissue-of-origin match"
FGFR4,LUSC,Lung,52.97,90.61,-37.64,1.5,depleted,good,129.5,106.981,False,"rank-based within-dataset percentile among 1379 shared genes; TCGA=RSEM normalized_count, GTEx v8=TPM; NOT a fold change. clean tissue-of-origin match"
FGFR4,MESO,Lung,37.53,90.61,-53.08,0.4,depleted,poor,19.43,106.981,False,"rank-based within-dataset percentile among 1379 shared genes; TCGA=RSEM normalized_count, GTEx v8=TPM; NOT a fold change. mapping: No pleura/mesothelium in GTEx; Lung used only as an anatomic neighbour"
FGFR4,OV,Ovary,55.73,85.61,-29.88,4.8,depleted,fair,137.21,44.395,False,"rank-based within-dataset percentile among 1379 shared genes; TCGA=RSEM normalized_count, GTEx v8=TPM; NOT a fold change. mapping: Most TCGA OV is high-grade serous, now thought largely fallopian-tube derived; GTEx Ovary is stroma-rich"
FGFR4,PAAD,Pancreas,77.34,88.43,-11.09,19.5,comparable,good,1005.7,16.801,False,"rank-based within-dataset percentile among 1379 shared genes; TCGA=RSEM normalized_count, GTEx v8=TPM; NOT a fold change. mapping: GTEx Pancreas is acinar-dominated; PDAC is ductal"
FGFR4,PCPG,Adrenal_Gland,36.0,76.11,-40.1,2.0,depleted,fair,9.99,13.751,False,"rank-based within-dataset percentile among 1379 shared genes; TCGA=RSEM normalized_count, GTEx v8=TPM; NOT a fold change. mapping: Pheochromocytoma is medullary; paraganglioma is extra-adrenal"
FGFR4,PRAD,Prostate,44.92,54.28,-9.35,17.0,comparable,good,40.21,5.472,False,"rank-based within-dataset percentile among 1379 shared genes; TCGA=RSEM normalized_count, GTEx v8=TPM; NOT a fold change. clean tissue-of-origin match"
FGFR4,READ,Colon_Sigmoid,91.84,54.79,37.06,96.0,enriched,good,2638.78,4.037,False,"rank-based within-dataset percentile among 1379 shared genes; TCGA=RSEM normalized_count, GTEx v8=TPM; NOT a fold change. clean tissue-of-origin match"
FGFR4,SARC,Esophagus_Muscularis,43.04,52.39,-9.35,18.8,comparable,poor,26.5,3.213,False,"rank-based within-dataset percentile among 1379 shared genes; TCGA=RSEM normalized_count, GTEx v8=TPM; NOT a fold change. mapping: TCGA SARC is histologically heterogeneous (LMS, DDLPS, UPS); smooth muscle is a partial surrogate only"
FGFR4,SKCM,Skin_Sun_Exposed_Lower_leg,55.29,45.29,10.01,75.5,comparable,good,80.53,2.345,False,"rank-based within-dataset percentile among 1379 shared genes; TCGA=RSEM normalized_count, GTEx v8=TPM; NOT a fold change. mapping: GTEx skin is keratinocyte-dominated; melanocytes are a minor fraction"
FGFR4,STAD,Stomach,81.47,70.3,11.17,81.9,comparable,good,1113.77,8.487,False,"rank-based within-dataset percentile among 1379 shared genes; TCGA=RSEM normalized_count, GTEx v8=TPM; NOT a fold change. clean tissue-of-origin match"
FGFR4,TGCT,Testis,82.85,72.99,9.86,70.6,comparable,fair,977.14,12.082,False,"rank-based within-dataset percentile among 1379 shared genes; TCGA=RSEM normalized_count, GTEx v8=TPM; NOT a fold change. mapping: Testis has extreme transcriptome breadth; germ-cell tumour vs whole testis"
FGFR4,THCA,Thyroid,36.37,41.95,-5.58,27.6,comparable,good,9.89,1.642,False,"rank-based within-dataset percentile among 1379 shared genes; TCGA=RSEM normalized_count, GTEx v8=TPM; NOT a fold change. clean tissue-of-origin match"
FGFR4,UCEC,Uterus,68.35,55.29,13.05,83.3,comparable,fair,316.53,4.784,False,"rank-based within-dataset percentile among 1379 shared genes; TCGA=RSEM normalized_count, GTEx v8=TPM; NOT a fold change. mapping: GTEx Uterus is myometrium-dominated; UCEC arises from endometrium"
FGFR4,UCS,Uterus,79.59,55.29,24.29,94.6,enriched,poor,905.23,4.784,False,"rank-based within-dataset percentile among 1379 shared genes; TCGA=RSEM normalized_count, GTEx v8=TPM; NOT a fold change. mapping: Carcinosarcoma is biphasic (carcinomatous+sarcomatous); no matched normal exists"
FGFR4,UVM,Skin_Not_Sun_Exposed_Suprapubic,63.34,44.56,18.78,87.7,comparable,poor,100.4,2.015,False,"rank-based within-dataset percentile among 1379 shared genes; TCGA=RSEM normalized_count, GTEx v8=TPM; NOT a fold change. mapping: No uveal tract in GTEx; skin used only as a melanocyte-containing surrogate"
FLT1,ACC,Adrenal_Gland,87.85,61.75,26.11,99.0,enriched,good,1432.57,5.193,False,"rank-based within-dataset percentile among 1379 shared genes; TCGA=RSEM normalized_count, GTEx v8=TPM; NOT a fold change. mapping: Adrenocortical carcinoma vs whole adrenal gland (cortex+medulla mixed in GTEx)"
FLT1,BLCA,Bladder,77.7,64.21,13.49,86.9,comparable,good,629.17,9.799,False,"rank-based within-dataset percentile among 1379 shared genes; TCGA=RSEM normalized_count, GTEx v8=TPM; NOT a fold change. mapping: GTEx Bladder n is small (21 donors)"
FLT1,BRCA,Breast_Mammary_Tissue,80.82,77.05,3.77,65.3,comparable,good,926.85,25.337,False,"rank-based within-dataset percentile among 1379 shared genes; TCGA=RSEM normalized_count, GTEx v8=TPM; NOT a fold change. clean tissue-of-origin match"
FLT1,CESC,Cervix_Ectocervix,71.1,67.77,3.34,62.1,comparable,fair,380.51,15.591,False,"rank-based within-dataset percentile among 1379 shared genes; TCGA=RSEM normalized_count, GTEx v8=TPM; NOT a fold change. mapping: GTEx cervix n very small (~5-9 donors); ecto/endo split"
FLT1,CHOL,Liver,77.77,60.44,17.33,87.4,comparable,poor,799.94,2.073,False,"rank-based within-dataset percentile among 1379 shared genes; TCGA=RSEM normalized_count, GTEx v8=TPM; NOT a fold change. mapping: Cholangiocarcinoma arises from bile-duct epithelium; GTEx has no bile duct, Liver is hepatocyte-dominated"
FLT1,COAD,Colon_Transverse,73.28,57.47,15.81,89.0,comparable,good,526.12,5.718,False,"rank-based within-dataset percentile among 1379 shared genes; TCGA=RSEM normalized_count, GTEx v8=TPM; NOT a fold change. clean tissue-of-origin match"
FLT1,ESCA,Esophagus_Mucosa,79.01,55.66,23.35,96.6,enriched,fair,804.53,3.393,False,"rank-based within-dataset percentile among 1379 shared genes; TCGA=RSEM normalized_count, GTEx v8=TPM; NOT a fold change. mapping: TCGA ESCA mixes squamous and adenocarcinoma; mucosa is squamous"
FLT1,GBM,Brain_Cortex,74.95,73.28,1.67,50.6,comparable,good,768.86,8.71,False,"rank-based within-dataset percentile among 1379 shared genes; TCGA=RSEM normalized_count, GTEx v8=TPM; NOT a fold change. clean tissue-of-origin match"
FLT1,HNSC,Esophagus_Mucosa,74.37,55.66,18.71,93.3,enriched,poor,621.97,3.393,False,"rank-based within-dataset percentile among 1379 shared genes; TCGA=RSEM normalized_count, GTEx v8=TPM; NOT a fold change. mapping: No oral/laryngeal mucosa in GTEx; esophageal squamous mucosa used as surrogate epithelium"
FLT1,KICH,Kidney_Cortex,89.81,81.69,8.12,73.2,comparable,fair,1948.93,15.694,False,"rank-based within-dataset percentile among 1379 shared genes; TCGA=RSEM normalized_count, GTEx v8=TPM; NOT a fold change. mapping: Chromophobe RCC derives from distal nephron/collecting duct"
FLT1,KIRC,Kidney_Cortex,97.35,81.69,15.66,88.0,comparable,good,11788.4,15.694,False,"rank-based within-dataset percentile among 1379 shared genes; TCGA=RSEM normalized_count, GTEx v8=TPM; NOT a fold change. clean tissue-of-origin match"
FLT1,KIRP,Kidney_Cortex,68.93,81.69,-12.76,15.5,comparable,good,359.06,15.694,False,"rank-based within-dataset percentile among 1379 shared genes; TCGA=RSEM normalized_count, GTEx v8=TPM; NOT a fold change. clean tissue-of-origin match"
FLT1,LGG,Brain_Cortex,80.17,73.28,6.89,73.6,comparable,good,948.65,8.71,False,"rank-based within-dataset percentile among 1379 shared genes; TCGA=RSEM normalized_count, GTEx v8=TPM; NOT a fold change. clean tissue-of-origin match"
FLT1,LIHC,Liver,80.31,60.44,19.87,96.1,enriched,good,853.57,2.073,False,"rank-based within-dataset percentile among 1379 shared genes; TCGA=RSEM normalized_count, GTEx v8=TPM; NOT a fold change. clean tissue-of-origin match"
FLT1,LUAD,Lung,80.89,71.97,8.92,78.1,comparable,good,1073.29,25.386,False,"rank-based within-dataset percentile among 1379 shared genes; TCGA=RSEM normalized_count, GTEx v8=TPM; NOT a fold change. clean tissue-of-origin match"
FLT1,LUSC,Lung,76.69,71.97,4.71,67.4,comparable,good,792.88,25.386,False,"rank-based within-dataset percentile among 1379 shared genes; TCGA=RSEM normalized_count, GTEx v8=TPM; NOT a fold change. clean tissue-of-origin match"
FLT1,MESO,Lung,65.88,71.97,-6.09,27.4,comparable,poor,356.33,25.386,False,"rank-based within-dataset percentile among 1379 shared genes; TCGA=RSEM normalized_count, GTEx v8=TPM; NOT a fold change. mapping: No pleura/mesothelium in GTEx; Lung used only as an anatomic neighbour"
FLT1,OV,Ovary,68.35,54.86,13.49,82.3,comparable,fair,359.69,3.961,False,"rank-based within-dataset percentile among 1379 shared genes; TCGA=RSEM normalized_count, GTEx v8=TPM; NOT a fold change. mapping: Most TCGA OV is high-grade serous, now thought largely fallopian-tube derived; GTEx Ovary is stroma-rich"
FLT1,PAAD,Pancreas,80.75,63.85,16.9,88.5,comparable,good,1273.98,2.748,False,"rank-based within-dataset percentile among 1379 shared genes; TCGA=RSEM normalized_count, GTEx v8=TPM; NOT a fold change. mapping: GTEx Pancreas is acinar-dominated; PDAC is ductal"
FLT1,PCPG,Adrenal_Gland,90.9,61.75,29.15,94.6,enriched,fair,2125.05,5.193,False,"rank-based within-dataset percentile among 1379 shared genes; TCGA=RSEM normalized_count, GTEx v8=TPM; NOT a fold change. mapping: Pheochromocytoma is medullary; paraganglioma is extra-adrenal"
FLT1,PRAD,Prostate,77.05,68.64,8.41,81.1,comparable,good,689.76,13.623,False,"rank-based within-dataset percentile among 1379 shared genes; TCGA=RSEM normalized_count, GTEx v8=TPM; NOT a fold change. clean tissue-of-origin match"
FLT1,READ,Colon_Sigmoid,73.21,61.68,11.53,78.2,comparable,good,541.22,7.46,False,"rank-based within-dataset percentile among 1379 shared genes; TCGA=RSEM normalized_count, GTEx v8=TPM; NOT a fold change. clean tissue-of-origin match"
FLT1,SARC,Esophagus_Muscularis,83.07,66.1,16.97,91.9,enriched,poor,1164.55,10.144,False,"rank-based within-dataset percentile among 1379 shared genes; TCGA=RSEM normalized_count, GTEx v8=TPM; NOT a fold change. mapping: TCGA SARC is histologically heterogeneous (LMS, DDLPS, UPS); smooth muscle is a partial surrogate only"
FLT1,SKCM,Skin_Sun_Exposed_Lower_leg,69.07,55.51,13.56,81.4,comparable,good,287.78,5.178,False,"rank-based within-dataset percentile among 1379 shared genes; TCGA=RSEM normalized_count, GTEx v8=TPM; NOT a fold change. mapping: GTEx skin is keratinocyte-dominated; melanocytes are a minor fraction"
FLT1,STAD,Stomach,79.88,66.1,13.78,86.6,comparable,good,964.38,6.613,False,"rank-based within-dataset percentile among 1379 shared genes; TCGA=RSEM normalized_count, GTEx v8=TPM; NOT a fold change. clean tissue-of-origin match"
FLT1,TGCT,Testis,67.04,68.93,-1.89,42.2,comparable,fair,349.37,9.355,False,"rank-based within-dataset percentile among 1379 shared genes; TCGA=RSEM normalized_count, GTEx v8=TPM; NOT a fold change. mapping: Testis has extreme transcriptome breadth; germ-cell tumour vs whole testis"
FLT1,THCA,Thyroid,90.75,86.91,3.84,67.8,comparable,good,2625.25,54.173,False,"rank-based within-dataset percentile among 1379 shared genes; TCGA=RSEM normalized_count, GTEx v8=TPM; NOT a fold change. clean tissue-of-origin match"
FLT1,UCEC,Uterus,78.79,72.34,6.45,70.0,comparable,fair,748.92,21.513,False,"rank-based within-dataset percentile among 1379 shared genes; TCGA=RSEM normalized_count, GTEx v8=TPM; NOT a fold change. mapping: GTEx Uterus is myometrium-dominated; UCEC arises from endometrium"
FLT1,UCS,Uterus,77.34,72.34,5.0,67.7,comparable,poor,786.39,21.513,False,"rank-based within-dataset percentile among 1379 shared genes; TCGA=RSEM normalized_count, GTEx v8=TPM; NOT a fold change. mapping: Carcinosarcoma is biphasic (carcinomatous+sarcomatous); no matched normal exists"
FLT1,UVM,Skin_Not_Sun_Exposed_Suprapubic,67.19,55.22,11.97,77.8,comparable,poor,146.46,4.745,False,"rank-based within-dataset percentile among 1379 shared genes; TCGA=RSEM normalized_count, GTEx v8=TPM; NOT a fold change. mapping: No uveal tract in GTEx; skin used only as a melanocyte-containing surrogate"
FZD1,ACC,Adrenal_Gland,71.61,63.05,8.56,80.7,comparable,good,344.49,5.678,True,"rank-based within-dataset percentile among 1379 shared genes; TCGA=RSEM normalized_count, GTEx v8=TPM; NOT a fold change. mapping: Adrenocortical carcinoma vs whole adrenal gland (cortex+medulla mixed in GTEx)"
FZD1,BLCA,Bladder,73.71,69.65,4.06,66.1,comparable,good,467.6,14.083,True,"rank-based within-dataset percentile among 1379 shared genes; TCGA=RSEM normalized_count, GTEx v8=TPM; NOT a fold change. mapping: GTEx Bladder n is small (21 donors)"
FZD1,BRCA,Breast_Mammary_Tissue,83.87,64.65,19.22,93.3,enriched,good,1164.93,11.479,True,"rank-based within-dataset percentile among 1379 shared genes; TCGA=RSEM normalized_count, GTEx v8=TPM; NOT a fold change. clean tissue-of-origin match"
FZD1,CESC,Cervix_Ectocervix,75.38,71.83,3.55,62.6,comparable,fair,582.79,20.073,True,"rank-based within-dataset percentile among 1379 shared genes; TCGA=RSEM normalized_count, GTEx v8=TPM; NOT a fold change. mapping: GTEx cervix n very small (~5-9 donors); ecto/endo split"
FZD1,CHOL,Liver,77.41,51.6,25.82,94.5,enriched,poor,774.28,1.081,True,"rank-based within-dataset percentile among 1379 shared genes; TCGA=RSEM normalized_count, GTEx v8=TPM; NOT a fold change. mapping: Cholangiocarcinoma arises from bile-duct epithelium; GTEx has no bile duct, Liver is hepatocyte-dominated"
FZD1,COAD,Colon_Transverse,67.91,63.92,3.99,65.3,comparable,good,341.42,8.274,True,"rank-based within-dataset percentile among 1379 shared genes; TCGA=RSEM normalized_count, GTEx v8=TPM; NOT a fold change. clean tissue-of-origin match"
FZD1,ESCA,Esophagus_Mucosa,76.69,68.06,8.63,77.2,comparable,fair,695.99,8.494,True,"rank-based within-dataset percentile among 1379 shared genes; TCGA=RSEM normalized_count, GTEx v8=TPM; NOT a fold change. mapping: TCGA ESCA mixes squamous and adenocarcinoma; mucosa is squamous"
FZD1,GBM,Brain_Cortex,70.23,53.05,17.19,86.0,comparable,good,585.29,2.359,True,"rank-based within-dataset percentile among 1379 shared genes; TCGA=RSEM normalized_count, GTEx v8=TPM; NOT a fold change. clean tissue-of-origin match"
FZD1,HNSC,Esophagus_Mucosa,77.41,68.06,9.35,79.6,comparable,poor,787.28,8.494,True,"rank-based within-dataset percentile among 1379 shared genes; TCGA=RSEM normalized_count, GTEx v8=TPM; NOT a fold change. mapping: No oral/laryngeal mucosa in GTEx; esophageal squamous mucosa used as surrogate epithelium"
FZD1,KICH,Kidney_Cortex,70.23,66.68,3.55,54.7,comparable,fair,313.31,5.583,True,"rank-based within-dataset percentile among 1379 shared genes; TCGA=RSEM normalized_count, GTEx v8=TPM; NOT a fold change. mapping: Chromophobe RCC derives from distal nephron/collecting duct"
FZD1,KIRC,Kidney_Cortex,91.62,66.68,24.95,96.6,enriched,good,3435.12,5.583,True,"rank-based within-dataset percentile among 1379 shared genes; TCGA=RSEM normalized_count, GTEx v8=TPM; NOT a fold change. clean tissue-of-origin match"
FZD1,KIRP,Kidney_Cortex,95.4,66.68,28.72,98.7,enriched,good,4514.61,5.583,True,"rank-based within-dataset percentile among 1379 shared genes; TCGA=RSEM normalized_count, GTEx v8=TPM; NOT a fold change. clean tissue-of-origin match"
FZD1,LGG,Brain_Cortex,63.27,53.05,10.22,80.4,comparable,good,268.53,2.359,True,"rank-based within-dataset percentile among 1379 shared genes; TCGA=RSEM normalized_count, GTEx v8=TPM; NOT a fold change. clean tissue-of-origin match"
FZD1,LIHC,Liver,60.44,51.6,8.85,80.6,comparable,good,135.04,1.081,True,"rank-based within-dataset percentile among 1379 shared genes; TCGA=RSEM normalized_count, GTEx v8=TPM; NOT a fold change. clean tissue-of-origin match"
FZD1,LUAD,Lung,78.21,67.26,10.95,82.7,comparable,good,878.04,19.685,True,"rank-based within-dataset percentile among 1379 shared genes; TCGA=RSEM normalized_count, GTEx v8=TPM; NOT a fold change. clean tissue-of-origin match"
FZD1,LUSC,Lung,78.93,67.26,11.68,80.4,comparable,good,962.19,19.685,True,"rank-based within-dataset percentile among 1379 shared genes; TCGA=RSEM normalized_count, GTEx v8=TPM; NOT a fold change. clean tissue-of-origin match"
FZD1,MESO,Lung,84.95,67.26,17.69,90.4,enriched,poor,1617.76,19.685,True,"rank-based within-dataset percentile among 1379 shared genes; TCGA=RSEM normalized_count, GTEx v8=TPM; NOT a fold change. mapping: No pleura/mesothelium in GTEx; Lung used only as an anatomic neighbour"
FZD1,OV,Ovary,72.92,76.32,-3.41,36.5,comparable,fair,511.01,21.279,True,"rank-based within-dataset percentile among 1379 shared genes; TCGA=RSEM normalized_count, GTEx v8=TPM; NOT a fold change. mapping: Most TCGA OV is high-grade serous, now thought largely fallopian-tube derived; GTEx Ovary is stroma-rich"
FZD1,PAAD,Pancreas,76.32,65.95,10.37,78.8,comparable,good,925.35,3.324,True,"rank-based within-dataset percentile among 1379 shared genes; TCGA=RSEM normalized_count, GTEx v8=TPM; NOT a fold change. mapping: GTEx Pancreas is acinar-dominated; PDAC is ductal"
FZD1,PCPG,Adrenal_Gland,62.55,63.05,-0.51,45.3,comparable,fair,210.64,5.678,True,"rank-based within-dataset percentile among 1379 shared genes; TCGA=RSEM normalized_count, GTEx v8=TPM; NOT a fold change. mapping: Pheochromocytoma is medullary; paraganglioma is extra-adrenal"
FZD1,PRAD,Prostate,81.47,71.46,10.01,84.4,comparable,good,920.31,15.81,True,"rank-based within-dataset percentile among 1379 shared genes; TCGA=RSEM normalized_count, GTEx v8=TPM; NOT a fold change. clean tissue-of-origin match"
FZD1,READ,Colon_Sigmoid,67.98,67.77,0.22,47.0,comparable,good,341.39,11.534,True,"rank-based within-dataset percentile among 1379 shared genes; TCGA=RSEM normalized_count, GTEx v8=TPM; NOT a fold change. clean tissue-of-origin match"
FZD1,SARC,Esophagus_Muscularis,86.98,64.72,22.26,96.4,enriched,poor,1561.05,8.902,True,"rank-based within-dataset percentile among 1379 shared genes; TCGA=RSEM normalized_count, GTEx v8=TPM; NOT a fold change. mapping: TCGA SARC is histologically heterogeneous (LMS, DDLPS, UPS); smooth muscle is a partial surrogate only"
FZD1,SKCM,Skin_Sun_Exposed_Lower_leg,76.47,73.93,2.54,50.6,comparable,good,547.1,18.611,True,"rank-based within-dataset percentile among 1379 shared genes; TCGA=RSEM normalized_count, GTEx v8=TPM; NOT a fold change. mapping: GTEx skin is keratinocyte-dominated; melanocytes are a minor fraction"
FZD1,STAD,Stomach,72.41,60.95,11.46,82.2,comparable,good,547.12,4.944,True,"rank-based within-dataset percentile among 1379 shared genes; TCGA=RSEM normalized_count, GTEx v8=TPM; NOT a fold change. clean tissue-of-origin match"
FZD1,TGCT,Testis,62.98,49.93,13.05,76.3,comparable,fair,261.96,3.457,True,"rank-based within-dataset percentile among 1379 shared genes; TCGA=RSEM normalized_count, GTEx v8=TPM; NOT a fold change. mapping: Testis has extreme transcriptome breadth; germ-cell tumour vs whole testis"
FZD1,THCA,Thyroid,94.31,85.53,8.77,81.1,comparable,good,4341.63,49.037,True,"rank-based within-dataset percentile among 1379 shared genes; TCGA=RSEM normalized_count, GTEx v8=TPM; NOT a fold change. clean tissue-of-origin match"
FZD1,UCEC,Uterus,75.38,67.48,7.9,73.0,comparable,fair,583.27,15.083,True,"rank-based within-dataset percentile among 1379 shared genes; TCGA=RSEM normalized_count, GTEx v8=TPM; NOT a fold change. mapping: GTEx Uterus is myometrium-dominated; UCEC arises from endometrium"
FZD1,UCS,Uterus,86.48,67.48,19.0,90.7,enriched,poor,1416.67,15.083,True,"rank-based within-dataset percentile among 1379 shared genes; TCGA=RSEM normalized_count, GTEx v8=TPM; NOT a fold change. mapping: Carcinosarcoma is biphasic (carcinomatous+sarcomatous); no matched normal exists"
FZD1,UVM,Skin_Not_Sun_Exposed_Suprapubic,74.8,72.26,2.54,47.8,comparable,poor,323.76,15.734,True,"rank-based within-dataset percentile among 1379 shared genes; TCGA=RSEM normalized_count, GTEx v8=TPM; NOT a fold change. mapping: No uveal tract in GTEx; skin used only as a melanocyte-containing surrogate"
FZD10,ACC,Adrenal_Gland,41.26,27.08,14.18,91.2,enriched,good,10.25,0.169,True,"rank-based within-dataset percentile among 1379 shared genes; TCGA=RSEM normalized_count, GTEx v8=TPM; NOT a fold change. mapping: Adrenocortical carcinoma vs whole adrenal gland (cortex+medulla mixed in GTEx)"
FZD10,BLCA,Bladder,47.82,40.14,7.69,74.6,comparable,good,43.71,1.458,True,"rank-based within-dataset percentile among 1379 shared genes; TCGA=RSEM normalized_count, GTEx v8=TPM; NOT a fold change. mapping: GTEx Bladder n is small (21 donors)"
FZD10,BRCA,Breast_Mammary_Tissue,40.43,40.43,0.0,45.8,comparable,good,25.86,1.535,True,"rank-based within-dataset percentile among 1379 shared genes; TCGA=RSEM normalized_count, GTEx v8=TPM; NOT a fold change. clean tissue-of-origin match"
FZD10,CESC,Cervix_Ectocervix,66.32,49.93,16.39,86.4,comparable,fair,260.51,3.272,True,"rank-based within-dataset percentile among 1379 shared genes; TCGA=RSEM normalized_count, GTEx v8=TPM; NOT a fold change. mapping: GTEx cervix n very small (~5-9 donors); ecto/endo split"
FZD10,CHOL,Liver,39.41,15.26,24.15,93.7,enriched,poor,21.6,0.017,True,"rank-based within-dataset percentile among 1379 shared genes; TCGA=RSEM normalized_count, GTEx v8=TPM; NOT a fold change. mapping: Cholangiocarcinoma arises from bile-duct epithelium; GTEx has no bile duct, Liver is hepatocyte-dominated"
FZD10,COAD,Colon_Transverse,37.09,28.39,8.7,77.4,comparable,good,13.2,0.493,True,"rank-based within-dataset percentile among 1379 shared genes; TCGA=RSEM normalized_count, GTEx v8=TPM; NOT a fold change. clean tissue-of-origin match"
FZD10,ESCA,Esophagus_Mucosa,61.31,78.21,-16.9,9.9,depleted,fair,200.81,18.27,True,"rank-based within-dataset percentile among 1379 shared genes; TCGA=RSEM normalized_count, GTEx v8=TPM; NOT a fold change. mapping: TCGA ESCA mixes squamous and adenocarcinoma; mucosa is squamous"
FZD10,GBM,Brain_Cortex,36.29,35.5,0.8,48.3,comparable,good,15.39,0.54,True,"rank-based within-dataset percentile among 1379 shared genes; TCGA=RSEM normalized_count, GTEx v8=TPM; NOT a fold change. clean tissue-of-origin match"
FZD10,HNSC,Esophagus_Mucosa,64.58,78.21,-13.63,11.8,comparable,poor,296.86,18.27,True,"rank-based within-dataset percentile among 1379 shared genes; TCGA=RSEM normalized_count, GTEx v8=TPM; NOT a fold change. mapping: No oral/laryngeal mucosa in GTEx; esophageal squamous mucosa used as surrogate epithelium"
FZD10,KICH,Kidney_Cortex,38.76,17.08,21.68,94.8,enriched,fair,8.4,0.053,True,"rank-based within-dataset percentile among 1379 shared genes; TCGA=RSEM normalized_count, GTEx v8=TPM; NOT a fold change. mapping: Chromophobe RCC derives from distal nephron/collecting duct"
FZD10,KIRC,Kidney_Cortex,32.45,17.08,15.37,87.4,comparable,good,9.4,0.053,True,"rank-based within-dataset percentile among 1379 shared genes; TCGA=RSEM normalized_count, GTEx v8=TPM; NOT a fold change. clean tissue-of-origin match"
FZD10,KIRP,Kidney_Cortex,23.6,17.08,6.53,71.7,comparable,good,1.38,0.053,True,"rank-based within-dataset percentile among 1379 shared genes; TCGA=RSEM normalized_count, GTEx v8=TPM; NOT a fold change. clean tissue-of-origin match"
FZD10,LGG,Brain_Cortex,37.82,35.5,2.32,52.1,comparable,good,12.54,0.54,True,"rank-based within-dataset percentile among 1379 shared genes; TCGA=RSEM normalized_count, GTEx v8=TPM; NOT a fold change. clean tissue-of-origin match"
FZD10,LIHC,Liver,30.28,15.26,15.01,92.1,enriched,good,2.83,0.017,True,"rank-based within-dataset percentile among 1379 shared genes; TCGA=RSEM normalized_count, GTEx v8=TPM; NOT a fold change. clean tissue-of-origin match"
FZD10,LUAD,Lung,33.97,34.84,-0.87,43.4,comparable,good,15.4,1.443,True,"rank-based within-dataset percentile among 1379 shared genes; TCGA=RSEM normalized_count, GTEx v8=TPM; NOT a fold change. clean tissue-of-origin match"
FZD10,LUSC,Lung,61.89,34.84,27.05,95.9,enriched,good,263.55,1.443,True,"rank-based within-dataset percentile among 1379 shared genes; TCGA=RSEM normalized_count, GTEx v8=TPM; NOT a fold change. clean tissue-of-origin match"
FZD10,MESO,Lung,32.67,34.84,-2.18,38.6,comparable,poor,10.11,1.443,True,"rank-based within-dataset percentile among 1379 shared genes; TCGA=RSEM normalized_count, GTEx v8=TPM; NOT a fold change. mapping: No pleura/mesothelium in GTEx; Lung used only as an anatomic neighbour"
FZD10,OV,Ovary,64.43,44.71,19.72,89.8,comparable,fair,266.92,1.348,True,"rank-based within-dataset percentile among 1379 shared genes; TCGA=RSEM normalized_count, GTEx v8=TPM; NOT a fold change. mapping: Most TCGA OV is high-grade serous, now thought largely fallopian-tube derived; GTEx Ovary is stroma-rich"
FZD10,PAAD,Pancreas,36.0,27.88,8.12,74.0,comparable,good,29.27,0.104,True,"rank-based within-dataset percentile among 1379 shared genes; TCGA=RSEM normalized_count, GTEx v8=TPM; NOT a fold change. mapping: GTEx Pancreas is acinar-dominated; PDAC is ductal"
FZD10,PCPG,Adrenal_Gland,41.08,27.08,14.0,84.3,comparable,fair,18.06,0.169,True,"rank-based within-dataset percentile among 1379 shared genes; TCGA=RSEM normalized_count, GTEx v8=TPM; NOT a fold change. mapping: Pheochromocytoma is medullary; paraganglioma is extra-adrenal"
FZD10,PRAD,Prostate,50.51,53.63,-3.12,34.5,comparable,good,71.59,5.297,True,"rank-based within-dataset percentile among 1379 shared genes; TCGA=RSEM normalized_count, GTEx v8=TPM; NOT a fold change. clean tissue-of-origin match"
FZD10,READ,Colon_Sigmoid,37.38,30.86,6.53,69.0,comparable,good,14.6,0.452,True,"rank-based within-dataset percentile among 1379 shared genes; TCGA=RSEM normalized_count, GTEx v8=TPM; NOT a fold change. clean tissue-of-origin match"
FZD10,SARC,Esophagus_Muscularis,35.42,36.37,-0.94,38.1,comparable,poor,9.93,0.68,True,"rank-based within-dataset percentile among 1379 shared genes; TCGA=RSEM normalized_count, GTEx v8=TPM; NOT a fold change. mapping: TCGA SARC is histologically heterogeneous (LMS, DDLPS, UPS); smooth muscle is a partial surrogate only"
FZD10,SKCM,Skin_Sun_Exposed_Lower_leg,36.08,67.69,-31.62,5.6,depleted,good,8.44,12.981,True,"rank-based within-dataset percentile among 1379 shared genes; TCGA=RSEM normalized_count, GTEx v8=TPM; NOT a fold change. mapping: GTEx skin is keratinocyte-dominated; melanocytes are a minor fraction"
FZD10,STAD,Stomach,39.12,29.84,9.28,77.7,comparable,good,24.8,0.387,True,"rank-based within-dataset percentile among 1379 shared genes; TCGA=RSEM normalized_count, GTEx v8=TPM; NOT a fold change. clean tissue-of-origin match"
FZD10,TGCT,Testis,61.97,16.86,45.11,98.1,enriched,fair,252.57,0.413,True,"rank-based within-dataset percentile among 1379 shared genes; TCGA=RSEM normalized_count, GTEx v8=TPM; NOT a fold change. mapping: Testis has extreme transcriptome breadth; germ-cell tumour vs whole testis"
FZD10,THCA,Thyroid,40.5,45.36,-4.86,29.6,comparable,good,17.76,2.33,True,"rank-based within-dataset percentile among 1379 shared genes; TCGA=RSEM normalized_count, GTEx v8=TPM; NOT a fold change. clean tissue-of-origin match"
FZD10,UCEC,Uterus,71.61,40.94,30.67,96.5,enriched,fair,424.42,1.241,True,"rank-based within-dataset percentile among 1379 shared genes; TCGA=RSEM normalized_count, GTEx v8=TPM; NOT a fold change. mapping: GTEx Uterus is myometrium-dominated; UCEC arises from endometrium"
FZD10,UCS,Uterus,54.35,40.94,13.42,83.9,comparable,poor,119.89,1.241,True,"rank-based within-dataset percentile among 1379 shared genes; TCGA=RSEM normalized_count, GTEx v8=TPM; NOT a fold change. mapping: Carcinosarcoma is biphasic (carcinomatous+sarcomatous); no matched normal exists"
FZD10,UVM,Skin_Not_Sun_Exposed_Suprapubic,42.24,70.99,-28.75,7.7,depleted,poor,6.32,14.753,True,"rank-based within-dataset percentile among 1379 shared genes; TCGA=RSEM normalized_count, GTEx v8=TPM; NOT a fold change. mapping: No uveal tract in GTEx; skin used only as a melanocyte-containing surrogate"
FZD2,ACC,Adrenal_Gland,62.62,52.1,10.51,84.6,comparable,good,159.87,2.202,True,"rank-based within-dataset percentile among 1379 shared genes; TCGA=RSEM normalized_count, GTEx v8=TPM; NOT a fold change. mapping: Adrenocortical carcinoma vs whole adrenal gland (cortex+medulla mixed in GTEx)"
FZD2,BLCA,Bladder,63.13,53.84,9.28,77.7,comparable,good,198.68,4.304,True,"rank-based within-dataset percentile among 1379 shared genes; TCGA=RSEM normalized_count, GTEx v8=TPM; NOT a fold change. mapping: GTEx Bladder n is small (21 donors)"
FZD2,BRCA,Breast_Mammary_Tissue,56.16,45.5,10.66,80.1,comparable,good,136.44,2.325,True,"rank-based within-dataset percentile among 1379 shared genes; TCGA=RSEM normalized_count, GTEx v8=TPM; NOT a fold change. clean tissue-of-origin match"
FZD2,CESC,Cervix_Ectocervix,57.03,65.16,-8.12,27.3,comparable,fair,124.79,12.702,True,"rank-based within-dataset percentile among 1379 shared genes; TCGA=RSEM normalized_count, GTEx v8=TPM; NOT a fold change. mapping: GTEx cervix n very small (~5-9 donors); ecto/endo split"
FZD2,CHOL,Liver,47.53,29.62,17.91,88.4,comparable,poor,57.37,0.137,True,"rank-based within-dataset percentile among 1379 shared genes; TCGA=RSEM normalized_count, GTEx v8=TPM; NOT a fold change. mapping: Cholangiocarcinoma arises from bile-duct epithelium; GTEx has no bile duct, Liver is hepatocyte-dominated"
FZD2,COAD,Colon_Transverse,50.22,45.94,4.28,66.3,comparable,good,64.93,2.359,True,"rank-based within-dataset percentile among 1379 shared genes; TCGA=RSEM normalized_count, GTEx v8=TPM; NOT a fold change. clean tissue-of-origin match"
FZD2,ESCA,Esophagus_Mucosa,51.45,42.53,8.92,78.0,comparable,fair,81.93,1.228,True,"rank-based within-dataset percentile among 1379 shared genes; TCGA=RSEM normalized_count, GTEx v8=TPM; NOT a fold change. mapping: TCGA ESCA mixes squamous and adenocarcinoma; mucosa is squamous"
FZD2,GBM,Brain_Cortex,56.09,42.31,13.78,81.4,comparable,good,155.67,0.997,True,"rank-based within-dataset percentile among 1379 shared genes; TCGA=RSEM normalized_count, GTEx v8=TPM; NOT a fold change. clean tissue-of-origin match"
FZD2,HNSC,Esophagus_Mucosa,55.15,42.53,12.62,86.4,comparable,poor,137.42,1.228,True,"rank-based within-dataset percentile among 1379 shared genes; TCGA=RSEM normalized_count, GTEx v8=TPM; NOT a fold change. mapping: No oral/laryngeal mucosa in GTEx; esophageal squamous mucosa used as surrogate epithelium"
FZD2,KICH,Kidney_Cortex,59.06,55.73,3.34,54.2,comparable,fair,114.37,2.684,True,"rank-based within-dataset percentile among 1379 shared genes; TCGA=RSEM normalized_count, GTEx v8=TPM; NOT a fold change. mapping: Chromophobe RCC derives from distal nephron/collecting duct"
FZD2,KIRC,Kidney_Cortex,44.05,55.73,-11.68,17.5,comparable,good,51.27,2.684,True,"rank-based within-dataset percentile among 1379 shared genes; TCGA=RSEM normalized_count, GTEx v8=TPM; NOT a fold change. clean tissue-of-origin match"
FZD2,KIRP,Kidney_Cortex,58.12,55.73,2.39,51.8,comparable,good,129.17,2.684,True,"rank-based within-dataset percentile among 1379 shared genes; TCGA=RSEM normalized_count, GTEx v8=TPM; NOT a fold change. clean tissue-of-origin match"
FZD2,LGG,Brain_Cortex,48.77,42.31,6.45,71.9,comparable,good,55.98,0.997,True,"rank-based within-dataset percentile among 1379 shared genes; TCGA=RSEM normalized_count, GTEx v8=TPM; NOT a fold change. clean tissue-of-origin match"
FZD2,LIHC,Liver,42.75,29.62,13.13,89.8,comparable,good,17.8,0.137,True,"rank-based within-dataset percentile among 1379 shared genes; TCGA=RSEM normalized_count, GTEx v8=TPM; NOT a fold change. clean tissue-of-origin match"
FZD2,LUAD,Lung,54.79,51.45,3.34,64.4,comparable,good,154.25,5.987,True,"rank-based within-dataset percentile among 1379 shared genes; TCGA=RSEM normalized_count, GTEx v8=TPM; NOT a fold change. clean tissue-of-origin match"
FZD2,LUSC,Lung,55.66,51.45,4.21,66.1,comparable,good,168.31,5.987,True,"rank-based within-dataset percentile among 1379 shared genes; TCGA=RSEM normalized_count, GTEx v8=TPM; NOT a fold change. clean tissue-of-origin match"
FZD2,MESO,Lung,67.26,51.45,15.81,88.5,comparable,poor,405.25,5.987,True,"rank-based within-dataset percentile among 1379 shared genes; TCGA=RSEM normalized_count, GTEx v8=TPM; NOT a fold change. mapping: No pleura/mesothelium in GTEx; Lung used only as an anatomic neighbour"
FZD2,OV,Ovary,62.98,62.04,0.94,53.3,comparable,fair,239.76,6.797,True,"rank-based within-dataset percentile among 1379 shared genes; TCGA=RSEM normalized_count, GTEx v8=TPM; NOT a fold change. mapping: Most TCGA OV is high-grade serous, now thought largely fallopian-tube derived; GTEx Ovary is stroma-rich"
FZD2,PAAD,Pancreas,52.76,51.16,1.6,56.2,comparable,good,179.73,0.982,True,"rank-based within-dataset percentile among 1379 shared genes; TCGA=RSEM normalized_count, GTEx v8=TPM; NOT a fold change. mapping: GTEx Pancreas is acinar-dominated; PDAC is ductal"
FZD2,PCPG,Adrenal_Gland,41.44,52.1,-10.66,22.2,comparable,fair,19.09,2.202,True,"rank-based within-dataset percentile among 1379 shared genes; TCGA=RSEM normalized_count, GTEx v8=TPM; NOT a fold change. mapping: Pheochromocytoma is medullary; paraganglioma is extra-adrenal"
FZD2,PRAD,Prostate,46.59,48.04,-1.45,39.6,comparable,good,47.77,3.34,True,"rank-based within-dataset percentile among 1379 shared genes; TCGA=RSEM normalized_count, GTEx v8=TPM; NOT a fold change. clean tissue-of-origin match"
FZD2,READ,Colon_Sigmoid,50.0,49.85,0.15,46.8,comparable,good,66.01,2.906,True,"rank-based within-dataset percentile among 1379 shared genes; TCGA=RSEM normalized_count, GTEx v8=TPM; NOT a fold change. clean tissue-of-origin match"
FZD2,SARC,Esophagus_Muscularis,65.88,48.04,17.84,92.9,enriched,poor,330.0,2.19,True,"rank-based within-dataset percentile among 1379 shared genes; TCGA=RSEM normalized_count, GTEx v8=TPM; NOT a fold change. mapping: TCGA SARC is histologically heterogeneous (LMS, DDLPS, UPS); smooth muscle is a partial surrogate only"
FZD2,SKCM,Skin_Sun_Exposed_Lower_leg,56.67,36.29,20.38,90.4,enriched,good,89.29,0.93,True,"rank-based within-dataset percentile among 1379 shared genes; TCGA=RSEM normalized_count, GTEx v8=TPM; NOT a fold change. mapping: GTEx skin is keratinocyte-dominated; melanocytes are a minor fraction"
FZD2,STAD,Stomach,50.51,43.62,6.89,72.9,comparable,good,96.31,1.294,True,"rank-based within-dataset percentile among 1379 shared genes; TCGA=RSEM normalized_count, GTEx v8=TPM; NOT a fold change. clean tissue-of-origin match"
FZD2,TGCT,Testis,49.64,48.69,0.94,51.1,comparable,fair,100.09,3.36,True,"rank-based within-dataset percentile among 1379 shared genes; TCGA=RSEM normalized_count, GTEx v8=TPM; NOT a fold change. mapping: Testis has extreme transcriptome breadth; germ-cell tumour vs whole testis"
FZD2,THCA,Thyroid,54.79,53.77,1.02,51.3,comparable,good,110.87,5.279,True,"rank-based within-dataset percentile among 1379 shared genes; TCGA=RSEM normalized_count, GTEx v8=TPM; NOT a fold change. clean tissue-of-origin match"
FZD2,UCEC,Uterus,73.21,63.78,9.43,77.0,comparable,fair,479.37,10.403,True,"rank-based within-dataset percentile among 1379 shared genes; TCGA=RSEM normalized_count, GTEx v8=TPM; NOT a fold change. mapping: GTEx Uterus is myometrium-dominated; UCEC arises from endometrium"
FZD2,UCS,Uterus,83.36,63.78,19.58,91.1,enriched,poor,1140.95,10.403,True,"rank-based within-dataset percentile among 1379 shared genes; TCGA=RSEM normalized_count, GTEx v8=TPM; NOT a fold change. mapping: Carcinosarcoma is biphasic (carcinomatous+sarcomatous); no matched normal exists"
FZD2,UVM,Skin_Not_Sun_Exposed_Suprapubic,51.74,37.67,14.07,81.5,comparable,poor,21.26,0.983,True,"rank-based within-dataset percentile among 1379 shared genes; TCGA=RSEM normalized_count, GTEx v8=TPM; NOT a fold change. mapping: No uveal tract in GTEx; skin used only as a melanocyte-containing surrogate"
FZD3,ACC,Adrenal_Gland,61.09,49.78,11.31,86.2,comparable,good,134.53,1.797,True,"rank-based within-dataset percentile among 1379 shared genes; TCGA=RSEM normalized_count, GTEx v8=TPM; NOT a fold change. mapping: Adrenocortical carcinoma vs whole adrenal gland (cortex+medulla mixed in GTEx)"
FZD3,BLCA,Bladder,57.61,48.91,8.7,76.4,comparable,good,121.92,2.894,True,"rank-based within-dataset percentile among 1379 shared genes; TCGA=RSEM normalized_count, GTEx v8=TPM; NOT a fold change. mapping: GTEx Bladder n is small (21 donors)"
FZD3,BRCA,Breast_Mammary_Tissue,56.53,40.86,15.66,89.2,comparable,good,142.09,1.618,True,"rank-based within-dataset percentile among 1379 shared genes; TCGA=RSEM normalized_count, GTEx v8=TPM; NOT a fold change. clean tissue-of-origin match"
FZD3,CESC,Cervix_Ectocervix,45.79,48.11,-2.32,38.4,comparable,fair,38.45,2.775,True,"rank-based within-dataset percentile among 1379 shared genes; TCGA=RSEM normalized_count, GTEx v8=TPM; NOT a fold change. mapping: GTEx cervix n very small (~5-9 donors); ecto/endo split"
FZD3,CHOL,Liver,47.61,35.28,12.33,80.6,comparable,poor,57.94,0.237,True,"rank-based within-dataset percentile among 1379 shared genes; TCGA=RSEM normalized_count, GTEx v8=TPM; NOT a fold change. mapping: Cholangiocarcinoma arises from bile-duct epithelium; GTEx has no bile duct, Liver is hepatocyte-dominated"
FZD3,COAD,Colon_Transverse,58.34,40.07,18.27,91.2,enriched,good,134.67,1.48,True,"rank-based within-dataset percentile among 1379 shared genes; TCGA=RSEM normalized_count, GTEx v8=TPM; NOT a fold change. clean tissue-of-origin match"
FZD3,ESCA,Esophagus_Mucosa,56.38,39.63,16.75,91.4,enriched,fair,133.2,1.0,True,"rank-based within-dataset percentile among 1379 shared genes; TCGA=RSEM normalized_count, GTEx v8=TPM; NOT a fold change. mapping: TCGA ESCA mixes squamous and adenocarcinoma; mucosa is squamous"
FZD3,GBM,Brain_Cortex,65.81,63.34,2.47,60.6,comparable,good,418.09,4.964,True,"rank-based within-dataset percentile among 1379 shared genes; TCGA=RSEM normalized_count, GTEx v8=TPM; NOT a fold change. clean tissue-of-origin match"
FZD3,HNSC,Esophagus_Mucosa,48.62,39.63,8.99,78.7,comparable,poor,78.58,1.0,True,"rank-based within-dataset percentile among 1379 shared genes; TCGA=RSEM normalized_count, GTEx v8=TPM; NOT a fold change. mapping: No oral/laryngeal mucosa in GTEx; esophageal squamous mucosa used as surrogate epithelium"
FZD3,KICH,Kidney_Cortex,59.79,42.17,17.62,90.9,enriched,fair,123.26,0.911,True,"rank-based within-dataset percentile among 1379 shared genes; TCGA=RSEM normalized_count, GTEx v8=TPM; NOT a fold change. mapping: Chromophobe RCC derives from distal nephron/collecting duct"
FZD3,KIRC,Kidney_Cortex,48.19,42.17,6.02,68.5,comparable,good,84.24,0.911,True,"rank-based within-dataset percentile among 1379 shared genes; TCGA=RSEM normalized_count, GTEx v8=TPM; NOT a fold change. clean tissue-of-origin match"
FZD3,KIRP,Kidney_Cortex,54.64,42.17,12.47,85.3,comparable,good,94.07,0.911,True,"rank-based within-dataset percentile among 1379 shared genes; TCGA=RSEM normalized_count, GTEx v8=TPM; NOT a fold change. clean tissue-of-origin match"
FZD3,LGG,Brain_Cortex,63.78,63.34,0.44,46.5,comparable,good,278.37,4.964,True,"rank-based within-dataset percentile among 1379 shared genes; TCGA=RSEM normalized_count, GTEx v8=TPM; NOT a fold change. clean tissue-of-origin match"
FZD3,LIHC,Liver,46.37,35.28,11.09,86.0,comparable,good,29.86,0.237,True,"rank-based within-dataset percentile among 1379 shared genes; TCGA=RSEM normalized_count, GTEx v8=TPM; NOT a fold change. clean tissue-of-origin match"
FZD3,LUAD,Lung,49.56,30.71,18.85,93.5,enriched,good,98.16,1.019,True,"rank-based within-dataset percentile among 1379 shared genes; TCGA=RSEM normalized_count, GTEx v8=TPM; NOT a fold change. clean tissue-of-origin match"
FZD3,LUSC,Lung,51.81,30.71,21.1,92.3,enriched,good,116.12,1.019,True,"rank-based within-dataset percentile among 1379 shared genes; TCGA=RSEM normalized_count, GTEx v8=TPM; NOT a fold change. clean tissue-of-origin match"
FZD3,MESO,Lung,44.71,30.71,14.0,85.7,comparable,poor,55.12,1.019,True,"rank-based within-dataset percentile among 1379 shared genes; TCGA=RSEM normalized_count, GTEx v8=TPM; NOT a fold change. mapping: No pleura/mesothelium in GTEx; Lung used only as an anatomic neighbour"
FZD3,OV,Ovary,64.87,65.81,-0.94,44.1,comparable,fair,271.79,9.249,True,"rank-based within-dataset percentile among 1379 shared genes; TCGA=RSEM normalized_count, GTEx v8=TPM; NOT a fold change. mapping: Most TCGA OV is high-grade serous, now thought largely fallopian-tube derived; GTEx Ovary is stroma-rich"
FZD3,PAAD,Pancreas,43.47,53.55,-10.08,21.2,comparable,good,71.23,1.194,True,"rank-based within-dataset percentile among 1379 shared genes; TCGA=RSEM normalized_count, GTEx v8=TPM; NOT a fold change. mapping: GTEx Pancreas is acinar-dominated; PDAC is ductal"
FZD3,PCPG,Adrenal_Gland,60.8,49.78,11.02,80.1,comparable,fair,183.38,1.797,True,"rank-based within-dataset percentile among 1379 shared genes; TCGA=RSEM normalized_count, GTEx v8=TPM; NOT a fold change. mapping: Pheochromocytoma is medullary; paraganglioma is extra-adrenal"
FZD3,PRAD,Prostate,58.92,49.27,9.64,83.6,comparable,good,160.14,3.671,True,"rank-based within-dataset percentile among 1379 shared genes; TCGA=RSEM normalized_count, GTEx v8=TPM; NOT a fold change. clean tissue-of-origin match"
FZD3,READ,Colon_Sigmoid,56.82,50.07,6.74,69.6,comparable,good,117.82,2.915,True,"rank-based within-dataset percentile among 1379 shared genes; TCGA=RSEM normalized_count, GTEx v8=TPM; NOT a fold change. clean tissue-of-origin match"
FZD3,SARC,Esophagus_Muscularis,44.2,53.05,-8.85,20.2,comparable,poor,33.12,3.382,True,"rank-based within-dataset percentile among 1379 shared genes; TCGA=RSEM normalized_count, GTEx v8=TPM; NOT a fold change. mapping: TCGA SARC is histologically heterogeneous (LMS, DDLPS, UPS); smooth muscle is a partial surrogate only"
FZD3,SKCM,Skin_Sun_Exposed_Lower_leg,62.33,41.44,20.88,91.1,enriched,good,149.31,1.6,True,"rank-based within-dataset percentile among 1379 shared genes; TCGA=RSEM normalized_count, GTEx v8=TPM; NOT a fold change. mapping: GTEx skin is keratinocyte-dominated; melanocytes are a minor fraction"
FZD3,STAD,Stomach,55.37,48.4,6.96,73.2,comparable,good,144.78,1.931,True,"rank-based within-dataset percentile among 1379 shared genes; TCGA=RSEM normalized_count, GTEx v8=TPM; NOT a fold change. clean tissue-of-origin match"
FZD3,TGCT,Testis,57.11,58.41,-1.31,44.0,comparable,fair,178.66,5.646,True,"rank-based within-dataset percentile among 1379 shared genes; TCGA=RSEM normalized_count, GTEx v8=TPM; NOT a fold change. mapping: Testis has extreme transcriptome breadth; germ-cell tumour vs whole testis"
FZD3,THCA,Thyroid,55.87,49.85,6.02,74.7,comparable,good,130.87,3.58,True,"rank-based within-dataset percentile among 1379 shared genes; TCGA=RSEM normalized_count, GTEx v8=TPM; NOT a fold change. clean tissue-of-origin match"
FZD3,UCEC,Uterus,68.71,52.1,16.61,88.1,comparable,fair,337.04,3.515,True,"rank-based within-dataset percentile among 1379 shared genes; TCGA=RSEM normalized_count, GTEx v8=TPM; NOT a fold change. mapping: GTEx Uterus is myometrium-dominated; UCEC arises from endometrium"
FZD3,UCS,Uterus,59.28,52.1,7.18,73.0,comparable,poor,192.05,3.515,True,"rank-based within-dataset percentile among 1379 shared genes; TCGA=RSEM normalized_count, GTEx v8=TPM; NOT a fold change. mapping: Carcinosarcoma is biphasic (carcinomatous+sarcomatous); no matched normal exists"
FZD3,UVM,Skin_Not_Sun_Exposed_Suprapubic,66.97,41.81,25.16,93.7,enriched,poor,140.27,1.535,True,"rank-based within-dataset percentile among 1379 shared genes; TCGA=RSEM normalized_count, GTEx v8=TPM; NOT a fold change. mapping: No uveal tract in GTEx; skin used only as a melanocyte-containing surrogate"
FZD4,ACC,Adrenal_Gland,81.83,75.67,6.16,75.0,comparable,good,863.54,13.605,True,"rank-based within-dataset percentile among 1379 shared genes; TCGA=RSEM normalized_count, GTEx v8=TPM; NOT a fold change. mapping: Adrenocortical carcinoma vs whole adrenal gland (cortex+medulla mixed in GTEx)"
FZD4,BLCA,Bladder,71.83,78.43,-6.6,27.1,comparable,good,410.04,25.171,True,"rank-based within-dataset percentile among 1379 shared genes; TCGA=RSEM normalized_count, GTEx v8=TPM; NOT a fold change. mapping: GTEx Bladder n is small (21 donors)"
FZD4,BRCA,Breast_Mammary_Tissue,81.04,90.61,-9.57,20.3,comparable,good,937.28,83.284,True,"rank-based within-dataset percentile among 1379 shared genes; TCGA=RSEM normalized_count, GTEx v8=TPM; NOT a fold change. clean tissue-of-origin match"
FZD4,CESC,Cervix_Ectocervix,64.21,81.25,-17.04,15.2,comparable,fair,220.1,37.707,True,"rank-based within-dataset percentile among 1379 shared genes; TCGA=RSEM normalized_count, GTEx v8=TPM; NOT a fold change. mapping: GTEx cervix n very small (~5-9 donors); ecto/endo split"
FZD4,CHOL,Liver,73.42,80.09,-6.67,27.0,comparable,poor,576.81,9.876,True,"rank-based within-dataset percentile among 1379 shared genes; TCGA=RSEM normalized_count, GTEx v8=TPM; NOT a fold change. mapping: Cholangiocarcinoma arises from bile-duct epithelium; GTEx has no bile duct, Liver is hepatocyte-dominated"
FZD4,COAD,Colon_Transverse,66.82,76.4,-9.57,21.3,comparable,good,301.9,17.367,True,"rank-based within-dataset percentile among 1379 shared genes; TCGA=RSEM normalized_count, GTEx v8=TPM; NOT a fold change. clean tissue-of-origin match"
FZD4,ESCA,Esophagus_Mucosa,69.14,66.75,2.39,57.8,comparable,fair,349.49,7.925,True,"rank-based within-dataset percentile among 1379 shared genes; TCGA=RSEM normalized_count, GTEx v8=TPM; NOT a fold change. mapping: TCGA ESCA mixes squamous and adenocarcinoma; mucosa is squamous"
FZD4,GBM,Brain_Cortex,65.88,67.19,-1.31,42.2,comparable,good,419.93,6.218,True,"rank-based within-dataset percentile among 1379 shared genes; TCGA=RSEM normalized_count, GTEx v8=TPM; NOT a fold change. clean tissue-of-origin match"
FZD4,HNSC,Esophagus_Mucosa,62.26,66.75,-4.5,29.4,comparable,poor,237.23,7.925,True,"rank-based within-dataset percentile among 1379 shared genes; TCGA=RSEM normalized_count, GTEx v8=TPM; NOT a fold change. mapping: No oral/laryngeal mucosa in GTEx; esophageal squamous mucosa used as surrogate epithelium"
FZD4,KICH,Kidney_Cortex,84.23,86.77,-2.54,37.6,comparable,fair,1136.96,22.73,True,"rank-based within-dataset percentile among 1379 shared genes; TCGA=RSEM normalized_count, GTEx v8=TPM; NOT a fold change. mapping: Chromophobe RCC derives from distal nephron/collecting duct"
FZD4,KIRC,Kidney_Cortex,93.15,86.77,6.38,69.5,comparable,good,4572.16,22.73,True,"rank-based within-dataset percentile among 1379 shared genes; TCGA=RSEM normalized_count, GTEx v8=TPM; NOT a fold change. clean tissue-of-origin match"
FZD4,KIRP,Kidney_Cortex,92.42,86.77,5.66,68.5,comparable,good,2817.83,22.73,True,"rank-based within-dataset percentile among 1379 shared genes; TCGA=RSEM normalized_count, GTEx v8=TPM; NOT a fold change. clean tissue-of-origin match"
FZD4,LGG,Brain_Cortex,68.71,67.19,1.52,49.6,comparable,good,394.99,6.218,True,"rank-based within-dataset percentile among 1379 shared genes; TCGA=RSEM normalized_count, GTEx v8=TPM; NOT a fold change. clean tissue-of-origin match"
FZD4,LIHC,Liver,81.47,80.09,1.38,48.3,comparable,good,920.18,9.876,True,"rank-based within-dataset percentile among 1379 shared genes; TCGA=RSEM normalized_count, GTEx v8=TPM; NOT a fold change. clean tissue-of-origin match"
FZD4,LUAD,Lung,72.63,87.64,-15.01,10.8,comparable,good,597.27,72.902,True,"rank-based within-dataset percentile among 1379 shared genes; TCGA=RSEM normalized_count, GTEx v8=TPM; NOT a fold change. clean tissue-of-origin match"
FZD4,LUSC,Lung,64.94,87.64,-22.7,7.2,depleted,good,318.62,72.902,True,"rank-based within-dataset percentile among 1379 shared genes; TCGA=RSEM normalized_count, GTEx v8=TPM; NOT a fold change. clean tissue-of-origin match"
FZD4,MESO,Lung,79.44,87.64,-8.19,22.3,comparable,poor,1019.91,72.902,True,"rank-based within-dataset percentile among 1379 shared genes; TCGA=RSEM normalized_count, GTEx v8=TPM; NOT a fold change. mapping: No pleura/mesothelium in GTEx; Lung used only as an anatomic neighbour"
FZD4,OV,Ovary,83.65,80.67,2.97,58.4,comparable,fair,1138.43,31.267,True,"rank-based within-dataset percentile among 1379 shared genes; TCGA=RSEM normalized_count, GTEx v8=TPM; NOT a fold change. mapping: Most TCGA OV is high-grade serous, now thought largely fallopian-tube derived; GTEx Ovary is stroma-rich"
FZD4,PAAD,Pancreas,73.21,78.28,-5.08,30.4,comparable,good,742.97,7.597,True,"rank-based within-dataset percentile among 1379 shared genes; TCGA=RSEM normalized_count, GTEx v8=TPM; NOT a fold change. mapping: GTEx Pancreas is acinar-dominated; PDAC is ductal"
FZD4,PCPG,Adrenal_Gland,81.62,75.67,5.95,72.1,comparable,fair,924.3,13.605,True,"rank-based within-dataset percentile among 1379 shared genes; TCGA=RSEM normalized_count, GTEx v8=TPM; NOT a fold change. mapping: Pheochromocytoma is medullary; paraganglioma is extra-adrenal"
FZD4,PRAD,Prostate,89.16,77.56,11.6,88.0,comparable,good,1900.33,23.54,True,"rank-based within-dataset percentile among 1379 shared genes; TCGA=RSEM normalized_count, GTEx v8=TPM; NOT a fold change. clean tissue-of-origin match"
FZD4,READ,Colon_Sigmoid,66.39,82.7,-16.32,15.9,comparable,good,292.94,32.983,True,"rank-based within-dataset percentile among 1379 shared genes; TCGA=RSEM normalized_count, GTEx v8=TPM; NOT a fold change. clean tissue-of-origin match"
FZD4,SARC,Esophagus_Muscularis,80.82,81.47,-0.65,39.4,comparable,poor,984.85,30.992,True,"rank-based within-dataset percentile among 1379 shared genes; TCGA=RSEM normalized_count, GTEx v8=TPM; NOT a fold change. mapping: TCGA SARC is histologically heterogeneous (LMS, DDLPS, UPS); smooth muscle is a partial surrogate only"
FZD4,SKCM,Skin_Sun_Exposed_Lower_leg,69.22,64.65,4.57,63.1,comparable,good,289.01,10.175,True,"rank-based within-dataset percentile among 1379 shared genes; TCGA=RSEM normalized_count, GTEx v8=TPM; NOT a fold change. mapping: GTEx skin is keratinocyte-dominated; melanocytes are a minor fraction"
FZD4,STAD,Stomach,73.06,82.7,-9.64,20.5,comparable,good,579.75,20.779,True,"rank-based within-dataset percentile among 1379 shared genes; TCGA=RSEM normalized_count, GTEx v8=TPM; NOT a fold change. clean tissue-of-origin match"
FZD4,TGCT,Testis,69.94,73.13,-3.19,39.8,comparable,fair,430.83,12.257,True,"rank-based within-dataset percentile among 1379 shared genes; TCGA=RSEM normalized_count, GTEx v8=TPM; NOT a fold change. mapping: Testis has extreme transcriptome breadth; germ-cell tumour vs whole testis"
FZD4,THCA,Thyroid,80.82,85.24,-4.42,30.8,comparable,good,1014.8,48.35,True,"rank-based within-dataset percentile among 1379 shared genes; TCGA=RSEM normalized_count, GTEx v8=TPM; NOT a fold change. clean tissue-of-origin match"
FZD4,UCEC,Uterus,69.14,79.95,-10.8,21.0,comparable,fair,354.15,36.91,True,"rank-based within-dataset percentile among 1379 shared genes; TCGA=RSEM normalized_count, GTEx v8=TPM; NOT a fold change. mapping: GTEx Uterus is myometrium-dominated; UCEC arises from endometrium"
FZD4,UCS,Uterus,80.09,79.95,0.15,46.9,comparable,poor,933.01,36.91,True,"rank-based within-dataset percentile among 1379 shared genes; TCGA=RSEM normalized_count, GTEx v8=TPM; NOT a fold change. mapping: Carcinosarcoma is biphasic (carcinomatous+sarcomatous); no matched normal exists"
FZD4,UVM,Skin_Not_Sun_Exposed_Suprapubic,72.26,62.26,10.01,73.5,comparable,poor,252.21,7.911,True,"rank-based within-dataset percentile among 1379 shared genes; TCGA=RSEM normalized_count, GTEx v8=TPM; NOT a fold change. mapping: No uveal tract in GTEx; skin used only as a melanocyte-containing surrogate"
FZD5,ACC,Adrenal_Gland,67.11,67.55,-0.44,42.5,comparable,good,244.72,7.668,True,"rank-based within-dataset percentile among 1379 shared genes; TCGA=RSEM normalized_count, GTEx v8=TPM; NOT a fold change. mapping: Adrenocortical carcinoma vs whole adrenal gland (cortex+medulla mixed in GTEx)"
FZD5,BLCA,Bladder,70.09,47.32,22.77,94.2,enriched,good,364.36,2.663,True,"rank-based within-dataset percentile among 1379 shared genes; TCGA=RSEM normalized_count, GTEx v8=TPM; NOT a fold change. mapping: GTEx Bladder n is small (21 donors)"
FZD5,BRCA,Breast_Mammary_Tissue,55.29,51.67,3.63,65.0,comparable,good,130.02,3.691,True,"rank-based within-dataset percentile among 1379 shared genes; TCGA=RSEM normalized_count, GTEx v8=TPM; NOT a fold change. clean tissue-of-origin match"
FZD5,CESC,Cervix_Ectocervix,65.52,52.68,12.84,80.9,comparable,fair,246.18,4.167,True,"rank-based within-dataset percentile among 1379 shared genes; TCGA=RSEM normalized_count, GTEx v8=TPM; NOT a fold change. mapping: GTEx cervix n very small (~5-9 donors); ecto/endo split"
FZD5,CHOL,Liver,83.07,85.9,-2.83,34.5,comparable,poor,1178.58,17.002,True,"rank-based within-dataset percentile among 1379 shared genes; TCGA=RSEM normalized_count, GTEx v8=TPM; NOT a fold change. mapping: Cholangiocarcinoma arises from bile-duct epithelium; GTEx has no bile duct, Liver is hepatocyte-dominated"
FZD5,COAD,Colon_Transverse,87.56,82.56,5.0,68.0,comparable,good,1642.19,27.605,True,"rank-based within-dataset percentile among 1379 shared genes; TCGA=RSEM normalized_count, GTEx v8=TPM; NOT a fold change. clean tissue-of-origin match"
FZD5,ESCA,Esophagus_Mucosa,77.12,60.37,16.75,91.4,enriched,fair,709.65,5.129,True,"rank-based within-dataset percentile among 1379 shared genes; TCGA=RSEM normalized_count, GTEx v8=TPM; NOT a fold change. mapping: TCGA ESCA mixes squamous and adenocarcinoma; mucosa is squamous"
FZD5,GBM,Brain_Cortex,60.01,41.23,18.78,87.8,comparable,good,227.71,0.944,True,"rank-based within-dataset percentile among 1379 shared genes; TCGA=RSEM normalized_count, GTEx v8=TPM; NOT a fold change. clean tissue-of-origin match"
FZD5,HNSC,Esophagus_Mucosa,67.04,60.37,6.67,73.7,comparable,poor,355.54,5.129,True,"rank-based within-dataset percentile among 1379 shared genes; TCGA=RSEM normalized_count, GTEx v8=TPM; NOT a fold change. mapping: No oral/laryngeal mucosa in GTEx; esophageal squamous mucosa used as surrogate epithelium"
FZD5,KICH,Kidney_Cortex,66.32,57.69,8.63,74.5,comparable,fair,233.29,3.007,True,"rank-based within-dataset percentile among 1379 shared genes; TCGA=RSEM normalized_count, GTEx v8=TPM; NOT a fold change. mapping: Chromophobe RCC derives from distal nephron/collecting duct"
FZD5,KIRC,Kidney_Cortex,74.0,57.69,16.32,89.0,comparable,good,747.14,3.007,True,"rank-based within-dataset percentile among 1379 shared genes; TCGA=RSEM normalized_count, GTEx v8=TPM; NOT a fold change. clean tissue-of-origin match"
FZD5,KIRP,Kidney_Cortex,73.06,57.69,15.37,89.4,comparable,good,510.83,3.007,True,"rank-based within-dataset percentile among 1379 shared genes; TCGA=RSEM normalized_count, GTEx v8=TPM; NOT a fold change. clean tissue-of-origin match"
FZD5,LGG,Brain_Cortex,54.21,41.23,12.98,85.4,comparable,good,103.55,0.944,True,"rank-based within-dataset percentile among 1379 shared genes; TCGA=RSEM normalized_count, GTEx v8=TPM; NOT a fold change. clean tissue-of-origin match"
FZD5,LIHC,Liver,85.97,85.9,0.07,42.3,comparable,good,1365.63,17.002,True,"rank-based within-dataset percentile among 1379 shared genes; TCGA=RSEM normalized_count, GTEx v8=TPM; NOT a fold change. clean tissue-of-origin match"
FZD5,LUAD,Lung,76.76,59.57,17.19,92.4,enriched,good,807.05,11.472,True,"rank-based within-dataset percentile among 1379 shared genes; TCGA=RSEM normalized_count, GTEx v8=TPM; NOT a fold change. clean tissue-of-origin match"
FZD5,LUSC,Lung,67.84,59.57,8.27,73.8,comparable,good,409.05,11.472,True,"rank-based within-dataset percentile among 1379 shared genes; TCGA=RSEM normalized_count, GTEx v8=TPM; NOT a fold change. clean tissue-of-origin match"
FZD5,MESO,Lung,55.08,59.57,-4.5,31.3,comparable,poor,153.73,11.472,True,"rank-based within-dataset percentile among 1379 shared genes; TCGA=RSEM normalized_count, GTEx v8=TPM; NOT a fold change. mapping: No pleura/mesothelium in GTEx; Lung used only as an anatomic neighbour"
FZD5,OV,Ovary,70.81,63.13,7.69,72.1,comparable,fair,439.28,7.824,True,"rank-based within-dataset percentile among 1379 shared genes; TCGA=RSEM normalized_count, GTEx v8=TPM; NOT a fold change. mapping: Most TCGA OV is high-grade serous, now thought largely fallopian-tube derived; GTEx Ovary is stroma-rich"
FZD5,PAAD,Pancreas,73.57,78.5,-4.93,30.7,comparable,good,759.51,7.675,True,"rank-based within-dataset percentile among 1379 shared genes; TCGA=RSEM normalized_count, GTEx v8=TPM; NOT a fold change. mapping: GTEx Pancreas is acinar-dominated; PDAC is ductal"
FZD5,PCPG,Adrenal_Gland,68.2,67.55,0.65,49.2,comparable,fair,346.55,7.668,True,"rank-based within-dataset percentile among 1379 shared genes; TCGA=RSEM normalized_count, GTEx v8=TPM; NOT a fold change. mapping: Pheochromocytoma is medullary; paraganglioma is extra-adrenal"
FZD5,PRAD,Prostate,83.21,62.18,21.03,96.6,enriched,good,1087.24,9.087,True,"rank-based within-dataset percentile among 1379 shared genes; TCGA=RSEM normalized_count, GTEx v8=TPM; NOT a fold change. clean tissue-of-origin match"
FZD5,READ,Colon_Sigmoid,86.62,73.79,12.84,81.0,comparable,good,1565.65,17.964,True,"rank-based within-dataset percentile among 1379 shared genes; TCGA=RSEM normalized_count, GTEx v8=TPM; NOT a fold change. clean tissue-of-origin match"
FZD5,SARC,Esophagus_Muscularis,54.86,64.0,-9.14,19.4,comparable,poor,110.51,8.148,True,"rank-based within-dataset percentile among 1379 shared genes; TCGA=RSEM normalized_count, GTEx v8=TPM; NOT a fold change. mapping: TCGA SARC is histologically heterogeneous (LMS, DDLPS, UPS); smooth muscle is a partial surrogate only"
FZD5,SKCM,Skin_Sun_Exposed_Lower_leg,60.66,42.97,17.69,87.4,comparable,good,126.25,1.899,True,"rank-based within-dataset percentile among 1379 shared genes; TCGA=RSEM normalized_count, GTEx v8=TPM; NOT a fold change. mapping: GTEx skin is keratinocyte-dominated; melanocytes are a minor fraction"
FZD5,STAD,Stomach,86.91,76.83,10.08,79.2,comparable,good,1610.0,13.373,True,"rank-based within-dataset percentile among 1379 shared genes; TCGA=RSEM normalized_count, GTEx v8=TPM; NOT a fold change. clean tissue-of-origin match"
FZD5,TGCT,Testis,90.83,29.04,61.78,99.7,enriched,fair,1917.36,1.009,True,"rank-based within-dataset percentile among 1379 shared genes; TCGA=RSEM normalized_count, GTEx v8=TPM; NOT a fold change. mapping: Testis has extreme transcriptome breadth; germ-cell tumour vs whole testis"
FZD5,THCA,Thyroid,75.09,67.62,7.47,78.6,comparable,good,667.79,15.509,True,"rank-based within-dataset percentile among 1379 shared genes; TCGA=RSEM normalized_count, GTEx v8=TPM; NOT a fold change. clean tissue-of-origin match"
FZD5,UCEC,Uterus,76.76,50.73,26.03,94.7,enriched,fair,650.06,3.243,True,"rank-based within-dataset percentile among 1379 shared genes; TCGA=RSEM normalized_count, GTEx v8=TPM; NOT a fold change. mapping: GTEx Uterus is myometrium-dominated; UCEC arises from endometrium"
FZD5,UCS,Uterus,64.36,50.73,13.63,84.3,comparable,poor,292.97,3.243,True,"rank-based within-dataset percentile among 1379 shared genes; TCGA=RSEM normalized_count, GTEx v8=TPM; NOT a fold change. mapping: Carcinosarcoma is biphasic (carcinomatous+sarcomatous); no matched normal exists"
FZD5,UVM,Skin_Not_Sun_Exposed_Suprapubic,66.82,42.53,24.29,93.3,enriched,poor,139.33,1.71,True,"rank-based within-dataset percentile among 1379 shared genes; TCGA=RSEM normalized_count, GTEx v8=TPM; NOT a fold change. mapping: No uveal tract in GTEx; skin used only as a melanocyte-containing surrogate"
FZD6,ACC,Adrenal_Gland,77.41,76.47,0.94,48.4,comparable,good,614.42,14.062,True,"rank-based within-dataset percentile among 1379 shared genes; TCGA=RSEM normalized_count, GTEx v8=TPM; NOT a fold change. mapping: Adrenocortical carcinoma vs whole adrenal gland (cortex+medulla mixed in GTEx)"
FZD6,BLCA,Bladder,84.81,76.18,8.63,76.2,comparable,good,1229.68,22.39,True,"rank-based within-dataset percentile among 1379 shared genes; TCGA=RSEM normalized_count, GTEx v8=TPM; NOT a fold change. mapping: GTEx Bladder n is small (21 donors)"
FZD6,BRCA,Breast_Mammary_Tissue,80.67,75.16,5.51,69.6,comparable,good,910.88,23.1,True,"rank-based within-dataset percentile among 1379 shared genes; TCGA=RSEM normalized_count, GTEx v8=TPM; NOT a fold change. clean tissue-of-origin match"
FZD6,CESC,Cervix_Ectocervix,87.64,65.01,22.63,91.8,enriched,fair,1714.4,12.34,True,"rank-based within-dataset percentile among 1379 shared genes; TCGA=RSEM normalized_count, GTEx v8=TPM; NOT a fold change. mapping: GTEx cervix n very small (~5-9 donors); ecto/endo split"
FZD6,CHOL,Liver,75.6,59.93,15.66,85.6,comparable,poor,654.39,2.031,True,"rank-based within-dataset percentile among 1379 shared genes; TCGA=RSEM normalized_count, GTEx v8=TPM; NOT a fold change. mapping: Cholangiocarcinoma arises from bile-duct epithelium; GTEx has no bile duct, Liver is hepatocyte-dominated"
FZD6,COAD,Colon_Transverse,74.51,68.06,6.45,71.5,comparable,good,581.95,10.554,True,"rank-based within-dataset percentile among 1379 shared genes; TCGA=RSEM normalized_count, GTEx v8=TPM; NOT a fold change. clean tissue-of-origin match"
FZD6,ESCA,Esophagus_Mucosa,86.4,82.41,3.99,63.4,comparable,fair,1530.86,24.607,True,"rank-based within-dataset percentile among 1379 shared genes; TCGA=RSEM normalized_count, GTEx v8=TPM; NOT a fold change. mapping: TCGA ESCA mixes squamous and adenocarcinoma; mucosa is squamous"
FZD6,GBM,Brain_Cortex,60.59,56.6,3.99,64.1,comparable,good,237.13,3.132,True,"rank-based within-dataset percentile among 1379 shared genes; TCGA=RSEM normalized_count, GTEx v8=TPM; NOT a fold change. clean tissue-of-origin match"
FZD6,HNSC,Esophagus_Mucosa,89.23,82.41,6.82,73.9,comparable,poor,2335.38,24.607,True,"rank-based within-dataset percentile among 1379 shared genes; TCGA=RSEM normalized_count, GTEx v8=TPM; NOT a fold change. mapping: No oral/laryngeal mucosa in GTEx; esophageal squamous mucosa used as surrogate epithelium"
FZD6,KICH,Kidney_Cortex,87.93,69.51,18.42,92.0,enriched,fair,1585.84,7.002,True,"rank-based within-dataset percentile among 1379 shared genes; TCGA=RSEM normalized_count, GTEx v8=TPM; NOT a fold change. mapping: Chromophobe RCC derives from distal nephron/collecting duct"
FZD6,KIRC,Kidney_Cortex,73.71,69.51,4.21,64.2,comparable,good,709.39,7.002,True,"rank-based within-dataset percentile among 1379 shared genes; TCGA=RSEM normalized_count, GTEx v8=TPM; NOT a fold change. clean tissue-of-origin match"
FZD6,KIRP,Kidney_Cortex,75.38,69.51,5.87,69.4,comparable,good,633.01,7.002,True,"rank-based within-dataset percentile among 1379 shared genes; TCGA=RSEM normalized_count, GTEx v8=TPM; NOT a fold change. clean tissue-of-origin match"
FZD6,LGG,Brain_Cortex,51.6,56.6,-5.0,29.9,comparable,good,79.78,3.132,True,"rank-based within-dataset percentile among 1379 shared genes; TCGA=RSEM normalized_count, GTEx v8=TPM; NOT a fold change. clean tissue-of-origin match"
FZD6,LIHC,Liver,66.61,59.93,6.67,75.7,comparable,good,251.2,2.031,True,"rank-based within-dataset percentile among 1379 shared genes; TCGA=RSEM normalized_count, GTEx v8=TPM; NOT a fold change. clean tissue-of-origin match"
FZD6,LUAD,Lung,80.09,68.85,11.24,83.4,comparable,good,1017.19,21.673,True,"rank-based within-dataset percentile among 1379 shared genes; TCGA=RSEM normalized_count, GTEx v8=TPM; NOT a fold change. clean tissue-of-origin match"
FZD6,LUSC,Lung,90.46,68.85,21.61,93.0,enriched,good,2652.89,21.673,True,"rank-based within-dataset percentile among 1379 shared genes; TCGA=RSEM normalized_count, GTEx v8=TPM; NOT a fold change. clean tissue-of-origin match"
FZD6,MESO,Lung,77.41,68.85,8.56,75.9,comparable,poor,859.82,21.673,True,"rank-based within-dataset percentile among 1379 shared genes; TCGA=RSEM normalized_count, GTEx v8=TPM; NOT a fold change. mapping: No pleura/mesothelium in GTEx; Lung used only as an anatomic neighbour"
FZD6,OV,Ovary,84.81,72.12,12.69,81.1,comparable,fair,1291.87,15.173,True,"rank-based within-dataset percentile among 1379 shared genes; TCGA=RSEM normalized_count, GTEx v8=TPM; NOT a fold change. mapping: Most TCGA OV is high-grade serous, now thought largely fallopian-tube derived; GTEx Ovary is stroma-rich"
FZD6,PAAD,Pancreas,72.41,77.92,-5.51,29.2,comparable,good,698.09,7.479,True,"rank-based within-dataset percentile among 1379 shared genes; TCGA=RSEM normalized_count, GTEx v8=TPM; NOT a fold change. mapping: GTEx Pancreas is acinar-dominated; PDAC is ductal"
FZD6,PCPG,Adrenal_Gland,70.67,76.47,-5.8,32.2,comparable,fair,402.41,14.062,True,"rank-based within-dataset percentile among 1379 shared genes; TCGA=RSEM normalized_count, GTEx v8=TPM; NOT a fold change. mapping: Pheochromocytoma is medullary; paraganglioma is extra-adrenal"
FZD6,PRAD,Prostate,78.28,72.48,5.8,74.5,comparable,good,742.22,16.925,True,"rank-based within-dataset percentile among 1379 shared genes; TCGA=RSEM normalized_count, GTEx v8=TPM; NOT a fold change. clean tissue-of-origin match"
FZD6,READ,Colon_Sigmoid,74.58,70.23,4.35,65.4,comparable,good,587.07,13.661,True,"rank-based within-dataset percentile among 1379 shared genes; TCGA=RSEM normalized_count, GTEx v8=TPM; NOT a fold change. clean tissue-of-origin match"
FZD6,SARC,Esophagus_Muscularis,68.78,75.24,-6.45,23.9,comparable,poor,405.42,19.631,True,"rank-based within-dataset percentile among 1379 shared genes; TCGA=RSEM normalized_count, GTEx v8=TPM; NOT a fold change. mapping: TCGA SARC is histologically heterogeneous (LMS, DDLPS, UPS); smooth muscle is a partial surrogate only"
FZD6,SKCM,Skin_Sun_Exposed_Lower_leg,79.95,80.31,-0.36,42.6,comparable,good,730.64,29.599,True,"rank-based within-dataset percentile among 1379 shared genes; TCGA=RSEM normalized_count, GTEx v8=TPM; NOT a fold change. mapping: GTEx skin is keratinocyte-dominated; melanocytes are a minor fraction"
FZD6,STAD,Stomach,75.89,74.08,1.81,57.4,comparable,good,701.18,11.283,True,"rank-based within-dataset percentile among 1379 shared genes; TCGA=RSEM normalized_count, GTEx v8=TPM; NOT a fold change. clean tissue-of-origin match"
FZD6,TGCT,Testis,63.49,64.79,-1.31,43.9,comparable,fair,274.9,7.51,True,"rank-based within-dataset percentile among 1379 shared genes; TCGA=RSEM normalized_count, GTEx v8=TPM; NOT a fold change. mapping: Testis has extreme transcriptome breadth; germ-cell tumour vs whole testis"
FZD6,THCA,Thyroid,85.39,79.15,6.24,75.5,comparable,good,1499.05,32.662,True,"rank-based within-dataset percentile among 1379 shared genes; TCGA=RSEM normalized_count, GTEx v8=TPM; NOT a fold change. clean tissue-of-origin match"
FZD6,UCEC,Uterus,83.79,69.94,13.85,84.6,comparable,fair,1110.91,18.332,True,"rank-based within-dataset percentile among 1379 shared genes; TCGA=RSEM normalized_count, GTEx v8=TPM; NOT a fold change. mapping: GTEx Uterus is myometrium-dominated; UCEC arises from endometrium"
FZD6,UCS,Uterus,65.16,69.94,-4.79,33.8,comparable,poor,308.48,18.332,True,"rank-based within-dataset percentile among 1379 shared genes; TCGA=RSEM normalized_count, GTEx v8=TPM; NOT a fold change. mapping: Carcinosarcoma is biphasic (carcinomatous+sarcomatous); no matched normal exists"
FZD6,UVM,Skin_Not_Sun_Exposed_Suprapubic,68.64,82.05,-13.42,17.5,comparable,poor,169.7,32.403,True,"rank-based within-dataset percentile among 1379 shared genes; TCGA=RSEM normalized_count, GTEx v8=TPM; NOT a fold change. mapping: No uveal tract in GTEx; skin used only as a melanocyte-containing surrogate"
FZD7,ACC,Adrenal_Gland,62.4,52.9,9.5,82.4,comparable,good,152.3,2.35,True,"rank-based within-dataset percentile among 1379 shared genes; TCGA=RSEM normalized_count, GTEx v8=TPM; NOT a fold change. mapping: Adrenocortical carcinoma vs whole adrenal gland (cortex+medulla mixed in GTEx)"
FZD7,BLCA,Bladder,70.59,89.3,-18.71,9.6,depleted,good,374.29,58.398,True,"rank-based within-dataset percentile among 1379 shared genes; TCGA=RSEM normalized_count, GTEx v8=TPM; NOT a fold change. mapping: GTEx Bladder n is small (21 donors)"
FZD7,BRCA,Breast_Mammary_Tissue,78.64,74.15,4.5,67.3,comparable,good,774.88,21.785,True,"rank-based within-dataset percentile among 1379 shared genes; TCGA=RSEM normalized_count, GTEx v8=TPM; NOT a fold change. clean tissue-of-origin match"
FZD7,CESC,Cervix_Ectocervix,64.58,76.25,-11.68,21.7,comparable,fair,222.77,25.771,True,"rank-based within-dataset percentile among 1379 shared genes; TCGA=RSEM normalized_count, GTEx v8=TPM; NOT a fold change. mapping: GTEx cervix n very small (~5-9 donors); ecto/endo split"
FZD7,CHOL,Liver,62.33,42.17,20.16,90.6,enriched,poor,229.52,0.538,True,"rank-based within-dataset percentile among 1379 shared genes; TCGA=RSEM normalized_count, GTEx v8=TPM; NOT a fold change. mapping: Cholangiocarcinoma arises from bile-duct epithelium; GTEx has no bile duct, Liver is hepatocyte-dominated"
FZD7,COAD,Colon_Transverse,67.98,81.69,-13.71,14.6,comparable,good,342.13,25.08,True,"rank-based within-dataset percentile among 1379 shared genes; TCGA=RSEM normalized_count, GTEx v8=TPM; NOT a fold change. clean tissue-of-origin match"
FZD7,ESCA,Esophagus_Mucosa,75.6,68.27,7.32,73.5,comparable,fair,623.2,8.568,True,"rank-based within-dataset percentile among 1379 shared genes; TCGA=RSEM normalized_count, GTEx v8=TPM; NOT a fold change. mapping: TCGA ESCA mixes squamous and adenocarcinoma; mucosa is squamous"
FZD7,GBM,Brain_Cortex,78.64,51.81,26.83,94.5,enriched,good,916.93,2.08,True,"rank-based within-dataset percentile among 1379 shared genes; TCGA=RSEM normalized_count, GTEx v8=TPM; NOT a fold change. clean tissue-of-origin match"
FZD7,HNSC,Esophagus_Mucosa,70.01,68.27,1.74,60.6,comparable,poor,427.79,8.568,True,"rank-based within-dataset percentile among 1379 shared genes; TCGA=RSEM normalized_count, GTEx v8=TPM; NOT a fold change. mapping: No oral/laryngeal mucosa in GTEx; esophageal squamous mucosa used as surrogate epithelium"
FZD7,KICH,Kidney_Cortex,74.37,71.25,3.12,53.4,comparable,fair,456.98,7.849,True,"rank-based within-dataset percentile among 1379 shared genes; TCGA=RSEM normalized_count, GTEx v8=TPM; NOT a fold change. mapping: Chromophobe RCC derives from distal nephron/collecting duct"
FZD7,KIRC,Kidney_Cortex,60.01,71.25,-11.24,18.4,comparable,good,268.18,7.849,True,"rank-based within-dataset percentile among 1379 shared genes; TCGA=RSEM normalized_count, GTEx v8=TPM; NOT a fold change. clean tissue-of-origin match"
FZD7,KIRP,Kidney_Cortex,57.83,71.25,-13.42,14.2,comparable,good,123.3,7.849,True,"rank-based within-dataset percentile among 1379 shared genes; TCGA=RSEM normalized_count, GTEx v8=TPM; NOT a fold change. clean tissue-of-origin match"
FZD7,LGG,Brain_Cortex,67.04,51.81,15.23,89.3,comparable,good,361.4,2.08,True,"rank-based within-dataset percentile among 1379 shared genes; TCGA=RSEM normalized_count, GTEx v8=TPM; NOT a fold change. clean tissue-of-origin match"
FZD7,LIHC,Liver,52.61,42.17,10.44,84.6,comparable,good,58.97,0.538,True,"rank-based within-dataset percentile among 1379 shared genes; TCGA=RSEM normalized_count, GTEx v8=TPM; NOT a fold change. clean tissue-of-origin match"
FZD7,LUAD,Lung,64.29,58.56,5.73,70.6,comparable,good,327.93,10.907,True,"rank-based within-dataset percentile among 1379 shared genes; TCGA=RSEM normalized_count, GTEx v8=TPM; NOT a fold change. clean tissue-of-origin match"
FZD7,LUSC,Lung,79.95,58.56,21.39,92.7,enriched,good,1012.54,10.907,True,"rank-based within-dataset percentile among 1379 shared genes; TCGA=RSEM normalized_count, GTEx v8=TPM; NOT a fold change. clean tissue-of-origin match"
FZD7,MESO,Lung,72.48,58.56,13.92,85.6,comparable,poor,593.32,10.907,True,"rank-based within-dataset percentile among 1379 shared genes; TCGA=RSEM normalized_count, GTEx v8=TPM; NOT a fold change. mapping: No pleura/mesothelium in GTEx; Lung used only as an anatomic neighbour"
FZD7,OV,Ovary,77.99,84.08,-6.09,30.1,comparable,fair,763.42,40.859,True,"rank-based within-dataset percentile among 1379 shared genes; TCGA=RSEM normalized_count, GTEx v8=TPM; NOT a fold change. mapping: Most TCGA OV is high-grade serous, now thought largely fallopian-tube derived; GTEx Ovary is stroma-rich"
FZD7,PAAD,Pancreas,67.26,52.1,15.16,86.4,comparable,good,502.18,1.066,True,"rank-based within-dataset percentile among 1379 shared genes; TCGA=RSEM normalized_count, GTEx v8=TPM; NOT a fold change. mapping: GTEx Pancreas is acinar-dominated; PDAC is ductal"
FZD7,PCPG,Adrenal_Gland,64.21,52.9,11.31,80.6,comparable,fair,254.14,2.35,True,"rank-based within-dataset percentile among 1379 shared genes; TCGA=RSEM normalized_count, GTEx v8=TPM; NOT a fold change. mapping: Pheochromocytoma is medullary; paraganglioma is extra-adrenal"
FZD7,PRAD,Prostate,75.96,80.96,-5.0,29.1,comparable,good,642.53,29.7,True,"rank-based within-dataset percentile among 1379 shared genes; TCGA=RSEM normalized_count, GTEx v8=TPM; NOT a fold change. clean tissue-of-origin match"
FZD7,READ,Colon_Sigmoid,69.65,91.48,-21.83,10.7,comparable,good,400.55,73.67,True,"rank-based within-dataset percentile among 1379 shared genes; TCGA=RSEM normalized_count, GTEx v8=TPM; NOT a fold change. clean tissue-of-origin match"
FZD7,SARC,Esophagus_Muscularis,83.72,88.87,-5.15,27.0,comparable,poor,1218.05,51.672,True,"rank-based within-dataset percentile among 1379 shared genes; TCGA=RSEM normalized_count, GTEx v8=TPM; NOT a fold change. mapping: TCGA SARC is histologically heterogeneous (LMS, DDLPS, UPS); smooth muscle is a partial surrogate only"
FZD7,SKCM,Skin_Sun_Exposed_Lower_leg,74.73,72.48,2.25,49.7,comparable,good,497.37,17.606,True,"rank-based within-dataset percentile among 1379 shared genes; TCGA=RSEM normalized_count, GTEx v8=TPM; NOT a fold change. mapping: GTEx skin is keratinocyte-dominated; melanocytes are a minor fraction"
FZD7,STAD,Stomach,69.8,64.0,5.8,69.5,comparable,good,454.06,5.808,True,"rank-based within-dataset percentile among 1379 shared genes; TCGA=RSEM normalized_count, GTEx v8=TPM; NOT a fold change. clean tissue-of-origin match"
FZD7,TGCT,Testis,69.0,57.47,11.53,73.8,comparable,fair,407.07,5.434,True,"rank-based within-dataset percentile among 1379 shared genes; TCGA=RSEM normalized_count, GTEx v8=TPM; NOT a fold change. mapping: Testis has extreme transcriptome breadth; germ-cell tumour vs whole testis"
FZD7,THCA,Thyroid,67.19,64.5,2.68,64.5,comparable,good,373.71,12.221,True,"rank-based within-dataset percentile among 1379 shared genes; TCGA=RSEM normalized_count, GTEx v8=TPM; NOT a fold change. clean tissue-of-origin match"
FZD7,UCEC,Uterus,63.42,80.31,-16.9,13.1,comparable,fair,215.63,38.005,True,"rank-based within-dataset percentile among 1379 shared genes; TCGA=RSEM normalized_count, GTEx v8=TPM; NOT a fold change. mapping: GTEx Uterus is myometrium-dominated; UCEC arises from endometrium"
FZD7,UCS,Uterus,84.88,80.31,4.57,67.1,comparable,poor,1273.54,38.005,True,"rank-based within-dataset percentile among 1379 shared genes; TCGA=RSEM normalized_count, GTEx v8=TPM; NOT a fold change. mapping: Carcinosarcoma is biphasic (carcinomatous+sarcomatous); no matched normal exists"
FZD7,UVM,Skin_Not_Sun_Exposed_Suprapubic,74.95,73.93,1.02,44.7,comparable,poor,326.51,16.999,True,"rank-based within-dataset percentile among 1379 shared genes; TCGA=RSEM normalized_count, GTEx v8=TPM; NOT a fold change. mapping: No uveal tract in GTEx; skin used only as a melanocyte-containing surrogate"
FZD8,ACC,Adrenal_Gland,57.69,51.74,5.95,74.1,comparable,good,90.2,2.137,True,"rank-based within-dataset percentile among 1379 shared genes; TCGA=RSEM normalized_count, GTEx v8=TPM; NOT a fold change. mapping: Adrenocortical carcinoma vs whole adrenal gland (cortex+medulla mixed in GTEx)"
FZD8,BLCA,Bladder,51.16,49.49,1.67,50.8,comparable,good,59.58,3.025,True,"rank-based within-dataset percentile among 1379 shared genes; TCGA=RSEM normalized_count, GTEx v8=TPM; NOT a fold change. mapping: GTEx Bladder n is small (21 donors)"
FZD8,BRCA,Breast_Mammary_Tissue,63.05,58.34,4.71,67.7,comparable,good,257.26,7.122,True,"rank-based within-dataset percentile among 1379 shared genes; TCGA=RSEM normalized_count, GTEx v8=TPM; NOT a fold change. clean tissue-of-origin match"
FZD8,CESC,Cervix_Ectocervix,58.41,49.42,8.99,73.6,comparable,fair,136.8,3.222,True,"rank-based within-dataset percentile among 1379 shared genes; TCGA=RSEM normalized_count, GTEx v8=TPM; NOT a fold change. mapping: GTEx cervix n very small (~5-9 donors); ecto/endo split"
FZD8,CHOL,Liver,64.0,61.82,2.18,58.2,comparable,poor,255.47,2.278,True,"rank-based within-dataset percentile among 1379 shared genes; TCGA=RSEM normalized_count, GTEx v8=TPM; NOT a fold change. mapping: Cholangiocarcinoma arises from bile-duct epithelium; GTEx has no bile duct, Liver is hepatocyte-dominated"
FZD8,COAD,Colon_Transverse,60.95,63.13,-2.18,38.9,comparable,good,170.36,7.964,True,"rank-based within-dataset percentile among 1379 shared genes; TCGA=RSEM normalized_count, GTEx v8=TPM; NOT a fold change. clean tissue-of-origin match"
FZD8,ESCA,Esophagus_Mucosa,52.54,44.13,8.41,76.7,comparable,fair,92.35,1.408,True,"rank-based within-dataset percentile among 1379 shared genes; TCGA=RSEM normalized_count, GTEx v8=TPM; NOT a fold change. mapping: TCGA ESCA mixes squamous and adenocarcinoma; mucosa is squamous"
FZD8,GBM,Brain_Cortex,54.5,63.42,-8.92,25.1,comparable,good,134.3,4.999,True,"rank-based within-dataset percentile among 1379 shared genes; TCGA=RSEM normalized_count, GTEx v8=TPM; NOT a fold change. clean tissue-of-origin match"
FZD8,HNSC,Esophagus_Mucosa,53.63,44.13,9.5,80.1,comparable,poor,119.62,1.408,True,"rank-based within-dataset percentile among 1379 shared genes; TCGA=RSEM normalized_count, GTEx v8=TPM; NOT a fold change. mapping: No oral/laryngeal mucosa in GTEx; esophageal squamous mucosa used as surrogate epithelium"
FZD8,KICH,Kidney_Cortex,62.76,69.29,-6.53,28.5,comparable,fair,163.1,6.964,True,"rank-based within-dataset percentile among 1379 shared genes; TCGA=RSEM normalized_count, GTEx v8=TPM; NOT a fold change. mapping: Chromophobe RCC derives from distal nephron/collecting duct"
FZD8,KIRC,Kidney_Cortex,63.42,69.29,-5.87,28.9,comparable,good,334.66,6.964,True,"rank-based within-dataset percentile among 1379 shared genes; TCGA=RSEM normalized_count, GTEx v8=TPM; NOT a fold change. clean tissue-of-origin match"
FZD8,KIRP,Kidney_Cortex,74.08,69.29,4.79,66.1,comparable,good,553.24,6.964,True,"rank-based within-dataset percentile among 1379 shared genes; TCGA=RSEM normalized_count, GTEx v8=TPM; NOT a fold change. clean tissue-of-origin match"
FZD8,LGG,Brain_Cortex,51.52,63.42,-11.89,16.5,comparable,good,79.16,4.999,True,"rank-based within-dataset percentile among 1379 shared genes; TCGA=RSEM normalized_count, GTEx v8=TPM; NOT a fold change. clean tissue-of-origin match"
FZD8,LIHC,Liver,55.29,61.82,-6.53,23.9,comparable,good,77.9,2.278,True,"rank-based within-dataset percentile among 1379 shared genes; TCGA=RSEM normalized_count, GTEx v8=TPM; NOT a fold change. clean tissue-of-origin match"
FZD8,LUAD,Lung,60.3,55.51,4.79,67.8,comparable,good,241.95,8.287,True,"rank-based within-dataset percentile among 1379 shared genes; TCGA=RSEM normalized_count, GTEx v8=TPM; NOT a fold change. clean tissue-of-origin match"
FZD8,LUSC,Lung,56.67,55.51,1.16,51.1,comparable,good,182.56,8.287,True,"rank-based within-dataset percentile among 1379 shared genes; TCGA=RSEM normalized_count, GTEx v8=TPM; NOT a fold change. clean tissue-of-origin match"
FZD8,MESO,Lung,54.64,55.51,-0.87,43.0,comparable,poor,144.45,8.287,True,"rank-based within-dataset percentile among 1379 shared genes; TCGA=RSEM normalized_count, GTEx v8=TPM; NOT a fold change. mapping: No pleura/mesothelium in GTEx; Lung used only as an anatomic neighbour"
FZD8,OV,Ovary,59.79,53.26,6.53,69.2,comparable,fair,183.96,3.268,True,"rank-based within-dataset percentile among 1379 shared genes; TCGA=RSEM normalized_count, GTEx v8=TPM; NOT a fold change. mapping: Most TCGA OV is high-grade serous, now thought largely fallopian-tube derived; GTEx Ovary is stroma-rich"
FZD8,PAAD,Pancreas,59.72,66.1,-6.38,27.4,comparable,good,287.97,3.398,True,"rank-based within-dataset percentile among 1379 shared genes; TCGA=RSEM normalized_count, GTEx v8=TPM; NOT a fold change. mapping: GTEx Pancreas is acinar-dominated; PDAC is ductal"
FZD8,PCPG,Adrenal_Gland,52.39,51.74,0.65,49.2,comparable,fair,80.74,2.137,True,"rank-based within-dataset percentile among 1379 shared genes; TCGA=RSEM normalized_count, GTEx v8=TPM; NOT a fold change. mapping: Pheochromocytoma is medullary; paraganglioma is extra-adrenal"
FZD8,PRAD,Prostate,63.78,43.4,20.38,96.1,enriched,good,245.74,2.416,True,"rank-based within-dataset percentile among 1379 shared genes; TCGA=RSEM normalized_count, GTEx v8=TPM; NOT a fold change. clean tissue-of-origin match"
FZD8,READ,Colon_Sigmoid,61.97,72.41,-10.44,24.1,comparable,good,194.49,16.68,True,"rank-based within-dataset percentile among 1379 shared genes; TCGA=RSEM normalized_count, GTEx v8=TPM; NOT a fold change. clean tissue-of-origin match"
FZD8,SARC,Esophagus_Muscularis,63.49,62.47,1.02,45.2,comparable,poor,267.43,7.219,True,"rank-based within-dataset percentile among 1379 shared genes; TCGA=RSEM normalized_count, GTEx v8=TPM; NOT a fold change. mapping: TCGA SARC is histologically heterogeneous (LMS, DDLPS, UPS); smooth muscle is a partial surrogate only"
FZD8,SKCM,Skin_Sun_Exposed_Lower_leg,46.3,58.48,-12.18,18.0,comparable,good,29.48,6.647,True,"rank-based within-dataset percentile among 1379 shared genes; TCGA=RSEM normalized_count, GTEx v8=TPM; NOT a fold change. mapping: GTEx skin is keratinocyte-dominated; melanocytes are a minor fraction"
FZD8,STAD,Stomach,58.34,72.12,-13.78,14.0,comparable,good,193.68,9.892,True,"rank-based within-dataset percentile among 1379 shared genes; TCGA=RSEM normalized_count, GTEx v8=TPM; NOT a fold change. clean tissue-of-origin match"
FZD8,TGCT,Testis,75.09,61.89,13.2,76.5,comparable,fair,580.52,6.432,True,"rank-based within-dataset percentile among 1379 shared genes; TCGA=RSEM normalized_count, GTEx v8=TPM; NOT a fold change. mapping: Testis has extreme transcriptome breadth; germ-cell tumour vs whole testis"
FZD8,THCA,Thyroid,60.08,67.91,-7.83,22.0,comparable,good,203.02,15.913,True,"rank-based within-dataset percentile among 1379 shared genes; TCGA=RSEM normalized_count, GTEx v8=TPM; NOT a fold change. clean tissue-of-origin match"
FZD8,UCEC,Uterus,71.97,56.38,15.59,86.9,comparable,fair,436.3,5.466,True,"rank-based within-dataset percentile among 1379 shared genes; TCGA=RSEM normalized_count, GTEx v8=TPM; NOT a fold change. mapping: GTEx Uterus is myometrium-dominated; UCEC arises from endometrium"
FZD8,UCS,Uterus,75.24,56.38,18.85,90.5,enriched,poor,680.37,5.466,True,"rank-based within-dataset percentile among 1379 shared genes; TCGA=RSEM normalized_count, GTEx v8=TPM; NOT a fold change. mapping: Carcinosarcoma is biphasic (carcinomatous+sarcomatous); no matched normal exists"
FZD8,UVM,Skin_Not_Sun_Exposed_Suprapubic,67.26,56.89,10.37,74.2,comparable,poor,146.52,5.476,True,"rank-based within-dataset percentile among 1379 shared genes; TCGA=RSEM normalized_count, GTEx v8=TPM; NOT a fold change. mapping: No uveal tract in GTEx; skin used only as a melanocyte-containing surrogate"
FZD9,ACC,Adrenal_Gland,54.21,36.44,17.77,94.9,enriched,good,61.84,0.486,True,"rank-based within-dataset percentile among 1379 shared genes; TCGA=RSEM normalized_count, GTEx v8=TPM; NOT a fold change. mapping: Adrenocortical carcinoma vs whole adrenal gland (cortex+medulla mixed in GTEx)"
FZD9,BLCA,Bladder,31.0,30.57,0.44,46.8,comparable,good,5.75,0.551,True,"rank-based within-dataset percentile among 1379 shared genes; TCGA=RSEM normalized_count, GTEx v8=TPM; NOT a fold change. mapping: GTEx Bladder n is small (21 donors)"
FZD9,BRCA,Breast_Mammary_Tissue,28.17,33.9,-5.73,28.6,comparable,good,4.58,0.853,True,"rank-based within-dataset percentile among 1379 shared genes; TCGA=RSEM normalized_count, GTEx v8=TPM; NOT a fold change. clean tissue-of-origin match"
FZD9,CESC,Cervix_Ectocervix,40.65,31.0,9.64,75.2,comparable,fair,21.0,0.487,True,"rank-based within-dataset percentile among 1379 shared genes; TCGA=RSEM normalized_count, GTEx v8=TPM; NOT a fold change. mapping: GTEx cervix n very small (~5-9 donors); ecto/endo split"
FZD9,CHOL,Liver,27.59,24.62,2.97,61.1,comparable,poor,4.24,0.078,True,"rank-based within-dataset percentile among 1379 shared genes; TCGA=RSEM normalized_count, GTEx v8=TPM; NOT a fold change. mapping: Cholangiocarcinoma arises from bile-duct epithelium; GTEx has no bile duct, Liver is hepatocyte-dominated"
FZD9,COAD,Colon_Transverse,33.1,25.71,7.4,74.3,comparable,good,8.15,0.366,True,"rank-based within-dataset percentile among 1379 shared genes; TCGA=RSEM normalized_count, GTEx v8=TPM; NOT a fold change. clean tissue-of-origin match"
FZD9,ESCA,Esophagus_Mucosa,29.33,33.76,-4.42,29.7,comparable,fair,6.48,0.579,True,"rank-based within-dataset percentile among 1379 shared genes; TCGA=RSEM normalized_count, GTEx v8=TPM; NOT a fold change. mapping: TCGA ESCA mixes squamous and adenocarcinoma; mucosa is squamous"
FZD9,GBM,Brain_Cortex,38.25,61.31,-23.06,8.3,depleted,good,19.13,4.372,True,"rank-based within-dataset percentile among 1379 shared genes; TCGA=RSEM normalized_count, GTEx v8=TPM; NOT a fold change. clean tissue-of-origin match"
FZD9,HNSC,Esophagus_Mucosa,34.99,33.76,1.23,59.0,comparable,poor,13.86,0.579,True,"rank-based within-dataset percentile among 1379 shared genes; TCGA=RSEM normalized_count, GTEx v8=TPM; NOT a fold change. mapping: No oral/laryngeal mucosa in GTEx; esophageal squamous mucosa used as surrogate epithelium"
FZD9,KICH,Kidney_Cortex,35.79,23.97,11.82,81.6,comparable,fair,5.83,0.13,True,"rank-based within-dataset percentile among 1379 shared genes; TCGA=RSEM normalized_count, GTEx v8=TPM; NOT a fold change. mapping: Chromophobe RCC derives from distal nephron/collecting duct"
FZD9,KIRC,Kidney_Cortex,28.9,23.97,4.93,65.9,comparable,good,5.03,0.13,True,"rank-based within-dataset percentile among 1379 shared genes; TCGA=RSEM normalized_count, GTEx v8=TPM; NOT a fold change. clean tissue-of-origin match"
FZD9,KIRP,Kidney_Cortex,32.45,23.97,8.48,76.1,comparable,good,5.18,0.13,True,"rank-based within-dataset percentile among 1379 shared genes; TCGA=RSEM normalized_count, GTEx v8=TPM; NOT a fold change. clean tissue-of-origin match"
FZD9,LGG,Brain_Cortex,45.5,61.31,-15.81,10.3,comparable,good,35.44,4.372,True,"rank-based within-dataset percentile among 1379 shared genes; TCGA=RSEM normalized_count, GTEx v8=TPM; NOT a fold change. clean tissue-of-origin match"
FZD9,LIHC,Liver,29.26,24.62,4.64,71.3,comparable,good,2.44,0.078,True,"rank-based within-dataset percentile among 1379 shared genes; TCGA=RSEM normalized_count, GTEx v8=TPM; NOT a fold change. clean tissue-of-origin match"
FZD9,LUAD,Lung,32.09,21.57,10.51,81.7,comparable,good,11.94,0.291,True,"rank-based within-dataset percentile among 1379 shared genes; TCGA=RSEM normalized_count, GTEx v8=TPM; NOT a fold change. clean tissue-of-origin match"
FZD9,LUSC,Lung,36.51,21.57,14.94,85.2,comparable,good,23.71,0.291,True,"rank-based within-dataset percentile among 1379 shared genes; TCGA=RSEM normalized_count, GTEx v8=TPM; NOT a fold change. clean tissue-of-origin match"
FZD9,MESO,Lung,26.07,21.57,4.5,67.2,comparable,poor,4.13,0.291,True,"rank-based within-dataset percentile among 1379 shared genes; TCGA=RSEM normalized_count, GTEx v8=TPM; NOT a fold change. mapping: No pleura/mesothelium in GTEx; Lung used only as an anatomic neighbour"
FZD9,OV,Ovary,32.09,25.42,6.67,69.5,comparable,fair,9.68,0.173,True,"rank-based within-dataset percentile among 1379 shared genes; TCGA=RSEM normalized_count, GTEx v8=TPM; NOT a fold change. mapping: Most TCGA OV is high-grade serous, now thought largely fallopian-tube derived; GTEx Ovary is stroma-rich"
FZD9,PAAD,Pancreas,19.98,44.05,-24.08,5.6,depleted,good,3.56,0.581,True,"rank-based within-dataset percentile among 1379 shared genes; TCGA=RSEM normalized_count, GTEx v8=TPM; NOT a fold change. mapping: GTEx Pancreas is acinar-dominated; PDAC is ductal"
FZD9,PCPG,Adrenal_Gland,31.22,36.44,-5.22,33.4,comparable,fair,5.68,0.486,True,"rank-based within-dataset percentile among 1379 shared genes; TCGA=RSEM normalized_count, GTEx v8=TPM; NOT a fold change. mapping: Pheochromocytoma is medullary; paraganglioma is extra-adrenal"
FZD9,PRAD,Prostate,46.16,44.42,1.74,53.3,comparable,good,45.77,2.643,True,"rank-based within-dataset percentile among 1379 shared genes; TCGA=RSEM normalized_count, GTEx v8=TPM; NOT a fold change. clean tissue-of-origin match"
FZD9,READ,Colon_Sigmoid,34.26,29.84,4.42,65.6,comparable,good,9.53,0.419,True,"rank-based within-dataset percentile among 1379 shared genes; TCGA=RSEM normalized_count, GTEx v8=TPM; NOT a fold change. clean tissue-of-origin match"
FZD9,SARC,Esophagus_Muscularis,35.64,34.34,1.31,46.3,comparable,poor,10.28,0.528,True,"rank-based within-dataset percentile among 1379 shared genes; TCGA=RSEM normalized_count, GTEx v8=TPM; NOT a fold change. mapping: TCGA SARC is histologically heterogeneous (LMS, DDLPS, UPS); smooth muscle is a partial surrogate only"
FZD9,SKCM,Skin_Sun_Exposed_Lower_leg,65.01,37.24,27.77,95.4,enriched,good,195.18,1.033,True,"rank-based within-dataset percentile among 1379 shared genes; TCGA=RSEM normalized_count, GTEx v8=TPM; NOT a fold change. mapping: GTEx skin is keratinocyte-dominated; melanocytes are a minor fraction"
FZD9,STAD,Stomach,23.82,31.07,-7.25,26.3,comparable,good,3.11,0.429,True,"rank-based within-dataset percentile among 1379 shared genes; TCGA=RSEM normalized_count, GTEx v8=TPM; NOT a fold change. clean tissue-of-origin match"
FZD9,TGCT,Testis,40.07,71.61,-31.54,7.3,depleted,fair,38.24,10.8,True,"rank-based within-dataset percentile among 1379 shared genes; TCGA=RSEM normalized_count, GTEx v8=TPM; NOT a fold change. mapping: Testis has extreme transcriptome breadth; germ-cell tumour vs whole testis"
FZD9,THCA,Thyroid,27.16,36.73,-9.57,17.5,comparable,good,2.88,1.022,True,"rank-based within-dataset percentile among 1379 shared genes; TCGA=RSEM normalized_count, GTEx v8=TPM; NOT a fold change. clean tissue-of-origin match"
FZD9,UCEC,Uterus,37.53,31.65,5.87,68.4,comparable,fair,15.5,0.461,True,"rank-based within-dataset percentile among 1379 shared genes; TCGA=RSEM normalized_count, GTEx v8=TPM; NOT a fold change. mapping: GTEx Uterus is myometrium-dominated; UCEC arises from endometrium"
FZD9,UCS,Uterus,51.38,31.65,19.72,91.4,enriched,poor,91.39,0.461,True,"rank-based within-dataset percentile among 1379 shared genes; TCGA=RSEM normalized_count, GTEx v8=TPM; NOT a fold change. mapping: Carcinosarcoma is biphasic (carcinomatous+sarcomatous); no matched normal exists"
FZD9,UVM,Skin_Not_Sun_Exposed_Suprapubic,79.8,37.96,41.84,98.7,enriched,poor,513.3,1.006,True,"rank-based within-dataset percentile among 1379 shared genes; TCGA=RSEM normalized_count, GTEx v8=TPM; NOT a fold change. mapping: No uveal tract in GTEx; skin used only as a melanocyte-containing surrogate"
HAVCR2,ACC,Adrenal_Gland,61.39,64.5,-3.12,32.8,comparable,good,136.71,6.454,False,"rank-based within-dataset percentile among 1379 shared genes; TCGA=RSEM normalized_count, GTEx v8=TPM; NOT a fold change. mapping: Adrenocortical carcinoma vs whole adrenal gland (cortex+medulla mixed in GTEx)"
HAVCR2,BLCA,Bladder,58.99,52.54,6.45,72.7,comparable,good,137.93,3.859,False,"rank-based within-dataset percentile among 1379 shared genes; TCGA=RSEM normalized_count, GTEx v8=TPM; NOT a fold change. mapping: GTEx Bladder n is small (21 donors)"
HAVCR2,BRCA,Breast_Mammary_Tissue,67.55,54.93,12.62,84.3,comparable,good,345.2,4.948,False,"rank-based within-dataset percentile among 1379 shared genes; TCGA=RSEM normalized_count, GTEx v8=TPM; NOT a fold change. clean tissue-of-origin match"
HAVCR2,CESC,Cervix_Ectocervix,63.71,41.66,22.04,91.5,enriched,fair,211.71,1.539,False,"rank-based within-dataset percentile among 1379 shared genes; TCGA=RSEM normalized_count, GTEx v8=TPM; NOT a fold change. mapping: GTEx cervix n very small (~5-9 donors); ecto/endo split"
HAVCR2,CHOL,Liver,61.53,56.38,5.15,66.6,comparable,poor,216.63,1.592,False,"rank-based within-dataset percentile among 1379 shared genes; TCGA=RSEM normalized_count, GTEx v8=TPM; NOT a fold change. mapping: Cholangiocarcinoma arises from bile-duct epithelium; GTEx has no bile duct, Liver is hepatocyte-dominated"
HAVCR2,COAD,Colon_Transverse,58.05,49.2,8.85,78.2,comparable,good,130.58,3.156,False,"rank-based within-dataset percentile among 1379 shared genes; TCGA=RSEM normalized_count, GTEx v8=TPM; NOT a fold change. clean tissue-of-origin match"
HAVCR2,ESCA,Esophagus_Mucosa,57.11,43.98,13.13,85.6,comparable,fair,137.98,1.407,False,"rank-based within-dataset percentile among 1379 shared genes; TCGA=RSEM normalized_count, GTEx v8=TPM; NOT a fold change. mapping: TCGA ESCA mixes squamous and adenocarcinoma; mucosa is squamous"
HAVCR2,GBM,Brain_Cortex,79.73,51.16,28.57,95.3,enriched,good,999.65,2.028,False,"rank-based within-dataset percentile among 1379 shared genes; TCGA=RSEM normalized_count, GTEx v8=TPM; NOT a fold change. clean tissue-of-origin match"
HAVCR2,HNSC,Esophagus_Mucosa,61.02,43.98,17.04,92.0,enriched,poor,217.51,1.407,False,"rank-based within-dataset percentile among 1379 shared genes; TCGA=RSEM normalized_count, GTEx v8=TPM; NOT a fold change. mapping: No oral/laryngeal mucosa in GTEx; esophageal squamous mucosa used as surrogate epithelium"
HAVCR2,KICH,Kidney_Cortex,62.33,77.05,-14.72,13.2,comparable,fair,152.46,11.469,False,"rank-based within-dataset percentile among 1379 shared genes; TCGA=RSEM normalized_count, GTEx v8=TPM; NOT a fold change. mapping: Chromophobe RCC derives from distal nephron/collecting duct"
HAVCR2,KIRC,Kidney_Cortex,80.96,77.05,3.92,63.2,comparable,good,1382.36,11.469,False,"rank-based within-dataset percentile among 1379 shared genes; TCGA=RSEM normalized_count, GTEx v8=TPM; NOT a fold change. clean tissue-of-origin match"
HAVCR2,KIRP,Kidney_Cortex,79.15,77.05,2.1,50.5,comparable,good,863.61,11.469,False,"rank-based within-dataset percentile among 1379 shared genes; TCGA=RSEM normalized_count, GTEx v8=TPM; NOT a fold change. clean tissue-of-origin match"
HAVCR2,LGG,Brain_Cortex,70.01,51.16,18.85,93.0,enriched,good,423.93,2.028,False,"rank-based within-dataset percentile among 1379 shared genes; TCGA=RSEM normalized_count, GTEx v8=TPM; NOT a fold change. clean tissue-of-origin match"
HAVCR2,LIHC,Liver,59.14,56.38,2.76,64.2,comparable,good,116.61,1.592,False,"rank-based within-dataset percentile among 1379 shared genes; TCGA=RSEM normalized_count, GTEx v8=TPM; NOT a fold change. clean tissue-of-origin match"
HAVCR2,LUAD,Lung,69.58,72.26,-2.68,37.5,comparable,good,468.78,25.899,False,"rank-based within-dataset percentile among 1379 shared genes; TCGA=RSEM normalized_count, GTEx v8=TPM; NOT a fold change. clean tissue-of-origin match"
HAVCR2,LUSC,Lung,64.29,72.26,-7.98,28.1,comparable,good,304.69,25.899,False,"rank-based within-dataset percentile among 1379 shared genes; TCGA=RSEM normalized_count, GTEx v8=TPM; NOT a fold change. clean tissue-of-origin match"
HAVCR2,MESO,Lung,71.1,72.26,-1.16,42.1,comparable,poor,525.54,25.899,False,"rank-based within-dataset percentile among 1379 shared genes; TCGA=RSEM normalized_count, GTEx v8=TPM; NOT a fold change. mapping: No pleura/mesothelium in GTEx; Lung used only as an anatomic neighbour"
HAVCR2,OV,Ovary,65.45,46.95,18.49,88.3,comparable,fair,281.89,1.705,False,"rank-based within-dataset percentile among 1379 shared genes; TCGA=RSEM normalized_count, GTEx v8=TPM; NOT a fold change. mapping: Most TCGA OV is high-grade serous, now thought largely fallopian-tube derived; GTEx Ovary is stroma-rich"
HAVCR2,PAAD,Pancreas,64.21,50.15,14.07,85.0,comparable,good,405.3,0.914,False,"rank-based within-dataset percentile among 1379 shared genes; TCGA=RSEM normalized_count, GTEx v8=TPM; NOT a fold change. mapping: GTEx Pancreas is acinar-dominated; PDAC is ductal"
HAVCR2,PCPG,Adrenal_Gland,52.97,64.5,-11.53,20.5,comparable,fair,82.46,6.454,False,"rank-based within-dataset percentile among 1379 shared genes; TCGA=RSEM normalized_count, GTEx v8=TPM; NOT a fold change. mapping: Pheochromocytoma is medullary; paraganglioma is extra-adrenal"
HAVCR2,PRAD,Prostate,51.96,48.4,3.55,66.9,comparable,good,83.81,3.382,False,"rank-based within-dataset percentile among 1379 shared genes; TCGA=RSEM normalized_count, GTEx v8=TPM; NOT a fold change. clean tissue-of-origin match"
HAVCR2,READ,Colon_Sigmoid,55.87,50.36,5.51,67.1,comparable,good,108.03,2.951,False,"rank-based within-dataset percentile among 1379 shared genes; TCGA=RSEM normalized_count, GTEx v8=TPM; NOT a fold change. clean tissue-of-origin match"
HAVCR2,SARC,Esophagus_Muscularis,64.65,50.51,14.14,87.7,comparable,poor,292.04,2.832,False,"rank-based within-dataset percentile among 1379 shared genes; TCGA=RSEM normalized_count, GTEx v8=TPM; NOT a fold change. mapping: TCGA SARC is histologically heterogeneous (LMS, DDLPS, UPS); smooth muscle is a partial surrogate only"
HAVCR2,SKCM,Skin_Sun_Exposed_Lower_leg,60.59,43.76,16.82,86.4,comparable,good,126.18,2.081,False,"rank-based within-dataset percentile among 1379 shared genes; TCGA=RSEM normalized_count, GTEx v8=TPM; NOT a fold change. mapping: GTEx skin is keratinocyte-dominated; melanocytes are a minor fraction"
HAVCR2,STAD,Stomach,61.75,47.97,13.78,86.7,comparable,good,243.31,1.81,False,"rank-based within-dataset percentile among 1379 shared genes; TCGA=RSEM normalized_count, GTEx v8=TPM; NOT a fold change. clean tissue-of-origin match"
HAVCR2,TGCT,Testis,63.92,39.99,23.93,88.9,comparable,fair,278.92,2.026,False,"rank-based within-dataset percentile among 1379 shared genes; TCGA=RSEM normalized_count, GTEx v8=TPM; NOT a fold change. mapping: Testis has extreme transcriptome breadth; germ-cell tumour vs whole testis"
HAVCR2,THCA,Thyroid,56.02,45.87,10.15,83.8,comparable,good,132.15,2.475,False,"rank-based within-dataset percentile among 1379 shared genes; TCGA=RSEM normalized_count, GTEx v8=TPM; NOT a fold change. clean tissue-of-origin match"
HAVCR2,UCEC,Uterus,57.69,46.81,10.88,79.8,comparable,fair,132.69,2.345,False,"rank-based within-dataset percentile among 1379 shared genes; TCGA=RSEM normalized_count, GTEx v8=TPM; NOT a fold change. mapping: GTEx Uterus is myometrium-dominated; UCEC arises from endometrium"
HAVCR2,UCS,Uterus,54.28,46.81,7.47,73.7,comparable,poor,118.65,2.345,False,"rank-based within-dataset percentile among 1379 shared genes; TCGA=RSEM normalized_count, GTEx v8=TPM; NOT a fold change. mapping: Carcinosarcoma is biphasic (carcinomatous+sarcomatous); no matched normal exists"
HAVCR2,UVM,Skin_Not_Sun_Exposed_Suprapubic,60.01,43.55,16.46,84.8,comparable,poor,56.74,1.839,False,"rank-based within-dataset percentile among 1379 shared genes; TCGA=RSEM normalized_count, GTEx v8=TPM; NOT a fold change. mapping: No uveal tract in GTEx; skin used only as a melanocyte-containing surrogate"
IGF1R,ACC,Adrenal_Gland,86.69,77.19,9.5,82.4,comparable,good,1271.98,15.329,False,"rank-based within-dataset percentile among 1379 shared genes; TCGA=RSEM normalized_count, GTEx v8=TPM; NOT a fold change. mapping: Adrenocortical carcinoma vs whole adrenal gland (cortex+medulla mixed in GTEx)"
IGF1R,BLCA,Bladder,84.16,75.24,8.92,77.1,comparable,good,1184.38,20.256,False,"rank-based within-dataset percentile among 1379 shared genes; TCGA=RSEM normalized_count, GTEx v8=TPM; NOT a fold change. mapping: GTEx Bladder n is small (21 donors)"
IGF1R,BRCA,Breast_Mammary_Tissue,93.94,71.03,22.92,95.8,enriched,good,3869.99,17.718,False,"rank-based within-dataset percentile among 1379 shared genes; TCGA=RSEM normalized_count, GTEx v8=TPM; NOT a fold change. clean tissue-of-origin match"
IGF1R,CESC,Cervix_Ectocervix,87.93,71.25,16.68,86.8,comparable,fair,1753.34,18.852,False,"rank-based within-dataset percentile among 1379 shared genes; TCGA=RSEM normalized_count, GTEx v8=TPM; NOT a fold change. mapping: GTEx cervix n very small (~5-9 donors); ecto/endo split"
IGF1R,CHOL,Liver,78.06,44.13,33.94,97.3,enriched,poor,823.35,0.63,False,"rank-based within-dataset percentile among 1379 shared genes; TCGA=RSEM normalized_count, GTEx v8=TPM; NOT a fold change. mapping: Cholangiocarcinoma arises from bile-duct epithelium; GTEx has no bile duct, Liver is hepatocyte-dominated"
IGF1R,COAD,Colon_Transverse,82.12,69.58,12.55,84.7,comparable,good,1069.46,11.702,False,"rank-based within-dataset percentile among 1379 shared genes; TCGA=RSEM normalized_count, GTEx v8=TPM; NOT a fold change. clean tissue-of-origin match"
IGF1R,ESCA,Esophagus_Mucosa,89.59,72.7,16.9,91.7,enriched,fair,2085.69,11.261,False,"rank-based within-dataset percentile among 1379 shared genes; TCGA=RSEM normalized_count, GTEx v8=TPM; NOT a fold change. mapping: TCGA ESCA mixes squamous and adenocarcinoma; mucosa is squamous"
IGF1R,GBM,Brain_Cortex,75.31,73.71,1.6,50.4,comparable,good,780.71,8.895,False,"rank-based within-dataset percentile among 1379 shared genes; TCGA=RSEM normalized_count, GTEx v8=TPM; NOT a fold change. clean tissue-of-origin match"
IGF1R,HNSC,Esophagus_Mucosa,90.25,72.7,17.55,92.7,enriched,poor,2695.11,11.261,False,"rank-based within-dataset percentile among 1379 shared genes; TCGA=RSEM normalized_count, GTEx v8=TPM; NOT a fold change. mapping: No oral/laryngeal mucosa in GTEx; esophageal squamous mucosa used as surrogate epithelium"
IGF1R,KICH,Kidney_Cortex,91.62,72.48,19.14,92.6,enriched,fair,2347.1,8.549,False,"rank-based within-dataset percentile among 1379 shared genes; TCGA=RSEM normalized_count, GTEx v8=TPM; NOT a fold change. mapping: Chromophobe RCC derives from distal nephron/collecting duct"
IGF1R,KIRC,Kidney_Cortex,87.49,72.48,15.01,86.9,comparable,good,2314.25,8.549,False,"rank-based within-dataset percentile among 1379 shared genes; TCGA=RSEM normalized_count, GTEx v8=TPM; NOT a fold change. clean tissue-of-origin match"
IGF1R,KIRP,Kidney_Cortex,91.55,72.48,19.07,93.7,enriched,good,2420.55,8.549,False,"rank-based within-dataset percentile among 1379 shared genes; TCGA=RSEM normalized_count, GTEx v8=TPM; NOT a fold change. clean tissue-of-origin match"
IGF1R,LGG,Brain_Cortex,88.72,73.71,15.01,88.9,comparable,good,1748.32,8.895,False,"rank-based within-dataset percentile among 1379 shared genes; TCGA=RSEM normalized_count, GTEx v8=TPM; NOT a fold change. clean tissue-of-origin match"
IGF1R,LIHC,Liver,53.05,44.13,8.92,80.9,comparable,good,63.43,0.63,False,"rank-based within-dataset percentile among 1379 shared genes; TCGA=RSEM normalized_count, GTEx v8=TPM; NOT a fold change. clean tissue-of-origin match"
IGF1R,LUAD,Lung,84.88,67.48,17.4,92.8,enriched,good,1421.33,19.897,False,"rank-based within-dataset percentile among 1379 shared genes; TCGA=RSEM normalized_count, GTEx v8=TPM; NOT a fold change. clean tissue-of-origin match"
IGF1R,LUSC,Lung,91.26,67.48,23.79,94.3,enriched,good,2815.13,19.897,False,"rank-based within-dataset percentile among 1379 shared genes; TCGA=RSEM normalized_count, GTEx v8=TPM; NOT a fold change. clean tissue-of-origin match"
IGF1R,MESO,Lung,84.16,67.48,16.68,89.8,comparable,poor,1540.06,19.897,False,"rank-based within-dataset percentile among 1379 shared genes; TCGA=RSEM normalized_count, GTEx v8=TPM; NOT a fold change. mapping: No pleura/mesothelium in GTEx; Lung used only as an anatomic neighbour"
IGF1R,OV,Ovary,89.38,82.05,7.32,71.4,comparable,fair,1912.59,34.929,False,"rank-based within-dataset percentile among 1379 shared genes; TCGA=RSEM normalized_count, GTEx v8=TPM; NOT a fold change. mapping: Most TCGA OV is high-grade serous, now thought largely fallopian-tube derived; GTEx Ovary is stroma-rich"
IGF1R,PAAD,Pancreas,82.78,81.62,1.16,54.9,comparable,good,1462.53,9.911,False,"rank-based within-dataset percentile among 1379 shared genes; TCGA=RSEM normalized_count, GTEx v8=TPM; NOT a fold change. mapping: GTEx Pancreas is acinar-dominated; PDAC is ductal"
IGF1R,PCPG,Adrenal_Gland,93.0,77.19,15.81,86.4,comparable,fair,2914.88,15.329,False,"rank-based within-dataset percentile among 1379 shared genes; TCGA=RSEM normalized_count, GTEx v8=TPM; NOT a fold change. mapping: Pheochromocytoma is medullary; paraganglioma is extra-adrenal"
IGF1R,PRAD,Prostate,94.09,77.41,16.68,93.5,enriched,good,3628.76,23.463,False,"rank-based within-dataset percentile among 1379 shared genes; TCGA=RSEM normalized_count, GTEx v8=TPM; NOT a fold change. clean tissue-of-origin match"
IGF1R,READ,Colon_Sigmoid,83.14,77.85,5.29,66.7,comparable,good,1178.53,23.91,False,"rank-based within-dataset percentile among 1379 shared genes; TCGA=RSEM normalized_count, GTEx v8=TPM; NOT a fold change. clean tissue-of-origin match"
IGF1R,SARC,Esophagus_Muscularis,80.6,71.46,9.14,77.6,comparable,poor,979.1,15.055,False,"rank-based within-dataset percentile among 1379 shared genes; TCGA=RSEM normalized_count, GTEx v8=TPM; NOT a fold change. mapping: TCGA SARC is histologically heterogeneous (LMS, DDLPS, UPS); smooth muscle is a partial surrogate only"
IGF1R,SKCM,Skin_Sun_Exposed_Lower_leg,92.57,74.0,18.56,88.8,comparable,good,2747.54,18.753,False,"rank-based within-dataset percentile among 1379 shared genes; TCGA=RSEM normalized_count, GTEx v8=TPM; NOT a fold change. mapping: GTEx skin is keratinocyte-dominated; melanocytes are a minor fraction"
IGF1R,STAD,Stomach,81.98,75.74,6.24,70.7,comparable,good,1120.53,12.613,False,"rank-based within-dataset percentile among 1379 shared genes; TCGA=RSEM normalized_count, GTEx v8=TPM; NOT a fold change. clean tissue-of-origin match"
IGF1R,TGCT,Testis,90.32,79.59,10.73,72.4,comparable,fair,1849.07,17.517,False,"rank-based within-dataset percentile among 1379 shared genes; TCGA=RSEM normalized_count, GTEx v8=TPM; NOT a fold change. mapping: Testis has extreme transcriptome breadth; germ-cell tumour vs whole testis"
IGF1R,THCA,Thyroid,90.83,77.41,13.42,89.3,comparable,good,2635.18,29.663,False,"rank-based within-dataset percentile among 1379 shared genes; TCGA=RSEM normalized_count, GTEx v8=TPM; NOT a fold change. clean tissue-of-origin match"
IGF1R,UCEC,Uterus,88.22,76.18,12.04,82.0,comparable,fair,1618.13,28.779,False,"rank-based within-dataset percentile among 1379 shared genes; TCGA=RSEM normalized_count, GTEx v8=TPM; NOT a fold change. mapping: GTEx Uterus is myometrium-dominated; UCEC arises from endometrium"
IGF1R,UCS,Uterus,88.72,76.18,12.55,82.6,comparable,poor,1709.84,28.779,False,"rank-based within-dataset percentile among 1379 shared genes; TCGA=RSEM normalized_count, GTEx v8=TPM; NOT a fold change. mapping: Carcinosarcoma is biphasic (carcinomatous+sarcomatous); no matched normal exists"
IGF1R,UVM,Skin_Not_Sun_Exposed_Suprapubic,95.18,75.16,20.01,89.2,comparable,poor,4455.4,18.367,False,"rank-based within-dataset percentile among 1379 shared genes; TCGA=RSEM normalized_count, GTEx v8=TPM; NOT a fold change. mapping: No uveal tract in GTEx; skin used only as a melanocyte-containing surrogate"
IGF2R,ACC,Adrenal_Gland,95.18,82.2,12.98,89.2,comparable,good,3708.47,23.38,False,"rank-based within-dataset percentile among 1379 shared genes; TCGA=RSEM normalized_count, GTEx v8=TPM; NOT a fold change. mapping: Adrenocortical carcinoma vs whole adrenal gland (cortex+medulla mixed in GTEx)"
IGF2R,BLCA,Bladder,90.97,77.92,13.05,86.1,comparable,good,2353.16,24.513,False,"rank-based within-dataset percentile among 1379 shared genes; TCGA=RSEM normalized_count, GTEx v8=TPM; NOT a fold change. mapping: GTEx Bladder n is small (21 donors)"
IGF2R,BRCA,Breast_Mammary_Tissue,92.64,75.24,17.4,91.3,enriched,good,3044.86,23.276,False,"rank-based within-dataset percentile among 1379 shared genes; TCGA=RSEM normalized_count, GTEx v8=TPM; NOT a fold change. clean tissue-of-origin match"
IGF2R,CESC,Cervix_Ectocervix,91.48,75.74,15.74,85.6,comparable,fair,2573.0,25.407,False,"rank-based within-dataset percentile among 1379 shared genes; TCGA=RSEM normalized_count, GTEx v8=TPM; NOT a fold change. mapping: GTEx cervix n very small (~5-9 donors); ecto/endo split"
IGF2R,CHOL,Liver,91.62,81.98,9.64,76.1,comparable,poor,2864.18,11.673,False,"rank-based within-dataset percentile among 1379 shared genes; TCGA=RSEM normalized_count, GTEx v8=TPM; NOT a fold change. mapping: Cholangiocarcinoma arises from bile-duct epithelium; GTEx has no bile duct, Liver is hepatocyte-dominated"
IGF2R,COAD,Colon_Transverse,94.53,77.85,16.68,89.8,comparable,good,3836.6,19.46,False,"rank-based within-dataset percentile among 1379 shared genes; TCGA=RSEM normalized_count, GTEx v8=TPM; NOT a fold change. clean tissue-of-origin match"
IGF2R,ESCA,Esophagus_Mucosa,94.67,79.59,15.08,89.3,comparable,fair,4687.01,20.362,False,"rank-based within-dataset percentile among 1379 shared genes; TCGA=RSEM normalized_count, GTEx v8=TPM; NOT a fold change. mapping: TCGA ESCA mixes squamous and adenocarcinoma; mucosa is squamous"
IGF2R,GBM,Brain_Cortex,83.72,61.39,22.34,92.0,enriched,good,1379.89,4.398,False,"rank-based within-dataset percentile among 1379 shared genes; TCGA=RSEM normalized_count, GTEx v8=TPM; NOT a fold change. clean tissue-of-origin match"
IGF2R,HNSC,Esophagus_Mucosa,94.6,79.59,15.01,89.6,comparable,poor,5190.28,20.362,False,"rank-based within-dataset percentile among 1379 shared genes; TCGA=RSEM normalized_count, GTEx v8=TPM; NOT a fold change. mapping: No oral/laryngeal mucosa in GTEx; esophageal squamous mucosa used as surrogate epithelium"
IGF2R,KICH,Kidney_Cortex,94.6,75.45,19.14,92.6,enriched,fair,4026.93,10.407,False,"rank-based within-dataset percentile among 1379 shared genes; TCGA=RSEM normalized_count, GTEx v8=TPM; NOT a fold change. mapping: Chromophobe RCC derives from distal nephron/collecting duct"
IGF2R,KIRC,Kidney_Cortex,93.07,75.45,17.62,90.9,enriched,good,4546.08,10.407,False,"rank-based within-dataset percentile among 1379 shared genes; TCGA=RSEM normalized_count, GTEx v8=TPM; NOT a fold change. clean tissue-of-origin match"
IGF2R,KIRP,Kidney_Cortex,94.82,75.45,19.36,93.9,enriched,good,4142.73,10.407,False,"rank-based within-dataset percentile among 1379 shared genes; TCGA=RSEM normalized_count, GTEx v8=TPM; NOT a fold change. clean tissue-of-origin match"
IGF2R,LGG,Brain_Cortex,88.43,61.39,27.05,97.6,enriched,good,1696.01,4.398,False,"rank-based within-dataset percentile among 1379 shared genes; TCGA=RSEM normalized_count, GTEx v8=TPM; NOT a fold change. clean tissue-of-origin match"
IGF2R,LIHC,Liver,94.09,81.98,12.11,87.8,comparable,good,3828.73,11.673,False,"rank-based within-dataset percentile among 1379 shared genes; TCGA=RSEM normalized_count, GTEx v8=TPM; NOT a fold change. clean tissue-of-origin match"
IGF2R,LUAD,Lung,93.8,77.34,16.46,91.4,enriched,good,4101.26,36.235,False,"rank-based within-dataset percentile among 1379 shared genes; TCGA=RSEM normalized_count, GTEx v8=TPM; NOT a fold change. clean tissue-of-origin match"
IGF2R,LUSC,Lung,94.31,77.34,16.97,88.0,comparable,good,4800.08,36.235,False,"rank-based within-dataset percentile among 1379 shared genes; TCGA=RSEM normalized_count, GTEx v8=TPM; NOT a fold change. clean tissue-of-origin match"
IGF2R,MESO,Lung,91.48,77.34,14.14,85.9,comparable,poor,3149.97,36.235,False,"rank-based within-dataset percentile among 1379 shared genes; TCGA=RSEM normalized_count, GTEx v8=TPM; NOT a fold change. mapping: No pleura/mesothelium in GTEx; Lung used only as an anatomic neighbour"
IGF2R,OV,Ovary,89.96,79.37,10.59,77.4,comparable,fair,2094.27,28.387,False,"rank-based within-dataset percentile among 1379 shared genes; TCGA=RSEM normalized_count, GTEx v8=TPM; NOT a fold change. mapping: Most TCGA OV is high-grade serous, now thought largely fallopian-tube derived; GTEx Ovary is stroma-rich"
IGF2R,PAAD,Pancreas,90.9,80.6,10.3,78.5,comparable,good,3262.69,9.19,False,"rank-based within-dataset percentile among 1379 shared genes; TCGA=RSEM normalized_count, GTEx v8=TPM; NOT a fold change. mapping: GTEx Pancreas is acinar-dominated; PDAC is ductal"
IGF2R,PCPG,Adrenal_Gland,93.36,82.2,11.17,80.4,comparable,fair,3013.49,23.38,False,"rank-based within-dataset percentile among 1379 shared genes; TCGA=RSEM normalized_count, GTEx v8=TPM; NOT a fold change. mapping: Pheochromocytoma is medullary; paraganglioma is extra-adrenal"
IGF2R,PRAD,Prostate,94.67,72.99,21.68,96.7,enriched,good,4020.15,17.596,False,"rank-based within-dataset percentile among 1379 shared genes; TCGA=RSEM normalized_count, GTEx v8=TPM; NOT a fold change. clean tissue-of-origin match"
IGF2R,READ,Colon_Sigmoid,94.82,75.96,18.85,88.3,comparable,good,4126.05,20.403,False,"rank-based within-dataset percentile among 1379 shared genes; TCGA=RSEM normalized_count, GTEx v8=TPM; NOT a fold change. clean tissue-of-origin match"
IGF2R,SARC,Esophagus_Muscularis,94.53,76.25,18.27,93.6,enriched,poor,4777.74,20.889,False,"rank-based within-dataset percentile among 1379 shared genes; TCGA=RSEM normalized_count, GTEx v8=TPM; NOT a fold change. mapping: TCGA SARC is histologically heterogeneous (LMS, DDLPS, UPS); smooth muscle is a partial surrogate only"
IGF2R,SKCM,Skin_Sun_Exposed_Lower_leg,95.25,77.27,17.98,87.9,comparable,good,5042.86,22.978,False,"rank-based within-dataset percentile among 1379 shared genes; TCGA=RSEM normalized_count, GTEx v8=TPM; NOT a fold change. mapping: GTEx skin is keratinocyte-dominated; melanocytes are a minor fraction"
IGF2R,STAD,Stomach,93.8,79.37,14.43,87.7,comparable,good,3577.64,15.958,False,"rank-based within-dataset percentile among 1379 shared genes; TCGA=RSEM normalized_count, GTEx v8=TPM; NOT a fold change. clean tissue-of-origin match"
IGF2R,TGCT,Testis,92.93,76.32,16.61,81.3,comparable,fair,2510.18,14.929,False,"rank-based within-dataset percentile among 1379 shared genes; TCGA=RSEM normalized_count, GTEx v8=TPM; NOT a fold change. mapping: Testis has extreme transcriptome breadth; germ-cell tumour vs whole testis"
IGF2R,THCA,Thyroid,95.11,74.73,20.38,95.7,enriched,good,5216.98,25.711,False,"rank-based within-dataset percentile among 1379 shared genes; TCGA=RSEM normalized_count, GTEx v8=TPM; NOT a fold change. clean tissue-of-origin match"
IGF2R,UCEC,Uterus,92.49,77.34,15.16,86.4,comparable,fair,2639.12,30.759,False,"rank-based within-dataset percentile among 1379 shared genes; TCGA=RSEM normalized_count, GTEx v8=TPM; NOT a fold change. mapping: GTEx Uterus is myometrium-dominated; UCEC arises from endometrium"
IGF2R,UCS,Uterus,93.87,77.34,16.53,88.5,comparable,poor,3111.02,30.759,False,"rank-based within-dataset percentile among 1379 shared genes; TCGA=RSEM normalized_count, GTEx v8=TPM; NOT a fold change. mapping: Carcinosarcoma is biphasic (carcinomatous+sarcomatous); no matched normal exists"
IGF2R,UVM,Skin_Not_Sun_Exposed_Suprapubic,95.03,76.54,18.49,87.5,comparable,poor,4355.46,20.816,False,"rank-based within-dataset percentile among 1379 shared genes; TCGA=RSEM normalized_count, GTEx v8=TPM; NOT a fold change. mapping: No uveal tract in GTEx; skin used only as a melanocyte-containing surrogate"
IL17RB,ACC,Adrenal_Gland,44.49,55.66,-11.17,14.1,comparable,good,17.09,3.005,False,"rank-based within-dataset percentile among 1379 shared genes; TCGA=RSEM normalized_count, GTEx v8=TPM; NOT a fold change. mapping: Adrenocortical carcinoma vs whole adrenal gland (cortex+medulla mixed in GTEx)"
IL17RB,BLCA,Bladder,47.97,47.53,0.44,46.7,comparable,good,44.19,2.702,False,"rank-based within-dataset percentile among 1379 shared genes; TCGA=RSEM normalized_count, GTEx v8=TPM; NOT a fold change. mapping: GTEx Bladder n is small (21 donors)"
IL17RB,BRCA,Breast_Mammary_Tissue,63.49,64.0,-0.51,43.4,comparable,good,262.63,10.967,False,"rank-based within-dataset percentile among 1379 shared genes; TCGA=RSEM normalized_count, GTEx v8=TPM; NOT a fold change. clean tissue-of-origin match"
IL17RB,CESC,Cervix_Ectocervix,58.56,71.75,-13.2,19.9,comparable,fair,140.73,19.928,False,"rank-based within-dataset percentile among 1379 shared genes; TCGA=RSEM normalized_count, GTEx v8=TPM; NOT a fold change. mapping: GTEx cervix n very small (~5-9 donors); ecto/endo split"
IL17RB,CHOL,Liver,74.08,89.67,-15.59,14.2,comparable,poor,604.29,25.827,False,"rank-based within-dataset percentile among 1379 shared genes; TCGA=RSEM normalized_count, GTEx v8=TPM; NOT a fold change. mapping: Cholangiocarcinoma arises from bile-duct epithelium; GTEx has no bile duct, Liver is hepatocyte-dominated"
IL17RB,COAD,Colon_Transverse,70.38,73.5,-3.12,35.7,comparable,good,416.93,14.341,False,"rank-based within-dataset percentile among 1379 shared genes; TCGA=RSEM normalized_count, GTEx v8=TPM; NOT a fold change. clean tissue-of-origin match"
IL17RB,ESCA,Esophagus_Mucosa,55.87,49.49,6.38,70.5,comparable,fair,128.2,2.2,False,"rank-based within-dataset percentile among 1379 shared genes; TCGA=RSEM normalized_count, GTEx v8=TPM; NOT a fold change. mapping: TCGA ESCA mixes squamous and adenocarcinoma; mucosa is squamous"
IL17RB,GBM,Brain_Cortex,69.14,85.68,-16.53,13.9,comparable,good,531.92,22.177,False,"rank-based within-dataset percentile among 1379 shared genes; TCGA=RSEM normalized_count, GTEx v8=TPM; NOT a fold change. clean tissue-of-origin match"
IL17RB,HNSC,Esophagus_Mucosa,36.58,49.49,-12.91,13.0,comparable,poor,17.5,2.2,False,"rank-based within-dataset percentile among 1379 shared genes; TCGA=RSEM normalized_count, GTEx v8=TPM; NOT a fold change. mapping: No oral/laryngeal mucosa in GTEx; esophageal squamous mucosa used as surrogate epithelium"
IL17RB,KICH,Kidney_Cortex,51.74,95.18,-43.44,1.1,depleted,fair,51.79,66.179,False,"rank-based within-dataset percentile among 1379 shared genes; TCGA=RSEM normalized_count, GTEx v8=TPM; NOT a fold change. mapping: Chromophobe RCC derives from distal nephron/collecting duct"
IL17RB,KIRC,Kidney_Cortex,63.71,95.18,-31.47,2.9,depleted,good,340.27,66.179,False,"rank-based within-dataset percentile among 1379 shared genes; TCGA=RSEM normalized_count, GTEx v8=TPM; NOT a fold change. clean tissue-of-origin match"
IL17RB,KIRP,Kidney_Cortex,79.95,95.18,-15.23,11.8,comparable,good,926.29,66.179,False,"rank-based within-dataset percentile among 1379 shared genes; TCGA=RSEM normalized_count, GTEx v8=TPM; NOT a fold change. clean tissue-of-origin match"
IL17RB,LGG,Brain_Cortex,67.4,85.68,-18.27,8.3,depleted,good,364.66,22.177,False,"rank-based within-dataset percentile among 1379 shared genes; TCGA=RSEM normalized_count, GTEx v8=TPM; NOT a fold change. clean tissue-of-origin match"
IL17RB,LIHC,Liver,83.43,89.67,-6.24,24.6,comparable,good,1100.73,25.827,False,"rank-based within-dataset percentile among 1379 shared genes; TCGA=RSEM normalized_count, GTEx v8=TPM; NOT a fold change. clean tissue-of-origin match"
IL17RB,LUAD,Lung,51.45,56.6,-5.15,30.2,comparable,good,117.06,8.85,False,"rank-based within-dataset percentile among 1379 shared genes; TCGA=RSEM normalized_count, GTEx v8=TPM; NOT a fold change. clean tissue-of-origin match"
IL17RB,LUSC,Lung,39.99,56.6,-16.61,12.5,comparable,good,35.09,8.85,False,"rank-based within-dataset percentile among 1379 shared genes; TCGA=RSEM normalized_count, GTEx v8=TPM; NOT a fold change. clean tissue-of-origin match"
IL17RB,MESO,Lung,41.95,56.6,-14.65,12.8,comparable,poor,36.39,8.85,False,"rank-based within-dataset percentile among 1379 shared genes; TCGA=RSEM normalized_count, GTEx v8=TPM; NOT a fold change. mapping: No pleura/mesothelium in GTEx; Lung used only as an anatomic neighbour"
IL17RB,OV,Ovary,51.96,61.09,-9.14,24.5,comparable,fair,94.15,6.192,False,"rank-based within-dataset percentile among 1379 shared genes; TCGA=RSEM normalized_count, GTEx v8=TPM; NOT a fold change. mapping: Most TCGA OV is high-grade serous, now thought largely fallopian-tube derived; GTEx Ovary is stroma-rich"
IL17RB,PAAD,Pancreas,53.7,82.92,-29.22,4.0,depleted,good,200.07,10.617,False,"rank-based within-dataset percentile among 1379 shared genes; TCGA=RSEM normalized_count, GTEx v8=TPM; NOT a fold change. mapping: GTEx Pancreas is acinar-dominated; PDAC is ductal"
IL17RB,PCPG,Adrenal_Gland,45.14,55.66,-10.51,22.5,comparable,fair,31.67,3.005,False,"rank-based within-dataset percentile among 1379 shared genes; TCGA=RSEM normalized_count, GTEx v8=TPM; NOT a fold change. mapping: Pheochromocytoma is medullary; paraganglioma is extra-adrenal"
IL17RB,PRAD,Prostate,57.9,66.17,-8.27,19.5,comparable,good,148.25,11.41,False,"rank-based within-dataset percentile among 1379 shared genes; TCGA=RSEM normalized_count, GTEx v8=TPM; NOT a fold change. clean tissue-of-origin match"
IL17RB,READ,Colon_Sigmoid,72.12,54.13,17.98,87.5,comparable,good,485.5,3.808,False,"rank-based within-dataset percentile among 1379 shared genes; TCGA=RSEM normalized_count, GTEx v8=TPM; NOT a fold change. clean tissue-of-origin match"
IL17RB,SARC,Esophagus_Muscularis,45.07,49.35,-4.28,29.6,comparable,poor,34.55,2.57,False,"rank-based within-dataset percentile among 1379 shared genes; TCGA=RSEM normalized_count, GTEx v8=TPM; NOT a fold change. mapping: TCGA SARC is histologically heterogeneous (LMS, DDLPS, UPS); smooth muscle is a partial surrogate only"
IL17RB,SKCM,Skin_Sun_Exposed_Lower_leg,46.74,46.95,-0.22,43.2,comparable,good,30.58,2.72,False,"rank-based within-dataset percentile among 1379 shared genes; TCGA=RSEM normalized_count, GTEx v8=TPM; NOT a fold change. mapping: GTEx skin is keratinocyte-dominated; melanocytes are a minor fraction"
IL17RB,STAD,Stomach,66.53,67.33,-0.8,43.7,comparable,good,356.09,7.023,False,"rank-based within-dataset percentile among 1379 shared genes; TCGA=RSEM normalized_count, GTEx v8=TPM; NOT a fold change. clean tissue-of-origin match"
IL17RB,TGCT,Testis,43.62,70.01,-26.4,9.8,depleted,fair,56.44,10.043,False,"rank-based within-dataset percentile among 1379 shared genes; TCGA=RSEM normalized_count, GTEx v8=TPM; NOT a fold change. mapping: Testis has extreme transcriptome breadth; germ-cell tumour vs whole testis"
IL17RB,THCA,Thyroid,48.62,58.92,-10.3,16.5,comparable,good,59.36,7.604,False,"rank-based within-dataset percentile among 1379 shared genes; TCGA=RSEM normalized_count, GTEx v8=TPM; NOT a fold change. clean tissue-of-origin match"
IL17RB,UCEC,Uterus,58.56,60.22,-1.67,40.5,comparable,fair,141.47,7.436,False,"rank-based within-dataset percentile among 1379 shared genes; TCGA=RSEM normalized_count, GTEx v8=TPM; NOT a fold change. mapping: GTEx Uterus is myometrium-dominated; UCEC arises from endometrium"
IL17RB,UCS,Uterus,49.93,60.22,-10.3,22.0,comparable,poor,81.78,7.436,False,"rank-based within-dataset percentile among 1379 shared genes; TCGA=RSEM normalized_count, GTEx v8=TPM; NOT a fold change. mapping: Carcinosarcoma is biphasic (carcinomatous+sarcomatous); no matched normal exists"
IL17RB,UVM,Skin_Not_Sun_Exposed_Suprapubic,52.61,47.68,4.93,54.0,comparable,poor,23.41,2.713,False,"rank-based within-dataset percentile among 1379 shared genes; TCGA=RSEM normalized_count, GTEx v8=TPM; NOT a fold change. mapping: No uveal tract in GTEx; skin used only as a melanocyte-containing surrogate"
IL6ST,ACC,Adrenal_Gland,66.03,93.07,-27.05,2.8,depleted,good,222.16,64.885,False,"rank-based within-dataset percentile among 1379 shared genes; TCGA=RSEM normalized_count, GTEx v8=TPM; NOT a fold change. mapping: Adrenocortical carcinoma vs whole adrenal gland (cortex+medulla mixed in GTEx)"
IL6ST,BLCA,Bladder,60.88,91.99,-31.11,2.1,depleted,good,163.0,76.966,False,"rank-based within-dataset percentile among 1379 shared genes; TCGA=RSEM normalized_count, GTEx v8=TPM; NOT a fold change. mapping: GTEx Bladder n is small (21 donors)"
IL6ST,BRCA,Breast_Mammary_Tissue,88.22,92.64,-4.42,31.4,comparable,good,1833.98,100.239,False,"rank-based within-dataset percentile among 1379 shared genes; TCGA=RSEM normalized_count, GTEx v8=TPM; NOT a fold change. clean tissue-of-origin match"
IL6ST,CESC,Cervix_Ectocervix,64.07,93.0,-28.93,5.7,depleted,fair,217.49,108.851,False,"rank-based within-dataset percentile among 1379 shared genes; TCGA=RSEM normalized_count, GTEx v8=TPM; NOT a fold change. mapping: GTEx cervix n very small (~5-9 donors); ecto/endo split"
IL6ST,CHOL,Liver,80.6,91.48,-10.88,19.9,comparable,poor,984.66,33.969,False,"rank-based within-dataset percentile among 1379 shared genes; TCGA=RSEM normalized_count, GTEx v8=TPM; NOT a fold change. mapping: Cholangiocarcinoma arises from bile-duct epithelium; GTEx has no bile duct, Liver is hepatocyte-dominated"
IL6ST,COAD,Colon_Transverse,65.37,87.78,-22.41,6.7,depleted,good,259.41,38.152,False,"rank-based within-dataset percentile among 1379 shared genes; TCGA=RSEM normalized_count, GTEx v8=TPM; NOT a fold change. clean tissue-of-origin match"
IL6ST,ESCA,Esophagus_Mucosa,74.95,83.28,-8.34,21.5,comparable,fair,605.01,27.319,False,"rank-based within-dataset percentile among 1379 shared genes; TCGA=RSEM normalized_count, GTEx v8=TPM; NOT a fold change. mapping: TCGA ESCA mixes squamous and adenocarcinoma; mucosa is squamous"
IL6ST,GBM,Brain_Cortex,75.67,87.85,-12.18,19.7,comparable,good,792.32,26.432,False,"rank-based within-dataset percentile among 1379 shared genes; TCGA=RSEM normalized_count, GTEx v8=TPM; NOT a fold change. clean tissue-of-origin match"
IL6ST,HNSC,Esophagus_Mucosa,70.52,83.28,-12.76,13.5,comparable,poor,459.76,27.319,False,"rank-based within-dataset percentile among 1379 shared genes; TCGA=RSEM normalized_count, GTEx v8=TPM; NOT a fold change. mapping: No oral/laryngeal mucosa in GTEx; esophageal squamous mucosa used as surrogate epithelium"
IL6ST,KICH,Kidney_Cortex,75.96,89.3,-13.34,14.7,comparable,fair,524.78,27.404,False,"rank-based within-dataset percentile among 1379 shared genes; TCGA=RSEM normalized_count, GTEx v8=TPM; NOT a fold change. mapping: Chromophobe RCC derives from distal nephron/collecting duct"
IL6ST,KIRC,Kidney_Cortex,85.68,89.3,-3.63,34.1,comparable,good,2015.4,27.404,False,"rank-based within-dataset percentile among 1379 shared genes; TCGA=RSEM normalized_count, GTEx v8=TPM; NOT a fold change. clean tissue-of-origin match"
IL6ST,KIRP,Kidney_Cortex,72.41,89.3,-16.9,9.8,depleted,good,496.54,27.404,False,"rank-based within-dataset percentile among 1379 shared genes; TCGA=RSEM normalized_count, GTEx v8=TPM; NOT a fold change. clean tissue-of-origin match"
IL6ST,LGG,Brain_Cortex,82.49,87.85,-5.37,28.6,comparable,good,1079.25,26.432,False,"rank-based within-dataset percentile among 1379 shared genes; TCGA=RSEM normalized_count, GTEx v8=TPM; NOT a fold change. clean tissue-of-origin match"
IL6ST,LIHC,Liver,75.74,91.48,-15.74,7.8,depleted,good,575.51,33.969,False,"rank-based within-dataset percentile among 1379 shared genes; TCGA=RSEM normalized_count, GTEx v8=TPM; NOT a fold change. clean tissue-of-origin match"
IL6ST,LUAD,Lung,78.14,91.12,-12.98,13.0,comparable,good,876.52,116.885,False,"rank-based within-dataset percentile among 1379 shared genes; TCGA=RSEM normalized_count, GTEx v8=TPM; NOT a fold change. clean tissue-of-origin match"
IL6ST,LUSC,Lung,68.42,91.12,-22.7,7.2,depleted,good,436.89,116.885,False,"rank-based within-dataset percentile among 1379 shared genes; TCGA=RSEM normalized_count, GTEx v8=TPM; NOT a fold change. clean tissue-of-origin match"
IL6ST,MESO,Lung,76.32,91.12,-14.79,12.6,comparable,poor,816.04,116.885,False,"rank-based within-dataset percentile among 1379 shared genes; TCGA=RSEM normalized_count, GTEx v8=TPM; NOT a fold change. mapping: No pleura/mesothelium in GTEx; Lung used only as an anatomic neighbour"
IL6ST,OV,Ovary,61.53,90.9,-29.37,5.1,depleted,fair,208.74,77.36,False,"rank-based within-dataset percentile among 1379 shared genes; TCGA=RSEM normalized_count, GTEx v8=TPM; NOT a fold change. mapping: Most TCGA OV is high-grade serous, now thought largely fallopian-tube derived; GTEx Ovary is stroma-rich"
IL6ST,PAAD,Pancreas,72.84,87.06,-14.21,15.7,comparable,good,726.36,15.086,False,"rank-based within-dataset percentile among 1379 shared genes; TCGA=RSEM normalized_count, GTEx v8=TPM; NOT a fold change. mapping: GTEx Pancreas is acinar-dominated; PDAC is ductal"
IL6ST,PCPG,Adrenal_Gland,70.23,93.07,-22.84,7.4,depleted,fair,389.38,64.885,False,"rank-based within-dataset percentile among 1379 shared genes; TCGA=RSEM normalized_count, GTEx v8=TPM; NOT a fold change. mapping: Pheochromocytoma is medullary; paraganglioma is extra-adrenal"
IL6ST,PRAD,Prostate,77.85,90.46,-12.62,12.3,comparable,good,724.78,64.797,False,"rank-based within-dataset percentile among 1379 shared genes; TCGA=RSEM normalized_count, GTEx v8=TPM; NOT a fold change. clean tissue-of-origin match"
IL6ST,READ,Colon_Sigmoid,65.66,90.32,-24.66,9.0,depleted,good,262.19,65.526,False,"rank-based within-dataset percentile among 1379 shared genes; TCGA=RSEM normalized_count, GTEx v8=TPM; NOT a fold change. clean tissue-of-origin match"
IL6ST,SARC,Esophagus_Muscularis,72.92,92.35,-19.43,8.0,depleted,poor,569.99,85.071,False,"rank-based within-dataset percentile among 1379 shared genes; TCGA=RSEM normalized_count, GTEx v8=TPM; NOT a fold change. mapping: TCGA SARC is histologically heterogeneous (LMS, DDLPS, UPS); smooth muscle is a partial surrogate only"
IL6ST,SKCM,Skin_Sun_Exposed_Lower_leg,70.3,81.04,-10.73,20.3,comparable,good,327.54,31.669,False,"rank-based within-dataset percentile among 1379 shared genes; TCGA=RSEM normalized_count, GTEx v8=TPM; NOT a fold change. mapping: GTEx skin is keratinocyte-dominated; melanocytes are a minor fraction"
IL6ST,STAD,Stomach,75.09,89.81,-14.72,12.6,comparable,good,666.27,34.422,False,"rank-based within-dataset percentile among 1379 shared genes; TCGA=RSEM normalized_count, GTEx v8=TPM; NOT a fold change. clean tissue-of-origin match"
IL6ST,TGCT,Testis,69.58,81.76,-12.18,23.4,comparable,fair,421.59,20.874,False,"rank-based within-dataset percentile among 1379 shared genes; TCGA=RSEM normalized_count, GTEx v8=TPM; NOT a fold change. mapping: Testis has extreme transcriptome breadth; germ-cell tumour vs whole testis"
IL6ST,THCA,Thyroid,81.47,92.42,-10.95,15.3,comparable,good,1057.79,96.701,False,"rank-based within-dataset percentile among 1379 shared genes; TCGA=RSEM normalized_count, GTEx v8=TPM; NOT a fold change. clean tissue-of-origin match"
IL6ST,UCEC,Uterus,61.68,89.74,-28.06,5.2,depleted,fair,186.79,84.42,False,"rank-based within-dataset percentile among 1379 shared genes; TCGA=RSEM normalized_count, GTEx v8=TPM; NOT a fold change. mapping: GTEx Uterus is myometrium-dominated; UCEC arises from endometrium"
IL6ST,UCS,Uterus,54.5,89.74,-35.24,1.7,depleted,poor,120.58,84.42,False,"rank-based within-dataset percentile among 1379 shared genes; TCGA=RSEM normalized_count, GTEx v8=TPM; NOT a fold change. mapping: Carcinosarcoma is biphasic (carcinomatous+sarcomatous); no matched normal exists"
IL6ST,UVM,Skin_Not_Sun_Exposed_Suprapubic,73.06,80.31,-7.25,26.3,comparable,poor,278.88,28.777,False,"rank-based within-dataset percentile among 1379 shared genes; TCGA=RSEM normalized_count, GTEx v8=TPM; NOT a fold change. mapping: No uveal tract in GTEx; skin used only as a melanocyte-containing surrogate"
ITGA4,ACC,Adrenal_Gland,51.52,41.01,10.51,84.6,comparable,good,44.76,0.767,False,"rank-based within-dataset percentile among 1379 shared genes; TCGA=RSEM normalized_count, GTEx v8=TPM; NOT a fold change. mapping: Adrenocortical carcinoma vs whole adrenal gland (cortex+medulla mixed in GTEx)"
ITGA4,BLCA,Bladder,58.41,42.53,15.88,89.1,comparable,good,129.81,1.795,False,"rank-based within-dataset percentile among 1379 shared genes; TCGA=RSEM normalized_count, GTEx v8=TPM; NOT a fold change. mapping: GTEx Bladder n is small (21 donors)"
ITGA4,BRCA,Breast_Mammary_Tissue,65.88,44.56,21.32,94.9,enriched,good,318.13,2.147,False,"rank-based within-dataset percentile among 1379 shared genes; TCGA=RSEM normalized_count, GTEx v8=TPM; NOT a fold change. clean tissue-of-origin match"
ITGA4,CESC,Cervix_Ectocervix,58.27,56.09,2.18,58.6,comparable,fair,135.6,5.554,False,"rank-based within-dataset percentile among 1379 shared genes; TCGA=RSEM normalized_count, GTEx v8=TPM; NOT a fold change. mapping: GTEx cervix n very small (~5-9 donors); ecto/endo split"
ITGA4,CHOL,Liver,60.01,45.79,14.21,83.5,comparable,poor,185.59,0.703,False,"rank-based within-dataset percentile among 1379 shared genes; TCGA=RSEM normalized_count, GTEx v8=TPM; NOT a fold change. mapping: Cholangiocarcinoma arises from bile-duct epithelium; GTEx has no bile duct, Liver is hepatocyte-dominated"
ITGA4,COAD,Colon_Transverse,65.81,49.27,16.53,89.6,comparable,good,273.09,3.164,False,"rank-based within-dataset percentile among 1379 shared genes; TCGA=RSEM normalized_count, GTEx v8=TPM; NOT a fold change. clean tissue-of-origin match"
ITGA4,ESCA,Esophagus_Mucosa,68.27,37.16,31.11,98.3,enriched,fair,325.72,0.836,False,"rank-based within-dataset percentile among 1379 shared genes; TCGA=RSEM normalized_count, GTEx v8=TPM; NOT a fold change. mapping: TCGA ESCA mixes squamous and adenocarcinoma; mucosa is squamous"
ITGA4,GBM,Brain_Cortex,61.68,31.87,29.8,95.7,enriched,good,262.67,0.357,False,"rank-based within-dataset percentile among 1379 shared genes; TCGA=RSEM normalized_count, GTEx v8=TPM; NOT a fold change. clean tissue-of-origin match"
ITGA4,HNSC,Esophagus_Mucosa,60.01,37.16,22.84,95.8,enriched,poor,200.58,0.836,False,"rank-based within-dataset percentile among 1379 shared genes; TCGA=RSEM normalized_count, GTEx v8=TPM; NOT a fold change. mapping: No oral/laryngeal mucosa in GTEx; esophageal squamous mucosa used as surrogate epithelium"
ITGA4,KICH,Kidney_Cortex,57.47,40.28,17.19,90.4,enriched,fair,99.97,0.788,False,"rank-based within-dataset percentile among 1379 shared genes; TCGA=RSEM normalized_count, GTEx v8=TPM; NOT a fold change. mapping: Chromophobe RCC derives from distal nephron/collecting duct"
ITGA4,KIRC,Kidney_Cortex,76.47,40.28,36.19,99.4,enriched,good,931.58,0.788,False,"rank-based within-dataset percentile among 1379 shared genes; TCGA=RSEM normalized_count, GTEx v8=TPM; NOT a fold change. clean tissue-of-origin match"
ITGA4,KIRP,Kidney_Cortex,56.24,40.28,15.95,90.3,enriched,good,111.62,0.788,False,"rank-based within-dataset percentile among 1379 shared genes; TCGA=RSEM normalized_count, GTEx v8=TPM; NOT a fold change. clean tissue-of-origin match"
ITGA4,LGG,Brain_Cortex,47.61,31.87,15.74,90.0,comparable,good,47.59,0.357,False,"rank-based within-dataset percentile among 1379 shared genes; TCGA=RSEM normalized_count, GTEx v8=TPM; NOT a fold change. clean tissue-of-origin match"
ITGA4,LIHC,Liver,55.95,45.79,10.15,84.0,comparable,good,82.59,0.703,False,"rank-based within-dataset percentile among 1379 shared genes; TCGA=RSEM normalized_count, GTEx v8=TPM; NOT a fold change. clean tissue-of-origin match"
ITGA4,LUAD,Lung,69.51,57.83,11.68,84.5,comparable,good,467.17,10.287,False,"rank-based within-dataset percentile among 1379 shared genes; TCGA=RSEM normalized_count, GTEx v8=TPM; NOT a fold change. clean tissue-of-origin match"
ITGA4,LUSC,Lung,67.48,57.83,9.64,76.6,comparable,good,394.31,10.287,False,"rank-based within-dataset percentile among 1379 shared genes; TCGA=RSEM normalized_count, GTEx v8=TPM; NOT a fold change. clean tissue-of-origin match"
ITGA4,MESO,Lung,64.87,57.83,7.03,73.0,comparable,poor,312.49,10.287,False,"rank-based within-dataset percentile among 1379 shared genes; TCGA=RSEM normalized_count, GTEx v8=TPM; NOT a fold change. mapping: No pleura/mesothelium in GTEx; Lung used only as an anatomic neighbour"
ITGA4,OV,Ovary,61.31,38.83,22.48,92.2,enriched,fair,206.1,0.725,False,"rank-based within-dataset percentile among 1379 shared genes; TCGA=RSEM normalized_count, GTEx v8=TPM; NOT a fold change. mapping: Most TCGA OV is high-grade serous, now thought largely fallopian-tube derived; GTEx Ovary is stroma-rich"
ITGA4,PAAD,Pancreas,61.82,37.02,24.8,95.2,enriched,good,329.79,0.317,False,"rank-based within-dataset percentile among 1379 shared genes; TCGA=RSEM normalized_count, GTEx v8=TPM; NOT a fold change. mapping: GTEx Pancreas is acinar-dominated; PDAC is ductal"
ITGA4,PCPG,Adrenal_Gland,57.11,41.01,16.1,86.5,comparable,fair,125.85,0.767,False,"rank-based within-dataset percentile among 1379 shared genes; TCGA=RSEM normalized_count, GTEx v8=TPM; NOT a fold change. mapping: Pheochromocytoma is medullary; paraganglioma is extra-adrenal"
ITGA4,PRAD,Prostate,55.51,37.09,18.42,95.0,enriched,good,118.53,1.441,False,"rank-based within-dataset percentile among 1379 shared genes; TCGA=RSEM normalized_count, GTEx v8=TPM; NOT a fold change. clean tissue-of-origin match"
ITGA4,READ,Colon_Sigmoid,65.45,47.75,17.69,87.2,comparable,good,253.57,2.188,False,"rank-based within-dataset percentile among 1379 shared genes; TCGA=RSEM normalized_count, GTEx v8=TPM; NOT a fold change. clean tissue-of-origin match"
ITGA4,SARC,Esophagus_Muscularis,66.32,41.59,24.73,97.5,enriched,poor,340.88,1.25,False,"rank-based within-dataset percentile among 1379 shared genes; TCGA=RSEM normalized_count, GTEx v8=TPM; NOT a fold change. mapping: TCGA SARC is histologically heterogeneous (LMS, DDLPS, UPS); smooth muscle is a partial surrogate only"
ITGA4,SKCM,Skin_Sun_Exposed_Lower_leg,60.8,35.35,25.45,94.2,enriched,good,128.71,0.866,False,"rank-based within-dataset percentile among 1379 shared genes; TCGA=RSEM normalized_count, GTEx v8=TPM; NOT a fold change. mapping: GTEx skin is keratinocyte-dominated; melanocytes are a minor fraction"
ITGA4,STAD,Stomach,71.68,45.43,26.25,96.3,enriched,good,524.43,1.512,False,"rank-based within-dataset percentile among 1379 shared genes; TCGA=RSEM normalized_count, GTEx v8=TPM; NOT a fold change. clean tissue-of-origin match"
ITGA4,TGCT,Testis,66.9,16.79,50.11,98.9,enriched,fair,346.66,0.41,False,"rank-based within-dataset percentile among 1379 shared genes; TCGA=RSEM normalized_count, GTEx v8=TPM; NOT a fold change. mapping: Testis has extreme transcriptome breadth; germ-cell tumour vs whole testis"
ITGA4,THCA,Thyroid,55.51,43.26,12.26,87.4,comparable,good,121.94,1.853,False,"rank-based within-dataset percentile among 1379 shared genes; TCGA=RSEM normalized_count, GTEx v8=TPM; NOT a fold change. clean tissue-of-origin match"
ITGA4,UCEC,Uterus,60.3,43.33,16.97,88.6,comparable,fair,164.76,1.577,False,"rank-based within-dataset percentile among 1379 shared genes; TCGA=RSEM normalized_count, GTEx v8=TPM; NOT a fold change. mapping: GTEx Uterus is myometrium-dominated; UCEC arises from endometrium"
ITGA4,UCS,Uterus,66.03,43.33,22.7,93.5,enriched,poor,329.16,1.577,False,"rank-based within-dataset percentile among 1379 shared genes; TCGA=RSEM normalized_count, GTEx v8=TPM; NOT a fold change. mapping: Carcinosarcoma is biphasic (carcinomatous+sarcomatous); no matched normal exists"
ITGA4,UVM,Skin_Not_Sun_Exposed_Suprapubic,47.68,32.74,14.94,82.9,comparable,poor,12.98,0.643,False,"rank-based within-dataset percentile among 1379 shared genes; TCGA=RSEM normalized_count, GTEx v8=TPM; NOT a fold change. mapping: No uveal tract in GTEx; skin used only as a melanocyte-containing surrogate"
ITGA6,ACC,Adrenal_Gland,74.29,58.19,16.1,93.2,enriched,good,414.97,3.899,False,"rank-based within-dataset percentile among 1379 shared genes; TCGA=RSEM normalized_count, GTEx v8=TPM; NOT a fold change. mapping: Adrenocortical carcinoma vs whole adrenal gland (cortex+medulla mixed in GTEx)"
ITGA6,BLCA,Bladder,92.06,80.53,11.53,82.9,comparable,good,2780.4,29.065,False,"rank-based within-dataset percentile among 1379 shared genes; TCGA=RSEM normalized_count, GTEx v8=TPM; NOT a fold change. mapping: GTEx Bladder n is small (21 donors)"
ITGA6,BRCA,Breast_Mammary_Tissue,88.58,89.45,-0.87,41.4,comparable,good,1906.2,71.575,False,"rank-based within-dataset percentile among 1379 shared genes; TCGA=RSEM normalized_count, GTEx v8=TPM; NOT a fold change. clean tissue-of-origin match"
ITGA6,CESC,Cervix_Ectocervix,94.89,84.3,10.59,77.2,comparable,fair,4290.41,48.406,False,"rank-based within-dataset percentile among 1379 shared genes; TCGA=RSEM normalized_count, GTEx v8=TPM; NOT a fold change. mapping: GTEx cervix n very small (~5-9 donors); ecto/endo split"
ITGA6,CHOL,Liver,87.49,69.29,18.2,88.6,comparable,poor,1770.57,4.179,False,"rank-based within-dataset percentile among 1379 shared genes; TCGA=RSEM normalized_count, GTEx v8=TPM; NOT a fold change. mapping: Cholangiocarcinoma arises from bile-duct epithelium; GTEx has no bile duct, Liver is hepatocyte-dominated"
ITGA6,COAD,Colon_Transverse,97.79,89.81,7.98,75.4,comparable,good,8482.94,45.191,False,"rank-based within-dataset percentile among 1379 shared genes; TCGA=RSEM normalized_count, GTEx v8=TPM; NOT a fold change. clean tissue-of-origin match"
ITGA6,ESCA,Esophagus_Mucosa,97.93,86.11,11.82,83.6,comparable,fair,10323.16,36.005,False,"rank-based within-dataset percentile among 1379 shared genes; TCGA=RSEM normalized_count, GTEx v8=TPM; NOT a fold change. mapping: TCGA ESCA mixes squamous and adenocarcinoma; mucosa is squamous"
ITGA6,GBM,Brain_Cortex,85.1,76.25,8.85,73.0,comparable,good,1538.13,10.288,False,"rank-based within-dataset percentile among 1379 shared genes; TCGA=RSEM normalized_count, GTEx v8=TPM; NOT a fold change. clean tissue-of-origin match"
ITGA6,HNSC,Esophagus_Mucosa,98.15,86.11,12.04,85.1,comparable,poor,17473.5,36.005,False,"rank-based within-dataset percentile among 1379 shared genes; TCGA=RSEM normalized_count, GTEx v8=TPM; NOT a fold change. mapping: No oral/laryngeal mucosa in GTEx; esophageal squamous mucosa used as surrogate epithelium"
ITGA6,KICH,Kidney_Cortex,98.01,89.09,8.92,74.9,comparable,fair,9225.47,27.314,False,"rank-based within-dataset percentile among 1379 shared genes; TCGA=RSEM normalized_count, GTEx v8=TPM; NOT a fold change. mapping: Chromophobe RCC derives from distal nephron/collecting duct"
ITGA6,KIRC,Kidney_Cortex,93.51,89.09,4.42,64.8,comparable,good,4804.65,27.314,False,"rank-based within-dataset percentile among 1379 shared genes; TCGA=RSEM normalized_count, GTEx v8=TPM; NOT a fold change. clean tissue-of-origin match"
ITGA6,KIRP,Kidney_Cortex,92.28,89.09,3.19,53.9,comparable,good,2785.0,27.314,False,"rank-based within-dataset percentile among 1379 shared genes; TCGA=RSEM normalized_count, GTEx v8=TPM; NOT a fold change. clean tissue-of-origin match"
ITGA6,LGG,Brain_Cortex,85.68,76.25,9.43,78.7,comparable,good,1354.1,10.288,False,"rank-based within-dataset percentile among 1379 shared genes; TCGA=RSEM normalized_count, GTEx v8=TPM; NOT a fold change. clean tissue-of-origin match"
ITGA6,LIHC,Liver,86.84,69.29,17.55,95.1,enriched,good,1485.16,4.179,False,"rank-based within-dataset percentile among 1379 shared genes; TCGA=RSEM normalized_count, GTEx v8=TPM; NOT a fold change. clean tissue-of-origin match"
ITGA6,LUAD,Lung,81.62,79.95,1.67,60.2,comparable,good,1131.73,40.837,False,"rank-based within-dataset percentile among 1379 shared genes; TCGA=RSEM normalized_count, GTEx v8=TPM; NOT a fold change. clean tissue-of-origin match"
ITGA6,LUSC,Lung,95.98,79.95,16.03,86.7,comparable,good,6847.29,40.837,False,"rank-based within-dataset percentile among 1379 shared genes; TCGA=RSEM normalized_count, GTEx v8=TPM; NOT a fold change. clean tissue-of-origin match"
ITGA6,MESO,Lung,82.99,79.95,3.05,63.2,comparable,poor,1432.02,40.837,False,"rank-based within-dataset percentile among 1379 shared genes; TCGA=RSEM normalized_count, GTEx v8=TPM; NOT a fold change. mapping: No pleura/mesothelium in GTEx; Lung used only as an anatomic neighbour"
ITGA6,OV,Ovary,85.97,66.03,19.94,90.0,comparable,fair,1415.39,9.588,False,"rank-based within-dataset percentile among 1379 shared genes; TCGA=RSEM normalized_count, GTEx v8=TPM; NOT a fold change. mapping: Most TCGA OV is high-grade serous, now thought largely fallopian-tube derived; GTEx Ovary is stroma-rich"
ITGA6,PAAD,Pancreas,94.02,92.06,1.96,57.1,comparable,good,5702.14,26.033,False,"rank-based within-dataset percentile among 1379 shared genes; TCGA=RSEM normalized_count, GTEx v8=TPM; NOT a fold change. mapping: GTEx Pancreas is acinar-dominated; PDAC is ductal"
ITGA6,PCPG,Adrenal_Gland,87.85,58.19,29.66,94.6,enriched,fair,1589.97,3.899,False,"rank-based within-dataset percentile among 1379 shared genes; TCGA=RSEM normalized_count, GTEx v8=TPM; NOT a fold change. mapping: Pheochromocytoma is medullary; paraganglioma is extra-adrenal"
ITGA6,PRAD,Prostate,92.13,84.3,7.83,79.3,comparable,good,2521.77,37.244,False,"rank-based within-dataset percentile among 1379 shared genes; TCGA=RSEM normalized_count, GTEx v8=TPM; NOT a fold change. clean tissue-of-origin match"
ITGA6,READ,Colon_Sigmoid,97.64,73.21,24.44,91.9,enriched,good,7935.42,17.548,False,"rank-based within-dataset percentile among 1379 shared genes; TCGA=RSEM normalized_count, GTEx v8=TPM; NOT a fold change. clean tissue-of-origin match"
ITGA6,SARC,Esophagus_Muscularis,79.88,77.05,2.83,60.3,comparable,poor,943.93,22.293,False,"rank-based within-dataset percentile among 1379 shared genes; TCGA=RSEM normalized_count, GTEx v8=TPM; NOT a fold change. mapping: TCGA SARC is histologically heterogeneous (LMS, DDLPS, UPS); smooth muscle is a partial surrogate only"
ITGA6,SKCM,Skin_Sun_Exposed_Lower_leg,90.46,87.13,3.34,59.8,comparable,good,1928.41,51.41,False,"rank-based within-dataset percentile among 1379 shared genes; TCGA=RSEM normalized_count, GTEx v8=TPM; NOT a fold change. mapping: GTEx skin is keratinocyte-dominated; melanocytes are a minor fraction"
ITGA6,STAD,Stomach,96.48,91.26,5.22,67.9,comparable,good,6400.14,38.741,False,"rank-based within-dataset percentile among 1379 shared genes; TCGA=RSEM normalized_count, GTEx v8=TPM; NOT a fold change. clean tissue-of-origin match"
ITGA6,TGCT,Testis,93.0,85.97,7.03,65.8,comparable,fair,2536.95,29.329,False,"rank-based within-dataset percentile among 1379 shared genes; TCGA=RSEM normalized_count, GTEx v8=TPM; NOT a fold change. mapping: Testis has extreme transcriptome breadth; germ-cell tumour vs whole testis"
ITGA6,THCA,Thyroid,87.13,79.37,7.76,79.2,comparable,good,1746.26,32.815,False,"rank-based within-dataset percentile among 1379 shared genes; TCGA=RSEM normalized_count, GTEx v8=TPM; NOT a fold change. clean tissue-of-origin match"
ITGA6,UCEC,Uterus,91.26,86.98,4.28,64.8,comparable,fair,2303.89,65.317,False,"rank-based within-dataset percentile among 1379 shared genes; TCGA=RSEM normalized_count, GTEx v8=TPM; NOT a fold change. mapping: GTEx Uterus is myometrium-dominated; UCEC arises from endometrium"
ITGA6,UCS,Uterus,83.94,86.98,-3.05,38.5,comparable,poor,1187.42,65.317,False,"rank-based within-dataset percentile among 1379 shared genes; TCGA=RSEM normalized_count, GTEx v8=TPM; NOT a fold change. mapping: Carcinosarcoma is biphasic (carcinomatous+sarcomatous); no matched normal exists"
ITGA6,UVM,Skin_Not_Sun_Exposed_Suprapubic,70.09,88.0,-17.91,13.2,comparable,poor,200.7,50.456,False,"rank-based within-dataset percentile among 1379 shared genes; TCGA=RSEM normalized_count, GTEx v8=TPM; NOT a fold change. mapping: No uveal tract in GTEx; skin used only as a melanocyte-containing surrogate"
ITGAV,ACC,Adrenal_Gland,90.17,87.13,3.05,55.0,comparable,good,1801.22,34.239,False,"rank-based within-dataset percentile among 1379 shared genes; TCGA=RSEM normalized_count, GTEx v8=TPM; NOT a fold change. mapping: Adrenocortical carcinoma vs whole adrenal gland (cortex+medulla mixed in GTEx)"
ITGAV,BLCA,Bladder,90.46,84.45,6.02,71.5,comparable,good,2193.38,37.441,False,"rank-based within-dataset percentile among 1379 shared genes; TCGA=RSEM normalized_count, GTEx v8=TPM; NOT a fold change. mapping: GTEx Bladder n is small (21 donors)"
ITGAV,BRCA,Breast_Mammary_Tissue,93.15,80.46,12.69,84.3,comparable,good,3358.38,32.049,False,"rank-based within-dataset percentile among 1379 shared genes; TCGA=RSEM normalized_count, GTEx v8=TPM; NOT a fold change. clean tissue-of-origin match"
ITGAV,CESC,Cervix_Ectocervix,91.26,86.19,5.08,66.1,comparable,fair,2514.54,54.765,False,"rank-based within-dataset percentile among 1379 shared genes; TCGA=RSEM normalized_count, GTEx v8=TPM; NOT a fold change. mapping: GTEx cervix n very small (~5-9 donors); ecto/endo split"
ITGAV,CHOL,Liver,94.53,72.77,21.75,91.4,enriched,poor,4542.98,5.588,False,"rank-based within-dataset percentile among 1379 shared genes; TCGA=RSEM normalized_count, GTEx v8=TPM; NOT a fold change. mapping: Cholangiocarcinoma arises from bile-duct epithelium; GTEx has no bile duct, Liver is hepatocyte-dominated"
ITGAV,COAD,Colon_Transverse,89.59,77.99,11.6,83.1,comparable,good,2103.7,19.47,False,"rank-based within-dataset percentile among 1379 shared genes; TCGA=RSEM normalized_count, GTEx v8=TPM; NOT a fold change. clean tissue-of-origin match"
ITGAV,ESCA,Esophagus_Mucosa,94.6,76.83,17.77,92.7,enriched,fair,4680.26,16.074,False,"rank-based within-dataset percentile among 1379 shared genes; TCGA=RSEM normalized_count, GTEx v8=TPM; NOT a fold change. mapping: TCGA ESCA mixes squamous and adenocarcinoma; mucosa is squamous"
ITGAV,GBM,Brain_Cortex,96.41,82.85,13.56,80.9,comparable,good,5538.4,17.926,False,"rank-based within-dataset percentile among 1379 shared genes; TCGA=RSEM normalized_count, GTEx v8=TPM; NOT a fold change. clean tissue-of-origin match"
ITGAV,HNSC,Esophagus_Mucosa,93.94,76.83,17.11,92.1,enriched,poor,4552.28,16.074,False,"rank-based within-dataset percentile among 1379 shared genes; TCGA=RSEM normalized_count, GTEx v8=TPM; NOT a fold change. mapping: No oral/laryngeal mucosa in GTEx; esophageal squamous mucosa used as surrogate epithelium"
ITGAV,KICH,Kidney_Cortex,96.05,87.64,8.41,73.8,comparable,fair,5330.46,24.343,False,"rank-based within-dataset percentile among 1379 shared genes; TCGA=RSEM normalized_count, GTEx v8=TPM; NOT a fold change. mapping: Chromophobe RCC derives from distal nephron/collecting duct"
ITGAV,KIRC,Kidney_Cortex,95.47,87.64,7.83,72.6,comparable,good,6627.98,24.343,False,"rank-based within-dataset percentile among 1379 shared genes; TCGA=RSEM normalized_count, GTEx v8=TPM; NOT a fold change. clean tissue-of-origin match"
ITGAV,KIRP,Kidney_Cortex,92.06,87.64,4.42,65.2,comparable,good,2654.59,24.343,False,"rank-based within-dataset percentile among 1379 shared genes; TCGA=RSEM normalized_count, GTEx v8=TPM; NOT a fold change. clean tissue-of-origin match"
ITGAV,LGG,Brain_Cortex,96.19,82.85,13.34,86.0,comparable,good,4678.83,17.926,False,"rank-based within-dataset percentile among 1379 shared genes; TCGA=RSEM normalized_count, GTEx v8=TPM; NOT a fold change. clean tissue-of-origin match"
ITGAV,LIHC,Liver,86.04,72.77,13.27,90.0,comparable,good,1387.63,5.588,False,"rank-based within-dataset percentile among 1379 shared genes; TCGA=RSEM normalized_count, GTEx v8=TPM; NOT a fold change. clean tissue-of-origin match"
ITGAV,LUAD,Lung,92.57,82.05,10.51,81.8,comparable,good,3588.4,46.606,False,"rank-based within-dataset percentile among 1379 shared genes; TCGA=RSEM normalized_count, GTEx v8=TPM; NOT a fold change. clean tissue-of-origin match"
ITGAV,LUSC,Lung,94.09,82.05,12.04,80.9,comparable,good,4345.11,46.606,False,"rank-based within-dataset percentile among 1379 shared genes; TCGA=RSEM normalized_count, GTEx v8=TPM; NOT a fold change. clean tissue-of-origin match"
ITGAV,MESO,Lung,89.3,82.05,7.25,73.6,comparable,poor,2410.75,46.606,False,"rank-based within-dataset percentile among 1379 shared genes; TCGA=RSEM normalized_count, GTEx v8=TPM; NOT a fold change. mapping: No pleura/mesothelium in GTEx; Lung used only as an anatomic neighbour"
ITGAV,OV,Ovary,90.39,88.65,1.74,55.5,comparable,fair,2247.04,58.072,False,"rank-based within-dataset percentile among 1379 shared genes; TCGA=RSEM normalized_count, GTEx v8=TPM; NOT a fold change. mapping: Most TCGA OV is high-grade serous, now thought largely fallopian-tube derived; GTEx Ovary is stroma-rich"
ITGAV,PAAD,Pancreas,93.73,83.43,10.3,78.5,comparable,good,5021.68,10.972,False,"rank-based within-dataset percentile among 1379 shared genes; TCGA=RSEM normalized_count, GTEx v8=TPM; NOT a fold change. mapping: GTEx Pancreas is acinar-dominated; PDAC is ductal"
ITGAV,PCPG,Adrenal_Gland,88.36,87.13,1.23,52.0,comparable,fair,1740.15,34.239,False,"rank-based within-dataset percentile among 1379 shared genes; TCGA=RSEM normalized_count, GTEx v8=TPM; NOT a fold change. mapping: Pheochromocytoma is medullary; paraganglioma is extra-adrenal"
ITGAV,PRAD,Prostate,91.84,79.44,12.4,89.3,comparable,good,2459.36,26.212,False,"rank-based within-dataset percentile among 1379 shared genes; TCGA=RSEM normalized_count, GTEx v8=TPM; NOT a fold change. clean tissue-of-origin match"
ITGAV,READ,Colon_Sigmoid,88.94,81.47,7.47,70.7,comparable,good,1968.96,31.083,False,"rank-based within-dataset percentile among 1379 shared genes; TCGA=RSEM normalized_count, GTEx v8=TPM; NOT a fold change. clean tissue-of-origin match"
ITGAV,SARC,Esophagus_Muscularis,93.15,85.17,7.98,75.2,comparable,poor,3516.48,39.388,False,"rank-based within-dataset percentile among 1379 shared genes; TCGA=RSEM normalized_count, GTEx v8=TPM; NOT a fold change. mapping: TCGA SARC is histologically heterogeneous (LMS, DDLPS, UPS); smooth muscle is a partial surrogate only"
ITGAV,SKCM,Skin_Sun_Exposed_Lower_leg,89.45,79.73,9.72,74.8,comparable,good,1779.85,28.966,False,"rank-based within-dataset percentile among 1379 shared genes; TCGA=RSEM normalized_count, GTEx v8=TPM; NOT a fold change. mapping: GTEx skin is keratinocyte-dominated; melanocytes are a minor fraction"
ITGAV,STAD,Stomach,93.22,82.63,10.59,80.2,comparable,good,3386.34,20.302,False,"rank-based within-dataset percentile among 1379 shared genes; TCGA=RSEM normalized_count, GTEx v8=TPM; NOT a fold change. clean tissue-of-origin match"
ITGAV,TGCT,Testis,81.76,76.18,5.58,62.8,comparable,fair,921.49,14.821,False,"rank-based within-dataset percentile among 1379 shared genes; TCGA=RSEM normalized_count, GTEx v8=TPM; NOT a fold change. mapping: Testis has extreme transcriptome breadth; germ-cell tumour vs whole testis"
ITGAV,THCA,Thyroid,95.54,84.95,10.59,84.8,comparable,good,5657.11,47.737,False,"rank-based within-dataset percentile among 1379 shared genes; TCGA=RSEM normalized_count, GTEx v8=TPM; NOT a fold change. clean tissue-of-origin match"
ITGAV,UCEC,Uterus,89.45,85.39,4.06,64.0,comparable,fair,1888.66,56.171,False,"rank-based within-dataset percentile among 1379 shared genes; TCGA=RSEM normalized_count, GTEx v8=TPM; NOT a fold change. mapping: GTEx Uterus is myometrium-dominated; UCEC arises from endometrium"
ITGAV,UCS,Uterus,87.78,85.39,2.39,60.7,comparable,poor,1562.91,56.171,False,"rank-based within-dataset percentile among 1379 shared genes; TCGA=RSEM normalized_count, GTEx v8=TPM; NOT a fold change. mapping: Carcinosarcoma is biphasic (carcinomatous+sarcomatous); no matched normal exists"
ITGAV,UVM,Skin_Not_Sun_Exposed_Suprapubic,83.07,81.47,1.6,46.0,comparable,poor,746.42,30.77,False,"rank-based within-dataset percentile among 1379 shared genes; TCGA=RSEM normalized_count, GTEx v8=TPM; NOT a fold change. mapping: No uveal tract in GTEx; skin used only as a melanocyte-containing surrogate"
ITGB1,ACC,Adrenal_Gland,97.57,93.15,4.42,69.9,comparable,good,7518.24,65.195,False,"rank-based within-dataset percentile among 1379 shared genes; TCGA=RSEM normalized_count, GTEx v8=TPM; NOT a fold change. mapping: Adrenocortical carcinoma vs whole adrenal gland (cortex+medulla mixed in GTEx)"
ITGB1,BLCA,Bladder,97.86,95.54,2.32,61.3,comparable,good,9843.27,139.492,False,"rank-based within-dataset percentile among 1379 shared genes; TCGA=RSEM normalized_count, GTEx v8=TPM; NOT a fold change. mapping: GTEx Bladder n is small (21 donors)"
ITGB1,BRCA,Breast_Mammary_Tissue,97.79,95.18,2.61,61.9,comparable,good,11804.3,155.642,False,"rank-based within-dataset percentile among 1379 shared genes; TCGA=RSEM normalized_count, GTEx v8=TPM; NOT a fold change. clean tissue-of-origin match"
ITGB1,CESC,Cervix_Ectocervix,97.14,93.22,3.92,63.2,comparable,fair,7768.81,112.163,False,"rank-based within-dataset percentile among 1379 shared genes; TCGA=RSEM normalized_count, GTEx v8=TPM; NOT a fold change. mapping: GTEx cervix n very small (~5-9 donors); ecto/endo split"
ITGB1,CHOL,Liver,98.88,89.88,8.99,75.2,comparable,poor,25241.7,27.512,False,"rank-based within-dataset percentile among 1379 shared genes; TCGA=RSEM normalized_count, GTEx v8=TPM; NOT a fold change. mapping: Cholangiocarcinoma arises from bile-duct epithelium; GTEx has no bile duct, Liver is hepatocyte-dominated"
ITGB1,COAD,Colon_Transverse,97.93,95.11,2.83,61.1,comparable,good,9197.45,96.455,False,"rank-based within-dataset percentile among 1379 shared genes; TCGA=RSEM normalized_count, GTEx v8=TPM; NOT a fold change. clean tissue-of-origin match"
ITGB1,ESCA,Esophagus_Mucosa,98.3,89.74,8.56,76.9,comparable,fair,11579.46,49.26,False,"rank-based within-dataset percentile among 1379 shared genes; TCGA=RSEM normalized_count, GTEx v8=TPM; NOT a fold change. mapping: TCGA ESCA mixes squamous and adenocarcinoma; mucosa is squamous"
ITGB1,GBM,Brain_Cortex,95.61,76.18,19.43,89.0,comparable,good,4707.18,10.199,False,"rank-based within-dataset percentile among 1379 shared genes; TCGA=RSEM normalized_count, GTEx v8=TPM; NOT a fold change. clean tissue-of-origin match"
ITGB1,HNSC,Esophagus_Mucosa,97.14,89.74,7.4,75.6,comparable,poor,10630.25,49.26,False,"rank-based within-dataset percentile among 1379 shared genes; TCGA=RSEM normalized_count, GTEx v8=TPM; NOT a fold change. mapping: No oral/laryngeal mucosa in GTEx; esophageal squamous mucosa used as surrogate epithelium"
ITGB1,KICH,Kidney_Cortex,94.74,90.39,4.35,64.3,comparable,fair,4168.75,30.71,False,"rank-based within-dataset percentile among 1379 shared genes; TCGA=RSEM normalized_count, GTEx v8=TPM; NOT a fold change. mapping: Chromophobe RCC derives from distal nephron/collecting duct"
ITGB1,KIRC,Kidney_Cortex,97.79,90.39,7.4,71.4,comparable,good,15176.4,30.71,False,"rank-based within-dataset percentile among 1379 shared genes; TCGA=RSEM normalized_count, GTEx v8=TPM; NOT a fold change. clean tissue-of-origin match"
ITGB1,KIRP,Kidney_Cortex,97.57,90.39,7.18,73.4,comparable,good,8502.59,30.71,False,"rank-based within-dataset percentile among 1379 shared genes; TCGA=RSEM normalized_count, GTEx v8=TPM; NOT a fold change. clean tissue-of-origin match"
ITGB1,LGG,Brain_Cortex,90.61,76.18,14.43,87.8,comparable,good,2195.69,10.199,False,"rank-based within-dataset percentile among 1379 shared genes; TCGA=RSEM normalized_count, GTEx v8=TPM; NOT a fold change. clean tissue-of-origin match"
ITGB1,LIHC,Liver,97.43,89.88,7.54,77.7,comparable,good,10162.6,27.512,False,"rank-based within-dataset percentile among 1379 shared genes; TCGA=RSEM normalized_count, GTEx v8=TPM; NOT a fold change. clean tissue-of-origin match"
ITGB1,LUAD,Lung,98.22,95.03,3.19,63.8,comparable,good,11637.5,180.713,False,"rank-based within-dataset percentile among 1379 shared genes; TCGA=RSEM normalized_count, GTEx v8=TPM; NOT a fold change. clean tissue-of-origin match"
ITGB1,LUSC,Lung,97.64,95.03,2.61,62.1,comparable,good,10015.1,180.713,False,"rank-based within-dataset percentile among 1379 shared genes; TCGA=RSEM normalized_count, GTEx v8=TPM; NOT a fold change. clean tissue-of-origin match"
ITGB1,MESO,Lung,97.43,95.03,2.39,61.1,comparable,poor,12675.8,180.713,False,"rank-based within-dataset percentile among 1379 shared genes; TCGA=RSEM normalized_count, GTEx v8=TPM; NOT a fold change. mapping: No pleura/mesothelium in GTEx; Lung used only as an anatomic neighbour"
ITGB1,OV,Ovary,97.35,93.65,3.7,61.5,comparable,fair,7607.71,104.875,False,"rank-based within-dataset percentile among 1379 shared genes; TCGA=RSEM normalized_count, GTEx v8=TPM; NOT a fold change. mapping: Most TCGA OV is high-grade serous, now thought largely fallopian-tube derived; GTEx Ovary is stroma-rich"
ITGB1,PAAD,Pancreas,98.59,92.42,6.16,69.1,comparable,good,19678.15,27.97,False,"rank-based within-dataset percentile among 1379 shared genes; TCGA=RSEM normalized_count, GTEx v8=TPM; NOT a fold change. mapping: GTEx Pancreas is acinar-dominated; PDAC is ductal"
ITGB1,PCPG,Adrenal_Gland,98.44,93.15,5.29,70.6,comparable,fair,13090.8,65.195,False,"rank-based within-dataset percentile among 1379 shared genes; TCGA=RSEM normalized_count, GTEx v8=TPM; NOT a fold change. mapping: Pheochromocytoma is medullary; paraganglioma is extra-adrenal"
ITGB1,PRAD,Prostate,97.79,91.04,6.74,76.9,comparable,good,7527.51,67.938,False,"rank-based within-dataset percentile among 1379 shared genes; TCGA=RSEM normalized_count, GTEx v8=TPM; NOT a fold change. clean tissue-of-origin match"
ITGB1,READ,Colon_Sigmoid,98.01,96.56,1.45,51.5,comparable,good,9035.29,180.867,False,"rank-based within-dataset percentile among 1379 shared genes; TCGA=RSEM normalized_count, GTEx v8=TPM; NOT a fold change. clean tissue-of-origin match"
ITGB1,SARC,Esophagus_Muscularis,97.93,97.57,0.36,42.6,comparable,poor,16314.1,276.178,False,"rank-based within-dataset percentile among 1379 shared genes; TCGA=RSEM normalized_count, GTEx v8=TPM; NOT a fold change. mapping: TCGA SARC is histologically heterogeneous (LMS, DDLPS, UPS); smooth muscle is a partial surrogate only"
ITGB1,SKCM,Skin_Sun_Exposed_Lower_leg,95.76,87.85,7.9,70.3,comparable,good,5961.15,54.758,False,"rank-based within-dataset percentile among 1379 shared genes; TCGA=RSEM normalized_count, GTEx v8=TPM; NOT a fold change. mapping: GTEx skin is keratinocyte-dominated; melanocytes are a minor fraction"
ITGB1,STAD,Stomach,98.3,93.58,4.71,66.1,comparable,good,12050.49,55.474,False,"rank-based within-dataset percentile among 1379 shared genes; TCGA=RSEM normalized_count, GTEx v8=TPM; NOT a fold change. clean tissue-of-origin match"
ITGB1,TGCT,Testis,97.28,87.35,9.93,70.9,comparable,fair,6934.23,33.285,False,"rank-based within-dataset percentile among 1379 shared genes; TCGA=RSEM normalized_count, GTEx v8=TPM; NOT a fold change. mapping: Testis has extreme transcriptome breadth; germ-cell tumour vs whole testis"
ITGB1,THCA,Thyroid,96.63,92.57,4.06,68.4,comparable,good,7465.0,96.9,False,"rank-based within-dataset percentile among 1379 shared genes; TCGA=RSEM normalized_count, GTEx v8=TPM; NOT a fold change. clean tissue-of-origin match"
ITGB1,UCEC,Uterus,97.93,96.34,1.6,57.1,comparable,fair,9333.24,203.74,False,"rank-based within-dataset percentile among 1379 shared genes; TCGA=RSEM normalized_count, GTEx v8=TPM; NOT a fold change. mapping: GTEx Uterus is myometrium-dominated; UCEC arises from endometrium"
ITGB1,UCS,Uterus,97.64,96.34,1.31,57.3,comparable,poor,9547.45,203.74,False,"rank-based within-dataset percentile among 1379 shared genes; TCGA=RSEM normalized_count, GTEx v8=TPM; NOT a fold change. mapping: Carcinosarcoma is biphasic (carcinomatous+sarcomatous); no matched normal exists"
ITGB1,UVM,Skin_Not_Sun_Exposed_Suprapubic,95.54,87.85,7.69,68.8,comparable,poor,4764.06,50.122,False,"rank-based within-dataset percentile among 1379 shared genes; TCGA=RSEM normalized_count, GTEx v8=TPM; NOT a fold change. mapping: No uveal tract in GTEx; skin used only as a melanocyte-containing surrogate"
ITGB3,ACC,Adrenal_Gland,44.92,38.32,6.6,76.2,comparable,good,18.3,0.586,False,"rank-based within-dataset percentile among 1379 shared genes; TCGA=RSEM normalized_count, GTEx v8=TPM; NOT a fold change. mapping: Adrenocortical carcinoma vs whole adrenal gland (cortex+medulla mixed in GTEx)"
ITGB3,BLCA,Bladder,48.19,66.61,-18.42,10.1,comparable,good,44.42,11.291,False,"rank-based within-dataset percentile among 1379 shared genes; TCGA=RSEM normalized_count, GTEx v8=TPM; NOT a fold change. mapping: GTEx Bladder n is small (21 donors)"
ITGB3,BRCA,Breast_Mammary_Tissue,53.41,59.43,-6.02,27.8,comparable,good,117.32,7.839,False,"rank-based within-dataset percentile among 1379 shared genes; TCGA=RSEM normalized_count, GTEx v8=TPM; NOT a fold change. clean tissue-of-origin match"
ITGB3,CESC,Cervix_Ectocervix,41.08,60.22,-19.14,13.3,comparable,fair,22.1,8.037,False,"rank-based within-dataset percentile among 1379 shared genes; TCGA=RSEM normalized_count, GTEx v8=TPM; NOT a fold change. mapping: GTEx cervix n very small (~5-9 donors); ecto/endo split"
ITGB3,CHOL,Liver,45.87,48.91,-3.05,33.9,comparable,poor,47.09,0.893,False,"rank-based within-dataset percentile among 1379 shared genes; TCGA=RSEM normalized_count, GTEx v8=TPM; NOT a fold change. mapping: Cholangiocarcinoma arises from bile-duct epithelium; GTEx has no bile duct, Liver is hepatocyte-dominated"
ITGB3,COAD,Colon_Transverse,52.18,69.0,-16.82,11.5,comparable,good,79.6,11.506,False,"rank-based within-dataset percentile among 1379 shared genes; TCGA=RSEM normalized_count, GTEx v8=TPM; NOT a fold change. clean tissue-of-origin match"
ITGB3,ESCA,Esophagus_Mucosa,57.47,47.53,9.93,79.6,comparable,fair,146.46,1.895,False,"rank-based within-dataset percentile among 1379 shared genes; TCGA=RSEM normalized_count, GTEx v8=TPM; NOT a fold change. mapping: TCGA ESCA mixes squamous and adenocarcinoma; mucosa is squamous"
ITGB3,GBM,Brain_Cortex,55.8,28.9,26.9,94.6,enriched,good,152.62,0.255,False,"rank-based within-dataset percentile among 1379 shared genes; TCGA=RSEM normalized_count, GTEx v8=TPM; NOT a fold change. clean tissue-of-origin match"
ITGB3,HNSC,Esophagus_Mucosa,47.24,47.53,-0.29,43.8,comparable,poor,69.05,1.895,False,"rank-based within-dataset percentile among 1379 shared genes; TCGA=RSEM normalized_count, GTEx v8=TPM; NOT a fold change. mapping: No oral/laryngeal mucosa in GTEx; esophageal squamous mucosa used as surrogate epithelium"
ITGB3,KICH,Kidney_Cortex,66.17,75.96,-9.79,21.2,comparable,fair,231.09,10.738,False,"rank-based within-dataset percentile among 1379 shared genes; TCGA=RSEM normalized_count, GTEx v8=TPM; NOT a fold change. mapping: Chromophobe RCC derives from distal nephron/collecting duct"
ITGB3,KIRC,Kidney_Cortex,69.8,75.96,-6.16,28.0,comparable,good,530.0,10.738,False,"rank-based within-dataset percentile among 1379 shared genes; TCGA=RSEM normalized_count, GTEx v8=TPM; NOT a fold change. clean tissue-of-origin match"
ITGB3,KIRP,Kidney_Cortex,73.79,75.96,-2.18,37.3,comparable,good,541.11,10.738,False,"rank-based within-dataset percentile among 1379 shared genes; TCGA=RSEM normalized_count, GTEx v8=TPM; NOT a fold change. clean tissue-of-origin match"
ITGB3,LGG,Brain_Cortex,41.66,28.9,12.76,85.1,comparable,good,21.21,0.255,False,"rank-based within-dataset percentile among 1379 shared genes; TCGA=RSEM normalized_count, GTEx v8=TPM; NOT a fold change. clean tissue-of-origin match"
ITGB3,LIHC,Liver,51.31,48.91,2.39,51.3,comparable,good,53.38,0.893,False,"rank-based within-dataset percentile among 1379 shared genes; TCGA=RSEM normalized_count, GTEx v8=TPM; NOT a fold change. clean tissue-of-origin match"
ITGB3,LUAD,Lung,53.19,55.95,-2.76,37.2,comparable,good,137.2,8.412,False,"rank-based within-dataset percentile among 1379 shared genes; TCGA=RSEM normalized_count, GTEx v8=TPM; NOT a fold change. clean tissue-of-origin match"
ITGB3,LUSC,Lung,46.81,55.95,-9.14,24.3,comparable,good,74.16,8.412,False,"rank-based within-dataset percentile among 1379 shared genes; TCGA=RSEM normalized_count, GTEx v8=TPM; NOT a fold change. clean tissue-of-origin match"
ITGB3,MESO,Lung,50.15,55.95,-5.8,28.3,comparable,poor,97.58,8.412,False,"rank-based within-dataset percentile among 1379 shared genes; TCGA=RSEM normalized_count, GTEx v8=TPM; NOT a fold change. mapping: No pleura/mesothelium in GTEx; Lung used only as an anatomic neighbour"
ITGB3,OV,Ovary,55.37,48.62,6.74,69.9,comparable,fair,134.47,1.976,False,"rank-based within-dataset percentile among 1379 shared genes; TCGA=RSEM normalized_count, GTEx v8=TPM; NOT a fold change. mapping: Most TCGA OV is high-grade serous, now thought largely fallopian-tube derived; GTEx Ovary is stroma-rich"
ITGB3,PAAD,Pancreas,53.26,34.63,18.64,90.5,enriched,good,190.25,0.242,False,"rank-based within-dataset percentile among 1379 shared genes; TCGA=RSEM normalized_count, GTEx v8=TPM; NOT a fold change. mapping: GTEx Pancreas is acinar-dominated; PDAC is ductal"
ITGB3,PCPG,Adrenal_Gland,51.74,38.32,13.42,83.5,comparable,fair,75.37,0.586,False,"rank-based within-dataset percentile among 1379 shared genes; TCGA=RSEM normalized_count, GTEx v8=TPM; NOT a fold change. mapping: Pheochromocytoma is medullary; paraganglioma is extra-adrenal"
ITGB3,PRAD,Prostate,52.97,53.77,-0.8,42.3,comparable,good,95.22,5.346,False,"rank-based within-dataset percentile among 1379 shared genes; TCGA=RSEM normalized_count, GTEx v8=TPM; NOT a fold change. clean tissue-of-origin match"
ITGB3,READ,Colon_Sigmoid,53.41,80.38,-26.98,7.5,depleted,good,92.39,27.578,False,"rank-based within-dataset percentile among 1379 shared genes; TCGA=RSEM normalized_count, GTEx v8=TPM; NOT a fold change. clean tissue-of-origin match"
ITGB3,SARC,Esophagus_Muscularis,72.04,73.64,-1.6,36.2,comparable,poor,542.28,17.62,False,"rank-based within-dataset percentile among 1379 shared genes; TCGA=RSEM normalized_count, GTEx v8=TPM; NOT a fold change. mapping: TCGA SARC is histologically heterogeneous (LMS, DDLPS, UPS); smooth muscle is a partial surrogate only"
ITGB3,SKCM,Skin_Sun_Exposed_Lower_leg,79.73,50.87,28.86,95.6,enriched,good,720.78,3.854,False,"rank-based within-dataset percentile among 1379 shared genes; TCGA=RSEM normalized_count, GTEx v8=TPM; NOT a fold change. mapping: GTEx skin is keratinocyte-dominated; melanocytes are a minor fraction"
ITGB3,STAD,Stomach,57.61,54.57,3.05,60.6,comparable,good,178.59,3.172,False,"rank-based within-dataset percentile among 1379 shared genes; TCGA=RSEM normalized_count, GTEx v8=TPM; NOT a fold change. clean tissue-of-origin match"
ITGB3,TGCT,Testis,44.71,50.65,-5.95,33.1,comparable,fair,62.51,3.56,False,"rank-based within-dataset percentile among 1379 shared genes; TCGA=RSEM normalized_count, GTEx v8=TPM; NOT a fold change. mapping: Testis has extreme transcriptome breadth; germ-cell tumour vs whole testis"
ITGB3,THCA,Thyroid,91.12,85.32,5.8,74.3,comparable,good,2672.68,48.505,False,"rank-based within-dataset percentile among 1379 shared genes; TCGA=RSEM normalized_count, GTEx v8=TPM; NOT a fold change. clean tissue-of-origin match"
ITGB3,UCEC,Uterus,48.26,70.23,-21.97,9.1,depleted,fair,56.45,18.881,False,"rank-based within-dataset percentile among 1379 shared genes; TCGA=RSEM normalized_count, GTEx v8=TPM; NOT a fold change. mapping: GTEx Uterus is myometrium-dominated; UCEC arises from endometrium"
ITGB3,UCS,Uterus,44.85,70.23,-25.38,5.1,depleted,poor,50.51,18.881,False,"rank-based within-dataset percentile among 1379 shared genes; TCGA=RSEM normalized_count, GTEx v8=TPM; NOT a fold change. mapping: Carcinosarcoma is biphasic (carcinomatous+sarcomatous); no matched normal exists"
ITGB3,UVM,Skin_Not_Sun_Exposed_Suprapubic,47.32,47.53,-0.22,40.5,comparable,poor,12.46,2.703,False,"rank-based within-dataset percentile among 1379 shared genes; TCGA=RSEM normalized_count, GTEx v8=TPM; NOT a fold change. mapping: No uveal tract in GTEx; skin used only as a melanocyte-containing surrogate"
ITGB4,ACC,Adrenal_Gland,52.97,52.03,0.94,48.1,comparable,good,53.29,2.198,False,"rank-based within-dataset percentile among 1379 shared genes; TCGA=RSEM normalized_count, GTEx v8=TPM; NOT a fold change. mapping: Adrenocortical carcinoma vs whole adrenal gland (cortex+medulla mixed in GTEx)"
ITGB4,BLCA,Bladder,98.08,83.94,14.14,87.5,comparable,good,11174.85,36.358,False,"rank-based within-dataset percentile among 1379 shared genes; TCGA=RSEM normalized_count, GTEx v8=TPM; NOT a fold change. mapping: GTEx Bladder n is small (21 donors)"
ITGB4,BRCA,Breast_Mammary_Tissue,90.39,88.51,1.89,52.1,comparable,good,2225.29,65.281,False,"rank-based within-dataset percentile among 1379 shared genes; TCGA=RSEM normalized_count, GTEx v8=TPM; NOT a fold change. clean tissue-of-origin match"
ITGB4,CESC,Cervix_Ectocervix,98.01,87.56,10.44,76.8,comparable,fair,9841.9,63.635,False,"rank-based within-dataset percentile among 1379 shared genes; TCGA=RSEM normalized_count, GTEx v8=TPM; NOT a fold change. mapping: GTEx cervix n very small (~5-9 donors); ecto/endo split"
ITGB4,CHOL,Liver,96.19,51.81,44.38,99.1,enriched,poor,6785.9,1.098,False,"rank-based within-dataset percentile among 1379 shared genes; TCGA=RSEM normalized_count, GTEx v8=TPM; NOT a fold change. mapping: Cholangiocarcinoma arises from bile-duct epithelium; GTEx has no bile duct, Liver is hepatocyte-dominated"
ITGB4,COAD,Colon_Transverse,97.43,92.93,4.5,67.0,comparable,good,7884.04,64.47,False,"rank-based within-dataset percentile among 1379 shared genes; TCGA=RSEM normalized_count, GTEx v8=TPM; NOT a fold change. clean tissue-of-origin match"
ITGB4,ESCA,Esophagus_Mucosa,98.01,91.84,6.16,70.1,comparable,fair,10986.44,69.426,False,"rank-based within-dataset percentile among 1379 shared genes; TCGA=RSEM normalized_count, GTEx v8=TPM; NOT a fold change. mapping: TCGA ESCA mixes squamous and adenocarcinoma; mucosa is squamous"
ITGB4,GBM,Brain_Cortex,87.49,80.89,6.6,69.2,comparable,good,1841.2,15.602,False,"rank-based within-dataset percentile among 1379 shared genes; TCGA=RSEM normalized_count, GTEx v8=TPM; NOT a fold change. clean tissue-of-origin match"
ITGB4,HNSC,Esophagus_Mucosa,98.22,91.84,6.38,73.4,comparable,poor,17796.9,69.426,False,"rank-based within-dataset percentile among 1379 shared genes; TCGA=RSEM normalized_count, GTEx v8=TPM; NOT a fold change. mapping: No oral/laryngeal mucosa in GTEx; esophageal squamous mucosa used as surrogate epithelium"
ITGB4,KICH,Kidney_Cortex,70.01,65.59,4.42,64.5,comparable,fair,309.52,5.079,False,"rank-based within-dataset percentile among 1379 shared genes; TCGA=RSEM normalized_count, GTEx v8=TPM; NOT a fold change. mapping: Chromophobe RCC derives from distal nephron/collecting duct"
ITGB4,KIRC,Kidney_Cortex,76.83,65.59,11.24,79.6,comparable,good,953.27,5.079,False,"rank-based within-dataset percentile among 1379 shared genes; TCGA=RSEM normalized_count, GTEx v8=TPM; NOT a fold change. clean tissue-of-origin match"
ITGB4,KIRP,Kidney_Cortex,90.75,65.59,25.16,97.8,enriched,good,2202.99,5.079,False,"rank-based within-dataset percentile among 1379 shared genes; TCGA=RSEM normalized_count, GTEx v8=TPM; NOT a fold change. clean tissue-of-origin match"
ITGB4,LGG,Brain_Cortex,85.61,80.89,4.71,66.9,comparable,good,1346.58,15.602,False,"rank-based within-dataset percentile among 1379 shared genes; TCGA=RSEM normalized_count, GTEx v8=TPM; NOT a fold change. clean tissue-of-origin match"
ITGB4,LIHC,Liver,65.23,51.81,13.42,90.4,enriched,good,219.98,1.098,False,"rank-based within-dataset percentile among 1379 shared genes; TCGA=RSEM normalized_count, GTEx v8=TPM; NOT a fold change. clean tissue-of-origin match"
ITGB4,LUAD,Lung,92.93,66.17,26.76,97.8,enriched,good,3680.0,18.277,False,"rank-based within-dataset percentile among 1379 shared genes; TCGA=RSEM normalized_count, GTEx v8=TPM; NOT a fold change. clean tissue-of-origin match"
ITGB4,LUSC,Lung,97.79,66.17,31.62,97.1,enriched,good,10347.4,18.277,False,"rank-based within-dataset percentile among 1379 shared genes; TCGA=RSEM normalized_count, GTEx v8=TPM; NOT a fold change. clean tissue-of-origin match"
ITGB4,MESO,Lung,96.56,66.17,30.38,97.5,enriched,poor,8431.95,18.277,False,"rank-based within-dataset percentile among 1379 shared genes; TCGA=RSEM normalized_count, GTEx v8=TPM; NOT a fold change. mapping: No pleura/mesothelium in GTEx; Lung used only as an anatomic neighbour"
ITGB4,OV,Ovary,93.51,58.63,34.88,97.4,enriched,fair,3668.75,5.387,False,"rank-based within-dataset percentile among 1379 shared genes; TCGA=RSEM normalized_count, GTEx v8=TPM; NOT a fold change. mapping: Most TCGA OV is high-grade serous, now thought largely fallopian-tube derived; GTEx Ovary is stroma-rich"
ITGB4,PAAD,Pancreas,96.48,76.25,20.23,92.5,enriched,good,9766.22,6.719,False,"rank-based within-dataset percentile among 1379 shared genes; TCGA=RSEM normalized_count, GTEx v8=TPM; NOT a fold change. mapping: GTEx Pancreas is acinar-dominated; PDAC is ductal"
ITGB4,PCPG,Adrenal_Gland,64.36,52.03,12.33,81.8,comparable,fair,258.5,2.198,False,"rank-based within-dataset percentile among 1379 shared genes; TCGA=RSEM normalized_count, GTEx v8=TPM; NOT a fold change. mapping: Pheochromocytoma is medullary; paraganglioma is extra-adrenal"
ITGB4,PRAD,Prostate,83.65,91.99,-8.34,19.2,comparable,good,1124.11,75.581,False,"rank-based within-dataset percentile among 1379 shared genes; TCGA=RSEM normalized_count, GTEx v8=TPM; NOT a fold change. clean tissue-of-origin match"
ITGB4,READ,Colon_Sigmoid,97.5,87.27,10.22,76.1,comparable,good,7760.18,48.207,False,"rank-based within-dataset percentile among 1379 shared genes; TCGA=RSEM normalized_count, GTEx v8=TPM; NOT a fold change. clean tissue-of-origin match"
ITGB4,SARC,Esophagus_Muscularis,59.35,85.39,-26.03,4.6,depleted,poor,190.34,40.374,False,"rank-based within-dataset percentile among 1379 shared genes; TCGA=RSEM normalized_count, GTEx v8=TPM; NOT a fold change. mapping: TCGA SARC is histologically heterogeneous (LMS, DDLPS, UPS); smooth muscle is a partial surrogate only"
ITGB4,SKCM,Skin_Sun_Exposed_Lower_leg,78.35,95.83,-17.48,13.1,comparable,good,630.5,180.145,False,"rank-based within-dataset percentile among 1379 shared genes; TCGA=RSEM normalized_count, GTEx v8=TPM; NOT a fold change. mapping: GTEx skin is keratinocyte-dominated; melanocytes are a minor fraction"
ITGB4,STAD,Stomach,96.77,91.62,5.15,67.7,comparable,good,6796.14,40.889,False,"rank-based within-dataset percentile among 1379 shared genes; TCGA=RSEM normalized_count, GTEx v8=TPM; NOT a fold change. clean tissue-of-origin match"
ITGB4,TGCT,Testis,69.51,51.38,18.13,83.1,comparable,fair,419.3,3.721,False,"rank-based within-dataset percentile among 1379 shared genes; TCGA=RSEM normalized_count, GTEx v8=TPM; NOT a fold change. mapping: Testis has extreme transcriptome breadth; germ-cell tumour vs whole testis"
ITGB4,THCA,Thyroid,86.62,70.96,15.66,92.0,enriched,good,1695.97,19.613,False,"rank-based within-dataset percentile among 1379 shared genes; TCGA=RSEM normalized_count, GTEx v8=TPM; NOT a fold change. clean tissue-of-origin match"
ITGB4,UCEC,Uterus,93.58,79.66,13.92,84.8,comparable,fair,2994.86,36.544,False,"rank-based within-dataset percentile among 1379 shared genes; TCGA=RSEM normalized_count, GTEx v8=TPM; NOT a fold change. mapping: GTEx Uterus is myometrium-dominated; UCEC arises from endometrium"
ITGB4,UCS,Uterus,69.43,79.66,-10.22,22.1,comparable,poor,451.86,36.544,False,"rank-based within-dataset percentile among 1379 shared genes; TCGA=RSEM normalized_count, GTEx v8=TPM; NOT a fold change. mapping: Carcinosarcoma is biphasic (carcinomatous+sarcomatous); no matched normal exists"
ITGB4,UVM,Skin_Not_Sun_Exposed_Suprapubic,78.14,95.83,-17.69,13.4,comparable,poor,438.34,158.623,False,"rank-based within-dataset percentile among 1379 shared genes; TCGA=RSEM normalized_count, GTEx v8=TPM; NOT a fold change. mapping: No uveal tract in GTEx; skin used only as a melanocyte-containing surrogate"
ITGB5,ACC,Adrenal_Gland,87.49,86.4,1.09,48.8,comparable,good,1396.63,32.65,False,"rank-based within-dataset percentile among 1379 shared genes; TCGA=RSEM normalized_count, GTEx v8=TPM; NOT a fold change. mapping: Adrenocortical carcinoma vs whole adrenal gland (cortex+medulla mixed in GTEx)"
ITGB5,BLCA,Bladder,91.41,89.59,1.81,51.4,comparable,good,2531.72,60.532,False,"rank-based within-dataset percentile among 1379 shared genes; TCGA=RSEM normalized_count, GTEx v8=TPM; NOT a fold change. mapping: GTEx Bladder n is small (21 donors)"
ITGB5,BRCA,Breast_Mammary_Tissue,95.18,92.35,2.83,62.7,comparable,good,4868.85,98.954,False,"rank-based within-dataset percentile among 1379 shared genes; TCGA=RSEM normalized_count, GTEx v8=TPM; NOT a fold change. clean tissue-of-origin match"
ITGB5,CESC,Cervix_Ectocervix,90.97,94.23,-3.26,36.5,comparable,fair,2415.43,127.763,False,"rank-based within-dataset percentile among 1379 shared genes; TCGA=RSEM normalized_count, GTEx v8=TPM; NOT a fold change. mapping: GTEx cervix n very small (~5-9 donors); ecto/endo split"
ITGB5,CHOL,Liver,96.12,90.32,5.8,68.5,comparable,poor,6558.01,28.863,False,"rank-based within-dataset percentile among 1379 shared genes; TCGA=RSEM normalized_count, GTEx v8=TPM; NOT a fold change. mapping: Cholangiocarcinoma arises from bile-duct epithelium; GTEx has no bile duct, Liver is hepatocyte-dominated"
ITGB5,COAD,Colon_Transverse,91.33,88.8,2.54,52.6,comparable,good,2429.92,41.552,False,"rank-based within-dataset percentile among 1379 shared genes; TCGA=RSEM normalized_count, GTEx v8=TPM; NOT a fold change. clean tissue-of-origin match"
ITGB5,ESCA,Esophagus_Mucosa,92.2,90.9,1.31,53.4,comparable,fair,2889.7,60.175,False,"rank-based within-dataset percentile among 1379 shared genes; TCGA=RSEM normalized_count, GTEx v8=TPM; NOT a fold change. mapping: TCGA ESCA mixes squamous and adenocarcinoma; mucosa is squamous"
ITGB5,GBM,Brain_Cortex,85.53,78.35,7.18,70.3,comparable,good,1599.66,12.335,False,"rank-based within-dataset percentile among 1379 shared genes; TCGA=RSEM normalized_count, GTEx v8=TPM; NOT a fold change. clean tissue-of-origin match"
ITGB5,HNSC,Esophagus_Mucosa,92.71,90.9,1.81,60.7,comparable,poor,3880.3,60.175,False,"rank-based within-dataset percentile among 1379 shared genes; TCGA=RSEM normalized_count, GTEx v8=TPM; NOT a fold change. mapping: No oral/laryngeal mucosa in GTEx; esophageal squamous mucosa used as surrogate epithelium"
ITGB5,KICH,Kidney_Cortex,90.1,92.06,-1.96,39.5,comparable,fair,1981.76,39.44,False,"rank-based within-dataset percentile among 1379 shared genes; TCGA=RSEM normalized_count, GTEx v8=TPM; NOT a fold change. mapping: Chromophobe RCC derives from distal nephron/collecting duct"
ITGB5,KIRC,Kidney_Cortex,90.83,92.06,-1.23,41.7,comparable,good,3215.54,39.44,False,"rank-based within-dataset percentile among 1379 shared genes; TCGA=RSEM normalized_count, GTEx v8=TPM; NOT a fold change. clean tissue-of-origin match"
ITGB5,KIRP,Kidney_Cortex,91.7,92.06,-0.36,42.3,comparable,good,2455.3,39.44,False,"rank-based within-dataset percentile among 1379 shared genes; TCGA=RSEM normalized_count, GTEx v8=TPM; NOT a fold change. clean tissue-of-origin match"
ITGB5,LGG,Brain_Cortex,83.28,78.35,4.93,67.9,comparable,good,1115.95,12.335,False,"rank-based within-dataset percentile among 1379 shared genes; TCGA=RSEM normalized_count, GTEx v8=TPM; NOT a fold change. clean tissue-of-origin match"
ITGB5,LIHC,Liver,94.02,90.32,3.7,67.9,comparable,good,3822.62,28.863,False,"rank-based within-dataset percentile among 1379 shared genes; TCGA=RSEM normalized_count, GTEx v8=TPM; NOT a fold change. clean tissue-of-origin match"
ITGB5,LUAD,Lung,91.12,88.43,2.68,62.5,comparable,good,2876.58,79.257,False,"rank-based within-dataset percentile among 1379 shared genes; TCGA=RSEM normalized_count, GTEx v8=TPM; NOT a fold change. clean tissue-of-origin match"
ITGB5,LUSC,Lung,93.87,88.43,5.44,68.6,comparable,good,4238.85,79.257,False,"rank-based within-dataset percentile among 1379 shared genes; TCGA=RSEM normalized_count, GTEx v8=TPM; NOT a fold change. clean tissue-of-origin match"
ITGB5,MESO,Lung,94.96,88.43,6.53,71.7,comparable,poor,5504.75,79.257,False,"rank-based within-dataset percentile among 1379 shared genes; TCGA=RSEM normalized_count, GTEx v8=TPM; NOT a fold change. mapping: No pleura/mesothelium in GTEx; Lung used only as an anatomic neighbour"
ITGB5,OV,Ovary,94.45,81.91,12.55,80.8,comparable,fair,4007.88,34.397,False,"rank-based within-dataset percentile among 1379 shared genes; TCGA=RSEM normalized_count, GTEx v8=TPM; NOT a fold change. mapping: Most TCGA OV is high-grade serous, now thought largely fallopian-tube derived; GTEx Ovary is stroma-rich"
ITGB5,PAAD,Pancreas,94.74,82.41,12.33,82.2,comparable,good,6502.98,10.395,False,"rank-based within-dataset percentile among 1379 shared genes; TCGA=RSEM normalized_count, GTEx v8=TPM; NOT a fold change. mapping: GTEx Pancreas is acinar-dominated; PDAC is ductal"
ITGB5,PCPG,Adrenal_Gland,92.06,86.4,5.66,71.4,comparable,fair,2536.75,32.65,False,"rank-based within-dataset percentile among 1379 shared genes; TCGA=RSEM normalized_count, GTEx v8=TPM; NOT a fold change. mapping: Pheochromocytoma is medullary; paraganglioma is extra-adrenal"
ITGB5,PRAD,Prostate,93.65,90.68,2.97,64.9,comparable,good,3243.65,65.675,False,"rank-based within-dataset percentile among 1379 shared genes; TCGA=RSEM normalized_count, GTEx v8=TPM; NOT a fold change. clean tissue-of-origin match"
ITGB5,READ,Colon_Sigmoid,91.19,90.97,0.22,47.0,comparable,good,2548.89,69.032,False,"rank-based within-dataset percentile among 1379 shared genes; TCGA=RSEM normalized_count, GTEx v8=TPM; NOT a fold change. clean tissue-of-origin match"
ITGB5,SARC,Esophagus_Muscularis,95.18,90.54,4.64,66.3,comparable,poor,5034.53,64.873,False,"rank-based within-dataset percentile among 1379 shared genes; TCGA=RSEM normalized_count, GTEx v8=TPM; NOT a fold change. mapping: TCGA SARC is histologically heterogeneous (LMS, DDLPS, UPS); smooth muscle is a partial surrogate only"
ITGB5,SKCM,Skin_Sun_Exposed_Lower_leg,94.38,94.6,-0.22,43.3,comparable,good,3695.35,124.719,False,"rank-based within-dataset percentile among 1379 shared genes; TCGA=RSEM normalized_count, GTEx v8=TPM; NOT a fold change. mapping: GTEx skin is keratinocyte-dominated; melanocytes are a minor fraction"
ITGB5,STAD,Stomach,91.19,84.37,6.82,72.5,comparable,good,2553.99,22.545,False,"rank-based within-dataset percentile among 1379 shared genes; TCGA=RSEM normalized_count, GTEx v8=TPM; NOT a fold change. clean tissue-of-origin match"
ITGB5,TGCT,Testis,93.22,80.82,12.4,75.1,comparable,fair,2650.5,19.041,False,"rank-based within-dataset percentile among 1379 shared genes; TCGA=RSEM normalized_count, GTEx v8=TPM; NOT a fold change. mapping: Testis has extreme transcriptome breadth; germ-cell tumour vs whole testis"
ITGB5,THCA,Thyroid,88.51,88.29,0.22,47.0,comparable,good,2123.2,59.649,False,"rank-based within-dataset percentile among 1379 shared genes; TCGA=RSEM normalized_count, GTEx v8=TPM; NOT a fold change. clean tissue-of-origin match"
ITGB5,UCEC,Uterus,92.78,92.2,0.58,46.4,comparable,fair,2741.35,105.094,False,"rank-based within-dataset percentile among 1379 shared genes; TCGA=RSEM normalized_count, GTEx v8=TPM; NOT a fold change. mapping: GTEx Uterus is myometrium-dominated; UCEC arises from endometrium"
ITGB5,UCS,Uterus,92.2,92.2,0.0,46.7,comparable,poor,2594.52,105.094,False,"rank-based within-dataset percentile among 1379 shared genes; TCGA=RSEM normalized_count, GTEx v8=TPM; NOT a fold change. mapping: Carcinosarcoma is biphasic (carcinomatous+sarcomatous); no matched normal exists"
ITGB5,UVM,Skin_Not_Sun_Exposed_Suprapubic,94.31,92.71,1.6,46.0,comparable,poor,3551.39,95.192,False,"rank-based within-dataset percentile among 1379 shared genes; TCGA=RSEM normalized_count, GTEx v8=TPM; NOT a fold change. mapping: No uveal tract in GTEx; skin used only as a melanocyte-containing surrogate"
LIFR,ACC,Adrenal_Gland,76.32,73.42,2.9,54.6,comparable,good,525.66,12.206,False,"rank-based within-dataset percentile among 1379 shared genes; TCGA=RSEM normalized_count, GTEx v8=TPM; NOT a fold change. mapping: Adrenocortical carcinoma vs whole adrenal gland (cortex+medulla mixed in GTEx)"
LIFR,BLCA,Bladder,61.75,76.9,-15.16,13.6,comparable,good,181.93,23.145,False,"rank-based within-dataset percentile among 1379 shared genes; TCGA=RSEM normalized_count, GTEx v8=TPM; NOT a fold change. mapping: GTEx Bladder n is small (21 donors)"
LIFR,BRCA,Breast_Mammary_Tissue,73.35,87.13,-13.78,15.0,comparable,good,551.51,55.785,False,"rank-based within-dataset percentile among 1379 shared genes; TCGA=RSEM normalized_count, GTEx v8=TPM; NOT a fold change. clean tissue-of-origin match"
LIFR,CESC,Cervix_Ectocervix,61.82,77.63,-15.81,16.8,comparable,fair,185.38,28.912,False,"rank-based within-dataset percentile among 1379 shared genes; TCGA=RSEM normalized_count, GTEx v8=TPM; NOT a fold change. mapping: GTEx cervix n very small (~5-9 donors); ecto/endo split"
LIFR,CHOL,Liver,60.59,71.54,-10.95,19.6,comparable,poor,200.82,4.989,False,"rank-based within-dataset percentile among 1379 shared genes; TCGA=RSEM normalized_count, GTEx v8=TPM; NOT a fold change. mapping: Cholangiocarcinoma arises from bile-duct epithelium; GTEx has no bile duct, Liver is hepatocyte-dominated"
LIFR,COAD,Colon_Transverse,45.29,68.35,-23.06,6.2,depleted,good,38.21,10.699,False,"rank-based within-dataset percentile among 1379 shared genes; TCGA=RSEM normalized_count, GTEx v8=TPM; NOT a fold change. clean tissue-of-origin match"
LIFR,ESCA,Esophagus_Mucosa,66.97,63.42,3.55,62.5,comparable,fair,300.19,6.037,False,"rank-based within-dataset percentile among 1379 shared genes; TCGA=RSEM normalized_count, GTEx v8=TPM; NOT a fold change. mapping: TCGA ESCA mixes squamous and adenocarcinoma; mucosa is squamous"
LIFR,GBM,Brain_Cortex,90.83,75.16,15.66,84.0,comparable,good,2368.7,9.6,False,"rank-based within-dataset percentile among 1379 shared genes; TCGA=RSEM normalized_count, GTEx v8=TPM; NOT a fold change. clean tissue-of-origin match"
LIFR,HNSC,Esophagus_Mucosa,57.83,63.42,-5.58,26.8,comparable,poor,173.55,6.037,False,"rank-based within-dataset percentile among 1379 shared genes; TCGA=RSEM normalized_count, GTEx v8=TPM; NOT a fold change. mapping: No oral/laryngeal mucosa in GTEx; esophageal squamous mucosa used as surrogate epithelium"
LIFR,KICH,Kidney_Cortex,89.67,70.59,19.07,92.5,enriched,fair,1928.64,7.42,False,"rank-based within-dataset percentile among 1379 shared genes; TCGA=RSEM normalized_count, GTEx v8=TPM; NOT a fold change. mapping: Chromophobe RCC derives from distal nephron/collecting duct"
LIFR,KIRC,Kidney_Cortex,85.53,70.59,14.94,86.9,comparable,good,1994.87,7.42,False,"rank-based within-dataset percentile among 1379 shared genes; TCGA=RSEM normalized_count, GTEx v8=TPM; NOT a fold change. clean tissue-of-origin match"
LIFR,KIRP,Kidney_Cortex,80.46,70.59,9.86,78.8,comparable,good,954.39,7.42,False,"rank-based within-dataset percentile among 1379 shared genes; TCGA=RSEM normalized_count, GTEx v8=TPM; NOT a fold change. clean tissue-of-origin match"
LIFR,LGG,Brain_Cortex,95.98,75.16,20.81,94.6,enriched,good,4474.52,9.6,False,"rank-based within-dataset percentile among 1379 shared genes; TCGA=RSEM normalized_count, GTEx v8=TPM; NOT a fold change. clean tissue-of-origin match"
LIFR,LIHC,Liver,63.49,71.54,-8.05,20.3,comparable,good,186.05,4.989,False,"rank-based within-dataset percentile among 1379 shared genes; TCGA=RSEM normalized_count, GTEx v8=TPM; NOT a fold change. clean tissue-of-origin match"
LIFR,LUAD,Lung,81.54,79.37,2.18,61.6,comparable,good,1127.62,39.725,False,"rank-based within-dataset percentile among 1379 shared genes; TCGA=RSEM normalized_count, GTEx v8=TPM; NOT a fold change. clean tissue-of-origin match"
LIFR,LUSC,Lung,69.51,79.37,-9.86,22.5,comparable,good,465.59,39.725,False,"rank-based within-dataset percentile among 1379 shared genes; TCGA=RSEM normalized_count, GTEx v8=TPM; NOT a fold change. clean tissue-of-origin match"
LIFR,MESO,Lung,76.83,79.37,-2.54,37.1,comparable,poor,838.88,39.725,False,"rank-based within-dataset percentile among 1379 shared genes; TCGA=RSEM normalized_count, GTEx v8=TPM; NOT a fold change. mapping: No pleura/mesothelium in GTEx; Lung used only as an anatomic neighbour"
LIFR,OV,Ovary,73.71,80.96,-7.25,27.7,comparable,fair,540.59,31.956,False,"rank-based within-dataset percentile among 1379 shared genes; TCGA=RSEM normalized_count, GTEx v8=TPM; NOT a fold change. mapping: Most TCGA OV is high-grade serous, now thought largely fallopian-tube derived; GTEx Ovary is stroma-rich"
LIFR,PAAD,Pancreas,62.91,77.48,-14.58,15.2,comparable,good,359.81,7.267,False,"rank-based within-dataset percentile among 1379 shared genes; TCGA=RSEM normalized_count, GTEx v8=TPM; NOT a fold change. mapping: GTEx Pancreas is acinar-dominated; PDAC is ductal"
LIFR,PCPG,Adrenal_Gland,80.67,73.42,7.25,74.3,comparable,fair,869.14,12.206,False,"rank-based within-dataset percentile among 1379 shared genes; TCGA=RSEM normalized_count, GTEx v8=TPM; NOT a fold change. mapping: Pheochromocytoma is medullary; paraganglioma is extra-adrenal"
LIFR,PRAD,Prostate,92.93,78.86,14.07,91.2,enriched,good,2979.39,25.64,False,"rank-based within-dataset percentile among 1379 shared genes; TCGA=RSEM normalized_count, GTEx v8=TPM; NOT a fold change. clean tissue-of-origin match"
LIFR,READ,Colon_Sigmoid,44.13,73.06,-28.93,6.5,depleted,good,36.7,17.343,False,"rank-based within-dataset percentile among 1379 shared genes; TCGA=RSEM normalized_count, GTEx v8=TPM; NOT a fold change. clean tissue-of-origin match"
LIFR,SARC,Esophagus_Muscularis,74.87,75.89,-1.02,38.0,comparable,poor,659.25,20.489,False,"rank-based within-dataset percentile among 1379 shared genes; TCGA=RSEM normalized_count, GTEx v8=TPM; NOT a fold change. mapping: TCGA SARC is histologically heterogeneous (LMS, DDLPS, UPS); smooth muscle is a partial surrogate only"
LIFR,SKCM,Skin_Sun_Exposed_Lower_leg,45.58,69.8,-24.22,8.3,depleted,good,26.22,14.871,False,"rank-based within-dataset percentile among 1379 shared genes; TCGA=RSEM normalized_count, GTEx v8=TPM; NOT a fold change. mapping: GTEx skin is keratinocyte-dominated; melanocytes are a minor fraction"
LIFR,STAD,Stomach,65.45,85.39,-19.94,7.3,depleted,good,336.93,24.483,False,"rank-based within-dataset percentile among 1379 shared genes; TCGA=RSEM normalized_count, GTEx v8=TPM; NOT a fold change. clean tissue-of-origin match"
LIFR,TGCT,Testis,73.57,73.86,-0.29,47.0,comparable,fair,540.95,13.109,False,"rank-based within-dataset percentile among 1379 shared genes; TCGA=RSEM normalized_count, GTEx v8=TPM; NOT a fold change. mapping: Testis has extreme transcriptome breadth; germ-cell tumour vs whole testis"
LIFR,THCA,Thyroid,71.61,86.84,-15.23,9.1,depleted,good,511.64,53.144,False,"rank-based within-dataset percentile among 1379 shared genes; TCGA=RSEM normalized_count, GTEx v8=TPM; NOT a fold change. clean tissue-of-origin match"
LIFR,UCEC,Uterus,68.78,88.07,-19.29,10.9,comparable,fair,337.36,72.455,False,"rank-based within-dataset percentile among 1379 shared genes; TCGA=RSEM normalized_count, GTEx v8=TPM; NOT a fold change. mapping: GTEx Uterus is myometrium-dominated; UCEC arises from endometrium"
LIFR,UCS,Uterus,76.69,88.07,-11.39,19.4,comparable,poor,753.97,72.455,False,"rank-based within-dataset percentile among 1379 shared genes; TCGA=RSEM normalized_count, GTEx v8=TPM; NOT a fold change. mapping: Carcinosarcoma is biphasic (carcinomatous+sarcomatous); no matched normal exists"
LIFR,UVM,Skin_Not_Sun_Exposed_Suprapubic,60.15,67.62,-7.47,26.0,comparable,poor,59.39,11.88,False,"rank-based within-dataset percentile among 1379 shared genes; TCGA=RSEM normalized_count, GTEx v8=TPM; NOT a fold change. mapping: No uveal tract in GTEx; skin used only as a melanocyte-containing surrogate"
LRP1,ACC,Adrenal_Gland,91.12,85.68,5.44,72.6,comparable,good,1989.43,30.316,False,"rank-based within-dataset percentile among 1379 shared genes; TCGA=RSEM normalized_count, GTEx v8=TPM; NOT a fold change. mapping: Adrenocortical carcinoma vs whole adrenal gland (cortex+medulla mixed in GTEx)"
LRP1,BLCA,Bladder,94.96,93.0,1.96,51.8,comparable,good,4279.94,94.46,False,"rank-based within-dataset percentile among 1379 shared genes; TCGA=RSEM normalized_count, GTEx v8=TPM; NOT a fold change. mapping: GTEx Bladder n is small (21 donors)"
LRP1,BRCA,Breast_Mammary_Tissue,96.27,94.45,1.81,51.9,comparable,good,6778.69,140.686,False,"rank-based within-dataset percentile among 1379 shared genes; TCGA=RSEM normalized_count, GTEx v8=TPM; NOT a fold change. clean tissue-of-origin match"
LRP1,CESC,Cervix_Ectocervix,96.19,96.12,0.07,44.8,comparable,fair,5489.62,182.249,False,"rank-based within-dataset percentile among 1379 shared genes; TCGA=RSEM normalized_count, GTEx v8=TPM; NOT a fold change. mapping: GTEx cervix n very small (~5-9 donors); ecto/endo split"
LRP1,CHOL,Liver,94.74,94.23,0.51,52.9,comparable,poor,4614.19,56.768,False,"rank-based within-dataset percentile among 1379 shared genes; TCGA=RSEM normalized_count, GTEx v8=TPM; NOT a fold change. mapping: Cholangiocarcinoma arises from bile-duct epithelium; GTEx has no bile duct, Liver is hepatocyte-dominated"
LRP1,COAD,Colon_Transverse,96.41,91.91,4.5,66.9,comparable,good,6003.15,57.508,False,"rank-based within-dataset percentile among 1379 shared genes; TCGA=RSEM normalized_count, GTEx v8=TPM; NOT a fold change. clean tissue-of-origin match"
LRP1,ESCA,Esophagus_Mucosa,97.21,89.38,7.83,74.9,comparable,fair,8343.17,47.2,False,"rank-based within-dataset percentile among 1379 shared genes; TCGA=RSEM normalized_count, GTEx v8=TPM; NOT a fold change. mapping: TCGA ESCA mixes squamous and adenocarcinoma; mucosa is squamous"
LRP1,GBM,Brain_Cortex,98.44,93.36,5.08,66.4,comparable,good,14094.4,48.979,False,"rank-based within-dataset percentile among 1379 shared genes; TCGA=RSEM normalized_count, GTEx v8=TPM; NOT a fold change. clean tissue-of-origin match"
LRP1,HNSC,Esophagus_Mucosa,95.76,89.38,6.38,73.2,comparable,poor,7373.38,47.2,False,"rank-based within-dataset percentile among 1379 shared genes; TCGA=RSEM normalized_count, GTEx v8=TPM; NOT a fold change. mapping: No oral/laryngeal mucosa in GTEx; esophageal squamous mucosa used as surrogate epithelium"
LRP1,KICH,Kidney_Cortex,89.09,73.71,15.37,87.2,comparable,fair,1787.25,9.61,False,"rank-based within-dataset percentile among 1379 shared genes; TCGA=RSEM normalized_count, GTEx v8=TPM; NOT a fold change. mapping: Chromophobe RCC derives from distal nephron/collecting duct"
LRP1,KIRC,Kidney_Cortex,95.61,73.71,21.9,94.8,enriched,good,6863.51,9.61,False,"rank-based within-dataset percentile among 1379 shared genes; TCGA=RSEM normalized_count, GTEx v8=TPM; NOT a fold change. clean tissue-of-origin match"
LRP1,KIRP,Kidney_Cortex,94.6,73.71,20.88,95.1,enriched,good,4075.8,9.61,False,"rank-based within-dataset percentile among 1379 shared genes; TCGA=RSEM normalized_count, GTEx v8=TPM; NOT a fold change. clean tissue-of-origin match"
LRP1,LGG,Brain_Cortex,99.17,93.36,5.8,70.3,comparable,good,19017.3,48.979,False,"rank-based within-dataset percentile among 1379 shared genes; TCGA=RSEM normalized_count, GTEx v8=TPM; NOT a fold change. clean tissue-of-origin match"
LRP1,LIHC,Liver,98.08,94.23,3.84,68.8,comparable,good,14640.6,56.768,False,"rank-based within-dataset percentile among 1379 shared genes; TCGA=RSEM normalized_count, GTEx v8=TPM; NOT a fold change. clean tissue-of-origin match"
LRP1,LUAD,Lung,96.41,92.78,3.63,64.9,comparable,good,7204.66,136.926,False,"rank-based within-dataset percentile among 1379 shared genes; TCGA=RSEM normalized_count, GTEx v8=TPM; NOT a fold change. clean tissue-of-origin match"
LRP1,LUSC,Lung,96.19,92.78,3.41,64.3,comparable,good,7137.37,136.926,False,"rank-based within-dataset percentile among 1379 shared genes; TCGA=RSEM normalized_count, GTEx v8=TPM; NOT a fold change. clean tissue-of-origin match"
LRP1,MESO,Lung,98.44,92.78,5.66,69.7,comparable,poor,23276.4,136.926,False,"rank-based within-dataset percentile among 1379 shared genes; TCGA=RSEM normalized_count, GTEx v8=TPM; NOT a fold change. mapping: No pleura/mesothelium in GTEx; Lung used only as an anatomic neighbour"
LRP1,OV,Ovary,95.18,96.48,-1.31,42.3,comparable,fair,4569.39,227.668,False,"rank-based within-dataset percentile among 1379 shared genes; TCGA=RSEM normalized_count, GTEx v8=TPM; NOT a fold change. mapping: Most TCGA OV is high-grade serous, now thought largely fallopian-tube derived; GTEx Ovary is stroma-rich"
LRP1,PAAD,Pancreas,97.5,80.09,17.4,89.3,comparable,good,12980.3,8.765,False,"rank-based within-dataset percentile among 1379 shared genes; TCGA=RSEM normalized_count, GTEx v8=TPM; NOT a fold change. mapping: GTEx Pancreas is acinar-dominated; PDAC is ductal"
LRP1,PCPG,Adrenal_Gland,96.56,85.68,10.88,79.7,comparable,fair,5858.27,30.316,False,"rank-based within-dataset percentile among 1379 shared genes; TCGA=RSEM normalized_count, GTEx v8=TPM; NOT a fold change. mapping: Pheochromocytoma is medullary; paraganglioma is extra-adrenal"
LRP1,PRAD,Prostate,95.47,90.39,5.08,72.2,comparable,good,4786.57,64.067,False,"rank-based within-dataset percentile among 1379 shared genes; TCGA=RSEM normalized_count, GTEx v8=TPM; NOT a fold change. clean tissue-of-origin match"
LRP1,READ,Colon_Sigmoid,97.21,92.57,4.64,65.9,comparable,good,7238.76,85.93,False,"rank-based within-dataset percentile among 1379 shared genes; TCGA=RSEM normalized_count, GTEx v8=TPM; NOT a fold change. clean tissue-of-origin match"
LRP1,SARC,Esophagus_Muscularis,98.44,92.57,5.87,70.2,comparable,poor,21848.3,88.923,False,"rank-based within-dataset percentile among 1379 shared genes; TCGA=RSEM normalized_count, GTEx v8=TPM; NOT a fold change. mapping: TCGA SARC is histologically heterogeneous (LMS, DDLPS, UPS); smooth muscle is a partial surrogate only"
LRP1,SKCM,Skin_Sun_Exposed_Lower_leg,95.32,88.43,6.89,68.6,comparable,good,5160.71,57.519,False,"rank-based within-dataset percentile among 1379 shared genes; TCGA=RSEM normalized_count, GTEx v8=TPM; NOT a fold change. mapping: GTEx skin is keratinocyte-dominated; melanocytes are a minor fraction"
LRP1,STAD,Stomach,96.99,86.48,10.51,80.0,comparable,good,7357.95,26.423,False,"rank-based within-dataset percentile among 1379 shared genes; TCGA=RSEM normalized_count, GTEx v8=TPM; NOT a fold change. clean tissue-of-origin match"
LRP1,TGCT,Testis,96.99,82.27,14.72,78.5,comparable,fair,6346.35,22.151,False,"rank-based within-dataset percentile among 1379 shared genes; TCGA=RSEM normalized_count, GTEx v8=TPM; NOT a fold change. mapping: Testis has extreme transcriptome breadth; germ-cell tumour vs whole testis"
LRP1,THCA,Thyroid,92.64,90.83,1.81,53.7,comparable,good,3332.1,79.812,False,"rank-based within-dataset percentile among 1379 shared genes; TCGA=RSEM normalized_count, GTEx v8=TPM; NOT a fold change. clean tissue-of-origin match"
LRP1,UCEC,Uterus,93.65,95.32,-1.67,40.5,comparable,fair,3004.04,173.802,False,"rank-based within-dataset percentile among 1379 shared genes; TCGA=RSEM normalized_count, GTEx v8=TPM; NOT a fold change. mapping: GTEx Uterus is myometrium-dominated; UCEC arises from endometrium"
LRP1,UCS,Uterus,97.35,95.32,2.03,59.5,comparable,poor,8565.4,173.802,False,"rank-based within-dataset percentile among 1379 shared genes; TCGA=RSEM normalized_count, GTEx v8=TPM; NOT a fold change. mapping: Carcinosarcoma is biphasic (carcinomatous+sarcomatous); no matched normal exists"
LRP1,UVM,Skin_Not_Sun_Exposed_Suprapubic,96.77,87.78,8.99,71.5,comparable,poor,6945.4,49.882,False,"rank-based within-dataset percentile among 1379 shared genes; TCGA=RSEM normalized_count, GTEx v8=TPM; NOT a fold change. mapping: No uveal tract in GTEx; skin used only as a melanocyte-containing surrogate"
LRP5,ACC,Adrenal_Gland,84.66,86.11,-1.45,38.8,comparable,good,1124.86,31.53,True,"rank-based within-dataset percentile among 1379 shared genes; TCGA=RSEM normalized_count, GTEx v8=TPM; NOT a fold change. mapping: Adrenocortical carcinoma vs whole adrenal gland (cortex+medulla mixed in GTEx)"
LRP5,BLCA,Bladder,89.81,84.3,5.51,69.8,comparable,good,2069.03,36.827,True,"rank-based within-dataset percentile among 1379 shared genes; TCGA=RSEM normalized_count, GTEx v8=TPM; NOT a fold change. mapping: GTEx Bladder n is small (21 donors)"
LRP5,BRCA,Breast_Mammary_Tissue,85.61,86.4,-0.8,41.7,comparable,good,1456.31,50.995,True,"rank-based within-dataset percentile among 1379 shared genes; TCGA=RSEM normalized_count, GTEx v8=TPM; NOT a fold change. clean tissue-of-origin match"
LRP5,CESC,Cervix_Ectocervix,86.11,80.6,5.51,67.1,comparable,fair,1412.28,35.703,True,"rank-based within-dataset percentile among 1379 shared genes; TCGA=RSEM normalized_count, GTEx v8=TPM; NOT a fold change. mapping: GTEx cervix n very small (~5-9 donors); ecto/endo split"
LRP5,CHOL,Liver,90.97,92.57,-1.6,37.5,comparable,poor,2586.36,40.615,True,"rank-based within-dataset percentile among 1379 shared genes; TCGA=RSEM normalized_count, GTEx v8=TPM; NOT a fold change. mapping: Cholangiocarcinoma arises from bile-duct epithelium; GTEx has no bile duct, Liver is hepatocyte-dominated"
LRP5,COAD,Colon_Transverse,93.44,85.82,7.61,74.8,comparable,good,3231.09,34.196,True,"rank-based within-dataset percentile among 1379 shared genes; TCGA=RSEM normalized_count, GTEx v8=TPM; NOT a fold change. clean tissue-of-origin match"
LRP5,ESCA,Esophagus_Mucosa,91.33,77.85,13.49,86.4,comparable,fair,2547.75,18.045,True,"rank-based within-dataset percentile among 1379 shared genes; TCGA=RSEM normalized_count, GTEx v8=TPM; NOT a fold change. mapping: TCGA ESCA mixes squamous and adenocarcinoma; mucosa is squamous"
LRP5,GBM,Brain_Cortex,76.18,58.41,17.77,86.7,comparable,good,805.21,3.595,True,"rank-based within-dataset percentile among 1379 shared genes; TCGA=RSEM normalized_count, GTEx v8=TPM; NOT a fold change. clean tissue-of-origin match"
LRP5,HNSC,Esophagus_Mucosa,83.28,77.85,5.44,71.1,comparable,poor,1331.1,18.045,True,"rank-based within-dataset percentile among 1379 shared genes; TCGA=RSEM normalized_count, GTEx v8=TPM; NOT a fold change. mapping: No oral/laryngeal mucosa in GTEx; esophageal squamous mucosa used as surrogate epithelium"
LRP5,KICH,Kidney_Cortex,88.22,82.78,5.44,66.9,comparable,fair,1615.29,17.084,True,"rank-based within-dataset percentile among 1379 shared genes; TCGA=RSEM normalized_count, GTEx v8=TPM; NOT a fold change. mapping: Chromophobe RCC derives from distal nephron/collecting duct"
LRP5,KIRC,Kidney_Cortex,84.16,82.78,1.38,48.9,comparable,good,1760.98,17.084,True,"rank-based within-dataset percentile among 1379 shared genes; TCGA=RSEM normalized_count, GTEx v8=TPM; NOT a fold change. clean tissue-of-origin match"
LRP5,KIRP,Kidney_Cortex,89.38,82.78,6.6,72.0,comparable,good,1995.26,17.084,True,"rank-based within-dataset percentile among 1379 shared genes; TCGA=RSEM normalized_count, GTEx v8=TPM; NOT a fold change. clean tissue-of-origin match"
LRP5,LGG,Brain_Cortex,80.53,58.41,22.12,95.3,enriched,good,986.17,3.595,True,"rank-based within-dataset percentile among 1379 shared genes; TCGA=RSEM normalized_count, GTEx v8=TPM; NOT a fold change. clean tissue-of-origin match"
LRP5,LIHC,Liver,94.6,92.57,2.03,50.0,comparable,good,4321.57,40.615,True,"rank-based within-dataset percentile among 1379 shared genes; TCGA=RSEM normalized_count, GTEx v8=TPM; NOT a fold change. clean tissue-of-origin match"
LRP5,LUAD,Lung,90.97,77.19,13.78,88.2,comparable,good,2807.13,35.534,True,"rank-based within-dataset percentile among 1379 shared genes; TCGA=RSEM normalized_count, GTEx v8=TPM; NOT a fold change. clean tissue-of-origin match"
LRP5,LUSC,Lung,87.27,77.19,10.08,77.2,comparable,good,1882.87,35.534,True,"rank-based within-dataset percentile among 1379 shared genes; TCGA=RSEM normalized_count, GTEx v8=TPM; NOT a fold change. clean tissue-of-origin match"
LRP5,MESO,Lung,83.07,77.19,5.87,70.2,comparable,poor,1435.42,35.534,True,"rank-based within-dataset percentile among 1379 shared genes; TCGA=RSEM normalized_count, GTEx v8=TPM; NOT a fold change. mapping: No pleura/mesothelium in GTEx; Lung used only as an anatomic neighbour"
LRP5,OV,Ovary,89.74,85.75,3.99,62.7,comparable,fair,2016.02,45.313,True,"rank-based within-dataset percentile among 1379 shared genes; TCGA=RSEM normalized_count, GTEx v8=TPM; NOT a fold change. mapping: Most TCGA OV is high-grade serous, now thought largely fallopian-tube derived; GTEx Ovary is stroma-rich"
LRP5,PAAD,Pancreas,89.59,86.98,2.61,59.1,comparable,good,2791.91,14.826,True,"rank-based within-dataset percentile among 1379 shared genes; TCGA=RSEM normalized_count, GTEx v8=TPM; NOT a fold change. mapping: GTEx Pancreas is acinar-dominated; PDAC is ductal"
LRP5,PCPG,Adrenal_Gland,77.99,86.11,-8.12,26.4,comparable,fair,714.03,31.53,True,"rank-based within-dataset percentile among 1379 shared genes; TCGA=RSEM normalized_count, GTEx v8=TPM; NOT a fold change. mapping: Pheochromocytoma is medullary; paraganglioma is extra-adrenal"
LRP5,PRAD,Prostate,90.25,83.14,7.11,78.0,comparable,good,2185.66,34.846,True,"rank-based within-dataset percentile among 1379 shared genes; TCGA=RSEM normalized_count, GTEx v8=TPM; NOT a fold change. clean tissue-of-origin match"
LRP5,READ,Colon_Sigmoid,93.51,84.95,8.56,72.8,comparable,good,3337.92,38.474,True,"rank-based within-dataset percentile among 1379 shared genes; TCGA=RSEM normalized_count, GTEx v8=TPM; NOT a fold change. clean tissue-of-origin match"
LRP5,SARC,Esophagus_Muscularis,80.17,84.59,-4.42,29.0,comparable,poor,954.17,37.815,True,"rank-based within-dataset percentile among 1379 shared genes; TCGA=RSEM normalized_count, GTEx v8=TPM; NOT a fold change. mapping: TCGA SARC is histologically heterogeneous (LMS, DDLPS, UPS); smooth muscle is a partial surrogate only"
LRP5,SKCM,Skin_Sun_Exposed_Lower_leg,80.02,77.77,2.25,49.7,comparable,good,736.41,24.135,True,"rank-based within-dataset percentile among 1379 shared genes; TCGA=RSEM normalized_count, GTEx v8=TPM; NOT a fold change. mapping: GTEx skin is keratinocyte-dominated; melanocytes are a minor fraction"
LRP5,STAD,Stomach,91.62,86.55,5.08,67.2,comparable,good,2623.67,26.736,True,"rank-based within-dataset percentile among 1379 shared genes; TCGA=RSEM normalized_count, GTEx v8=TPM; NOT a fold change. clean tissue-of-origin match"
LRP5,TGCT,Testis,79.37,66.61,12.76,75.4,comparable,fair,785.1,8.196,True,"rank-based within-dataset percentile among 1379 shared genes; TCGA=RSEM normalized_count, GTEx v8=TPM; NOT a fold change. mapping: Testis has extreme transcriptome breadth; germ-cell tumour vs whole testis"
LRP5,THCA,Thyroid,87.71,86.62,1.09,51.6,comparable,good,1902.31,51.429,True,"rank-based within-dataset percentile among 1379 shared genes; TCGA=RSEM normalized_count, GTEx v8=TPM; NOT a fold change. clean tissue-of-origin match"
LRP5,UCEC,Uterus,91.04,85.61,5.44,67.7,comparable,fair,2283.18,56.703,True,"rank-based within-dataset percentile among 1379 shared genes; TCGA=RSEM normalized_count, GTEx v8=TPM; NOT a fold change. mapping: GTEx Uterus is myometrium-dominated; UCEC arises from endometrium"
LRP5,UCS,Uterus,91.12,85.61,5.51,69.3,comparable,poor,2248.15,56.703,True,"rank-based within-dataset percentile among 1379 shared genes; TCGA=RSEM normalized_count, GTEx v8=TPM; NOT a fold change. mapping: Carcinosarcoma is biphasic (carcinomatous+sarcomatous); no matched normal exists"
LRP5,UVM,Skin_Not_Sun_Exposed_Suprapubic,89.96,77.27,12.69,79.2,comparable,poor,1603.49,22.317,True,"rank-based within-dataset percentile among 1379 shared genes; TCGA=RSEM normalized_count, GTEx v8=TPM; NOT a fold change. mapping: No uveal tract in GTEx; skin used only as a melanocyte-containing surrogate"
LRP6,ACC,Adrenal_Gland,81.25,62.26,19.0,95.8,enriched,good,808.67,5.402,True,"rank-based within-dataset percentile among 1379 shared genes; TCGA=RSEM normalized_count, GTEx v8=TPM; NOT a fold change. mapping: Adrenocortical carcinoma vs whole adrenal gland (cortex+medulla mixed in GTEx)"
LRP6,BLCA,Bladder,75.24,67.04,8.19,75.3,comparable,good,531.85,11.727,True,"rank-based within-dataset percentile among 1379 shared genes; TCGA=RSEM normalized_count, GTEx v8=TPM; NOT a fold change. mapping: GTEx Bladder n is small (21 donors)"
LRP6,BRCA,Breast_Mammary_Tissue,81.47,67.69,13.78,86.3,comparable,good,969.72,14.014,True,"rank-based within-dataset percentile among 1379 shared genes; TCGA=RSEM normalized_count, GTEx v8=TPM; NOT a fold change. clean tissue-of-origin match"
LRP6,CESC,Cervix_Ectocervix,73.64,77.92,-4.28,35.2,comparable,fair,506.81,29.623,True,"rank-based within-dataset percentile among 1379 shared genes; TCGA=RSEM normalized_count, GTEx v8=TPM; NOT a fold change. mapping: GTEx cervix n very small (~5-9 donors); ecto/endo split"
LRP6,CHOL,Liver,77.12,79.8,-2.68,35.0,comparable,poor,764.89,9.662,True,"rank-based within-dataset percentile among 1379 shared genes; TCGA=RSEM normalized_count, GTEx v8=TPM; NOT a fold change. mapping: Cholangiocarcinoma arises from bile-duct epithelium; GTEx has no bile duct, Liver is hepatocyte-dominated"
LRP6,COAD,Colon_Transverse,78.93,66.82,12.11,83.8,comparable,good,841.34,9.756,True,"rank-based within-dataset percentile among 1379 shared genes; TCGA=RSEM normalized_count, GTEx v8=TPM; NOT a fold change. clean tissue-of-origin match"
LRP6,ESCA,Esophagus_Mucosa,81.91,59.79,22.12,95.9,enriched,fair,1055.52,4.994,True,"rank-based within-dataset percentile among 1379 shared genes; TCGA=RSEM normalized_count, GTEx v8=TPM; NOT a fold change. mapping: TCGA ESCA mixes squamous and adenocarcinoma; mucosa is squamous"
LRP6,GBM,Brain_Cortex,71.9,62.55,9.35,74.3,comparable,good,645.04,4.729,True,"rank-based within-dataset percentile among 1379 shared genes; TCGA=RSEM normalized_count, GTEx v8=TPM; NOT a fold change. clean tissue-of-origin match"
LRP6,HNSC,Esophagus_Mucosa,70.67,59.79,10.88,82.7,comparable,poor,466.34,4.994,True,"rank-based within-dataset percentile among 1379 shared genes; TCGA=RSEM normalized_count, GTEx v8=TPM; NOT a fold change. mapping: No oral/laryngeal mucosa in GTEx; esophageal squamous mucosa used as surrogate epithelium"
LRP6,KICH,Kidney_Cortex,80.6,65.16,15.45,87.3,comparable,fair,781.99,4.92,True,"rank-based within-dataset percentile among 1379 shared genes; TCGA=RSEM normalized_count, GTEx v8=TPM; NOT a fold change. mapping: Chromophobe RCC derives from distal nephron/collecting duct"
LRP6,KIRC,Kidney_Cortex,77.19,65.16,12.04,81.3,comparable,good,974.35,4.92,True,"rank-based within-dataset percentile among 1379 shared genes; TCGA=RSEM normalized_count, GTEx v8=TPM; NOT a fold change. clean tissue-of-origin match"
LRP6,KIRP,Kidney_Cortex,77.41,65.16,12.26,84.6,comparable,good,745.81,4.92,True,"rank-based within-dataset percentile among 1379 shared genes; TCGA=RSEM normalized_count, GTEx v8=TPM; NOT a fold change. clean tissue-of-origin match"
LRP6,LGG,Brain_Cortex,83.65,62.55,21.1,94.6,enriched,good,1135.22,4.729,True,"rank-based within-dataset percentile among 1379 shared genes; TCGA=RSEM normalized_count, GTEx v8=TPM; NOT a fold change. clean tissue-of-origin match"
LRP6,LIHC,Liver,84.08,79.8,4.28,69.9,comparable,good,1177.01,9.662,True,"rank-based within-dataset percentile among 1379 shared genes; TCGA=RSEM normalized_count, GTEx v8=TPM; NOT a fold change. clean tissue-of-origin match"
LRP6,LUAD,Lung,78.43,64.29,14.14,88.7,comparable,good,890.8,15.949,True,"rank-based within-dataset percentile among 1379 shared genes; TCGA=RSEM normalized_count, GTEx v8=TPM; NOT a fold change. clean tissue-of-origin match"
LRP6,LUSC,Lung,76.61,64.29,12.33,81.1,comparable,good,784.6,15.949,True,"rank-based within-dataset percentile among 1379 shared genes; TCGA=RSEM normalized_count, GTEx v8=TPM; NOT a fold change. clean tissue-of-origin match"
LRP6,MESO,Lung,69.87,64.29,5.58,69.4,comparable,poor,478.5,15.949,True,"rank-based within-dataset percentile among 1379 shared genes; TCGA=RSEM normalized_count, GTEx v8=TPM; NOT a fold change. mapping: No pleura/mesothelium in GTEx; Lung used only as an anatomic neighbour"
LRP6,OV,Ovary,81.98,75.67,6.31,69.1,comparable,fair,996.05,20.581,True,"rank-based within-dataset percentile among 1379 shared genes; TCGA=RSEM normalized_count, GTEx v8=TPM; NOT a fold change. mapping: Most TCGA OV is high-grade serous, now thought largely fallopian-tube derived; GTEx Ovary is stroma-rich"
LRP6,PAAD,Pancreas,74.8,74.51,0.29,52.6,comparable,good,816.37,6.049,True,"rank-based within-dataset percentile among 1379 shared genes; TCGA=RSEM normalized_count, GTEx v8=TPM; NOT a fold change. mapping: GTEx Pancreas is acinar-dominated; PDAC is ductal"
LRP6,PCPG,Adrenal_Gland,79.8,62.26,17.55,88.3,comparable,fair,808.18,5.402,True,"rank-based within-dataset percentile among 1379 shared genes; TCGA=RSEM normalized_count, GTEx v8=TPM; NOT a fold change. mapping: Pheochromocytoma is medullary; paraganglioma is extra-adrenal"
LRP6,PRAD,Prostate,81.33,68.56,12.76,89.8,comparable,good,890.35,13.552,True,"rank-based within-dataset percentile among 1379 shared genes; TCGA=RSEM normalized_count, GTEx v8=TPM; NOT a fold change. clean tissue-of-origin match"
LRP6,READ,Colon_Sigmoid,78.57,71.32,7.25,70.3,comparable,good,847.98,15.094,True,"rank-based within-dataset percentile among 1379 shared genes; TCGA=RSEM normalized_count, GTEx v8=TPM; NOT a fold change. clean tissue-of-origin match"
LRP6,SARC,Esophagus_Muscularis,77.27,67.04,10.22,80.3,comparable,poor,790.3,10.851,True,"rank-based within-dataset percentile among 1379 shared genes; TCGA=RSEM normalized_count, GTEx v8=TPM; NOT a fold change. mapping: TCGA SARC is histologically heterogeneous (LMS, DDLPS, UPS); smooth muscle is a partial surrogate only"
LRP6,SKCM,Skin_Sun_Exposed_Lower_leg,81.04,64.58,16.46,85.7,comparable,good,823.7,9.945,True,"rank-based within-dataset percentile among 1379 shared genes; TCGA=RSEM normalized_count, GTEx v8=TPM; NOT a fold change. mapping: GTEx skin is keratinocyte-dominated; melanocytes are a minor fraction"
LRP6,STAD,Stomach,80.67,68.2,12.47,83.8,comparable,good,1034.54,7.459,True,"rank-based within-dataset percentile among 1379 shared genes; TCGA=RSEM normalized_count, GTEx v8=TPM; NOT a fold change. clean tissue-of-origin match"
LRP6,TGCT,Testis,93.44,65.3,28.14,91.6,enriched,fair,2850.97,7.79,True,"rank-based within-dataset percentile among 1379 shared genes; TCGA=RSEM normalized_count, GTEx v8=TPM; NOT a fold change. mapping: Testis has extreme transcriptome breadth; germ-cell tumour vs whole testis"
LRP6,THCA,Thyroid,77.05,69.07,7.98,79.4,comparable,good,793.3,17.387,True,"rank-based within-dataset percentile among 1379 shared genes; TCGA=RSEM normalized_count, GTEx v8=TPM; NOT a fold change. clean tissue-of-origin match"
LRP6,UCEC,Uterus,83.43,76.03,7.4,71.8,comparable,fair,1079.71,28.484,True,"rank-based within-dataset percentile among 1379 shared genes; TCGA=RSEM normalized_count, GTEx v8=TPM; NOT a fold change. mapping: GTEx Uterus is myometrium-dominated; UCEC arises from endometrium"
LRP6,UCS,Uterus,84.52,76.03,8.48,76.0,comparable,poor,1238.61,28.484,True,"rank-based within-dataset percentile among 1379 shared genes; TCGA=RSEM normalized_count, GTEx v8=TPM; NOT a fold change. mapping: Carcinosarcoma is biphasic (carcinomatous+sarcomatous); no matched normal exists"
LRP6,UVM,Skin_Not_Sun_Exposed_Suprapubic,79.22,63.85,15.37,83.2,comparable,poor,490.16,8.881,True,"rank-based within-dataset percentile among 1379 shared genes; TCGA=RSEM normalized_count, GTEx v8=TPM; NOT a fold change. mapping: No uveal tract in GTEx; skin used only as a melanocyte-containing surrogate"
MERTK,ACC,Adrenal_Gland,85.53,91.99,-6.45,23.0,comparable,good,1168.57,52.43,False,"rank-based within-dataset percentile among 1379 shared genes; TCGA=RSEM normalized_count, GTEx v8=TPM; NOT a fold change. mapping: Adrenocortical carcinoma vs whole adrenal gland (cortex+medulla mixed in GTEx)"
MERTK,BLCA,Bladder,66.39,76.11,-9.72,20.4,comparable,good,262.52,22.11,False,"rank-based within-dataset percentile among 1379 shared genes; TCGA=RSEM normalized_count, GTEx v8=TPM; NOT a fold change. mapping: GTEx Bladder n is small (21 donors)"
MERTK,BRCA,Breast_Mammary_Tissue,59.21,71.97,-12.76,16.2,comparable,good,179.03,18.889,False,"rank-based within-dataset percentile among 1379 shared genes; TCGA=RSEM normalized_count, GTEx v8=TPM; NOT a fold change. clean tissue-of-origin match"
MERTK,CESC,Cervix_Ectocervix,56.74,72.84,-16.1,16.0,comparable,fair,121.84,20.993,False,"rank-based within-dataset percentile among 1379 shared genes; TCGA=RSEM normalized_count, GTEx v8=TPM; NOT a fold change. mapping: GTEx cervix n very small (~5-9 donors); ecto/endo split"
MERTK,CHOL,Liver,55.0,72.92,-17.91,11.8,comparable,poor,113.78,5.719,False,"rank-based within-dataset percentile among 1379 shared genes; TCGA=RSEM normalized_count, GTEx v8=TPM; NOT a fold change. mapping: Cholangiocarcinoma arises from bile-duct epithelium; GTEx has no bile duct, Liver is hepatocyte-dominated"
MERTK,COAD,Colon_Transverse,60.08,68.78,-8.7,22.8,comparable,good,159.07,11.269,False,"rank-based within-dataset percentile among 1379 shared genes; TCGA=RSEM normalized_count, GTEx v8=TPM; NOT a fold change. clean tissue-of-origin match"
MERTK,ESCA,Esophagus_Mucosa,61.6,60.22,1.38,53.8,comparable,fair,204.04,5.066,False,"rank-based within-dataset percentile among 1379 shared genes; TCGA=RSEM normalized_count, GTEx v8=TPM; NOT a fold change. mapping: TCGA ESCA mixes squamous and adenocarcinoma; mucosa is squamous"
MERTK,GBM,Brain_Cortex,70.96,78.28,-7.32,28.4,comparable,good,604.95,12.236,False,"rank-based within-dataset percentile among 1379 shared genes; TCGA=RSEM normalized_count, GTEx v8=TPM; NOT a fold change. clean tissue-of-origin match"
MERTK,HNSC,Esophagus_Mucosa,56.31,60.22,-3.92,31.5,comparable,poor,144.08,5.066,False,"rank-based within-dataset percentile among 1379 shared genes; TCGA=RSEM normalized_count, GTEx v8=TPM; NOT a fold change. mapping: No oral/laryngeal mucosa in GTEx; esophageal squamous mucosa used as surrogate epithelium"
MERTK,KICH,Kidney_Cortex,84.95,68.06,16.9,90.1,enriched,fair,1180.54,6.363,False,"rank-based within-dataset percentile among 1379 shared genes; TCGA=RSEM normalized_count, GTEx v8=TPM; NOT a fold change. mapping: Chromophobe RCC derives from distal nephron/collecting duct"
MERTK,KIRC,Kidney_Cortex,69.22,68.06,1.16,48.4,comparable,good,493.05,6.363,False,"rank-based within-dataset percentile among 1379 shared genes; TCGA=RSEM normalized_count, GTEx v8=TPM; NOT a fold change. clean tissue-of-origin match"
MERTK,KIRP,Kidney_Cortex,66.03,68.06,-2.03,37.6,comparable,good,283.63,6.363,False,"rank-based within-dataset percentile among 1379 shared genes; TCGA=RSEM normalized_count, GTEx v8=TPM; NOT a fold change. clean tissue-of-origin match"
MERTK,LGG,Brain_Cortex,77.05,78.28,-1.23,40.6,comparable,good,792.48,12.236,False,"rank-based within-dataset percentile among 1379 shared genes; TCGA=RSEM normalized_count, GTEx v8=TPM; NOT a fold change. clean tissue-of-origin match"
MERTK,LIHC,Liver,70.3,72.92,-2.61,33.3,comparable,good,338.78,5.719,False,"rank-based within-dataset percentile among 1379 shared genes; TCGA=RSEM normalized_count, GTEx v8=TPM; NOT a fold change. clean tissue-of-origin match"
MERTK,LUAD,Lung,66.1,68.93,-2.83,37.0,comparable,good,366.54,21.695,False,"rank-based within-dataset percentile among 1379 shared genes; TCGA=RSEM normalized_count, GTEx v8=TPM; NOT a fold change. clean tissue-of-origin match"
MERTK,LUSC,Lung,71.25,68.93,2.32,61.5,comparable,good,512.8,21.695,False,"rank-based within-dataset percentile among 1379 shared genes; TCGA=RSEM normalized_count, GTEx v8=TPM; NOT a fold change. clean tissue-of-origin match"
MERTK,MESO,Lung,59.28,68.93,-9.64,19.7,comparable,poor,210.21,21.695,False,"rank-based within-dataset percentile among 1379 shared genes; TCGA=RSEM normalized_count, GTEx v8=TPM; NOT a fold change. mapping: No pleura/mesothelium in GTEx; Lung used only as an anatomic neighbour"
MERTK,OV,Ovary,67.62,75.82,-8.19,26.0,comparable,fair,345.19,20.637,False,"rank-based within-dataset percentile among 1379 shared genes; TCGA=RSEM normalized_count, GTEx v8=TPM; NOT a fold change. mapping: Most TCGA OV is high-grade serous, now thought largely fallopian-tube derived; GTEx Ovary is stroma-rich"
MERTK,PAAD,Pancreas,55.51,73.64,-18.13,10.5,comparable,good,225.99,5.434,False,"rank-based within-dataset percentile among 1379 shared genes; TCGA=RSEM normalized_count, GTEx v8=TPM; NOT a fold change. mapping: GTEx Pancreas is acinar-dominated; PDAC is ductal"
MERTK,PCPG,Adrenal_Gland,63.42,91.99,-28.57,4.4,depleted,fair,228.1,52.43,False,"rank-based within-dataset percentile among 1379 shared genes; TCGA=RSEM normalized_count, GTEx v8=TPM; NOT a fold change. mapping: Pheochromocytoma is medullary; paraganglioma is extra-adrenal"
MERTK,PRAD,Prostate,73.64,72.84,0.8,50.0,comparable,good,558.42,17.57,False,"rank-based within-dataset percentile among 1379 shared genes; TCGA=RSEM normalized_count, GTEx v8=TPM; NOT a fold change. clean tissue-of-origin match"
MERTK,READ,Colon_Sigmoid,60.3,69.65,-9.35,25.8,comparable,good,162.76,13.085,False,"rank-based within-dataset percentile among 1379 shared genes; TCGA=RSEM normalized_count, GTEx v8=TPM; NOT a fold change. clean tissue-of-origin match"
MERTK,SARC,Esophagus_Muscularis,66.9,70.88,-3.99,30.6,comparable,poor,352.71,14.57,False,"rank-based within-dataset percentile among 1379 shared genes; TCGA=RSEM normalized_count, GTEx v8=TPM; NOT a fold change. mapping: TCGA SARC is histologically heterogeneous (LMS, DDLPS, UPS); smooth muscle is a partial surrogate only"
MERTK,SKCM,Skin_Sun_Exposed_Lower_leg,57.69,60.22,-2.54,37.0,comparable,good,95.5,7.664,False,"rank-based within-dataset percentile among 1379 shared genes; TCGA=RSEM normalized_count, GTEx v8=TPM; NOT a fold change. mapping: GTEx skin is keratinocyte-dominated; melanocytes are a minor fraction"
MERTK,STAD,Stomach,62.4,77.48,-15.08,12.4,comparable,good,265.93,14.079,False,"rank-based within-dataset percentile among 1379 shared genes; TCGA=RSEM normalized_count, GTEx v8=TPM; NOT a fold change. clean tissue-of-origin match"
MERTK,TGCT,Testis,67.55,86.77,-19.22,15.6,comparable,fair,365.17,31.705,False,"rank-based within-dataset percentile among 1379 shared genes; TCGA=RSEM normalized_count, GTEx v8=TPM; NOT a fold change. mapping: Testis has extreme transcriptome breadth; germ-cell tumour vs whole testis"
MERTK,THCA,Thyroid,70.23,69.29,0.94,50.8,comparable,good,459.89,17.618,False,"rank-based within-dataset percentile among 1379 shared genes; TCGA=RSEM normalized_count, GTEx v8=TPM; NOT a fold change. clean tissue-of-origin match"
MERTK,UCEC,Uterus,67.98,70.74,-2.76,37.4,comparable,fair,305.77,19.67,False,"rank-based within-dataset percentile among 1379 shared genes; TCGA=RSEM normalized_count, GTEx v8=TPM; NOT a fold change. mapping: GTEx Uterus is myometrium-dominated; UCEC arises from endometrium"
MERTK,UCS,Uterus,66.39,70.74,-4.35,34.9,comparable,poor,343.88,19.67,False,"rank-based within-dataset percentile among 1379 shared genes; TCGA=RSEM normalized_count, GTEx v8=TPM; NOT a fold change. mapping: Carcinosarcoma is biphasic (carcinomatous+sarcomatous); no matched normal exists"
MERTK,UVM,Skin_Not_Sun_Exposed_Suprapubic,83.28,59.14,24.15,93.0,enriched,poor,760.46,6.312,False,"rank-based within-dataset percentile among 1379 shared genes; TCGA=RSEM normalized_count, GTEx v8=TPM; NOT a fold change. mapping: No uveal tract in GTEx; skin used only as a melanocyte-containing surrogate"
NCL,ACC,Adrenal_Gland,98.01,97.93,0.07,45.0,comparable,good,9171.16,177.633,False,"rank-based within-dataset percentile among 1379 shared genes; TCGA=RSEM normalized_count, GTEx v8=TPM; NOT a fold change. mapping: Adrenocortical carcinoma vs whole adrenal gland (cortex+medulla mixed in GTEx)"
NCL,BLCA,Bladder,98.22,96.7,1.52,50.5,comparable,good,12030.4,196.89,False,"rank-based within-dataset percentile among 1379 shared genes; TCGA=RSEM normalized_count, GTEx v8=TPM; NOT a fold change. mapping: GTEx Bladder n is small (21 donors)"
NCL,BRCA,Breast_Mammary_Tissue,98.01,96.92,1.09,48.9,comparable,good,12587.1,211.312,False,"rank-based within-dataset percentile among 1379 shared genes; TCGA=RSEM normalized_count, GTEx v8=TPM; NOT a fold change. clean tissue-of-origin match"
NCL,CESC,Cervix_Ectocervix,98.73,96.85,1.89,57.8,comparable,fair,12654.1,241.926,False,"rank-based within-dataset percentile among 1379 shared genes; TCGA=RSEM normalized_count, GTEx v8=TPM; NOT a fold change. mapping: GTEx cervix n very small (~5-9 donors); ecto/endo split"
NCL,CHOL,Liver,97.64,94.89,2.76,60.1,comparable,poor,11938.65,69.907,False,"rank-based within-dataset percentile among 1379 shared genes; TCGA=RSEM normalized_count, GTEx v8=TPM; NOT a fold change. mapping: Cholangiocarcinoma arises from bile-duct epithelium; GTEx has no bile duct, Liver is hepatocyte-dominated"
NCL,COAD,Colon_Transverse,98.66,97.35,1.31,49.2,comparable,good,15433.25,162.886,False,"rank-based within-dataset percentile among 1379 shared genes; TCGA=RSEM normalized_count, GTEx v8=TPM; NOT a fold change. clean tissue-of-origin match"
NCL,ESCA,Esophagus_Mucosa,98.73,97.79,0.94,51.7,comparable,fair,15896.6,217.821,False,"rank-based within-dataset percentile among 1379 shared genes; TCGA=RSEM normalized_count, GTEx v8=TPM; NOT a fold change. mapping: TCGA ESCA mixes squamous and adenocarcinoma; mucosa is squamous"
NCL,GBM,Brain_Cortex,97.35,96.63,0.73,48.0,comparable,good,8081.58,90.542,False,"rank-based within-dataset percentile among 1379 shared genes; TCGA=RSEM normalized_count, GTEx v8=TPM; NOT a fold change. clean tissue-of-origin match"
NCL,HNSC,Esophagus_Mucosa,98.08,97.79,0.29,46.5,comparable,poor,15912.55,217.821,False,"rank-based within-dataset percentile among 1379 shared genes; TCGA=RSEM normalized_count, GTEx v8=TPM; NOT a fold change. mapping: No oral/laryngeal mucosa in GTEx; esophageal squamous mucosa used as surrogate epithelium"
NCL,KICH,Kidney_Cortex,96.56,95.83,0.73,47.8,comparable,fair,6151.4,71.923,False,"rank-based within-dataset percentile among 1379 shared genes; TCGA=RSEM normalized_count, GTEx v8=TPM; NOT a fold change. mapping: Chromophobe RCC derives from distal nephron/collecting duct"
NCL,KIRC,Kidney_Cortex,96.41,95.83,0.58,47.1,comparable,good,8950.9,71.923,False,"rank-based within-dataset percentile among 1379 shared genes; TCGA=RSEM normalized_count, GTEx v8=TPM; NOT a fold change. clean tissue-of-origin match"
NCL,KIRP,Kidney_Cortex,97.06,95.83,1.23,47.9,comparable,good,7390.1,71.923,False,"rank-based within-dataset percentile among 1379 shared genes; TCGA=RSEM normalized_count, GTEx v8=TPM; NOT a fold change. clean tissue-of-origin match"
NCL,LGG,Brain_Cortex,98.66,96.63,2.03,51.0,comparable,good,11155.25,90.542,False,"rank-based within-dataset percentile among 1379 shared genes; TCGA=RSEM normalized_count, GTEx v8=TPM; NOT a fold change. clean tissue-of-origin match"
NCL,LIHC,Liver,97.21,94.89,2.32,51.1,comparable,good,9501.34,69.907,False,"rank-based within-dataset percentile among 1379 shared genes; TCGA=RSEM normalized_count, GTEx v8=TPM; NOT a fold change. clean tissue-of-origin match"
NCL,LUAD,Lung,97.93,95.4,2.54,62.3,comparable,good,11182.3,189.576,False,"rank-based within-dataset percentile among 1379 shared genes; TCGA=RSEM normalized_count, GTEx v8=TPM; NOT a fold change. clean tissue-of-origin match"
NCL,LUSC,Lung,98.44,95.4,3.05,63.5,comparable,good,14459.5,189.576,False,"rank-based within-dataset percentile among 1379 shared genes; TCGA=RSEM normalized_count, GTEx v8=TPM; NOT a fold change. clean tissue-of-origin match"
NCL,MESO,Lung,97.72,95.4,2.32,60.6,comparable,poor,13903.0,189.576,False,"rank-based within-dataset percentile among 1379 shared genes; TCGA=RSEM normalized_count, GTEx v8=TPM; NOT a fold change. mapping: No pleura/mesothelium in GTEx; Lung used only as an anatomic neighbour"
NCL,OV,Ovary,98.44,97.06,1.38,54.8,comparable,fair,15650.73,313.105,False,"rank-based within-dataset percentile among 1379 shared genes; TCGA=RSEM normalized_count, GTEx v8=TPM; NOT a fold change. mapping: Most TCGA OV is high-grade serous, now thought largely fallopian-tube derived; GTEx Ovary is stroma-rich"
NCL,PAAD,Pancreas,96.92,98.44,-1.52,39.9,comparable,good,10681.6,110.998,False,"rank-based within-dataset percentile among 1379 shared genes; TCGA=RSEM normalized_count, GTEx v8=TPM; NOT a fold change. mapping: GTEx Pancreas is acinar-dominated; PDAC is ductal"
NCL,PCPG,Adrenal_Gland,98.22,97.93,0.29,47.9,comparable,fair,11573.4,177.633,False,"rank-based within-dataset percentile among 1379 shared genes; TCGA=RSEM normalized_count, GTEx v8=TPM; NOT a fold change. mapping: Pheochromocytoma is medullary; paraganglioma is extra-adrenal"
NCL,PRAD,Prostate,98.59,96.63,1.96,53.7,comparable,good,12138.4,165.311,False,"rank-based within-dataset percentile among 1379 shared genes; TCGA=RSEM normalized_count, GTEx v8=TPM; NOT a fold change. clean tissue-of-origin match"
NCL,READ,Colon_Sigmoid,98.73,96.92,1.81,60.1,comparable,good,16659.61,193.306,False,"rank-based within-dataset percentile among 1379 shared genes; TCGA=RSEM normalized_count, GTEx v8=TPM; NOT a fold change. clean tissue-of-origin match"
NCL,SARC,Esophagus_Muscularis,97.57,96.48,1.09,45.4,comparable,poor,10907.7,175.403,False,"rank-based within-dataset percentile among 1379 shared genes; TCGA=RSEM normalized_count, GTEx v8=TPM; NOT a fold change. mapping: TCGA SARC is histologically heterogeneous (LMS, DDLPS, UPS); smooth muscle is a partial surrogate only"
NCL,SKCM,Skin_Sun_Exposed_Lower_leg,98.37,97.06,1.31,47.1,comparable,good,15161.5,220.242,False,"rank-based within-dataset percentile among 1379 shared genes; TCGA=RSEM normalized_count, GTEx v8=TPM; NOT a fold change. mapping: GTEx skin is keratinocyte-dominated; melanocytes are a minor fraction"
NCL,STAD,Stomach,98.59,97.72,0.87,54.1,comparable,good,14681.64,137.525,False,"rank-based within-dataset percentile among 1379 shared genes; TCGA=RSEM normalized_count, GTEx v8=TPM; NOT a fold change. clean tissue-of-origin match"
NCL,TGCT,Testis,99.17,98.59,0.58,49.8,comparable,fair,22621.35,178.92,False,"rank-based within-dataset percentile among 1379 shared genes; TCGA=RSEM normalized_count, GTEx v8=TPM; NOT a fold change. mapping: Testis has extreme transcriptome breadth; germ-cell tumour vs whole testis"
NCL,THCA,Thyroid,98.08,97.06,1.02,51.4,comparable,good,11514.1,212.527,False,"rank-based within-dataset percentile among 1379 shared genes; TCGA=RSEM normalized_count, GTEx v8=TPM; NOT a fold change. clean tissue-of-origin match"
NCL,UCEC,Uterus,98.59,97.43,1.16,56.1,comparable,fair,12847.8,275.713,False,"rank-based within-dataset percentile among 1379 shared genes; TCGA=RSEM normalized_count, GTEx v8=TPM; NOT a fold change. mapping: GTEx Uterus is myometrium-dominated; UCEC arises from endometrium"
NCL,UCS,Uterus,98.73,97.43,1.31,57.3,comparable,poor,18908.3,275.713,False,"rank-based within-dataset percentile among 1379 shared genes; TCGA=RSEM normalized_count, GTEx v8=TPM; NOT a fold change. mapping: Carcinosarcoma is biphasic (carcinomatous+sarcomatous); no matched normal exists"
NCL,UVM,Skin_Not_Sun_Exposed_Suprapubic,98.95,96.92,2.03,46.7,comparable,poor,17804.05,218.289,False,"rank-based within-dataset percentile among 1379 shared genes; TCGA=RSEM normalized_count, GTEx v8=TPM; NOT a fold change. mapping: No uveal tract in GTEx; skin used only as a melanocyte-containing surrogate"
NPR1,ACC,Adrenal_Gland,69.43,76.4,-6.96,21.9,comparable,good,302.54,14.019,True,"rank-based within-dataset percentile among 1379 shared genes; TCGA=RSEM normalized_count, GTEx v8=TPM; NOT a fold change. mapping: Adrenocortical carcinoma vs whole adrenal gland (cortex+medulla mixed in GTEx)"
NPR1,BLCA,Bladder,53.26,78.72,-25.45,4.8,depleted,good,78.89,25.726,True,"rank-based within-dataset percentile among 1379 shared genes; TCGA=RSEM normalized_count, GTEx v8=TPM; NOT a fold change. mapping: GTEx Bladder n is small (21 donors)"
NPR1,BRCA,Breast_Mammary_Tissue,55.58,90.9,-35.32,1.6,depleted,good,130.89,84.587,True,"rank-based within-dataset percentile among 1379 shared genes; TCGA=RSEM normalized_count, GTEx v8=TPM; NOT a fold change. clean tissue-of-origin match"
NPR1,CESC,Cervix_Ectocervix,48.91,69.51,-20.59,12.0,comparable,fair,53.7,17.497,True,"rank-based within-dataset percentile among 1379 shared genes; TCGA=RSEM normalized_count, GTEx v8=TPM; NOT a fold change. mapping: GTEx cervix n very small (~5-9 donors); ecto/endo split"
NPR1,CHOL,Liver,57.61,62.55,-4.93,30.3,comparable,poor,144.98,2.394,True,"rank-based within-dataset percentile among 1379 shared genes; TCGA=RSEM normalized_count, GTEx v8=TPM; NOT a fold change. mapping: Cholangiocarcinoma arises from bile-duct epithelium; GTEx has no bile duct, Liver is hepatocyte-dominated"
NPR1,COAD,Colon_Transverse,45.58,73.93,-28.35,4.0,depleted,good,40.12,14.778,True,"rank-based within-dataset percentile among 1379 shared genes; TCGA=RSEM normalized_count, GTEx v8=TPM; NOT a fold change. clean tissue-of-origin match"
NPR1,ESCA,Esophagus_Mucosa,49.49,63.63,-14.14,12.5,comparable,fair,68.43,6.135,True,"rank-based within-dataset percentile among 1379 shared genes; TCGA=RSEM normalized_count, GTEx v8=TPM; NOT a fold change. mapping: TCGA ESCA mixes squamous and adenocarcinoma; mucosa is squamous"
NPR1,GBM,Brain_Cortex,48.48,41.37,7.11,70.1,comparable,good,70.05,0.957,True,"rank-based within-dataset percentile among 1379 shared genes; TCGA=RSEM normalized_count, GTEx v8=TPM; NOT a fold change. clean tissue-of-origin match"
NPR1,HNSC,Esophagus_Mucosa,47.17,63.63,-16.46,9.1,depleted,poor,68.99,6.135,True,"rank-based within-dataset percentile among 1379 shared genes; TCGA=RSEM normalized_count, GTEx v8=TPM; NOT a fold change. mapping: No oral/laryngeal mucosa in GTEx; esophageal squamous mucosa used as surrogate epithelium"
NPR1,KICH,Kidney_Cortex,65.88,91.48,-25.6,5.1,depleted,fair,227.22,36.43,True,"rank-based within-dataset percentile among 1379 shared genes; TCGA=RSEM normalized_count, GTEx v8=TPM; NOT a fold change. mapping: Chromophobe RCC derives from distal nephron/collecting duct"
NPR1,KIRC,Kidney_Cortex,77.99,91.48,-13.49,15.4,comparable,good,1027.52,36.43,True,"rank-based within-dataset percentile among 1379 shared genes; TCGA=RSEM normalized_count, GTEx v8=TPM; NOT a fold change. clean tissue-of-origin match"
NPR1,KIRP,Kidney_Cortex,82.99,91.48,-8.48,22.6,comparable,good,1213.73,36.43,True,"rank-based within-dataset percentile among 1379 shared genes; TCGA=RSEM normalized_count, GTEx v8=TPM; NOT a fold change. clean tissue-of-origin match"
NPR1,LGG,Brain_Cortex,44.34,41.37,2.97,62.6,comparable,good,31.07,0.957,True,"rank-based within-dataset percentile among 1379 shared genes; TCGA=RSEM normalized_count, GTEx v8=TPM; NOT a fold change. clean tissue-of-origin match"
NPR1,LIHC,Liver,65.37,62.55,2.83,64.5,comparable,good,221.22,2.394,True,"rank-based within-dataset percentile among 1379 shared genes; TCGA=RSEM normalized_count, GTEx v8=TPM; NOT a fold change. clean tissue-of-origin match"
NPR1,LUAD,Lung,55.95,85.32,-29.37,2.5,depleted,good,169.99,60.01,True,"rank-based within-dataset percentile among 1379 shared genes; TCGA=RSEM normalized_count, GTEx v8=TPM; NOT a fold change. clean tissue-of-origin match"
NPR1,LUSC,Lung,47.17,85.32,-38.14,1.3,depleted,good,77.27,60.01,True,"rank-based within-dataset percentile among 1379 shared genes; TCGA=RSEM normalized_count, GTEx v8=TPM; NOT a fold change. clean tissue-of-origin match"
NPR1,MESO,Lung,92.2,85.32,6.89,72.7,comparable,poor,3374.19,60.01,True,"rank-based within-dataset percentile among 1379 shared genes; TCGA=RSEM normalized_count, GTEx v8=TPM; NOT a fold change. mapping: No pleura/mesothelium in GTEx; Lung used only as an anatomic neighbour"
NPR1,OV,Ovary,93.07,89.3,3.77,62.0,comparable,fair,3359.86,63.808,True,"rank-based within-dataset percentile among 1379 shared genes; TCGA=RSEM normalized_count, GTEx v8=TPM; NOT a fold change. mapping: Most TCGA OV is high-grade serous, now thought largely fallopian-tube derived; GTEx Ovary is stroma-rich"
NPR1,PAAD,Pancreas,54.64,65.16,-10.51,20.6,comparable,good,211.06,3.135,True,"rank-based within-dataset percentile among 1379 shared genes; TCGA=RSEM normalized_count, GTEx v8=TPM; NOT a fold change. mapping: GTEx Pancreas is acinar-dominated; PDAC is ductal"
NPR1,PCPG,Adrenal_Gland,73.5,76.4,-2.9,38.3,comparable,fair,505.67,14.019,True,"rank-based within-dataset percentile among 1379 shared genes; TCGA=RSEM normalized_count, GTEx v8=TPM; NOT a fold change. mapping: Pheochromocytoma is medullary; paraganglioma is extra-adrenal"
NPR1,PRAD,Prostate,51.38,60.59,-9.21,17.3,comparable,good,78.12,8.263,True,"rank-based within-dataset percentile among 1379 shared genes; TCGA=RSEM normalized_count, GTEx v8=TPM; NOT a fold change. clean tissue-of-origin match"
NPR1,READ,Colon_Sigmoid,46.88,75.09,-28.21,6.8,depleted,good,47.47,19.05,True,"rank-based within-dataset percentile among 1379 shared genes; TCGA=RSEM normalized_count, GTEx v8=TPM; NOT a fold change. clean tissue-of-origin match"
NPR1,SARC,Esophagus_Muscularis,79.01,82.05,-3.05,32.7,comparable,poor,886.81,31.944,True,"rank-based within-dataset percentile among 1379 shared genes; TCGA=RSEM normalized_count, GTEx v8=TPM; NOT a fold change. mapping: TCGA SARC is histologically heterogeneous (LMS, DDLPS, UPS); smooth muscle is a partial surrogate only"
NPR1,SKCM,Skin_Sun_Exposed_Lower_leg,54.93,64.87,-9.93,22.1,comparable,good,75.18,10.244,True,"rank-based within-dataset percentile among 1379 shared genes; TCGA=RSEM normalized_count, GTEx v8=TPM; NOT a fold change. mapping: GTEx skin is keratinocyte-dominated; melanocytes are a minor fraction"
NPR1,STAD,Stomach,51.74,70.09,-18.35,8.8,depleted,good,107.5,8.416,True,"rank-based within-dataset percentile among 1379 shared genes; TCGA=RSEM normalized_count, GTEx v8=TPM; NOT a fold change. clean tissue-of-origin match"
NPR1,TGCT,Testis,47.61,51.96,-4.35,37.5,comparable,fair,85.1,3.867,True,"rank-based within-dataset percentile among 1379 shared genes; TCGA=RSEM normalized_count, GTEx v8=TPM; NOT a fold change. mapping: Testis has extreme transcriptome breadth; germ-cell tumour vs whole testis"
NPR1,THCA,Thyroid,59.72,81.11,-21.39,3.8,depleted,good,198.01,36.001,True,"rank-based within-dataset percentile among 1379 shared genes; TCGA=RSEM normalized_count, GTEx v8=TPM; NOT a fold change. clean tissue-of-origin match"
NPR1,UCEC,Uterus,57.03,85.46,-28.43,5.1,depleted,fair,125.17,56.395,True,"rank-based within-dataset percentile among 1379 shared genes; TCGA=RSEM normalized_count, GTEx v8=TPM; NOT a fold change. mapping: GTEx Uterus is myometrium-dominated; UCEC arises from endometrium"
NPR1,UCS,Uterus,60.95,85.46,-24.51,5.5,depleted,poor,216.49,56.395,True,"rank-based within-dataset percentile among 1379 shared genes; TCGA=RSEM normalized_count, GTEx v8=TPM; NOT a fold change. mapping: Carcinosarcoma is biphasic (carcinomatous+sarcomatous); no matched normal exists"
NPR1,UVM,Skin_Not_Sun_Exposed_Suprapubic,50.36,66.39,-16.03,14.6,comparable,poor,18.56,10.63,True,"rank-based within-dataset percentile among 1379 shared genes; TCGA=RSEM normalized_count, GTEx v8=TPM; NOT a fold change. mapping: No uveal tract in GTEx; skin used only as a melanocyte-containing surrogate"
NRP1,ACC,Adrenal_Gland,91.26,76.18,15.08,92.5,enriched,good,2015.85,13.884,False,"rank-based within-dataset percentile among 1379 shared genes; TCGA=RSEM normalized_count, GTEx v8=TPM; NOT a fold change. mapping: Adrenocortical carcinoma vs whole adrenal gland (cortex+medulla mixed in GTEx)"
NRP1,BLCA,Bladder,81.33,69.29,12.04,83.9,comparable,good,942.94,13.747,False,"rank-based within-dataset percentile among 1379 shared genes; TCGA=RSEM normalized_count, GTEx v8=TPM; NOT a fold change. mapping: GTEx Bladder n is small (21 donors)"
NRP1,BRCA,Breast_Mammary_Tissue,88.51,84.95,3.55,64.6,comparable,good,1892.53,45.278,False,"rank-based within-dataset percentile among 1379 shared genes; TCGA=RSEM normalized_count, GTEx v8=TPM; NOT a fold change. clean tissue-of-origin match"
NRP1,CESC,Cervix_Ectocervix,79.22,77.27,1.96,57.9,comparable,fair,805.52,28.329,False,"rank-based within-dataset percentile among 1379 shared genes; TCGA=RSEM normalized_count, GTEx v8=TPM; NOT a fold change. mapping: GTEx cervix n very small (~5-9 donors); ecto/endo split"
NRP1,CHOL,Liver,92.71,74.29,18.42,88.9,comparable,poor,3204.68,6.62,False,"rank-based within-dataset percentile among 1379 shared genes; TCGA=RSEM normalized_count, GTEx v8=TPM; NOT a fold change. mapping: Cholangiocarcinoma arises from bile-duct epithelium; GTEx has no bile duct, Liver is hepatocyte-dominated"
NRP1,COAD,Colon_Transverse,76.03,66.97,9.06,78.6,comparable,good,660.66,9.781,False,"rank-based within-dataset percentile among 1379 shared genes; TCGA=RSEM normalized_count, GTEx v8=TPM; NOT a fold change. clean tissue-of-origin match"
NRP1,ESCA,Esophagus_Mucosa,85.97,59.93,26.03,97.5,enriched,fair,1478.89,5.021,False,"rank-based within-dataset percentile among 1379 shared genes; TCGA=RSEM normalized_count, GTEx v8=TPM; NOT a fold change. mapping: TCGA ESCA mixes squamous and adenocarcinoma; mucosa is squamous"
NRP1,GBM,Brain_Cortex,84.37,57.03,27.34,94.9,enriched,good,1452.79,3.219,False,"rank-based within-dataset percentile among 1379 shared genes; TCGA=RSEM normalized_count, GTEx v8=TPM; NOT a fold change. clean tissue-of-origin match"
NRP1,HNSC,Esophagus_Mucosa,83.36,59.93,23.42,96.2,enriched,poor,1333.46,5.021,False,"rank-based within-dataset percentile among 1379 shared genes; TCGA=RSEM normalized_count, GTEx v8=TPM; NOT a fold change. mapping: No oral/laryngeal mucosa in GTEx; esophageal squamous mucosa used as surrogate epithelium"
NRP1,KICH,Kidney_Cortex,85.53,82.49,3.05,53.3,comparable,fair,1271.83,16.869,False,"rank-based within-dataset percentile among 1379 shared genes; TCGA=RSEM normalized_count, GTEx v8=TPM; NOT a fold change. mapping: Chromophobe RCC derives from distal nephron/collecting duct"
NRP1,KIRC,Kidney_Cortex,96.99,82.49,14.5,85.9,comparable,good,10159.0,16.869,False,"rank-based within-dataset percentile among 1379 shared genes; TCGA=RSEM normalized_count, GTEx v8=TPM; NOT a fold change. clean tissue-of-origin match"
NRP1,KIRP,Kidney_Cortex,93.87,82.49,11.39,82.8,comparable,good,3665.05,16.869,False,"rank-based within-dataset percentile among 1379 shared genes; TCGA=RSEM normalized_count, GTEx v8=TPM; NOT a fold change. clean tissue-of-origin match"
NRP1,LGG,Brain_Cortex,73.28,57.03,16.24,90.8,enriched,good,584.45,3.219,False,"rank-based within-dataset percentile among 1379 shared genes; TCGA=RSEM normalized_count, GTEx v8=TPM; NOT a fold change. clean tissue-of-origin match"
NRP1,LIHC,Liver,89.52,74.29,15.23,92.6,enriched,good,2027.44,6.62,False,"rank-based within-dataset percentile among 1379 shared genes; TCGA=RSEM normalized_count, GTEx v8=TPM; NOT a fold change. clean tissue-of-origin match"
NRP1,LUAD,Lung,91.99,80.24,11.75,84.6,comparable,good,3408.98,41.473,False,"rank-based within-dataset percentile among 1379 shared genes; TCGA=RSEM normalized_count, GTEx v8=TPM; NOT a fold change. clean tissue-of-origin match"
NRP1,LUSC,Lung,83.65,80.24,3.41,64.3,comparable,good,1342.72,41.473,False,"rank-based within-dataset percentile among 1379 shared genes; TCGA=RSEM normalized_count, GTEx v8=TPM; NOT a fold change. clean tissue-of-origin match"
NRP1,MESO,Lung,81.83,80.24,1.6,51.7,comparable,poor,1286.58,41.473,False,"rank-based within-dataset percentile among 1379 shared genes; TCGA=RSEM normalized_count, GTEx v8=TPM; NOT a fold change. mapping: No pleura/mesothelium in GTEx; Lung used only as an anatomic neighbour"
NRP1,OV,Ovary,82.63,80.02,2.61,57.1,comparable,fair,1030.73,30.029,False,"rank-based within-dataset percentile among 1379 shared genes; TCGA=RSEM normalized_count, GTEx v8=TPM; NOT a fold change. mapping: Most TCGA OV is high-grade serous, now thought largely fallopian-tube derived; GTEx Ovary is stroma-rich"
NRP1,PAAD,Pancreas,90.25,75.89,14.36,85.6,comparable,good,2937.48,6.563,False,"rank-based within-dataset percentile among 1379 shared genes; TCGA=RSEM normalized_count, GTEx v8=TPM; NOT a fold change. mapping: GTEx Pancreas is acinar-dominated; PDAC is ductal"
NRP1,PCPG,Adrenal_Gland,93.22,76.18,17.04,87.7,comparable,fair,2966.83,13.884,False,"rank-based within-dataset percentile among 1379 shared genes; TCGA=RSEM normalized_count, GTEx v8=TPM; NOT a fold change. mapping: Pheochromocytoma is medullary; paraganglioma is extra-adrenal"
NRP1,PRAD,Prostate,86.84,69.58,17.26,94.1,enriched,good,1575.05,14.071,False,"rank-based within-dataset percentile among 1379 shared genes; TCGA=RSEM normalized_count, GTEx v8=TPM; NOT a fold change. clean tissue-of-origin match"
NRP1,READ,Colon_Sigmoid,74.51,74.95,-0.44,45.3,comparable,good,585.5,18.957,False,"rank-based within-dataset percentile among 1379 shared genes; TCGA=RSEM normalized_count, GTEx v8=TPM; NOT a fold change. clean tissue-of-origin match"
NRP1,SARC,Esophagus_Muscularis,93.65,73.57,20.09,95.1,enriched,poor,3839.37,17.438,False,"rank-based within-dataset percentile among 1379 shared genes; TCGA=RSEM normalized_count, GTEx v8=TPM; NOT a fold change. mapping: TCGA SARC is histologically heterogeneous (LMS, DDLPS, UPS); smooth muscle is a partial surrogate only"
NRP1,SKCM,Skin_Sun_Exposed_Lower_leg,74.22,64.94,9.28,73.4,comparable,good,470.66,10.267,False,"rank-based within-dataset percentile among 1379 shared genes; TCGA=RSEM normalized_count, GTEx v8=TPM; NOT a fold change. mapping: GTEx skin is keratinocyte-dominated; melanocytes are a minor fraction"
NRP1,STAD,Stomach,87.2,64.5,22.7,94.7,enriched,good,1700.8,6.017,False,"rank-based within-dataset percentile among 1379 shared genes; TCGA=RSEM normalized_count, GTEx v8=TPM; NOT a fold change. clean tissue-of-origin match"
NRP1,TGCT,Testis,82.2,49.71,32.49,94.3,enriched,fair,963.49,3.438,False,"rank-based within-dataset percentile among 1379 shared genes; TCGA=RSEM normalized_count, GTEx v8=TPM; NOT a fold change. mapping: Testis has extreme transcriptome breadth; germ-cell tumour vs whole testis"
NRP1,THCA,Thyroid,90.25,85.17,5.08,71.3,comparable,good,2427.1,48.29,False,"rank-based within-dataset percentile among 1379 shared genes; TCGA=RSEM normalized_count, GTEx v8=TPM; NOT a fold change. clean tissue-of-origin match"
NRP1,UCEC,Uterus,86.69,78.64,8.05,73.2,comparable,fair,1414.78,34.37,False,"rank-based within-dataset percentile among 1379 shared genes; TCGA=RSEM normalized_count, GTEx v8=TPM; NOT a fold change. mapping: GTEx Uterus is myometrium-dominated; UCEC arises from endometrium"
NRP1,UCS,Uterus,86.98,78.64,8.34,75.6,comparable,poor,1479.55,34.37,False,"rank-based within-dataset percentile among 1379 shared genes; TCGA=RSEM normalized_count, GTEx v8=TPM; NOT a fold change. mapping: Carcinosarcoma is biphasic (carcinomatous+sarcomatous); no matched normal exists"
NRP1,UVM,Skin_Not_Sun_Exposed_Suprapubic,71.68,62.62,9.06,71.7,comparable,poor,241.77,8.254,False,"rank-based within-dataset percentile among 1379 shared genes; TCGA=RSEM normalized_count, GTEx v8=TPM; NOT a fold change. mapping: No uveal tract in GTEx; skin used only as a melanocyte-containing surrogate"
NRP2,ACC,Adrenal_Gland,79.8,77.99,1.81,50.6,comparable,good,731.18,16.168,False,"rank-based within-dataset percentile among 1379 shared genes; TCGA=RSEM normalized_count, GTEx v8=TPM; NOT a fold change. mapping: Adrenocortical carcinoma vs whole adrenal gland (cortex+medulla mixed in GTEx)"
NRP2,BLCA,Bladder,72.99,82.85,-9.86,20.2,comparable,good,450.43,33.59,False,"rank-based within-dataset percentile among 1379 shared genes; TCGA=RSEM normalized_count, GTEx v8=TPM; NOT a fold change. mapping: GTEx Bladder n is small (21 donors)"
NRP2,BRCA,Breast_Mammary_Tissue,79.88,63.71,16.17,89.8,comparable,good,866.38,10.767,False,"rank-based within-dataset percentile among 1379 shared genes; TCGA=RSEM normalized_count, GTEx v8=TPM; NOT a fold change. clean tissue-of-origin match"
NRP2,CESC,Cervix_Ectocervix,76.98,71.1,5.87,67.8,comparable,fair,648.55,18.832,False,"rank-based within-dataset percentile among 1379 shared genes; TCGA=RSEM normalized_count, GTEx v8=TPM; NOT a fold change. mapping: GTEx cervix n very small (~5-9 donors); ecto/endo split"
NRP2,CHOL,Liver,69.58,50.44,19.14,89.4,comparable,poor,424.86,1.033,False,"rank-based within-dataset percentile among 1379 shared genes; TCGA=RSEM normalized_count, GTEx v8=TPM; NOT a fold change. mapping: Cholangiocarcinoma arises from bile-duct epithelium; GTEx has no bile duct, Liver is hepatocyte-dominated"
NRP2,COAD,Colon_Transverse,69.36,79.8,-10.44,19.4,comparable,good,390.02,21.755,False,"rank-based within-dataset percentile among 1379 shared genes; TCGA=RSEM normalized_count, GTEx v8=TPM; NOT a fold change. clean tissue-of-origin match"
NRP2,ESCA,Esophagus_Mucosa,79.95,62.69,17.26,92.2,enriched,fair,862.37,5.817,False,"rank-based within-dataset percentile among 1379 shared genes; TCGA=RSEM normalized_count, GTEx v8=TPM; NOT a fold change. mapping: TCGA ESCA mixes squamous and adenocarcinoma; mucosa is squamous"
NRP2,GBM,Brain_Cortex,86.26,54.13,32.12,97.0,enriched,good,1635.52,2.577,False,"rank-based within-dataset percentile among 1379 shared genes; TCGA=RSEM normalized_count, GTEx v8=TPM; NOT a fold change. clean tissue-of-origin match"
NRP2,HNSC,Esophagus_Mucosa,85.03,62.69,22.34,95.5,enriched,poor,1546.6,5.817,False,"rank-based within-dataset percentile among 1379 shared genes; TCGA=RSEM normalized_count, GTEx v8=TPM; NOT a fold change. mapping: No oral/laryngeal mucosa in GTEx; esophageal squamous mucosa used as surrogate epithelium"
NRP2,KICH,Kidney_Cortex,72.92,54.21,18.71,92.1,enriched,fair,389.71,2.337,False,"rank-based within-dataset percentile among 1379 shared genes; TCGA=RSEM normalized_count, GTEx v8=TPM; NOT a fold change. mapping: Chromophobe RCC derives from distal nephron/collecting duct"
NRP2,KIRC,Kidney_Cortex,81.11,54.21,26.9,97.2,enriched,good,1411.5,2.337,False,"rank-based within-dataset percentile among 1379 shared genes; TCGA=RSEM normalized_count, GTEx v8=TPM; NOT a fold change. clean tissue-of-origin match"
NRP2,KIRP,Kidney_Cortex,64.79,54.21,10.59,81.0,comparable,good,252.27,2.337,False,"rank-based within-dataset percentile among 1379 shared genes; TCGA=RSEM normalized_count, GTEx v8=TPM; NOT a fold change. clean tissue-of-origin match"
NRP2,LGG,Brain_Cortex,86.11,54.13,31.98,98.8,enriched,good,1387.79,2.577,False,"rank-based within-dataset percentile among 1379 shared genes; TCGA=RSEM normalized_count, GTEx v8=TPM; NOT a fold change. clean tissue-of-origin match"
NRP2,LIHC,Liver,67.77,50.44,17.33,95.0,enriched,good,273.04,1.033,False,"rank-based within-dataset percentile among 1379 shared genes; TCGA=RSEM normalized_count, GTEx v8=TPM; NOT a fold change. clean tissue-of-origin match"
NRP2,LUAD,Lung,83.58,66.61,16.97,92.2,enriched,good,1267.75,18.613,False,"rank-based within-dataset percentile among 1379 shared genes; TCGA=RSEM normalized_count, GTEx v8=TPM; NOT a fold change. clean tissue-of-origin match"
NRP2,LUSC,Lung,81.83,66.61,15.23,85.6,comparable,good,1174.52,18.613,False,"rank-based within-dataset percentile among 1379 shared genes; TCGA=RSEM normalized_count, GTEx v8=TPM; NOT a fold change. clean tissue-of-origin match"
NRP2,MESO,Lung,89.45,66.61,22.84,94.4,enriched,poor,2454.27,18.613,False,"rank-based within-dataset percentile among 1379 shared genes; TCGA=RSEM normalized_count, GTEx v8=TPM; NOT a fold change. mapping: No pleura/mesothelium in GTEx; Lung used only as an anatomic neighbour"
NRP2,OV,Ovary,83.21,86.19,-2.97,37.8,comparable,fair,1086.49,46.867,False,"rank-based within-dataset percentile among 1379 shared genes; TCGA=RSEM normalized_count, GTEx v8=TPM; NOT a fold change. mapping: Most TCGA OV is high-grade serous, now thought largely fallopian-tube derived; GTEx Ovary is stroma-rich"
NRP2,PAAD,Pancreas,83.94,40.5,43.44,99.3,enriched,good,1626.36,0.441,False,"rank-based within-dataset percentile among 1379 shared genes; TCGA=RSEM normalized_count, GTEx v8=TPM; NOT a fold change. mapping: GTEx Pancreas is acinar-dominated; PDAC is ductal"
NRP2,PCPG,Adrenal_Gland,86.4,77.99,8.41,76.2,comparable,fair,1389.05,16.168,False,"rank-based within-dataset percentile among 1379 shared genes; TCGA=RSEM normalized_count, GTEx v8=TPM; NOT a fold change. mapping: Pheochromocytoma is medullary; paraganglioma is extra-adrenal"
NRP2,PRAD,Prostate,67.33,62.33,5.0,71.8,comparable,good,335.91,9.102,False,"rank-based within-dataset percentile among 1379 shared genes; TCGA=RSEM normalized_count, GTEx v8=TPM; NOT a fold change. clean tissue-of-origin match"
NRP2,READ,Colon_Sigmoid,70.67,91.77,-21.1,11.7,comparable,good,442.86,76.561,False,"rank-based within-dataset percentile among 1379 shared genes; TCGA=RSEM normalized_count, GTEx v8=TPM; NOT a fold change. clean tissue-of-origin match"
NRP2,SARC,Esophagus_Muscularis,91.62,91.48,0.15,42.1,comparable,poor,2505.2,72.331,False,"rank-based within-dataset percentile among 1379 shared genes; TCGA=RSEM normalized_count, GTEx v8=TPM; NOT a fold change. mapping: TCGA SARC is histologically heterogeneous (LMS, DDLPS, UPS); smooth muscle is a partial surrogate only"
NRP2,SKCM,Skin_Sun_Exposed_Lower_leg,95.4,51.6,43.8,99.4,enriched,good,5317.86,4.017,False,"rank-based within-dataset percentile among 1379 shared genes; TCGA=RSEM normalized_count, GTEx v8=TPM; NOT a fold change. mapping: GTEx skin is keratinocyte-dominated; melanocytes are a minor fraction"
NRP2,STAD,Stomach,77.27,62.18,15.08,88.5,comparable,good,778.73,5.464,False,"rank-based within-dataset percentile among 1379 shared genes; TCGA=RSEM normalized_count, GTEx v8=TPM; NOT a fold change. clean tissue-of-origin match"
NRP2,TGCT,Testis,72.41,33.25,39.16,96.7,enriched,fair,498.27,1.302,False,"rank-based within-dataset percentile among 1379 shared genes; TCGA=RSEM normalized_count, GTEx v8=TPM; NOT a fold change. mapping: Testis has extreme transcriptome breadth; germ-cell tumour vs whole testis"
NRP2,THCA,Thyroid,91.91,64.87,27.05,98.4,enriched,good,2855.26,12.64,False,"rank-based within-dataset percentile among 1379 shared genes; TCGA=RSEM normalized_count, GTEx v8=TPM; NOT a fold change. clean tissue-of-origin match"
NRP2,UCEC,Uterus,77.77,84.16,-6.38,28.9,comparable,fair,691.25,52.738,False,"rank-based within-dataset percentile among 1379 shared genes; TCGA=RSEM normalized_count, GTEx v8=TPM; NOT a fold change. mapping: GTEx Uterus is myometrium-dominated; UCEC arises from endometrium"
NRP2,UCS,Uterus,83.21,84.16,-0.94,43.7,comparable,poor,1135.64,52.738,False,"rank-based within-dataset percentile among 1379 shared genes; TCGA=RSEM normalized_count, GTEx v8=TPM; NOT a fold change. mapping: Carcinosarcoma is biphasic (carcinomatous+sarcomatous); no matched normal exists"
NRP2,UVM,Skin_Not_Sun_Exposed_Suprapubic,93.65,49.06,44.6,98.9,enriched,poor,3352.14,3.008,False,"rank-based within-dataset percentile among 1379 shared genes; TCGA=RSEM normalized_count, GTEx v8=TPM; NOT a fold change. mapping: No uveal tract in GTEx; skin used only as a melanocyte-containing surrogate"
NTRK1,ACC,Adrenal_Gland,23.13,40.5,-17.37,8.2,depleted,good,0.76,0.738,False,"rank-based within-dataset percentile among 1379 shared genes; TCGA=RSEM normalized_count, GTEx v8=TPM; NOT a fold change. mapping: Adrenocortical carcinoma vs whole adrenal gland (cortex+medulla mixed in GTEx)"
NTRK1,BLCA,Bladder,25.42,31.44,-6.02,28.4,comparable,good,2.91,0.592,False,"rank-based within-dataset percentile among 1379 shared genes; TCGA=RSEM normalized_count, GTEx v8=TPM; NOT a fold change. mapping: GTEx Bladder n is small (21 donors)"
NTRK1,BRCA,Breast_Mammary_Tissue,28.9,31.65,-2.76,36.8,comparable,good,4.93,0.67,False,"rank-based within-dataset percentile among 1379 shared genes; TCGA=RSEM normalized_count, GTEx v8=TPM; NOT a fold change. clean tissue-of-origin match"
NTRK1,CESC,Cervix_Ectocervix,30.24,41.08,-10.84,22.6,comparable,fair,4.85,1.498,False,"rank-based within-dataset percentile among 1379 shared genes; TCGA=RSEM normalized_count, GTEx v8=TPM; NOT a fold change. mapping: GTEx cervix n very small (~5-9 donors); ecto/endo split"
NTRK1,CHOL,Liver,20.7,32.16,-11.46,19.1,comparable,poor,1.16,0.17,False,"rank-based within-dataset percentile among 1379 shared genes; TCGA=RSEM normalized_count, GTEx v8=TPM; NOT a fold change. mapping: Cholangiocarcinoma arises from bile-duct epithelium; GTEx has no bile duct, Liver is hepatocyte-dominated"
NTRK1,COAD,Colon_Transverse,25.27,33.83,-8.56,23.0,comparable,good,2.55,0.885,False,"rank-based within-dataset percentile among 1379 shared genes; TCGA=RSEM normalized_count, GTEx v8=TPM; NOT a fold change. clean tissue-of-origin match"
NTRK1,ESCA,Esophagus_Mucosa,22.88,28.9,-6.02,25.5,comparable,fair,2.3,0.377,False,"rank-based within-dataset percentile among 1379 shared genes; TCGA=RSEM normalized_count, GTEx v8=TPM; NOT a fold change. mapping: TCGA ESCA mixes squamous and adenocarcinoma; mucosa is squamous"
NTRK1,GBM,Brain_Cortex,32.52,32.38,0.15,45.9,comparable,good,9.69,0.375,False,"rank-based within-dataset percentile among 1379 shared genes; TCGA=RSEM normalized_count, GTEx v8=TPM; NOT a fold change. clean tissue-of-origin match"
NTRK1,HNSC,Esophagus_Mucosa,32.02,28.9,3.12,64.9,comparable,poor,9.56,0.377,False,"rank-based within-dataset percentile among 1379 shared genes; TCGA=RSEM normalized_count, GTEx v8=TPM; NOT a fold change. mapping: No oral/laryngeal mucosa in GTEx; esophageal squamous mucosa used as surrogate epithelium"
NTRK1,KICH,Kidney_Cortex,20.85,57.11,-36.26,2.1,depleted,fair,0.52,2.908,False,"rank-based within-dataset percentile among 1379 shared genes; TCGA=RSEM normalized_count, GTEx v8=TPM; NOT a fold change. mapping: Chromophobe RCC derives from distal nephron/collecting duct"
NTRK1,KIRC,Kidney_Cortex,24.76,57.11,-32.34,2.5,depleted,good,2.57,2.908,False,"rank-based within-dataset percentile among 1379 shared genes; TCGA=RSEM normalized_count, GTEx v8=TPM; NOT a fold change. clean tissue-of-origin match"
NTRK1,KIRP,Kidney_Cortex,27.08,57.11,-30.02,2.5,depleted,good,2.32,2.908,False,"rank-based within-dataset percentile among 1379 shared genes; TCGA=RSEM normalized_count, GTEx v8=TPM; NOT a fold change. clean tissue-of-origin match"
NTRK1,LGG,Brain_Cortex,33.9,32.38,1.52,49.5,comparable,good,7.39,0.375,False,"rank-based within-dataset percentile among 1379 shared genes; TCGA=RSEM normalized_count, GTEx v8=TPM; NOT a fold change. clean tissue-of-origin match"
NTRK1,LIHC,Liver,22.81,32.16,-9.35,17.3,comparable,good,0.94,0.17,False,"rank-based within-dataset percentile among 1379 shared genes; TCGA=RSEM normalized_count, GTEx v8=TPM; NOT a fold change. clean tissue-of-origin match"
NTRK1,LUAD,Lung,26.79,37.82,-11.02,15.8,comparable,good,6.49,1.834,False,"rank-based within-dataset percentile among 1379 shared genes; TCGA=RSEM normalized_count, GTEx v8=TPM; NOT a fold change. clean tissue-of-origin match"
NTRK1,LUSC,Lung,26.0,37.82,-11.82,18.3,comparable,good,5.94,1.834,False,"rank-based within-dataset percentile among 1379 shared genes; TCGA=RSEM normalized_count, GTEx v8=TPM; NOT a fold change. clean tissue-of-origin match"
NTRK1,MESO,Lung,31.51,37.82,-6.31,27.1,comparable,poor,8.67,1.834,False,"rank-based within-dataset percentile among 1379 shared genes; TCGA=RSEM normalized_count, GTEx v8=TPM; NOT a fold change. mapping: No pleura/mesothelium in GTEx; Lung used only as an anatomic neighbour"
NTRK1,OV,Ovary,20.27,24.62,-4.35,33.9,comparable,fair,1.74,0.154,False,"rank-based within-dataset percentile among 1379 shared genes; TCGA=RSEM normalized_count, GTEx v8=TPM; NOT a fold change. mapping: Most TCGA OV is high-grade serous, now thought largely fallopian-tube derived; GTEx Ovary is stroma-rich"
NTRK1,PAAD,Pancreas,28.32,42.02,-13.71,16.3,comparable,good,12.23,0.505,False,"rank-based within-dataset percentile among 1379 shared genes; TCGA=RSEM normalized_count, GTEx v8=TPM; NOT a fold change. mapping: GTEx Pancreas is acinar-dominated; PDAC is ductal"
NTRK1,PCPG,Adrenal_Gland,89.23,40.5,48.73,98.5,enriched,fair,1862.77,0.738,False,"rank-based within-dataset percentile among 1379 shared genes; TCGA=RSEM normalized_count, GTEx v8=TPM; NOT a fold change. mapping: Pheochromocytoma is medullary; paraganglioma is extra-adrenal"
NTRK1,PRAD,Prostate,30.06,54.71,-24.66,2.1,depleted,good,6.63,5.674,False,"rank-based within-dataset percentile among 1379 shared genes; TCGA=RSEM normalized_count, GTEx v8=TPM; NOT a fold change. clean tissue-of-origin match"
NTRK1,READ,Colon_Sigmoid,25.05,51.16,-26.11,7.8,depleted,good,2.58,3.127,False,"rank-based within-dataset percentile among 1379 shared genes; TCGA=RSEM normalized_count, GTEx v8=TPM; NOT a fold change. clean tissue-of-origin match"
NTRK1,SARC,Esophagus_Muscularis,42.17,47.46,-5.29,26.4,comparable,poor,24.46,2.105,False,"rank-based within-dataset percentile among 1379 shared genes; TCGA=RSEM normalized_count, GTEx v8=TPM; NOT a fold change. mapping: TCGA SARC is histologically heterogeneous (LMS, DDLPS, UPS); smooth muscle is a partial surrogate only"
NTRK1,SKCM,Skin_Sun_Exposed_Lower_leg,32.67,18.75,13.92,82.0,comparable,good,5.18,0.111,False,"rank-based within-dataset percentile among 1379 shared genes; TCGA=RSEM normalized_count, GTEx v8=TPM; NOT a fold change. mapping: GTEx skin is keratinocyte-dominated; melanocytes are a minor fraction"
NTRK1,STAD,Stomach,24.11,36.87,-12.76,16.0,comparable,good,3.27,0.765,False,"rank-based within-dataset percentile among 1379 shared genes; TCGA=RSEM normalized_count, GTEx v8=TPM; NOT a fold change. clean tissue-of-origin match"
NTRK1,TGCT,Testis,27.16,55.44,-28.28,8.3,depleted,fair,10.2,4.905,False,"rank-based within-dataset percentile among 1379 shared genes; TCGA=RSEM normalized_count, GTEx v8=TPM; NOT a fold change. mapping: Testis has extreme transcriptome breadth; germ-cell tumour vs whole testis"
NTRK1,THCA,Thyroid,18.31,36.22,-17.91,6.3,depleted,good,0.68,0.971,False,"rank-based within-dataset percentile among 1379 shared genes; TCGA=RSEM normalized_count, GTEx v8=TPM; NOT a fold change. clean tissue-of-origin match"
NTRK1,UCEC,Uterus,26.72,52.54,-25.82,6.9,depleted,fair,3.99,3.682,False,"rank-based within-dataset percentile among 1379 shared genes; TCGA=RSEM normalized_count, GTEx v8=TPM; NOT a fold change. mapping: GTEx Uterus is myometrium-dominated; UCEC arises from endometrium"
NTRK1,UCS,Uterus,45.14,52.54,-7.4,28.0,comparable,poor,51.87,3.682,False,"rank-based within-dataset percentile among 1379 shared genes; TCGA=RSEM normalized_count, GTEx v8=TPM; NOT a fold change. mapping: Carcinosarcoma is biphasic (carcinomatous+sarcomatous); no matched normal exists"
NTRK1,UVM,Skin_Not_Sun_Exposed_Suprapubic,36.58,18.96,17.62,86.5,comparable,poor,2.82,0.114,False,"rank-based within-dataset percentile among 1379 shared genes; TCGA=RSEM normalized_count, GTEx v8=TPM; NOT a fold change. mapping: No uveal tract in GTEx; skin used only as a melanocyte-containing surrogate"
NTRK2,ACC,Adrenal_Gland,43.26,36.58,6.67,76.5,comparable,good,13.41,0.493,False,"rank-based within-dataset percentile among 1379 shared genes; TCGA=RSEM normalized_count, GTEx v8=TPM; NOT a fold change. mapping: Adrenocortical carcinoma vs whole adrenal gland (cortex+medulla mixed in GTEx)"
NTRK2,BLCA,Bladder,43.04,45.5,-2.47,38.1,comparable,good,24.77,2.34,False,"rank-based within-dataset percentile among 1379 shared genes; TCGA=RSEM normalized_count, GTEx v8=TPM; NOT a fold change. mapping: GTEx Bladder n is small (21 donors)"
NTRK2,BRCA,Breast_Mammary_Tissue,69.65,69.0,0.65,47.9,comparable,good,417.38,15.226,False,"rank-based within-dataset percentile among 1379 shared genes; TCGA=RSEM normalized_count, GTEx v8=TPM; NOT a fold change. clean tissue-of-origin match"
NTRK2,CESC,Cervix_Ectocervix,56.45,57.32,-0.87,41.8,comparable,fair,119.89,6.539,False,"rank-based within-dataset percentile among 1379 shared genes; TCGA=RSEM normalized_count, GTEx v8=TPM; NOT a fold change. mapping: GTEx cervix n very small (~5-9 donors); ecto/endo split"
NTRK2,CHOL,Liver,53.99,31.87,22.12,92.0,enriched,poor,106.0,0.167,False,"rank-based within-dataset percentile among 1379 shared genes; TCGA=RSEM normalized_count, GTEx v8=TPM; NOT a fold change. mapping: Cholangiocarcinoma arises from bile-duct epithelium; GTEx has no bile duct, Liver is hepatocyte-dominated"
NTRK2,COAD,Colon_Transverse,45.07,37.6,7.47,74.5,comparable,good,37.69,1.239,False,"rank-based within-dataset percentile among 1379 shared genes; TCGA=RSEM normalized_count, GTEx v8=TPM; NOT a fold change. clean tissue-of-origin match"
NTRK2,ESCA,Esophagus_Mucosa,65.59,50.58,15.01,89.0,comparable,fair,263.4,2.373,False,"rank-based within-dataset percentile among 1379 shared genes; TCGA=RSEM normalized_count, GTEx v8=TPM; NOT a fold change. mapping: TCGA ESCA mixes squamous and adenocarcinoma; mucosa is squamous"
NTRK2,GBM,Brain_Cortex,97.5,95.76,1.74,51.1,comparable,good,8523.88,74.242,False,"rank-based within-dataset percentile among 1379 shared genes; TCGA=RSEM normalized_count, GTEx v8=TPM; NOT a fold change. clean tissue-of-origin match"
NTRK2,HNSC,Esophagus_Mucosa,74.51,50.58,23.93,96.3,enriched,poor,630.02,2.373,False,"rank-based within-dataset percentile among 1379 shared genes; TCGA=RSEM normalized_count, GTEx v8=TPM; NOT a fold change. mapping: No oral/laryngeal mucosa in GTEx; esophageal squamous mucosa used as surrogate epithelium"
NTRK2,KICH,Kidney_Cortex,50.8,48.4,2.39,51.4,comparable,fair,42.93,1.527,False,"rank-based within-dataset percentile among 1379 shared genes; TCGA=RSEM normalized_count, GTEx v8=TPM; NOT a fold change. mapping: Chromophobe RCC derives from distal nephron/collecting duct"
NTRK2,KIRC,Kidney_Cortex,67.48,48.4,19.07,92.7,enriched,good,447.58,1.527,False,"rank-based within-dataset percentile among 1379 shared genes; TCGA=RSEM normalized_count, GTEx v8=TPM; NOT a fold change. clean tissue-of-origin match"
NTRK2,KIRP,Kidney_Cortex,57.9,48.4,9.5,78.4,comparable,good,126.22,1.527,False,"rank-based within-dataset percentile among 1379 shared genes; TCGA=RSEM normalized_count, GTEx v8=TPM; NOT a fold change. clean tissue-of-origin match"
NTRK2,LGG,Brain_Cortex,99.6,95.76,3.84,64.6,comparable,good,35977.35,74.242,False,"rank-based within-dataset percentile among 1379 shared genes; TCGA=RSEM normalized_count, GTEx v8=TPM; NOT a fold change. clean tissue-of-origin match"
NTRK2,LIHC,Liver,41.23,31.87,9.35,81.8,comparable,good,14.49,0.167,False,"rank-based within-dataset percentile among 1379 shared genes; TCGA=RSEM normalized_count, GTEx v8=TPM; NOT a fold change. clean tissue-of-origin match"
NTRK2,LUAD,Lung,42.24,37.45,4.79,67.9,comparable,good,43.28,1.77,False,"rank-based within-dataset percentile among 1379 shared genes; TCGA=RSEM normalized_count, GTEx v8=TPM; NOT a fold change. clean tissue-of-origin match"
NTRK2,LUSC,Lung,93.44,37.45,55.98,99.6,enriched,good,3907.35,1.77,False,"rank-based within-dataset percentile among 1379 shared genes; TCGA=RSEM normalized_count, GTEx v8=TPM; NOT a fold change. clean tissue-of-origin match"
NTRK2,MESO,Lung,45.14,37.45,7.69,74.2,comparable,poor,57.98,1.77,False,"rank-based within-dataset percentile among 1379 shared genes; TCGA=RSEM normalized_count, GTEx v8=TPM; NOT a fold change. mapping: No pleura/mesothelium in GTEx; Lung used only as an anatomic neighbour"
NTRK2,OV,Ovary,47.46,57.25,-9.79,23.1,comparable,fair,59.57,4.809,False,"rank-based within-dataset percentile among 1379 shared genes; TCGA=RSEM normalized_count, GTEx v8=TPM; NOT a fold change. mapping: Most TCGA OV is high-grade serous, now thought largely fallopian-tube derived; GTEx Ovary is stroma-rich"
NTRK2,PAAD,Pancreas,64.07,62.84,1.23,55.1,comparable,good,404.38,2.51,False,"rank-based within-dataset percentile among 1379 shared genes; TCGA=RSEM normalized_count, GTEx v8=TPM; NOT a fold change. mapping: GTEx Pancreas is acinar-dominated; PDAC is ductal"
NTRK2,PCPG,Adrenal_Gland,60.37,36.58,23.79,92.0,enriched,fair,178.38,0.493,False,"rank-based within-dataset percentile among 1379 shared genes; TCGA=RSEM normalized_count, GTEx v8=TPM; NOT a fold change. mapping: Pheochromocytoma is medullary; paraganglioma is extra-adrenal"
NTRK2,PRAD,Prostate,57.83,37.96,19.87,95.9,enriched,good,144.75,1.631,False,"rank-based within-dataset percentile among 1379 shared genes; TCGA=RSEM normalized_count, GTEx v8=TPM; NOT a fold change. clean tissue-of-origin match"
NTRK2,READ,Colon_Sigmoid,47.75,45.0,2.76,61.9,comparable,good,55.09,1.719,False,"rank-based within-dataset percentile among 1379 shared genes; TCGA=RSEM normalized_count, GTEx v8=TPM; NOT a fold change. clean tissue-of-origin match"
NTRK2,SARC,Esophagus_Muscularis,62.76,44.63,18.13,93.4,enriched,poor,249.43,1.649,False,"rank-based within-dataset percentile among 1379 shared genes; TCGA=RSEM normalized_count, GTEx v8=TPM; NOT a fold change. mapping: TCGA SARC is histologically heterogeneous (LMS, DDLPS, UPS); smooth muscle is a partial surrogate only"
NTRK2,SKCM,Skin_Sun_Exposed_Lower_leg,51.23,56.89,-5.66,30.0,comparable,good,49.97,5.835,False,"rank-based within-dataset percentile among 1379 shared genes; TCGA=RSEM normalized_count, GTEx v8=TPM; NOT a fold change. mapping: GTEx skin is keratinocyte-dominated; melanocytes are a minor fraction"
NTRK2,STAD,Stomach,47.82,31.65,16.17,89.8,comparable,good,78.74,0.448,False,"rank-based within-dataset percentile among 1379 shared genes; TCGA=RSEM normalized_count, GTEx v8=TPM; NOT a fold change. clean tissue-of-origin match"
NTRK2,TGCT,Testis,48.62,28.25,20.38,85.9,comparable,fair,91.7,0.981,False,"rank-based within-dataset percentile among 1379 shared genes; TCGA=RSEM normalized_count, GTEx v8=TPM; NOT a fold change. mapping: Testis has extreme transcriptome breadth; germ-cell tumour vs whole testis"
NTRK2,THCA,Thyroid,97.5,80.67,16.82,93.3,enriched,good,10225.8,35.216,False,"rank-based within-dataset percentile among 1379 shared genes; TCGA=RSEM normalized_count, GTEx v8=TPM; NOT a fold change. clean tissue-of-origin match"
NTRK2,UCEC,Uterus,48.4,50.15,-1.74,40.1,comparable,fair,58.8,3.156,False,"rank-based within-dataset percentile among 1379 shared genes; TCGA=RSEM normalized_count, GTEx v8=TPM; NOT a fold change. mapping: GTEx Uterus is myometrium-dominated; UCEC arises from endometrium"
NTRK2,UCS,Uterus,63.34,50.15,13.2,83.5,comparable,poor,273.48,3.156,False,"rank-based within-dataset percentile among 1379 shared genes; TCGA=RSEM normalized_count, GTEx v8=TPM; NOT a fold change. mapping: Carcinosarcoma is biphasic (carcinomatous+sarcomatous); no matched normal exists"
NTRK2,UVM,Skin_Not_Sun_Exposed_Suprapubic,57.47,53.77,3.7,50.1,comparable,poor,44.11,4.263,False,"rank-based within-dataset percentile among 1379 shared genes; TCGA=RSEM normalized_count, GTEx v8=TPM; NOT a fold change. mapping: No uveal tract in GTEx; skin used only as a melanocyte-containing surrogate"
NTRK3,ACC,Adrenal_Gland,34.92,37.53,-2.61,35.1,comparable,good,4.33,0.547,False,"rank-based within-dataset percentile among 1379 shared genes; TCGA=RSEM normalized_count, GTEx v8=TPM; NOT a fold change. mapping: Adrenocortical carcinoma vs whole adrenal gland (cortex+medulla mixed in GTEx)"
NTRK3,BLCA,Bladder,24.18,47.39,-23.21,6.1,depleted,good,2.19,2.688,False,"rank-based within-dataset percentile among 1379 shared genes; TCGA=RSEM normalized_count, GTEx v8=TPM; NOT a fold change. mapping: GTEx Bladder n is small (21 donors)"
NTRK3,BRCA,Breast_Mammary_Tissue,40.86,47.17,-6.31,27.1,comparable,good,27.09,2.691,False,"rank-based within-dataset percentile among 1379 shared genes; TCGA=RSEM normalized_count, GTEx v8=TPM; NOT a fold change. clean tissue-of-origin match"
NTRK3,CESC,Cervix_Ectocervix,23.1,51.31,-28.21,6.5,depleted,fair,1.61,3.846,False,"rank-based within-dataset percentile among 1379 shared genes; TCGA=RSEM normalized_count, GTEx v8=TPM; NOT a fold change. mapping: GTEx cervix n very small (~5-9 donors); ecto/endo split"
NTRK3,CHOL,Liver,29.84,27.59,2.25,58.8,comparable,poor,5.55,0.112,False,"rank-based within-dataset percentile among 1379 shared genes; TCGA=RSEM normalized_count, GTEx v8=TPM; NOT a fold change. mapping: Cholangiocarcinoma arises from bile-duct epithelium; GTEx has no bile duct, Liver is hepatocyte-dominated"
NTRK3,COAD,Colon_Transverse,21.57,32.45,-10.88,18.6,comparable,good,1.34,0.756,False,"rank-based within-dataset percentile among 1379 shared genes; TCGA=RSEM normalized_count, GTEx v8=TPM; NOT a fold change. clean tissue-of-origin match"
NTRK3,ESCA,Esophagus_Mucosa,21.65,28.68,-7.03,23.8,comparable,fair,1.78,0.35,False,"rank-based within-dataset percentile among 1379 shared genes; TCGA=RSEM normalized_count, GTEx v8=TPM; NOT a fold change. mapping: TCGA ESCA mixes squamous and adenocarcinoma; mucosa is squamous"
NTRK3,GBM,Brain_Cortex,78.93,72.19,6.74,69.3,comparable,good,933.75,8.295,False,"rank-based within-dataset percentile among 1379 shared genes; TCGA=RSEM normalized_count, GTEx v8=TPM; NOT a fold change. clean tissue-of-origin match"
NTRK3,HNSC,Esophagus_Mucosa,24.62,28.68,-4.06,31.1,comparable,poor,3.3,0.35,False,"rank-based within-dataset percentile among 1379 shared genes; TCGA=RSEM normalized_count, GTEx v8=TPM; NOT a fold change. mapping: No oral/laryngeal mucosa in GTEx; esophageal squamous mucosa used as surrogate epithelium"
NTRK3,KICH,Kidney_Cortex,39.34,39.92,-0.58,43.6,comparable,fair,9.01,0.773,False,"rank-based within-dataset percentile among 1379 shared genes; TCGA=RSEM normalized_count, GTEx v8=TPM; NOT a fold change. mapping: Chromophobe RCC derives from distal nephron/collecting duct"
NTRK3,KIRC,Kidney_Cortex,41.44,39.92,1.52,49.5,comparable,good,35.87,0.773,False,"rank-based within-dataset percentile among 1379 shared genes; TCGA=RSEM normalized_count, GTEx v8=TPM; NOT a fold change. clean tissue-of-origin match"
NTRK3,KIRP,Kidney_Cortex,41.15,39.92,1.23,47.9,comparable,good,16.39,0.773,False,"rank-based within-dataset percentile among 1379 shared genes; TCGA=RSEM normalized_count, GTEx v8=TPM; NOT a fold change. clean tissue-of-origin match"
NTRK3,LGG,Brain_Cortex,85.46,72.19,13.27,85.7,comparable,good,1301.28,8.295,False,"rank-based within-dataset percentile among 1379 shared genes; TCGA=RSEM normalized_count, GTEx v8=TPM; NOT a fold change. clean tissue-of-origin match"
NTRK3,LIHC,Liver,28.03,27.59,0.44,44.5,comparable,good,1.94,0.112,False,"rank-based within-dataset percentile among 1379 shared genes; TCGA=RSEM normalized_count, GTEx v8=TPM; NOT a fold change. clean tissue-of-origin match"
NTRK3,LUAD,Lung,28.1,39.12,-11.02,15.8,comparable,good,7.72,2.142,False,"rank-based within-dataset percentile among 1379 shared genes; TCGA=RSEM normalized_count, GTEx v8=TPM; NOT a fold change. clean tissue-of-origin match"
NTRK3,LUSC,Lung,24.04,39.12,-15.08,14.2,comparable,good,4.18,2.142,False,"rank-based within-dataset percentile among 1379 shared genes; TCGA=RSEM normalized_count, GTEx v8=TPM; NOT a fold change. clean tissue-of-origin match"
NTRK3,MESO,Lung,42.02,39.12,2.9,62.8,comparable,poor,36.45,2.142,False,"rank-based within-dataset percentile among 1379 shared genes; TCGA=RSEM normalized_count, GTEx v8=TPM; NOT a fold change. mapping: No pleura/mesothelium in GTEx; Lung used only as an anatomic neighbour"
NTRK3,OV,Ovary,28.68,42.17,-13.49,18.1,comparable,fair,6.28,1.043,False,"rank-based within-dataset percentile among 1379 shared genes; TCGA=RSEM normalized_count, GTEx v8=TPM; NOT a fold change. mapping: Most TCGA OV is high-grade serous, now thought largely fallopian-tube derived; GTEx Ovary is stroma-rich"
NTRK3,PAAD,Pancreas,30.2,25.2,5.0,66.3,comparable,good,14.63,0.077,False,"rank-based within-dataset percentile among 1379 shared genes; TCGA=RSEM normalized_count, GTEx v8=TPM; NOT a fold change. mapping: GTEx Pancreas is acinar-dominated; PDAC is ductal"
NTRK3,PCPG,Adrenal_Gland,53.92,37.53,16.39,87.2,comparable,fair,87.24,0.547,False,"rank-based within-dataset percentile among 1379 shared genes; TCGA=RSEM normalized_count, GTEx v8=TPM; NOT a fold change. mapping: Pheochromocytoma is medullary; paraganglioma is extra-adrenal"
NTRK3,PRAD,Prostate,43.47,46.59,-3.12,34.5,comparable,good,35.58,3.021,False,"rank-based within-dataset percentile among 1379 shared genes; TCGA=RSEM normalized_count, GTEx v8=TPM; NOT a fold change. clean tissue-of-origin match"
NTRK3,READ,Colon_Sigmoid,23.6,39.12,-15.52,17.1,comparable,good,2.04,1.044,False,"rank-based within-dataset percentile among 1379 shared genes; TCGA=RSEM normalized_count, GTEx v8=TPM; NOT a fold change. clean tissue-of-origin match"
NTRK3,SARC,Esophagus_Muscularis,48.26,37.67,10.59,81.1,comparable,poor,46.64,0.779,False,"rank-based within-dataset percentile among 1379 shared genes; TCGA=RSEM normalized_count, GTEx v8=TPM; NOT a fold change. mapping: TCGA SARC is histologically heterogeneous (LMS, DDLPS, UPS); smooth muscle is a partial surrogate only"
NTRK3,SKCM,Skin_Sun_Exposed_Lower_leg,27.59,41.52,-13.92,16.1,comparable,good,2.21,1.615,False,"rank-based within-dataset percentile among 1379 shared genes; TCGA=RSEM normalized_count, GTEx v8=TPM; NOT a fold change. mapping: GTEx skin is keratinocyte-dominated; melanocytes are a minor fraction"
NTRK3,STAD,Stomach,27.23,34.26,-7.03,27.3,comparable,good,5.45,0.592,False,"rank-based within-dataset percentile among 1379 shared genes; TCGA=RSEM normalized_count, GTEx v8=TPM; NOT a fold change. clean tissue-of-origin match"
NTRK3,TGCT,Testis,56.24,44.92,11.31,73.2,comparable,fair,172.06,2.59,False,"rank-based within-dataset percentile among 1379 shared genes; TCGA=RSEM normalized_count, GTEx v8=TPM; NOT a fold change. mapping: Testis has extreme transcriptome breadth; germ-cell tumour vs whole testis"
NTRK3,THCA,Thyroid,52.54,36.66,15.88,92.2,enriched,good,85.99,1.014,False,"rank-based within-dataset percentile among 1379 shared genes; TCGA=RSEM normalized_count, GTEx v8=TPM; NOT a fold change. clean tissue-of-origin match"
NTRK3,UCEC,Uterus,29.48,54.64,-25.16,7.3,depleted,fair,6.38,4.548,False,"rank-based within-dataset percentile among 1379 shared genes; TCGA=RSEM normalized_count, GTEx v8=TPM; NOT a fold change. mapping: GTEx Uterus is myometrium-dominated; UCEC arises from endometrium"
NTRK3,UCS,Uterus,37.53,54.64,-17.11,11.3,comparable,poor,23.9,4.548,False,"rank-based within-dataset percentile among 1379 shared genes; TCGA=RSEM normalized_count, GTEx v8=TPM; NOT a fold change. mapping: Carcinosarcoma is biphasic (carcinomatous+sarcomatous); no matched normal exists"
NTRK3,UVM,Skin_Not_Sun_Exposed_Suprapubic,42.31,38.11,4.21,51.9,comparable,poor,6.33,1.01,False,"rank-based within-dataset percentile among 1379 shared genes; TCGA=RSEM normalized_count, GTEx v8=TPM; NOT a fold change. mapping: No uveal tract in GTEx; skin used only as a melanocyte-containing surrogate"
PARD3,ACC,Adrenal_Gland,76.11,78.14,-2.03,36.7,comparable,good,512.4,16.305,False,"rank-based within-dataset percentile among 1379 shared genes; TCGA=RSEM normalized_count, GTEx v8=TPM; NOT a fold change. mapping: Adrenocortical carcinoma vs whole adrenal gland (cortex+medulla mixed in GTEx)"
PARD3,BLCA,Bladder,83.28,83.65,-0.36,44.2,comparable,good,1086.42,35.606,False,"rank-based within-dataset percentile among 1379 shared genes; TCGA=RSEM normalized_count, GTEx v8=TPM; NOT a fold change. mapping: GTEx Bladder n is small (21 donors)"
PARD3,BRCA,Breast_Mammary_Tissue,78.28,72.99,5.29,69.0,comparable,good,769.39,20.024,False,"rank-based within-dataset percentile among 1379 shared genes; TCGA=RSEM normalized_count, GTEx v8=TPM; NOT a fold change. clean tissue-of-origin match"
PARD3,CESC,Cervix_Ectocervix,85.1,79.08,6.02,68.1,comparable,fair,1264.26,32.212,False,"rank-based within-dataset percentile among 1379 shared genes; TCGA=RSEM normalized_count, GTEx v8=TPM; NOT a fold change. mapping: GTEx cervix n very small (~5-9 donors); ecto/endo split"
PARD3,CHOL,Liver,85.97,74.8,11.17,78.5,comparable,poor,1513.87,6.958,False,"rank-based within-dataset percentile among 1379 shared genes; TCGA=RSEM normalized_count, GTEx v8=TPM; NOT a fold change. mapping: Cholangiocarcinoma arises from bile-duct epithelium; GTEx has no bile duct, Liver is hepatocyte-dominated"
PARD3,COAD,Colon_Transverse,78.57,78.64,-0.07,45.1,comparable,good,828.26,20.418,False,"rank-based within-dataset percentile among 1379 shared genes; TCGA=RSEM normalized_count, GTEx v8=TPM; NOT a fold change. clean tissue-of-origin match"
PARD3,ESCA,Esophagus_Mucosa,83.72,88.14,-4.42,29.8,comparable,fair,1276.14,41.613,False,"rank-based within-dataset percentile among 1379 shared genes; TCGA=RSEM normalized_count, GTEx v8=TPM; NOT a fold change. mapping: TCGA ESCA mixes squamous and adenocarcinoma; mucosa is squamous"
PARD3,GBM,Brain_Cortex,64.07,63.49,0.58,47.4,comparable,good,350.69,5.026,False,"rank-based within-dataset percentile among 1379 shared genes; TCGA=RSEM normalized_count, GTEx v8=TPM; NOT a fold change. clean tissue-of-origin match"
PARD3,HNSC,Esophagus_Mucosa,84.37,88.14,-3.77,32.1,comparable,poor,1460.07,41.613,False,"rank-based within-dataset percentile among 1379 shared genes; TCGA=RSEM normalized_count, GTEx v8=TPM; NOT a fold change. mapping: No oral/laryngeal mucosa in GTEx; esophageal squamous mucosa used as surrogate epithelium"
PARD3,KICH,Kidney_Cortex,74.15,77.77,-3.63,34.9,comparable,fair,448.38,12.019,False,"rank-based within-dataset percentile among 1379 shared genes; TCGA=RSEM normalized_count, GTEx v8=TPM; NOT a fold change. mapping: Chromophobe RCC derives from distal nephron/collecting duct"
PARD3,KIRC,Kidney_Cortex,77.27,77.77,-0.51,43.8,comparable,good,975.62,12.019,False,"rank-based within-dataset percentile among 1379 shared genes; TCGA=RSEM normalized_count, GTEx v8=TPM; NOT a fold change. clean tissue-of-origin match"
PARD3,KIRP,Kidney_Cortex,83.43,77.77,5.66,68.5,comparable,good,1233.48,12.019,False,"rank-based within-dataset percentile among 1379 shared genes; TCGA=RSEM normalized_count, GTEx v8=TPM; NOT a fold change. clean tissue-of-origin match"
PARD3,LGG,Brain_Cortex,74.08,63.49,10.59,81.1,comparable,good,635.17,5.026,False,"rank-based within-dataset percentile among 1379 shared genes; TCGA=RSEM normalized_count, GTEx v8=TPM; NOT a fold change. clean tissue-of-origin match"
PARD3,LIHC,Liver,81.69,74.8,6.89,76.1,comparable,good,936.0,6.958,False,"rank-based within-dataset percentile among 1379 shared genes; TCGA=RSEM normalized_count, GTEx v8=TPM; NOT a fold change. clean tissue-of-origin match"
PARD3,LUAD,Lung,79.37,69.94,9.43,79.6,comparable,good,961.45,22.991,False,"rank-based within-dataset percentile among 1379 shared genes; TCGA=RSEM normalized_count, GTEx v8=TPM; NOT a fold change. clean tissue-of-origin match"
PARD3,LUSC,Lung,85.75,69.94,15.81,86.6,comparable,good,1621.83,22.991,False,"rank-based within-dataset percentile among 1379 shared genes; TCGA=RSEM normalized_count, GTEx v8=TPM; NOT a fold change. clean tissue-of-origin match"
PARD3,MESO,Lung,74.15,69.94,4.21,66.2,comparable,poor,692.51,22.991,False,"rank-based within-dataset percentile among 1379 shared genes; TCGA=RSEM normalized_count, GTEx v8=TPM; NOT a fold change. mapping: No pleura/mesothelium in GTEx; Lung used only as an anatomic neighbour"
PARD3,OV,Ovary,85.32,86.33,-1.02,43.7,comparable,fair,1335.12,47.293,False,"rank-based within-dataset percentile among 1379 shared genes; TCGA=RSEM normalized_count, GTEx v8=TPM; NOT a fold change. mapping: Most TCGA OV is high-grade serous, now thought largely fallopian-tube derived; GTEx Ovary is stroma-rich"
PARD3,PAAD,Pancreas,75.67,81.83,-6.16,27.8,comparable,good,857.35,10.072,False,"rank-based within-dataset percentile among 1379 shared genes; TCGA=RSEM normalized_count, GTEx v8=TPM; NOT a fold change. mapping: GTEx Pancreas is acinar-dominated; PDAC is ductal"
PARD3,PCPG,Adrenal_Gland,67.33,78.14,-10.8,22.0,comparable,fair,325.94,16.305,False,"rank-based within-dataset percentile among 1379 shared genes; TCGA=RSEM normalized_count, GTEx v8=TPM; NOT a fold change. mapping: Pheochromocytoma is medullary; paraganglioma is extra-adrenal"
PARD3,PRAD,Prostate,80.53,76.25,4.28,69.0,comparable,good,853.33,21.884,False,"rank-based within-dataset percentile among 1379 shared genes; TCGA=RSEM normalized_count, GTEx v8=TPM; NOT a fold change. clean tissue-of-origin match"
PARD3,READ,Colon_Sigmoid,78.35,86.26,-7.9,27.8,comparable,good,830.06,44.145,False,"rank-based within-dataset percentile among 1379 shared genes; TCGA=RSEM normalized_count, GTEx v8=TPM; NOT a fold change. clean tissue-of-origin match"
PARD3,SARC,Esophagus_Muscularis,74.58,85.9,-11.31,16.0,comparable,poor,651.74,42.236,False,"rank-based within-dataset percentile among 1379 shared genes; TCGA=RSEM normalized_count, GTEx v8=TPM; NOT a fold change. mapping: TCGA SARC is histologically heterogeneous (LMS, DDLPS, UPS); smooth muscle is a partial surrogate only"
PARD3,SKCM,Skin_Sun_Exposed_Lower_leg,74.58,88.0,-13.42,16.6,comparable,good,479.61,55.457,False,"rank-based within-dataset percentile among 1379 shared genes; TCGA=RSEM normalized_count, GTEx v8=TPM; NOT a fold change. mapping: GTEx skin is keratinocyte-dominated; melanocytes are a minor fraction"
PARD3,STAD,Stomach,78.86,75.6,3.26,61.2,comparable,good,902.91,12.486,False,"rank-based within-dataset percentile among 1379 shared genes; TCGA=RSEM normalized_count, GTEx v8=TPM; NOT a fold change. clean tissue-of-origin match"
PARD3,TGCT,Testis,84.45,77.99,6.45,64.5,comparable,fair,1100.59,16.281,False,"rank-based within-dataset percentile among 1379 shared genes; TCGA=RSEM normalized_count, GTEx v8=TPM; NOT a fold change. mapping: Testis has extreme transcriptome breadth; germ-cell tumour vs whole testis"
PARD3,THCA,Thyroid,76.54,70.74,5.8,74.3,comparable,good,770.85,19.396,False,"rank-based within-dataset percentile among 1379 shared genes; TCGA=RSEM normalized_count, GTEx v8=TPM; NOT a fold change. clean tissue-of-origin match"
PARD3,UCEC,Uterus,78.14,78.43,-0.29,43.8,comparable,fair,717.17,33.819,False,"rank-based within-dataset percentile among 1379 shared genes; TCGA=RSEM normalized_count, GTEx v8=TPM; NOT a fold change. mapping: GTEx Uterus is myometrium-dominated; UCEC arises from endometrium"
PARD3,UCS,Uterus,81.69,78.43,3.26,63.7,comparable,poor,1024.09,33.819,False,"rank-based within-dataset percentile among 1379 shared genes; TCGA=RSEM normalized_count, GTEx v8=TPM; NOT a fold change. mapping: Carcinosarcoma is biphasic (carcinomatous+sarcomatous); no matched normal exists"
PARD3,UVM,Skin_Not_Sun_Exposed_Suprapubic,82.99,88.94,-5.95,29.1,comparable,poor,738.75,58.214,False,"rank-based within-dataset percentile among 1379 shared genes; TCGA=RSEM normalized_count, GTEx v8=TPM; NOT a fold change. mapping: No uveal tract in GTEx; skin used only as a melanocyte-containing surrogate"
PDGFRB,ACC,Adrenal_Gland,85.82,86.48,-0.65,41.9,comparable,good,1197.68,32.684,False,"rank-based within-dataset percentile among 1379 shared genes; TCGA=RSEM normalized_count, GTEx v8=TPM; NOT a fold change. mapping: Adrenocortical carcinoma vs whole adrenal gland (cortex+medulla mixed in GTEx)"
PDGFRB,BLCA,Bladder,85.24,93.73,-8.48,23.2,comparable,good,1261.88,103.816,False,"rank-based within-dataset percentile among 1379 shared genes; TCGA=RSEM normalized_count, GTEx v8=TPM; NOT a fold change. mapping: GTEx Bladder n is small (21 donors)"
PDGFRB,BRCA,Breast_Mammary_Tissue,93.65,96.12,-2.47,37.2,comparable,good,3748.99,182.176,False,"rank-based within-dataset percentile among 1379 shared genes; TCGA=RSEM normalized_count, GTEx v8=TPM; NOT a fold change. clean tissue-of-origin match"
PDGFRB,CESC,Cervix_Ectocervix,81.25,97.86,-16.61,15.7,comparable,fair,927.73,398.153,False,"rank-based within-dataset percentile among 1379 shared genes; TCGA=RSEM normalized_count, GTEx v8=TPM; NOT a fold change. mapping: GTEx cervix n very small (~5-9 donors); ecto/endo split"
PDGFRB,CHOL,Liver,90.03,76.61,13.42,82.5,comparable,poor,2357.07,7.597,False,"rank-based within-dataset percentile among 1379 shared genes; TCGA=RSEM normalized_count, GTEx v8=TPM; NOT a fold change. mapping: Cholangiocarcinoma arises from bile-duct epithelium; GTEx has no bile duct, Liver is hepatocyte-dominated"
PDGFRB,COAD,Colon_Transverse,87.13,89.3,-2.18,39.2,comparable,good,1583.14,42.918,False,"rank-based within-dataset percentile among 1379 shared genes; TCGA=RSEM normalized_count, GTEx v8=TPM; NOT a fold change. clean tissue-of-origin match"
PDGFRB,ESCA,Esophagus_Mucosa,89.38,84.37,5.0,66.9,comparable,fair,2067.05,29.841,False,"rank-based within-dataset percentile among 1379 shared genes; TCGA=RSEM normalized_count, GTEx v8=TPM; NOT a fold change. mapping: TCGA ESCA mixes squamous and adenocarcinoma; mucosa is squamous"
PDGFRB,GBM,Brain_Cortex,87.64,86.55,1.09,49.2,comparable,good,1861.65,23.507,False,"rank-based within-dataset percentile among 1379 shared genes; TCGA=RSEM normalized_count, GTEx v8=TPM; NOT a fold change. clean tissue-of-origin match"
PDGFRB,HNSC,Esophagus_Mucosa,87.78,84.37,3.41,65.6,comparable,poor,2055.94,29.841,False,"rank-based within-dataset percentile among 1379 shared genes; TCGA=RSEM normalized_count, GTEx v8=TPM; NOT a fold change. mapping: No oral/laryngeal mucosa in GTEx; esophageal squamous mucosa used as surrogate epithelium"
PDGFRB,KICH,Kidney_Cortex,85.97,92.28,-6.31,28.8,comparable,fair,1304.5,41.774,False,"rank-based within-dataset percentile among 1379 shared genes; TCGA=RSEM normalized_count, GTEx v8=TPM; NOT a fold change. mapping: Chromophobe RCC derives from distal nephron/collecting duct"
PDGFRB,KIRC,Kidney_Cortex,94.38,92.28,2.1,51.0,comparable,good,5271.77,41.774,False,"rank-based within-dataset percentile among 1379 shared genes; TCGA=RSEM normalized_count, GTEx v8=TPM; NOT a fold change. clean tissue-of-origin match"
PDGFRB,KIRP,Kidney_Cortex,70.96,92.28,-21.32,7.0,depleted,good,415.48,41.774,False,"rank-based within-dataset percentile among 1379 shared genes; TCGA=RSEM normalized_count, GTEx v8=TPM; NOT a fold change. clean tissue-of-origin match"
PDGFRB,LGG,Brain_Cortex,83.36,86.55,-3.19,34.8,comparable,good,1118.12,23.507,False,"rank-based within-dataset percentile among 1379 shared genes; TCGA=RSEM normalized_count, GTEx v8=TPM; NOT a fold change. clean tissue-of-origin match"
PDGFRB,LIHC,Liver,86.77,76.61,10.15,83.9,comparable,good,1481.06,7.597,False,"rank-based within-dataset percentile among 1379 shared genes; TCGA=RSEM normalized_count, GTEx v8=TPM; NOT a fold change. clean tissue-of-origin match"
PDGFRB,LUAD,Lung,89.67,95.11,-5.44,29.2,comparable,good,2316.85,182.712,False,"rank-based within-dataset percentile among 1379 shared genes; TCGA=RSEM normalized_count, GTEx v8=TPM; NOT a fold change. clean tissue-of-origin match"
PDGFRB,LUSC,Lung,87.93,95.11,-7.18,29.4,comparable,good,2008.71,182.712,False,"rank-based within-dataset percentile among 1379 shared genes; TCGA=RSEM normalized_count, GTEx v8=TPM; NOT a fold change. clean tissue-of-origin match"
PDGFRB,MESO,Lung,88.07,95.11,-7.03,25.2,comparable,poor,2194.21,182.712,False,"rank-based within-dataset percentile among 1379 shared genes; TCGA=RSEM normalized_count, GTEx v8=TPM; NOT a fold change. mapping: No pleura/mesothelium in GTEx; Lung used only as an anatomic neighbour"
PDGFRB,OV,Ovary,81.18,96.05,-14.87,16.4,comparable,fair,936.19,210.606,False,"rank-based within-dataset percentile among 1379 shared genes; TCGA=RSEM normalized_count, GTEx v8=TPM; NOT a fold change. mapping: Most TCGA OV is high-grade serous, now thought largely fallopian-tube derived; GTEx Ovary is stroma-rich"
PDGFRB,PAAD,Pancreas,95.03,85.39,9.64,76.7,comparable,good,6726.1,12.531,False,"rank-based within-dataset percentile among 1379 shared genes; TCGA=RSEM normalized_count, GTEx v8=TPM; NOT a fold change. mapping: GTEx Pancreas is acinar-dominated; PDAC is ductal"
PDGFRB,PCPG,Adrenal_Gland,89.96,86.48,3.48,67.3,comparable,fair,1958.57,32.684,False,"rank-based within-dataset percentile among 1379 shared genes; TCGA=RSEM normalized_count, GTEx v8=TPM; NOT a fold change. mapping: Pheochromocytoma is medullary; paraganglioma is extra-adrenal"
PDGFRB,PRAD,Prostate,86.33,94.16,-7.83,21.4,comparable,good,1532.54,101.61,False,"rank-based within-dataset percentile among 1379 shared genes; TCGA=RSEM normalized_count, GTEx v8=TPM; NOT a fold change. clean tissue-of-origin match"
PDGFRB,READ,Colon_Sigmoid,87.35,90.9,-3.55,37.9,comparable,good,1660.33,68.569,False,"rank-based within-dataset percentile among 1379 shared genes; TCGA=RSEM normalized_count, GTEx v8=TPM; NOT a fold change. clean tissue-of-origin match"
PDGFRB,SARC,Esophagus_Muscularis,96.41,92.71,3.7,63.2,comparable,poor,7346.09,91.513,False,"rank-based within-dataset percentile among 1379 shared genes; TCGA=RSEM normalized_count, GTEx v8=TPM; NOT a fold change. mapping: TCGA SARC is histologically heterogeneous (LMS, DDLPS, UPS); smooth muscle is a partial surrogate only"
PDGFRB,SKCM,Skin_Sun_Exposed_Lower_leg,84.95,92.86,-7.9,25.7,comparable,good,1152.55,96.085,False,"rank-based within-dataset percentile among 1379 shared genes; TCGA=RSEM normalized_count, GTEx v8=TPM; NOT a fold change. mapping: GTEx skin is keratinocyte-dominated; melanocytes are a minor fraction"
PDGFRB,STAD,Stomach,92.13,86.04,6.09,70.1,comparable,good,2791.42,25.156,False,"rank-based within-dataset percentile among 1379 shared genes; TCGA=RSEM normalized_count, GTEx v8=TPM; NOT a fold change. clean tissue-of-origin match"
PDGFRB,TGCT,Testis,88.51,88.43,0.07,48.4,comparable,fair,1536.4,35.367,False,"rank-based within-dataset percentile among 1379 shared genes; TCGA=RSEM normalized_count, GTEx v8=TPM; NOT a fold change. mapping: Testis has extreme transcriptome breadth; germ-cell tumour vs whole testis"
PDGFRB,THCA,Thyroid,85.97,95.32,-9.35,17.8,comparable,good,1600.89,141.707,False,"rank-based within-dataset percentile among 1379 shared genes; TCGA=RSEM normalized_count, GTEx v8=TPM; NOT a fold change. clean tissue-of-origin match"
PDGFRB,UCEC,Uterus,86.77,96.92,-10.15,22.0,comparable,fair,1415.19,245.575,False,"rank-based within-dataset percentile among 1379 shared genes; TCGA=RSEM normalized_count, GTEx v8=TPM; NOT a fold change. mapping: GTEx Uterus is myometrium-dominated; UCEC arises from endometrium"
PDGFRB,UCS,Uterus,93.07,96.92,-3.84,36.0,comparable,poor,2833.59,245.575,False,"rank-based within-dataset percentile among 1379 shared genes; TCGA=RSEM normalized_count, GTEx v8=TPM; NOT a fold change. mapping: Carcinosarcoma is biphasic (carcinomatous+sarcomatous); no matched normal exists"
PDGFRB,UVM,Skin_Not_Sun_Exposed_Suprapubic,80.24,88.65,-8.41,24.1,comparable,poor,535.03,55.563,False,"rank-based within-dataset percentile among 1379 shared genes; TCGA=RSEM normalized_count, GTEx v8=TPM; NOT a fold change. mapping: No uveal tract in GTEx; skin used only as a melanocyte-containing surrogate"
PLXNA1,ACC,Adrenal_Gland,86.19,72.12,14.07,90.6,enriched,good,1234.97,10.947,False,"rank-based within-dataset percentile among 1379 shared genes; TCGA=RSEM normalized_count, GTEx v8=TPM; NOT a fold change. mapping: Adrenocortical carcinoma vs whole adrenal gland (cortex+medulla mixed in GTEx)"
PLXNA1,BLCA,Bladder,92.28,75.02,17.26,90.8,enriched,good,2827.21,20.196,False,"rank-based within-dataset percentile among 1379 shared genes; TCGA=RSEM normalized_count, GTEx v8=TPM; NOT a fold change. mapping: GTEx Bladder n is small (21 donors)"
PLXNA1,BRCA,Breast_Mammary_Tissue,84.95,73.13,11.82,82.2,comparable,good,1339.79,20.219,False,"rank-based within-dataset percentile among 1379 shared genes; TCGA=RSEM normalized_count, GTEx v8=TPM; NOT a fold change. clean tissue-of-origin match"
PLXNA1,CESC,Cervix_Ectocervix,93.07,76.47,16.61,86.7,comparable,fair,3003.83,26.683,False,"rank-based within-dataset percentile among 1379 shared genes; TCGA=RSEM normalized_count, GTEx v8=TPM; NOT a fold change. mapping: GTEx cervix n very small (~5-9 donors); ecto/endo split"
PLXNA1,CHOL,Liver,83.87,61.75,22.12,92.0,enriched,poor,1248.89,2.269,False,"rank-based within-dataset percentile among 1379 shared genes; TCGA=RSEM normalized_count, GTEx v8=TPM; NOT a fold change. mapping: Cholangiocarcinoma arises from bile-duct epithelium; GTEx has no bile duct, Liver is hepatocyte-dominated"
PLXNA1,COAD,Colon_Transverse,87.78,70.88,16.9,90.3,enriched,good,1697.47,12.505,False,"rank-based within-dataset percentile among 1379 shared genes; TCGA=RSEM normalized_count, GTEx v8=TPM; NOT a fold change. clean tissue-of-origin match"
PLXNA1,ESCA,Esophagus_Mucosa,92.93,78.43,14.5,88.0,comparable,fair,3171.82,18.44,False,"rank-based within-dataset percentile among 1379 shared genes; TCGA=RSEM normalized_count, GTEx v8=TPM; NOT a fold change. mapping: TCGA ESCA mixes squamous and adenocarcinoma; mucosa is squamous"
PLXNA1,GBM,Brain_Cortex,85.17,91.26,-6.09,30.5,comparable,good,1544.21,37.491,False,"rank-based within-dataset percentile among 1379 shared genes; TCGA=RSEM normalized_count, GTEx v8=TPM; NOT a fold change. clean tissue-of-origin match"
PLXNA1,HNSC,Esophagus_Mucosa,94.38,78.43,15.95,90.8,enriched,poor,4744.39,18.44,False,"rank-based within-dataset percentile among 1379 shared genes; TCGA=RSEM normalized_count, GTEx v8=TPM; NOT a fold change. mapping: No oral/laryngeal mucosa in GTEx; esophageal squamous mucosa used as surrogate epithelium"
PLXNA1,KICH,Kidney_Cortex,84.08,69.36,14.72,86.2,comparable,fair,1120.35,6.971,False,"rank-based within-dataset percentile among 1379 shared genes; TCGA=RSEM normalized_count, GTEx v8=TPM; NOT a fold change. mapping: Chromophobe RCC derives from distal nephron/collecting duct"
PLXNA1,KIRC,Kidney_Cortex,78.5,69.36,9.14,75.8,comparable,good,1094.24,6.971,False,"rank-based within-dataset percentile among 1379 shared genes; TCGA=RSEM normalized_count, GTEx v8=TPM; NOT a fold change. clean tissue-of-origin match"
PLXNA1,KIRP,Kidney_Cortex,84.3,69.36,14.94,88.7,comparable,good,1333.01,6.971,False,"rank-based within-dataset percentile among 1379 shared genes; TCGA=RSEM normalized_count, GTEx v8=TPM; NOT a fold change. clean tissue-of-origin match"
PLXNA1,LGG,Brain_Cortex,87.78,91.26,-3.48,33.9,comparable,good,1603.03,37.491,False,"rank-based within-dataset percentile among 1379 shared genes; TCGA=RSEM normalized_count, GTEx v8=TPM; NOT a fold change. clean tissue-of-origin match"
PLXNA1,LIHC,Liver,73.86,61.75,12.11,87.8,comparable,good,483.71,2.269,False,"rank-based within-dataset percentile among 1379 shared genes; TCGA=RSEM normalized_count, GTEx v8=TPM; NOT a fold change. clean tissue-of-origin match"
PLXNA1,LUAD,Lung,88.22,77.05,11.17,83.2,comparable,good,1993.05,34.379,False,"rank-based within-dataset percentile among 1379 shared genes; TCGA=RSEM normalized_count, GTEx v8=TPM; NOT a fold change. clean tissue-of-origin match"
PLXNA1,LUSC,Lung,93.36,77.05,16.32,87.2,comparable,good,3904.72,34.379,False,"rank-based within-dataset percentile among 1379 shared genes; TCGA=RSEM normalized_count, GTEx v8=TPM; NOT a fold change. clean tissue-of-origin match"
PLXNA1,MESO,Lung,90.54,77.05,13.49,84.6,comparable,poor,2896.15,34.379,False,"rank-based within-dataset percentile among 1379 shared genes; TCGA=RSEM normalized_count, GTEx v8=TPM; NOT a fold change. mapping: No pleura/mesothelium in GTEx; Lung used only as an anatomic neighbour"
PLXNA1,OV,Ovary,88.94,81.25,7.69,71.9,comparable,fair,1803.23,32.462,False,"rank-based within-dataset percentile among 1379 shared genes; TCGA=RSEM normalized_count, GTEx v8=TPM; NOT a fold change. mapping: Most TCGA OV is high-grade serous, now thought largely fallopian-tube derived; GTEx Ovary is stroma-rich"
PLXNA1,PAAD,Pancreas,85.9,75.74,10.15,78.2,comparable,good,1905.18,6.539,False,"rank-based within-dataset percentile among 1379 shared genes; TCGA=RSEM normalized_count, GTEx v8=TPM; NOT a fold change. mapping: GTEx Pancreas is acinar-dominated; PDAC is ductal"
PLXNA1,PCPG,Adrenal_Gland,86.91,72.12,14.79,85.1,comparable,fair,1472.23,10.947,False,"rank-based within-dataset percentile among 1379 shared genes; TCGA=RSEM normalized_count, GTEx v8=TPM; NOT a fold change. mapping: Pheochromocytoma is medullary; paraganglioma is extra-adrenal"
PLXNA1,PRAD,Prostate,80.38,76.32,4.06,68.4,comparable,good,851.09,21.913,False,"rank-based within-dataset percentile among 1379 shared genes; TCGA=RSEM normalized_count, GTEx v8=TPM; NOT a fold change. clean tissue-of-origin match"
PLXNA1,READ,Colon_Sigmoid,88.43,73.71,14.72,84.4,comparable,good,1837.76,17.902,False,"rank-based within-dataset percentile among 1379 shared genes; TCGA=RSEM normalized_count, GTEx v8=TPM; NOT a fold change. clean tissue-of-origin match"
PLXNA1,SARC,Esophagus_Muscularis,91.55,77.19,14.36,88.0,comparable,poor,2465.88,22.56,False,"rank-based within-dataset percentile among 1379 shared genes; TCGA=RSEM normalized_count, GTEx v8=TPM; NOT a fold change. mapping: TCGA SARC is histologically heterogeneous (LMS, DDLPS, UPS); smooth muscle is a partial surrogate only"
PLXNA1,SKCM,Skin_Sun_Exposed_Lower_leg,96.41,79.51,16.9,86.6,comparable,good,7476.51,28.805,False,"rank-based within-dataset percentile among 1379 shared genes; TCGA=RSEM normalized_count, GTEx v8=TPM; NOT a fold change. mapping: GTEx skin is keratinocyte-dominated; melanocytes are a minor fraction"
PLXNA1,STAD,Stomach,87.06,74.15,12.91,84.8,comparable,good,1665.18,11.294,False,"rank-based within-dataset percentile among 1379 shared genes; TCGA=RSEM normalized_count, GTEx v8=TPM; NOT a fold change. clean tissue-of-origin match"
PLXNA1,TGCT,Testis,91.41,83.94,7.47,66.5,comparable,fair,2038.49,25.294,False,"rank-based within-dataset percentile among 1379 shared genes; TCGA=RSEM normalized_count, GTEx v8=TPM; NOT a fold change. mapping: Testis has extreme transcriptome breadth; germ-cell tumour vs whole testis"
PLXNA1,THCA,Thyroid,79.08,73.93,5.15,71.5,comparable,good,933.12,24.416,False,"rank-based within-dataset percentile among 1379 shared genes; TCGA=RSEM normalized_count, GTEx v8=TPM; NOT a fold change. clean tissue-of-origin match"
PLXNA1,UCEC,Uterus,89.38,75.09,14.29,85.1,comparable,fair,1830.61,27.098,False,"rank-based within-dataset percentile among 1379 shared genes; TCGA=RSEM normalized_count, GTEx v8=TPM; NOT a fold change. mapping: GTEx Uterus is myometrium-dominated; UCEC arises from endometrium"
PLXNA1,UCS,Uterus,92.64,75.09,17.55,89.3,comparable,poor,2688.63,27.098,False,"rank-based within-dataset percentile among 1379 shared genes; TCGA=RSEM normalized_count, GTEx v8=TPM; NOT a fold change. mapping: Carcinosarcoma is biphasic (carcinomatous+sarcomatous); no matched normal exists"
PLXNA1,UVM,Skin_Not_Sun_Exposed_Suprapubic,96.48,80.17,16.32,84.5,comparable,poor,6268.05,28.593,False,"rank-based within-dataset percentile among 1379 shared genes; TCGA=RSEM normalized_count, GTEx v8=TPM; NOT a fold change. mapping: No uveal tract in GTEx; skin used only as a melanocyte-containing surrogate"
PLXNA2,ACC,Adrenal_Gland,68.27,47.97,20.3,96.8,enriched,good,265.57,1.478,False,"rank-based within-dataset percentile among 1379 shared genes; TCGA=RSEM normalized_count, GTEx v8=TPM; NOT a fold change. mapping: Adrenocortical carcinoma vs whole adrenal gland (cortex+medulla mixed in GTEx)"
PLXNA2,BLCA,Bladder,82.63,74.08,8.56,76.0,comparable,good,1044.61,18.787,False,"rank-based within-dataset percentile among 1379 shared genes; TCGA=RSEM normalized_count, GTEx v8=TPM; NOT a fold change. mapping: GTEx Bladder n is small (21 donors)"
PLXNA2,BRCA,Breast_Mammary_Tissue,71.46,61.46,10.01,78.5,comparable,good,478.64,9.182,False,"rank-based within-dataset percentile among 1379 shared genes; TCGA=RSEM normalized_count, GTEx v8=TPM; NOT a fold change. clean tissue-of-origin match"
PLXNA2,CESC,Cervix_Ectocervix,85.39,59.79,25.6,93.5,enriched,fair,1295.34,7.893,False,"rank-based within-dataset percentile among 1379 shared genes; TCGA=RSEM normalized_count, GTEx v8=TPM; NOT a fold change. mapping: GTEx cervix n very small (~5-9 donors); ecto/endo split"
PLXNA2,CHOL,Liver,71.54,60.22,11.31,78.7,comparable,poor,503.25,2.05,False,"rank-based within-dataset percentile among 1379 shared genes; TCGA=RSEM normalized_count, GTEx v8=TPM; NOT a fold change. mapping: Cholangiocarcinoma arises from bile-duct epithelium; GTEx has no bile duct, Liver is hepatocyte-dominated"
PLXNA2,COAD,Colon_Transverse,81.91,68.42,13.49,86.4,comparable,good,1059.37,10.779,False,"rank-based within-dataset percentile among 1379 shared genes; TCGA=RSEM normalized_count, GTEx v8=TPM; NOT a fold change. clean tissue-of-origin match"
PLXNA2,ESCA,Esophagus_Mucosa,86.69,81.62,5.08,67.5,comparable,fair,1570.87,23.747,False,"rank-based within-dataset percentile among 1379 shared genes; TCGA=RSEM normalized_count, GTEx v8=TPM; NOT a fold change. mapping: TCGA ESCA mixes squamous and adenocarcinoma; mucosa is squamous"
PLXNA2,GBM,Brain_Cortex,77.77,81.76,-3.99,36.1,comparable,good,868.71,16.549,False,"rank-based within-dataset percentile among 1379 shared genes; TCGA=RSEM normalized_count, GTEx v8=TPM; NOT a fold change. clean tissue-of-origin match"
PLXNA2,HNSC,Esophagus_Mucosa,84.23,81.62,2.61,63.3,comparable,poor,1415.29,23.747,False,"rank-based within-dataset percentile among 1379 shared genes; TCGA=RSEM normalized_count, GTEx v8=TPM; NOT a fold change. mapping: No oral/laryngeal mucosa in GTEx; esophageal squamous mucosa used as surrogate epithelium"
PLXNA2,KICH,Kidney_Cortex,79.15,57.32,21.83,95.1,enriched,fair,688.48,2.932,False,"rank-based within-dataset percentile among 1379 shared genes; TCGA=RSEM normalized_count, GTEx v8=TPM; NOT a fold change. mapping: Chromophobe RCC derives from distal nephron/collecting duct"
PLXNA2,KIRC,Kidney_Cortex,81.18,57.32,23.86,96.2,enriched,good,1424.26,2.932,False,"rank-based within-dataset percentile among 1379 shared genes; TCGA=RSEM normalized_count, GTEx v8=TPM; NOT a fold change. clean tissue-of-origin match"
PLXNA2,KIRP,Kidney_Cortex,67.84,57.32,10.51,80.8,comparable,good,329.99,2.932,False,"rank-based within-dataset percentile among 1379 shared genes; TCGA=RSEM normalized_count, GTEx v8=TPM; NOT a fold change. clean tissue-of-origin match"
PLXNA2,LGG,Brain_Cortex,82.56,81.76,0.8,47.8,comparable,good,1086.89,16.549,False,"rank-based within-dataset percentile among 1379 shared genes; TCGA=RSEM normalized_count, GTEx v8=TPM; NOT a fold change. clean tissue-of-origin match"
PLXNA2,LIHC,Liver,77.27,60.22,17.04,94.3,enriched,good,654.12,2.05,False,"rank-based within-dataset percentile among 1379 shared genes; TCGA=RSEM normalized_count, GTEx v8=TPM; NOT a fold change. clean tissue-of-origin match"
PLXNA2,LUAD,Lung,82.99,76.25,6.74,73.3,comparable,good,1233.92,32.636,False,"rank-based within-dataset percentile among 1379 shared genes; TCGA=RSEM normalized_count, GTEx v8=TPM; NOT a fold change. clean tissue-of-origin match"
PLXNA2,LUSC,Lung,79.59,76.25,3.34,64.2,comparable,good,989.47,32.636,False,"rank-based within-dataset percentile among 1379 shared genes; TCGA=RSEM normalized_count, GTEx v8=TPM; NOT a fold change. clean tissue-of-origin match"
PLXNA2,MESO,Lung,84.37,76.25,8.12,75.1,comparable,poor,1570.31,32.636,False,"rank-based within-dataset percentile among 1379 shared genes; TCGA=RSEM normalized_count, GTEx v8=TPM; NOT a fold change. mapping: No pleura/mesothelium in GTEx; Lung used only as an anatomic neighbour"
PLXNA2,OV,Ovary,76.4,79.44,-3.05,37.6,comparable,fair,673.41,28.393,False,"rank-based within-dataset percentile among 1379 shared genes; TCGA=RSEM normalized_count, GTEx v8=TPM; NOT a fold change. mapping: Most TCGA OV is high-grade serous, now thought largely fallopian-tube derived; GTEx Ovary is stroma-rich"
PLXNA2,PAAD,Pancreas,83.65,89.81,-6.16,27.8,comparable,good,1563.21,18.756,False,"rank-based within-dataset percentile among 1379 shared genes; TCGA=RSEM normalized_count, GTEx v8=TPM; NOT a fold change. mapping: GTEx Pancreas is acinar-dominated; PDAC is ductal"
PLXNA2,PCPG,Adrenal_Gland,88.0,47.97,40.03,97.5,enriched,fair,1649.51,1.478,False,"rank-based within-dataset percentile among 1379 shared genes; TCGA=RSEM normalized_count, GTEx v8=TPM; NOT a fold change. mapping: Pheochromocytoma is medullary; paraganglioma is extra-adrenal"
PLXNA2,PRAD,Prostate,69.07,63.2,5.87,74.8,comparable,good,383.62,9.588,False,"rank-based within-dataset percentile among 1379 shared genes; TCGA=RSEM normalized_count, GTEx v8=TPM; NOT a fold change. clean tissue-of-origin match"
PLXNA2,READ,Colon_Sigmoid,81.4,62.47,18.93,88.3,comparable,good,1074.82,7.785,False,"rank-based within-dataset percentile among 1379 shared genes; TCGA=RSEM normalized_count, GTEx v8=TPM; NOT a fold change. clean tissue-of-origin match"
PLXNA2,SARC,Esophagus_Muscularis,81.62,69.43,12.18,84.3,comparable,poor,1030.96,13.072,False,"rank-based within-dataset percentile among 1379 shared genes; TCGA=RSEM normalized_count, GTEx v8=TPM; NOT a fold change. mapping: TCGA SARC is histologically heterogeneous (LMS, DDLPS, UPS); smooth muscle is a partial surrogate only"
PLXNA2,SKCM,Skin_Sun_Exposed_Lower_leg,77.34,72.41,4.93,64.0,comparable,good,574.66,17.594,False,"rank-based within-dataset percentile among 1379 shared genes; TCGA=RSEM normalized_count, GTEx v8=TPM; NOT a fold change. mapping: GTEx skin is keratinocyte-dominated; melanocytes are a minor fraction"
PLXNA2,STAD,Stomach,82.05,73.57,8.48,76.3,comparable,good,1125.32,10.819,False,"rank-based within-dataset percentile among 1379 shared genes; TCGA=RSEM normalized_count, GTEx v8=TPM; NOT a fold change. clean tissue-of-origin match"
PLXNA2,TGCT,Testis,85.1,40.79,44.31,98.0,enriched,fair,1169.35,2.107,False,"rank-based within-dataset percentile among 1379 shared genes; TCGA=RSEM normalized_count, GTEx v8=TPM; NOT a fold change. mapping: Testis has extreme transcriptome breadth; germ-cell tumour vs whole testis"
PLXNA2,THCA,Thyroid,85.68,69.0,16.68,93.2,enriched,good,1553.07,17.259,False,"rank-based within-dataset percentile among 1379 shared genes; TCGA=RSEM normalized_count, GTEx v8=TPM; NOT a fold change. clean tissue-of-origin match"
PLXNA2,UCEC,Uterus,77.34,68.27,9.06,76.1,comparable,fair,673.6,15.728,False,"rank-based within-dataset percentile among 1379 shared genes; TCGA=RSEM normalized_count, GTEx v8=TPM; NOT a fold change. mapping: GTEx Uterus is myometrium-dominated; UCEC arises from endometrium"
PLXNA2,UCS,Uterus,77.63,68.27,9.35,77.6,comparable,poor,803.82,15.728,False,"rank-based within-dataset percentile among 1379 shared genes; TCGA=RSEM normalized_count, GTEx v8=TPM; NOT a fold change. mapping: Carcinosarcoma is biphasic (carcinomatous+sarcomatous); no matched normal exists"
PLXNA2,UVM,Skin_Not_Sun_Exposed_Suprapubic,87.42,72.77,14.65,82.3,comparable,poor,1145.71,16.143,False,"rank-based within-dataset percentile among 1379 shared genes; TCGA=RSEM normalized_count, GTEx v8=TPM; NOT a fold change. mapping: No uveal tract in GTEx; skin used only as a melanocyte-containing surrogate"
PLXNA3,ACC,Adrenal_Gland,78.72,73.13,5.58,73.3,comparable,good,666.15,11.92,False,"rank-based within-dataset percentile among 1379 shared genes; TCGA=RSEM normalized_count, GTEx v8=TPM; NOT a fold change. mapping: Adrenocortical carcinoma vs whole adrenal gland (cortex+medulla mixed in GTEx)"
PLXNA3,BLCA,Bladder,83.5,75.38,8.12,75.1,comparable,good,1104.12,20.339,False,"rank-based within-dataset percentile among 1379 shared genes; TCGA=RSEM normalized_count, GTEx v8=TPM; NOT a fold change. mapping: GTEx Bladder n is small (21 donors)"
PLXNA3,BRCA,Breast_Mammary_Tissue,83.94,67.11,16.82,90.5,enriched,good,1178.69,13.79,False,"rank-based within-dataset percentile among 1379 shared genes; TCGA=RSEM normalized_count, GTEx v8=TPM; NOT a fold change. clean tissue-of-origin match"
PLXNA3,CESC,Cervix_Ectocervix,80.02,75.67,4.35,64.5,comparable,fair,851.76,25.14,False,"rank-based within-dataset percentile among 1379 shared genes; TCGA=RSEM normalized_count, GTEx v8=TPM; NOT a fold change. mapping: GTEx cervix n very small (~5-9 donors); ecto/endo split"
PLXNA3,CHOL,Liver,82.27,59.79,22.48,92.3,enriched,poor,1079.06,2.022,False,"rank-based within-dataset percentile among 1379 shared genes; TCGA=RSEM normalized_count, GTEx v8=TPM; NOT a fold change. mapping: Cholangiocarcinoma arises from bile-duct epithelium; GTEx has no bile duct, Liver is hepatocyte-dominated"
PLXNA3,COAD,Colon_Transverse,80.82,72.34,8.48,76.7,comparable,good,980.01,13.605,False,"rank-based within-dataset percentile among 1379 shared genes; TCGA=RSEM normalized_count, GTEx v8=TPM; NOT a fold change. clean tissue-of-origin match"
PLXNA3,ESCA,Esophagus_Mucosa,83.07,69.65,13.42,86.4,comparable,fair,1212.2,9.279,False,"rank-based within-dataset percentile among 1379 shared genes; TCGA=RSEM normalized_count, GTEx v8=TPM; NOT a fold change. mapping: TCGA ESCA mixes squamous and adenocarcinoma; mucosa is squamous"
PLXNA3,GBM,Brain_Cortex,83.28,72.04,11.24,78.0,comparable,good,1329.42,8.153,False,"rank-based within-dataset percentile among 1379 shared genes; TCGA=RSEM normalized_count, GTEx v8=TPM; NOT a fold change. clean tissue-of-origin match"
PLXNA3,HNSC,Esophagus_Mucosa,75.38,69.65,5.73,71.7,comparable,poor,686.7,9.279,False,"rank-based within-dataset percentile among 1379 shared genes; TCGA=RSEM normalized_count, GTEx v8=TPM; NOT a fold change. mapping: No oral/laryngeal mucosa in GTEx; esophageal squamous mucosa used as surrogate epithelium"
PLXNA3,KICH,Kidney_Cortex,84.37,67.04,17.33,90.6,enriched,fair,1149.48,5.702,False,"rank-based within-dataset percentile among 1379 shared genes; TCGA=RSEM normalized_count, GTEx v8=TPM; NOT a fold change. mapping: Chromophobe RCC derives from distal nephron/collecting duct"
PLXNA3,KIRC,Kidney_Cortex,72.99,67.04,5.95,68.5,comparable,good,679.73,5.702,False,"rank-based within-dataset percentile among 1379 shared genes; TCGA=RSEM normalized_count, GTEx v8=TPM; NOT a fold change. clean tissue-of-origin match"
PLXNA3,KIRP,Kidney_Cortex,76.9,67.04,9.86,78.8,comparable,good,710.12,5.702,False,"rank-based within-dataset percentile among 1379 shared genes; TCGA=RSEM normalized_count, GTEx v8=TPM; NOT a fold change. clean tissue-of-origin match"
PLXNA3,LGG,Brain_Cortex,83.07,72.04,11.02,82.2,comparable,good,1102.83,8.153,False,"rank-based within-dataset percentile among 1379 shared genes; TCGA=RSEM normalized_count, GTEx v8=TPM; NOT a fold change. clean tissue-of-origin match"
PLXNA3,LIHC,Liver,68.13,59.79,8.34,79.6,comparable,good,285.88,2.022,False,"rank-based within-dataset percentile among 1379 shared genes; TCGA=RSEM normalized_count, GTEx v8=TPM; NOT a fold change. clean tissue-of-origin match"
PLXNA3,LUAD,Lung,82.56,68.06,14.5,89.1,comparable,good,1186.89,20.855,False,"rank-based within-dataset percentile among 1379 shared genes; TCGA=RSEM normalized_count, GTEx v8=TPM; NOT a fold change. clean tissue-of-origin match"
PLXNA3,LUSC,Lung,77.99,68.06,9.93,77.0,comparable,good,898.54,20.855,False,"rank-based within-dataset percentile among 1379 shared genes; TCGA=RSEM normalized_count, GTEx v8=TPM; NOT a fold change. clean tissue-of-origin match"
PLXNA3,MESO,Lung,77.7,68.06,9.64,77.9,comparable,poor,876.41,20.855,False,"rank-based within-dataset percentile among 1379 shared genes; TCGA=RSEM normalized_count, GTEx v8=TPM; NOT a fold change. mapping: No pleura/mesothelium in GTEx; Lung used only as an anatomic neighbour"
PLXNA3,OV,Ovary,87.2,85.9,1.31,54.4,comparable,fair,1570.3,46.168,False,"rank-based within-dataset percentile among 1379 shared genes; TCGA=RSEM normalized_count, GTEx v8=TPM; NOT a fold change. mapping: Most TCGA OV is high-grade serous, now thought largely fallopian-tube derived; GTEx Ovary is stroma-rich"
PLXNA3,PAAD,Pancreas,77.99,74.29,3.7,62.7,comparable,good,1061.01,5.857,False,"rank-based within-dataset percentile among 1379 shared genes; TCGA=RSEM normalized_count, GTEx v8=TPM; NOT a fold change. mapping: GTEx Pancreas is acinar-dominated; PDAC is ductal"
PLXNA3,PCPG,Adrenal_Gland,93.58,73.13,20.45,90.1,enriched,fair,3077.9,11.92,False,"rank-based within-dataset percentile among 1379 shared genes; TCGA=RSEM normalized_count, GTEx v8=TPM; NOT a fold change. mapping: Pheochromocytoma is medullary; paraganglioma is extra-adrenal"
PLXNA3,PRAD,Prostate,84.88,79.8,5.08,72.2,comparable,good,1267.38,26.409,False,"rank-based within-dataset percentile among 1379 shared genes; TCGA=RSEM normalized_count, GTEx v8=TPM; NOT a fold change. clean tissue-of-origin match"
PLXNA3,READ,Colon_Sigmoid,82.05,72.04,10.01,75.6,comparable,good,1102.82,15.891,False,"rank-based within-dataset percentile among 1379 shared genes; TCGA=RSEM normalized_count, GTEx v8=TPM; NOT a fold change. clean tissue-of-origin match"
PLXNA3,SARC,Esophagus_Muscularis,78.64,66.24,12.4,84.6,comparable,poor,875.45,10.231,False,"rank-based within-dataset percentile among 1379 shared genes; TCGA=RSEM normalized_count, GTEx v8=TPM; NOT a fold change. mapping: TCGA SARC is histologically heterogeneous (LMS, DDLPS, UPS); smooth muscle is a partial surrogate only"
PLXNA3,SKCM,Skin_Sun_Exposed_Lower_leg,76.32,70.59,5.73,65.3,comparable,good,544.5,16.057,False,"rank-based within-dataset percentile among 1379 shared genes; TCGA=RSEM normalized_count, GTEx v8=TPM; NOT a fold change. mapping: GTEx skin is keratinocyte-dominated; melanocytes are a minor fraction"
PLXNA3,STAD,Stomach,78.79,70.52,8.27,75.9,comparable,good,900.37,8.598,False,"rank-based within-dataset percentile among 1379 shared genes; TCGA=RSEM normalized_count, GTEx v8=TPM; NOT a fold change. clean tissue-of-origin match"
PLXNA3,TGCT,Testis,70.74,71.39,-0.65,45.4,comparable,fair,448.26,10.739,False,"rank-based within-dataset percentile among 1379 shared genes; TCGA=RSEM normalized_count, GTEx v8=TPM; NOT a fold change. mapping: Testis has extreme transcriptome breadth; germ-cell tumour vs whole testis"
PLXNA3,THCA,Thyroid,83.94,76.54,7.4,78.2,comparable,good,1335.67,27.76,False,"rank-based within-dataset percentile among 1379 shared genes; TCGA=RSEM normalized_count, GTEx v8=TPM; NOT a fold change. clean tissue-of-origin match"
PLXNA3,UCEC,Uterus,82.99,76.98,6.02,68.8,comparable,fair,1059.98,29.537,False,"rank-based within-dataset percentile among 1379 shared genes; TCGA=RSEM normalized_count, GTEx v8=TPM; NOT a fold change. mapping: GTEx Uterus is myometrium-dominated; UCEC arises from endometrium"
PLXNA3,UCS,Uterus,85.1,76.98,8.12,75.1,comparable,poor,1293.81,29.537,False,"rank-based within-dataset percentile among 1379 shared genes; TCGA=RSEM normalized_count, GTEx v8=TPM; NOT a fold change. mapping: Carcinosarcoma is biphasic (carcinomatous+sarcomatous); no matched normal exists"
PLXNA3,UVM,Skin_Not_Sun_Exposed_Suprapubic,80.75,74.08,6.67,67.3,comparable,poor,569.71,17.253,False,"rank-based within-dataset percentile among 1379 shared genes; TCGA=RSEM normalized_count, GTEx v8=TPM; NOT a fold change. mapping: No uveal tract in GTEx; skin used only as a melanocyte-containing surrogate"
PLXNA4,ACC,Adrenal_Gland,50.36,37.09,13.27,89.5,comparable,good,38.92,0.523,False,"rank-based within-dataset percentile among 1379 shared genes; TCGA=RSEM normalized_count, GTEx v8=TPM; NOT a fold change. mapping: Adrenocortical carcinoma vs whole adrenal gland (cortex+medulla mixed in GTEx)"
PLXNA4,BLCA,Bladder,37.09,38.18,-1.09,42.3,comparable,good,12.26,1.204,False,"rank-based within-dataset percentile among 1379 shared genes; TCGA=RSEM normalized_count, GTEx v8=TPM; NOT a fold change. mapping: GTEx Bladder n is small (21 donors)"
PLXNA4,BRCA,Breast_Mammary_Tissue,53.05,58.27,-5.22,29.9,comparable,good,116.25,7.057,False,"rank-based within-dataset percentile among 1379 shared genes; TCGA=RSEM normalized_count, GTEx v8=TPM; NOT a fold change. clean tissue-of-origin match"
PLXNA4,CESC,Cervix_Ectocervix,34.26,39.56,-5.29,33.1,comparable,fair,9.09,1.257,False,"rank-based within-dataset percentile among 1379 shared genes; TCGA=RSEM normalized_count, GTEx v8=TPM; NOT a fold change. mapping: GTEx cervix n very small (~5-9 donors); ecto/endo split"
PLXNA4,CHOL,Liver,41.3,27.37,13.92,83.1,comparable,poor,26.19,0.11,False,"rank-based within-dataset percentile among 1379 shared genes; TCGA=RSEM normalized_count, GTEx v8=TPM; NOT a fold change. mapping: Cholangiocarcinoma arises from bile-duct epithelium; GTEx has no bile duct, Liver is hepatocyte-dominated"
PLXNA4,COAD,Colon_Transverse,43.62,33.97,9.64,79.6,comparable,good,33.07,0.893,False,"rank-based within-dataset percentile among 1379 shared genes; TCGA=RSEM normalized_count, GTEx v8=TPM; NOT a fold change. clean tissue-of-origin match"
PLXNA4,ESCA,Esophagus_Mucosa,43.84,42.31,1.52,54.5,comparable,fair,40.81,1.212,False,"rank-based within-dataset percentile among 1379 shared genes; TCGA=RSEM normalized_count, GTEx v8=TPM; NOT a fold change. mapping: TCGA ESCA mixes squamous and adenocarcinoma; mucosa is squamous"
PLXNA4,GBM,Brain_Cortex,77.19,70.01,7.18,70.3,comparable,good,838.04,7.424,False,"rank-based within-dataset percentile among 1379 shared genes; TCGA=RSEM normalized_count, GTEx v8=TPM; NOT a fold change. clean tissue-of-origin match"
PLXNA4,HNSC,Esophagus_Mucosa,40.36,42.31,-1.96,38.3,comparable,poor,31.41,1.212,False,"rank-based within-dataset percentile among 1379 shared genes; TCGA=RSEM normalized_count, GTEx v8=TPM; NOT a fold change. mapping: No oral/laryngeal mucosa in GTEx; esophageal squamous mucosa used as surrogate epithelium"
PLXNA4,KICH,Kidney_Cortex,37.02,31.29,5.73,67.9,comparable,fair,7.0,0.336,False,"rank-based within-dataset percentile among 1379 shared genes; TCGA=RSEM normalized_count, GTEx v8=TPM; NOT a fold change. mapping: Chromophobe RCC derives from distal nephron/collecting duct"
PLXNA4,KIRC,Kidney_Cortex,38.4,31.29,7.11,71.0,comparable,good,19.67,0.336,False,"rank-based within-dataset percentile among 1379 shared genes; TCGA=RSEM normalized_count, GTEx v8=TPM; NOT a fold change. clean tissue-of-origin match"
PLXNA4,KIRP,Kidney_Cortex,37.38,31.29,6.09,70.1,comparable,good,10.8,0.336,False,"rank-based within-dataset percentile among 1379 shared genes; TCGA=RSEM normalized_count, GTEx v8=TPM; NOT a fold change. clean tissue-of-origin match"
PLXNA4,LGG,Brain_Cortex,82.34,70.01,12.33,84.3,comparable,good,1078.33,7.424,False,"rank-based within-dataset percentile among 1379 shared genes; TCGA=RSEM normalized_count, GTEx v8=TPM; NOT a fold change. clean tissue-of-origin match"
PLXNA4,LIHC,Liver,35.13,27.37,7.76,78.2,comparable,good,5.37,0.11,False,"rank-based within-dataset percentile among 1379 shared genes; TCGA=RSEM normalized_count, GTEx v8=TPM; NOT a fold change. clean tissue-of-origin match"
PLXNA4,LUAD,Lung,47.39,37.89,9.5,79.7,comparable,good,78.97,1.839,False,"rank-based within-dataset percentile among 1379 shared genes; TCGA=RSEM normalized_count, GTEx v8=TPM; NOT a fold change. clean tissue-of-origin match"
PLXNA4,LUSC,Lung,43.47,37.89,5.58,69.0,comparable,good,49.84,1.839,False,"rank-based within-dataset percentile among 1379 shared genes; TCGA=RSEM normalized_count, GTEx v8=TPM; NOT a fold change. clean tissue-of-origin match"
PLXNA4,MESO,Lung,72.41,37.89,34.52,98.0,enriched,poor,584.97,1.839,False,"rank-based within-dataset percentile among 1379 shared genes; TCGA=RSEM normalized_count, GTEx v8=TPM; NOT a fold change. mapping: No pleura/mesothelium in GTEx; Lung used only as an anatomic neighbour"
PLXNA4,OV,Ovary,53.05,59.06,-6.02,30.3,comparable,fair,106.04,5.479,False,"rank-based within-dataset percentile among 1379 shared genes; TCGA=RSEM normalized_count, GTEx v8=TPM; NOT a fold change. mapping: Most TCGA OV is high-grade serous, now thought largely fallopian-tube derived; GTEx Ovary is stroma-rich"
PLXNA4,PAAD,Pancreas,45.72,34.26,11.46,80.9,comparable,good,84.69,0.233,False,"rank-based within-dataset percentile among 1379 shared genes; TCGA=RSEM normalized_count, GTEx v8=TPM; NOT a fold change. mapping: GTEx Pancreas is acinar-dominated; PDAC is ductal"
PLXNA4,PCPG,Adrenal_Gland,71.1,37.09,34.01,96.2,enriched,fair,420.38,0.523,False,"rank-based within-dataset percentile among 1379 shared genes; TCGA=RSEM normalized_count, GTEx v8=TPM; NOT a fold change. mapping: Pheochromocytoma is medullary; paraganglioma is extra-adrenal"
PLXNA4,PRAD,Prostate,45.5,29.41,16.1,92.8,enriched,good,42.32,0.673,False,"rank-based within-dataset percentile among 1379 shared genes; TCGA=RSEM normalized_count, GTEx v8=TPM; NOT a fold change. clean tissue-of-origin match"
PLXNA4,READ,Colon_Sigmoid,44.78,47.03,-2.25,40.7,comparable,good,38.36,2.027,False,"rank-based within-dataset percentile among 1379 shared genes; TCGA=RSEM normalized_count, GTEx v8=TPM; NOT a fold change. clean tissue-of-origin match"
PLXNA4,SARC,Esophagus_Muscularis,69.36,48.62,20.74,95.6,enriched,poor,435.38,2.344,False,"rank-based within-dataset percentile among 1379 shared genes; TCGA=RSEM normalized_count, GTEx v8=TPM; NOT a fold change. mapping: TCGA SARC is histologically heterogeneous (LMS, DDLPS, UPS); smooth muscle is a partial surrogate only"
PLXNA4,SKCM,Skin_Sun_Exposed_Lower_leg,43.26,48.4,-5.15,31.0,comparable,good,20.06,3.027,False,"rank-based within-dataset percentile among 1379 shared genes; TCGA=RSEM normalized_count, GTEx v8=TPM; NOT a fold change. mapping: GTEx skin is keratinocyte-dominated; melanocytes are a minor fraction"
PLXNA4,STAD,Stomach,47.61,35.21,12.4,83.5,comparable,good,77.84,0.641,False,"rank-based within-dataset percentile among 1379 shared genes; TCGA=RSEM normalized_count, GTEx v8=TPM; NOT a fold change. clean tissue-of-origin match"
PLXNA4,TGCT,Testis,45.29,38.18,7.11,65.9,comparable,fair,66.52,1.827,False,"rank-based within-dataset percentile among 1379 shared genes; TCGA=RSEM normalized_count, GTEx v8=TPM; NOT a fold change. mapping: Testis has extreme transcriptome breadth; germ-cell tumour vs whole testis"
PLXNA4,THCA,Thyroid,64.79,33.76,31.04,98.8,enriched,good,298.82,0.795,False,"rank-based within-dataset percentile among 1379 shared genes; TCGA=RSEM normalized_count, GTEx v8=TPM; NOT a fold change. clean tissue-of-origin match"
PLXNA4,UCEC,Uterus,49.78,47.46,2.32,58.8,comparable,fair,66.21,2.468,False,"rank-based within-dataset percentile among 1379 shared genes; TCGA=RSEM normalized_count, GTEx v8=TPM; NOT a fold change. mapping: GTEx Uterus is myometrium-dominated; UCEC arises from endometrium"
PLXNA4,UCS,Uterus,64.21,47.46,16.75,88.6,comparable,poor,288.86,2.468,False,"rank-based within-dataset percentile among 1379 shared genes; TCGA=RSEM normalized_count, GTEx v8=TPM; NOT a fold change. mapping: Carcinosarcoma is biphasic (carcinomatous+sarcomatous); no matched normal exists"
PLXNA4,UVM,Skin_Not_Sun_Exposed_Suprapubic,53.34,48.4,4.93,54.2,comparable,poor,25.69,2.846,False,"rank-based within-dataset percentile among 1379 shared genes; TCGA=RSEM normalized_count, GTEx v8=TPM; NOT a fold change. mapping: No uveal tract in GTEx; skin used only as a melanocyte-containing surrogate"
PTPRC,ACC,Adrenal_Gland,56.31,57.54,-1.23,39.7,comparable,good,76.97,3.576,False,"rank-based within-dataset percentile among 1379 shared genes; TCGA=RSEM normalized_count, GTEx v8=TPM; NOT a fold change. mapping: Adrenocortical carcinoma vs whole adrenal gland (cortex+medulla mixed in GTEx)"
PTPRC,BLCA,Bladder,65.37,58.77,6.6,73.1,comparable,good,240.4,6.666,False,"rank-based within-dataset percentile among 1379 shared genes; TCGA=RSEM normalized_count, GTEx v8=TPM; NOT a fold change. mapping: GTEx Bladder n is small (21 donors)"
PTPRC,BRCA,Breast_Mammary_Tissue,77.92,57.98,19.94,93.8,enriched,good,753.55,6.726,False,"rank-based within-dataset percentile among 1379 shared genes; TCGA=RSEM normalized_count, GTEx v8=TPM; NOT a fold change. clean tissue-of-origin match"
PTPRC,CESC,Cervix_Ectocervix,73.42,51.38,22.04,91.6,enriched,fair,494.65,3.867,False,"rank-based within-dataset percentile among 1379 shared genes; TCGA=RSEM normalized_count, GTEx v8=TPM; NOT a fold change. mapping: GTEx cervix n very small (~5-9 donors); ecto/endo split"
PTPRC,CHOL,Liver,69.22,67.98,1.23,55.2,comparable,poor,411.53,3.855,False,"rank-based within-dataset percentile among 1379 shared genes; TCGA=RSEM normalized_count, GTEx v8=TPM; NOT a fold change. mapping: Cholangiocarcinoma arises from bile-duct epithelium; GTEx has no bile duct, Liver is hepatocyte-dominated"
PTPRC,COAD,Colon_Transverse,69.07,60.3,8.77,77.8,comparable,good,383.78,6.862,False,"rank-based within-dataset percentile among 1379 shared genes; TCGA=RSEM normalized_count, GTEx v8=TPM; NOT a fold change. clean tissue-of-origin match"
PTPRC,ESCA,Esophagus_Mucosa,74.44,57.11,17.33,92.5,enriched,fair,586.8,3.9,False,"rank-based within-dataset percentile among 1379 shared genes; TCGA=RSEM normalized_count, GTEx v8=TPM; NOT a fold change. mapping: TCGA ESCA mixes squamous and adenocarcinoma; mucosa is squamous"
PTPRC,GBM,Brain_Cortex,70.88,39.78,31.11,96.5,enriched,good,602.94,0.85,False,"rank-based within-dataset percentile among 1379 shared genes; TCGA=RSEM normalized_count, GTEx v8=TPM; NOT a fold change. clean tissue-of-origin match"
PTPRC,HNSC,Esophagus_Mucosa,72.12,57.11,15.01,89.8,comparable,poor,522.39,3.9,False,"rank-based within-dataset percentile among 1379 shared genes; TCGA=RSEM normalized_count, GTEx v8=TPM; NOT a fold change. mapping: No oral/laryngeal mucosa in GTEx; esophageal squamous mucosa used as surrogate epithelium"
PTPRC,KICH,Kidney_Cortex,68.64,54.13,14.5,85.7,comparable,fair,284.39,2.334,False,"rank-based within-dataset percentile among 1379 shared genes; TCGA=RSEM normalized_count, GTEx v8=TPM; NOT a fold change. mapping: Chromophobe RCC derives from distal nephron/collecting duct"
PTPRC,KIRC,Kidney_Cortex,82.27,54.13,28.14,97.6,enriched,good,1530.63,2.334,False,"rank-based within-dataset percentile among 1379 shared genes; TCGA=RSEM normalized_count, GTEx v8=TPM; NOT a fold change. clean tissue-of-origin match"
PTPRC,KIRP,Kidney_Cortex,70.67,54.13,16.53,91.1,enriched,good,408.32,2.334,False,"rank-based within-dataset percentile among 1379 shared genes; TCGA=RSEM normalized_count, GTEx v8=TPM; NOT a fold change. clean tissue-of-origin match"
PTPRC,LGG,Brain_Cortex,63.63,39.78,23.86,96.3,enriched,good,277.43,0.85,False,"rank-based within-dataset percentile among 1379 shared genes; TCGA=RSEM normalized_count, GTEx v8=TPM; NOT a fold change. clean tissue-of-origin match"
PTPRC,LIHC,Liver,66.1,67.98,-1.89,35.0,comparable,good,236.22,3.855,False,"rank-based within-dataset percentile among 1379 shared genes; TCGA=RSEM normalized_count, GTEx v8=TPM; NOT a fold change. clean tissue-of-origin match"
PTPRC,LUAD,Lung,84.3,85.97,-1.67,40.8,comparable,good,1330.24,63.66,False,"rank-based within-dataset percentile among 1379 shared genes; TCGA=RSEM normalized_count, GTEx v8=TPM; NOT a fold change. clean tissue-of-origin match"
PTPRC,LUSC,Lung,77.19,85.97,-8.77,25.2,comparable,good,847.96,63.66,False,"rank-based within-dataset percentile among 1379 shared genes; TCGA=RSEM normalized_count, GTEx v8=TPM; NOT a fold change. clean tissue-of-origin match"
PTPRC,MESO,Lung,75.45,85.97,-10.51,17.9,comparable,poor,763.95,63.66,False,"rank-based within-dataset percentile among 1379 shared genes; TCGA=RSEM normalized_count, GTEx v8=TPM; NOT a fold change. mapping: No pleura/mesothelium in GTEx; Lung used only as an anatomic neighbour"
PTPRC,OV,Ovary,70.16,48.33,21.83,91.7,enriched,fair,403.85,1.931,False,"rank-based within-dataset percentile among 1379 shared genes; TCGA=RSEM normalized_count, GTEx v8=TPM; NOT a fold change. mapping: Most TCGA OV is high-grade serous, now thought largely fallopian-tube derived; GTEx Ovary is stroma-rich"
PTPRC,PAAD,Pancreas,73.71,51.67,22.04,93.8,enriched,good,762.91,1.028,False,"rank-based within-dataset percentile among 1379 shared genes; TCGA=RSEM normalized_count, GTEx v8=TPM; NOT a fold change. mapping: GTEx Pancreas is acinar-dominated; PDAC is ductal"
PTPRC,PCPG,Adrenal_Gland,57.32,57.54,-0.22,46.2,comparable,fair,127.14,3.576,False,"rank-based within-dataset percentile among 1379 shared genes; TCGA=RSEM normalized_count, GTEx v8=TPM; NOT a fold change. mapping: Pheochromocytoma is medullary; paraganglioma is extra-adrenal"
PTPRC,PRAD,Prostate,65.66,51.89,13.78,91.0,enriched,good,292.03,4.672,False,"rank-based within-dataset percentile among 1379 shared genes; TCGA=RSEM normalized_count, GTEx v8=TPM; NOT a fold change. clean tissue-of-origin match"
PTPRC,READ,Colon_Sigmoid,67.69,53.19,14.5,84.0,comparable,good,335.12,3.49,False,"rank-based within-dataset percentile among 1379 shared genes; TCGA=RSEM normalized_count, GTEx v8=TPM; NOT a fold change. clean tissue-of-origin match"
PTPRC,SARC,Esophagus_Muscularis,70.16,53.63,16.53,91.4,enriched,poor,460.98,3.508,False,"rank-based within-dataset percentile among 1379 shared genes; TCGA=RSEM normalized_count, GTEx v8=TPM; NOT a fold change. mapping: TCGA SARC is histologically heterogeneous (LMS, DDLPS, UPS); smooth muscle is a partial surrogate only"
PTPRC,SKCM,Skin_Sun_Exposed_Lower_leg,63.42,47.39,16.03,84.8,comparable,good,168.07,2.778,False,"rank-based within-dataset percentile among 1379 shared genes; TCGA=RSEM normalized_count, GTEx v8=TPM; NOT a fold change. mapping: GTEx skin is keratinocyte-dominated; melanocytes are a minor fraction"
PTPRC,STAD,Stomach,81.33,61.97,19.36,92.5,enriched,good,1094.33,5.349,False,"rank-based within-dataset percentile among 1379 shared genes; TCGA=RSEM normalized_count, GTEx v8=TPM; NOT a fold change. clean tissue-of-origin match"
PTPRC,TGCT,Testis,83.36,37.89,45.47,98.2,enriched,fair,1014.97,1.819,False,"rank-based within-dataset percentile among 1379 shared genes; TCGA=RSEM normalized_count, GTEx v8=TPM; NOT a fold change. mapping: Testis has extreme transcriptome breadth; germ-cell tumour vs whole testis"
PTPRC,THCA,Thyroid,64.94,56.96,7.98,79.5,comparable,good,304.71,6.698,False,"rank-based within-dataset percentile among 1379 shared genes; TCGA=RSEM normalized_count, GTEx v8=TPM; NOT a fold change. clean tissue-of-origin match"
PTPRC,UCEC,Uterus,65.23,55.15,10.08,78.1,comparable,fair,258.5,4.708,False,"rank-based within-dataset percentile among 1379 shared genes; TCGA=RSEM normalized_count, GTEx v8=TPM; NOT a fold change. mapping: GTEx Uterus is myometrium-dominated; UCEC arises from endometrium"
PTPRC,UCS,Uterus,54.57,55.15,-0.58,45.5,comparable,poor,120.75,4.708,False,"rank-based within-dataset percentile among 1379 shared genes; TCGA=RSEM normalized_count, GTEx v8=TPM; NOT a fold change. mapping: Carcinosarcoma is biphasic (carcinomatous+sarcomatous); no matched normal exists"
PTPRC,UVM,Skin_Not_Sun_Exposed_Suprapubic,54.13,49.35,4.79,53.7,comparable,poor,29.58,3.079,False,"rank-based within-dataset percentile among 1379 shared genes; TCGA=RSEM normalized_count, GTEx v8=TPM; NOT a fold change. mapping: No uveal tract in GTEx; skin used only as a melanocyte-containing surrogate"
PTPRZ1,ACC,Adrenal_Gland,34.55,30.35,4.21,68.9,comparable,good,4.16,0.266,False,"rank-based within-dataset percentile among 1379 shared genes; TCGA=RSEM normalized_count, GTEx v8=TPM; NOT a fold change. mapping: Adrenocortical carcinoma vs whole adrenal gland (cortex+medulla mixed in GTEx)"
PTPRZ1,BLCA,Bladder,28.9,32.81,-3.92,34.2,comparable,good,4.29,0.722,False,"rank-based within-dataset percentile among 1379 shared genes; TCGA=RSEM normalized_count, GTEx v8=TPM; NOT a fold change. mapping: GTEx Bladder n is small (21 donors)"
PTPRZ1,BRCA,Breast_Mammary_Tissue,32.02,35.42,-3.41,35.0,comparable,good,8.06,0.992,False,"rank-based within-dataset percentile among 1379 shared genes; TCGA=RSEM normalized_count, GTEx v8=TPM; NOT a fold change. clean tissue-of-origin match"
PTPRZ1,CESC,Cervix_Ectocervix,68.42,46.52,21.9,91.4,enriched,fair,309.06,2.503,False,"rank-based within-dataset percentile among 1379 shared genes; TCGA=RSEM normalized_count, GTEx v8=TPM; NOT a fold change. mapping: GTEx cervix n very small (~5-9 donors); ecto/endo split"
PTPRZ1,CHOL,Liver,26.07,20.99,5.08,66.3,comparable,poor,2.96,0.054,False,"rank-based within-dataset percentile among 1379 shared genes; TCGA=RSEM normalized_count, GTEx v8=TPM; NOT a fold change. mapping: Cholangiocarcinoma arises from bile-duct epithelium; GTEx has no bile duct, Liver is hepatocyte-dominated"
PTPRZ1,COAD,Colon_Transverse,21.07,42.17,-21.1,7.6,depleted,good,1.23,1.761,False,"rank-based within-dataset percentile among 1379 shared genes; TCGA=RSEM normalized_count, GTEx v8=TPM; NOT a fold change. clean tissue-of-origin match"
PTPRZ1,ESCA,Esophagus_Mucosa,72.19,67.33,4.86,66.3,comparable,fair,472.16,8.186,False,"rank-based within-dataset percentile among 1379 shared genes; TCGA=RSEM normalized_count, GTEx v8=TPM; NOT a fold change. mapping: TCGA ESCA mixes squamous and adenocarcinoma; mucosa is squamous"
PTPRZ1,GBM,Brain_Cortex,99.24,91.99,7.25,70.6,comparable,good,32670.45,41.205,False,"rank-based within-dataset percentile among 1379 shared genes; TCGA=RSEM normalized_count, GTEx v8=TPM; NOT a fold change. clean tissue-of-origin match"
PTPRZ1,HNSC,Esophagus_Mucosa,88.14,67.33,20.81,94.6,enriched,poor,2135.18,8.186,False,"rank-based within-dataset percentile among 1379 shared genes; TCGA=RSEM normalized_count, GTEx v8=TPM; NOT a fold change. mapping: No oral/laryngeal mucosa in GTEx; esophageal squamous mucosa used as surrogate epithelium"
PTPRZ1,KICH,Kidney_Cortex,19.22,20.63,-1.41,41.0,comparable,fair,0.39,0.089,False,"rank-based within-dataset percentile among 1379 shared genes; TCGA=RSEM normalized_count, GTEx v8=TPM; NOT a fold change. mapping: Chromophobe RCC derives from distal nephron/collecting duct"
PTPRZ1,KIRC,Kidney_Cortex,19.18,20.63,-1.45,40.8,comparable,good,0.9,0.089,False,"rank-based within-dataset percentile among 1379 shared genes; TCGA=RSEM normalized_count, GTEx v8=TPM; NOT a fold change. clean tissue-of-origin match"
PTPRZ1,KIRP,Kidney_Cortex,15.92,20.63,-4.71,29.9,comparable,good,0.24,0.089,False,"rank-based within-dataset percentile among 1379 shared genes; TCGA=RSEM normalized_count, GTEx v8=TPM; NOT a fold change. clean tissue-of-origin match"
PTPRZ1,LGG,Brain_Cortex,99.46,91.99,7.47,74.7,comparable,good,32104.8,41.205,False,"rank-based within-dataset percentile among 1379 shared genes; TCGA=RSEM normalized_count, GTEx v8=TPM; NOT a fold change. clean tissue-of-origin match"
PTPRZ1,LIHC,Liver,23.97,20.99,2.97,65.1,comparable,good,1.1,0.054,False,"rank-based within-dataset percentile among 1379 shared genes; TCGA=RSEM normalized_count, GTEx v8=TPM; NOT a fold change. clean tissue-of-origin match"
PTPRZ1,LUAD,Lung,38.98,36.95,2.03,61.2,comparable,good,27.9,1.698,False,"rank-based within-dataset percentile among 1379 shared genes; TCGA=RSEM normalized_count, GTEx v8=TPM; NOT a fold change. clean tissue-of-origin match"
PTPRZ1,LUSC,Lung,87.71,36.95,50.76,99.3,enriched,good,1932.41,1.698,False,"rank-based within-dataset percentile among 1379 shared genes; TCGA=RSEM normalized_count, GTEx v8=TPM; NOT a fold change. clean tissue-of-origin match"
PTPRZ1,MESO,Lung,37.31,36.95,0.36,47.4,comparable,poor,19.3,1.698,False,"rank-based within-dataset percentile among 1379 shared genes; TCGA=RSEM normalized_count, GTEx v8=TPM; NOT a fold change. mapping: No pleura/mesothelium in GTEx; Lung used only as an anatomic neighbour"
PTPRZ1,OV,Ovary,18.31,38.03,-19.72,10.5,comparable,fair,1.28,0.663,False,"rank-based within-dataset percentile among 1379 shared genes; TCGA=RSEM normalized_count, GTEx v8=TPM; NOT a fold change. mapping: Most TCGA OV is high-grade serous, now thought largely fallopian-tube derived; GTEx Ovary is stroma-rich"
PTPRZ1,PAAD,Pancreas,41.23,42.46,-1.23,48.2,comparable,good,58.08,0.531,False,"rank-based within-dataset percentile among 1379 shared genes; TCGA=RSEM normalized_count, GTEx v8=TPM; NOT a fold change. mapping: GTEx Pancreas is acinar-dominated; PDAC is ductal"
PTPRZ1,PCPG,Adrenal_Gland,49.27,30.35,18.93,89.4,comparable,fair,55.13,0.266,False,"rank-based within-dataset percentile among 1379 shared genes; TCGA=RSEM normalized_count, GTEx v8=TPM; NOT a fold change. mapping: Pheochromocytoma is medullary; paraganglioma is extra-adrenal"
PTPRZ1,PRAD,Prostate,38.76,37.89,0.87,50.3,comparable,good,21.67,1.601,False,"rank-based within-dataset percentile among 1379 shared genes; TCGA=RSEM normalized_count, GTEx v8=TPM; NOT a fold change. clean tissue-of-origin match"
PTPRZ1,READ,Colon_Sigmoid,18.82,61.31,-42.49,1.7,depleted,good,0.98,7.149,False,"rank-based within-dataset percentile among 1379 shared genes; TCGA=RSEM normalized_count, GTEx v8=TPM; NOT a fold change. clean tissue-of-origin match"
PTPRZ1,SARC,Esophagus_Muscularis,30.2,52.76,-22.55,6.0,depleted,poor,4.64,3.329,False,"rank-based within-dataset percentile among 1379 shared genes; TCGA=RSEM normalized_count, GTEx v8=TPM; NOT a fold change. mapping: TCGA SARC is histologically heterogeneous (LMS, DDLPS, UPS); smooth muscle is a partial surrogate only"
PTPRZ1,SKCM,Skin_Sun_Exposed_Lower_leg,85.53,74.15,11.39,78.0,comparable,good,1215.03,18.815,False,"rank-based within-dataset percentile among 1379 shared genes; TCGA=RSEM normalized_count, GTEx v8=TPM; NOT a fold change. mapping: GTEx skin is keratinocyte-dominated; melanocytes are a minor fraction"
PTPRZ1,STAD,Stomach,41.88,64.58,-22.7,6.0,depleted,good,38.34,6.069,False,"rank-based within-dataset percentile among 1379 shared genes; TCGA=RSEM normalized_count, GTEx v8=TPM; NOT a fold change. clean tissue-of-origin match"
PTPRZ1,TGCT,Testis,35.86,19.33,16.53,81.2,comparable,fair,25.55,0.523,False,"rank-based within-dataset percentile among 1379 shared genes; TCGA=RSEM normalized_count, GTEx v8=TPM; NOT a fold change. mapping: Testis has extreme transcriptome breadth; germ-cell tumour vs whole testis"
PTPRZ1,THCA,Thyroid,22.66,25.49,-2.83,36.2,comparable,good,1.43,0.309,False,"rank-based within-dataset percentile among 1379 shared genes; TCGA=RSEM normalized_count, GTEx v8=TPM; NOT a fold change. clean tissue-of-origin match"
PTPRZ1,UCEC,Uterus,15.05,25.71,-10.66,21.2,comparable,fair,0.44,0.24,False,"rank-based within-dataset percentile among 1379 shared genes; TCGA=RSEM normalized_count, GTEx v8=TPM; NOT a fold change. mapping: GTEx Uterus is myometrium-dominated; UCEC arises from endometrium"
PTPRZ1,UCS,Uterus,25.34,25.71,-0.36,45.9,comparable,poor,4.57,0.24,False,"rank-based within-dataset percentile among 1379 shared genes; TCGA=RSEM normalized_count, GTEx v8=TPM; NOT a fold change. mapping: Carcinosarcoma is biphasic (carcinomatous+sarcomatous); no matched normal exists"
PTPRZ1,UVM,Skin_Not_Sun_Exposed_Suprapubic,67.4,73.79,-6.38,28.1,comparable,poor,152.08,16.864,False,"rank-based within-dataset percentile among 1379 shared genes; TCGA=RSEM normalized_count, GTEx v8=TPM; NOT a fold change. mapping: No uveal tract in GTEx; skin used only as a melanocyte-containing surrogate"
SDC1,ACC,Adrenal_Gland,93.15,80.53,12.62,88.3,comparable,good,2672.57,20.449,False,"rank-based within-dataset percentile among 1379 shared genes; TCGA=RSEM normalized_count, GTEx v8=TPM; NOT a fold change. mapping: Adrenocortical carcinoma vs whole adrenal gland (cortex+medulla mixed in GTEx)"
SDC1,BLCA,Bladder,99.46,86.11,13.34,86.7,comparable,good,28027.1,44.05,False,"rank-based within-dataset percentile among 1379 shared genes; TCGA=RSEM normalized_count, GTEx v8=TPM; NOT a fold change. mapping: GTEx Bladder n is small (21 donors)"
SDC1,BRCA,Breast_Mammary_Tissue,95.98,66.24,29.73,98.0,enriched,good,6331.91,13.171,False,"rank-based within-dataset percentile among 1379 shared genes; TCGA=RSEM normalized_count, GTEx v8=TPM; NOT a fold change. clean tissue-of-origin match"
SDC1,CESC,Cervix_Ectocervix,99.02,64.14,34.88,96.7,enriched,fair,19964.6,11.555,False,"rank-based within-dataset percentile among 1379 shared genes; TCGA=RSEM normalized_count, GTEx v8=TPM; NOT a fold change. mapping: GTEx cervix n very small (~5-9 donors); ecto/endo split"
SDC1,CHOL,Liver,97.35,98.3,-0.94,39.0,comparable,poor,9809.98,289.522,False,"rank-based within-dataset percentile among 1379 shared genes; TCGA=RSEM normalized_count, GTEx v8=TPM; NOT a fold change. mapping: Cholangiocarcinoma arises from bile-duct epithelium; GTEx has no bile duct, Liver is hepatocyte-dominated"
SDC1,COAD,Colon_Transverse,96.92,91.62,5.29,68.9,comparable,good,6478.59,56.199,False,"rank-based within-dataset percentile among 1379 shared genes; TCGA=RSEM normalized_count, GTEx v8=TPM; NOT a fold change. clean tissue-of-origin match"
SDC1,ESCA,Esophagus_Mucosa,97.79,99.17,-1.38,39.4,comparable,fair,9915.94,577.486,False,"rank-based within-dataset percentile among 1379 shared genes; TCGA=RSEM normalized_count, GTEx v8=TPM; NOT a fold change. mapping: TCGA ESCA mixes squamous and adenocarcinoma; mucosa is squamous"
SDC1,GBM,Brain_Cortex,63.42,41.44,21.97,91.4,enriched,good,319.62,0.958,False,"rank-based within-dataset percentile among 1379 shared genes; TCGA=RSEM normalized_count, GTEx v8=TPM; NOT a fold change. clean tissue-of-origin match"
SDC1,HNSC,Esophagus_Mucosa,99.09,99.17,-0.07,44.9,comparable,poor,27897.9,577.486,False,"rank-based within-dataset percentile among 1379 shared genes; TCGA=RSEM normalized_count, GTEx v8=TPM; NOT a fold change. mapping: No oral/laryngeal mucosa in GTEx; esophageal squamous mucosa used as surrogate epithelium"
SDC1,KICH,Kidney_Cortex,88.14,96.63,-8.48,23.6,comparable,fair,1614.38,82.228,False,"rank-based within-dataset percentile among 1379 shared genes; TCGA=RSEM normalized_count, GTEx v8=TPM; NOT a fold change. mapping: Chromophobe RCC derives from distal nephron/collecting duct"
SDC1,KIRC,Kidney_Cortex,89.81,96.63,-6.82,26.6,comparable,good,2817.54,82.228,False,"rank-based within-dataset percentile among 1379 shared genes; TCGA=RSEM normalized_count, GTEx v8=TPM; NOT a fold change. clean tissue-of-origin match"
SDC1,KIRP,Kidney_Cortex,95.54,96.63,-1.09,40.5,comparable,good,5046.52,82.228,False,"rank-based within-dataset percentile among 1379 shared genes; TCGA=RSEM normalized_count, GTEx v8=TPM; NOT a fold change. clean tissue-of-origin match"
SDC1,LGG,Brain_Cortex,49.35,41.44,7.9,75.7,comparable,good,60.63,0.958,False,"rank-based within-dataset percentile among 1379 shared genes; TCGA=RSEM normalized_count, GTEx v8=TPM; NOT a fold change. clean tissue-of-origin match"
SDC1,LIHC,Liver,98.3,98.3,0.0,41.9,comparable,good,20613.2,289.522,False,"rank-based within-dataset percentile among 1379 shared genes; TCGA=RSEM normalized_count, GTEx v8=TPM; NOT a fold change. clean tissue-of-origin match"
SDC1,LUAD,Lung,98.3,88.29,10.01,81.0,comparable,good,11929.5,78.828,False,"rank-based within-dataset percentile among 1379 shared genes; TCGA=RSEM normalized_count, GTEx v8=TPM; NOT a fold change. clean tissue-of-origin match"
SDC1,LUSC,Lung,98.8,88.29,10.51,78.2,comparable,good,20967.6,78.828,False,"rank-based within-dataset percentile among 1379 shared genes; TCGA=RSEM normalized_count, GTEx v8=TPM; NOT a fold change. clean tissue-of-origin match"
SDC1,MESO,Lung,78.43,88.29,-9.86,19.2,comparable,poor,949.32,78.828,False,"rank-based within-dataset percentile among 1379 shared genes; TCGA=RSEM normalized_count, GTEx v8=TPM; NOT a fold change. mapping: No pleura/mesothelium in GTEx; Lung used only as an anatomic neighbour"
SDC1,OV,Ovary,84.74,50.36,34.37,97.2,enriched,fair,1263.47,2.351,False,"rank-based within-dataset percentile among 1379 shared genes; TCGA=RSEM normalized_count, GTEx v8=TPM; NOT a fold change. mapping: Most TCGA OV is high-grade serous, now thought largely fallopian-tube derived; GTEx Ovary is stroma-rich"
SDC1,PAAD,Pancreas,95.32,81.76,13.56,84.2,comparable,good,7669.44,9.975,False,"rank-based within-dataset percentile among 1379 shared genes; TCGA=RSEM normalized_count, GTEx v8=TPM; NOT a fold change. mapping: GTEx Pancreas is acinar-dominated; PDAC is ductal"
SDC1,PCPG,Adrenal_Gland,58.99,80.53,-21.54,8.3,depleted,fair,151.14,20.449,False,"rank-based within-dataset percentile among 1379 shared genes; TCGA=RSEM normalized_count, GTEx v8=TPM; NOT a fold change. mapping: Pheochromocytoma is medullary; paraganglioma is extra-adrenal"
SDC1,PRAD,Prostate,88.22,92.13,-3.92,32.3,comparable,good,1811.79,76.104,False,"rank-based within-dataset percentile among 1379 shared genes; TCGA=RSEM normalized_count, GTEx v8=TPM; NOT a fold change. clean tissue-of-origin match"
SDC1,READ,Colon_Sigmoid,96.48,38.61,57.87,99.2,enriched,good,6138.34,0.986,False,"rank-based within-dataset percentile among 1379 shared genes; TCGA=RSEM normalized_count, GTEx v8=TPM; NOT a fold change. clean tissue-of-origin match"
SDC1,SARC,Esophagus_Muscularis,86.11,40.94,45.18,99.8,enriched,poor,1447.8,1.154,False,"rank-based within-dataset percentile among 1379 shared genes; TCGA=RSEM normalized_count, GTEx v8=TPM; NOT a fold change. mapping: TCGA SARC is histologically heterogeneous (LMS, DDLPS, UPS); smooth muscle is a partial surrogate only"
SDC1,SKCM,Skin_Sun_Exposed_Lower_leg,87.35,99.02,-11.68,19.1,comparable,good,1450.41,587.502,False,"rank-based within-dataset percentile among 1379 shared genes; TCGA=RSEM normalized_count, GTEx v8=TPM; NOT a fold change. mapping: GTEx skin is keratinocyte-dominated; melanocytes are a minor fraction"
SDC1,STAD,Stomach,95.18,88.72,6.45,71.3,comparable,good,4782.25,31.784,False,"rank-based within-dataset percentile among 1379 shared genes; TCGA=RSEM normalized_count, GTEx v8=TPM; NOT a fold change. clean tissue-of-origin match"
SDC1,TGCT,Testis,82.56,63.63,18.93,84.3,comparable,fair,968.12,6.934,False,"rank-based within-dataset percentile among 1379 shared genes; TCGA=RSEM normalized_count, GTEx v8=TPM; NOT a fold change. mapping: Testis has extreme transcriptome breadth; germ-cell tumour vs whole testis"
SDC1,THCA,Thyroid,92.42,72.77,19.65,95.2,enriched,good,3213.35,21.692,False,"rank-based within-dataset percentile among 1379 shared genes; TCGA=RSEM normalized_count, GTEx v8=TPM; NOT a fold change. clean tissue-of-origin match"
SDC1,UCEC,Uterus,94.67,41.37,53.3,99.6,enriched,fair,3670.29,1.308,False,"rank-based within-dataset percentile among 1379 shared genes; TCGA=RSEM normalized_count, GTEx v8=TPM; NOT a fold change. mapping: GTEx Uterus is myometrium-dominated; UCEC arises from endometrium"
SDC1,UCS,Uterus,93.0,41.37,51.63,99.4,enriched,poor,2817.02,1.308,False,"rank-based within-dataset percentile among 1379 shared genes; TCGA=RSEM normalized_count, GTEx v8=TPM; NOT a fold change. mapping: Carcinosarcoma is biphasic (carcinomatous+sarcomatous); no matched normal exists"
SDC1,UVM,Skin_Not_Sun_Exposed_Suprapubic,77.41,99.02,-21.61,10.9,comparable,poor,417.43,657.798,False,"rank-based within-dataset percentile among 1379 shared genes; TCGA=RSEM normalized_count, GTEx v8=TPM; NOT a fold change. mapping: No uveal tract in GTEx; skin used only as a melanocyte-containing surrogate"
SDC2,ACC,Adrenal_Gland,85.68,66.46,19.22,95.9,enriched,good,1181.64,7.309,False,"rank-based within-dataset percentile among 1379 shared genes; TCGA=RSEM normalized_count, GTEx v8=TPM; NOT a fold change. mapping: Adrenocortical carcinoma vs whole adrenal gland (cortex+medulla mixed in GTEx)"
SDC2,BLCA,Bladder,77.05,92.64,-15.59,13.1,comparable,good,611.89,87.841,False,"rank-based within-dataset percentile among 1379 shared genes; TCGA=RSEM normalized_count, GTEx v8=TPM; NOT a fold change. mapping: GTEx Bladder n is small (21 donors)"
SDC2,BRCA,Breast_Mammary_Tissue,87.27,88.14,-0.87,41.4,comparable,good,1650.6,62.56,False,"rank-based within-dataset percentile among 1379 shared genes; TCGA=RSEM normalized_count, GTEx v8=TPM; NOT a fold change. clean tissue-of-origin match"
SDC2,CESC,Cervix_Ectocervix,68.56,94.53,-25.96,7.9,depleted,fair,312.12,130.333,False,"rank-based within-dataset percentile among 1379 shared genes; TCGA=RSEM normalized_count, GTEx v8=TPM; NOT a fold change. mapping: GTEx cervix n very small (~5-9 donors); ecto/endo split"
SDC2,CHOL,Liver,78.93,94.6,-15.66,13.9,comparable,poor,878.23,62.55,False,"rank-based within-dataset percentile among 1379 shared genes; TCGA=RSEM normalized_count, GTEx v8=TPM; NOT a fold change. mapping: Cholangiocarcinoma arises from bile-duct epithelium; GTEx has no bile duct, Liver is hepatocyte-dominated"
SDC2,COAD,Colon_Transverse,76.18,87.2,-11.02,18.1,comparable,good,670.69,37.336,False,"rank-based within-dataset percentile among 1379 shared genes; TCGA=RSEM normalized_count, GTEx v8=TPM; NOT a fold change. clean tissue-of-origin match"
SDC2,ESCA,Esophagus_Mucosa,74.66,71.9,2.76,59.9,comparable,fair,598.7,10.8,False,"rank-based within-dataset percentile among 1379 shared genes; TCGA=RSEM normalized_count, GTEx v8=TPM; NOT a fold change. mapping: TCGA ESCA mixes squamous and adenocarcinoma; mucosa is squamous"
SDC2,GBM,Brain_Cortex,85.32,83.43,1.89,51.3,comparable,good,1583.57,18.899,False,"rank-based within-dataset percentile among 1379 shared genes; TCGA=RSEM normalized_count, GTEx v8=TPM; NOT a fold change. clean tissue-of-origin match"
SDC2,HNSC,Esophagus_Mucosa,72.34,71.9,0.44,47.3,comparable,poor,546.12,10.8,False,"rank-based within-dataset percentile among 1379 shared genes; TCGA=RSEM normalized_count, GTEx v8=TPM; NOT a fold change. mapping: No oral/laryngeal mucosa in GTEx; esophageal squamous mucosa used as surrogate epithelium"
SDC2,KICH,Kidney_Cortex,97.86,87.06,10.8,79.3,comparable,fair,8786.89,23.244,False,"rank-based within-dataset percentile among 1379 shared genes; TCGA=RSEM normalized_count, GTEx v8=TPM; NOT a fold change. mapping: Chromophobe RCC derives from distal nephron/collecting duct"
SDC2,KIRC,Kidney_Cortex,91.84,87.06,4.79,65.4,comparable,good,3594.85,23.244,False,"rank-based within-dataset percentile among 1379 shared genes; TCGA=RSEM normalized_count, GTEx v8=TPM; NOT a fold change. clean tissue-of-origin match"
SDC2,KIRP,Kidney_Cortex,91.12,87.06,4.06,64.5,comparable,good,2334.41,23.244,False,"rank-based within-dataset percentile among 1379 shared genes; TCGA=RSEM normalized_count, GTEx v8=TPM; NOT a fold change. clean tissue-of-origin match"
SDC2,LGG,Brain_Cortex,77.63,83.43,-5.8,27.3,comparable,good,817.21,18.899,False,"rank-based within-dataset percentile among 1379 shared genes; TCGA=RSEM normalized_count, GTEx v8=TPM; NOT a fold change. clean tissue-of-origin match"
SDC2,LIHC,Liver,97.72,94.6,3.12,66.1,comparable,good,11004.6,62.55,False,"rank-based within-dataset percentile among 1379 shared genes; TCGA=RSEM normalized_count, GTEx v8=TPM; NOT a fold change. clean tissue-of-origin match"
SDC2,LUAD,Lung,77.12,82.56,-5.44,29.0,comparable,good,821.56,48.222,False,"rank-based within-dataset percentile among 1379 shared genes; TCGA=RSEM normalized_count, GTEx v8=TPM; NOT a fold change. clean tissue-of-origin match"
SDC2,LUSC,Lung,78.21,82.56,-4.35,36.5,comparable,good,904.87,48.222,False,"rank-based within-dataset percentile among 1379 shared genes; TCGA=RSEM normalized_count, GTEx v8=TPM; NOT a fold change. clean tissue-of-origin match"
SDC2,MESO,Lung,82.63,82.56,0.07,46.4,comparable,poor,1387.54,48.222,False,"rank-based within-dataset percentile among 1379 shared genes; TCGA=RSEM normalized_count, GTEx v8=TPM; NOT a fold change. mapping: No pleura/mesothelium in GTEx; Lung used only as an anatomic neighbour"
SDC2,OV,Ovary,78.43,95.25,-16.82,13.0,comparable,fair,789.42,163.83,False,"rank-based within-dataset percentile among 1379 shared genes; TCGA=RSEM normalized_count, GTEx v8=TPM; NOT a fold change. mapping: Most TCGA OV is high-grade serous, now thought largely fallopian-tube derived; GTEx Ovary is stroma-rich"
SDC2,PAAD,Pancreas,82.05,90.25,-8.19,24.1,comparable,good,1405.06,19.688,False,"rank-based within-dataset percentile among 1379 shared genes; TCGA=RSEM normalized_count, GTEx v8=TPM; NOT a fold change. mapping: GTEx Pancreas is acinar-dominated; PDAC is ductal"
SDC2,PCPG,Adrenal_Gland,93.73,66.46,27.27,93.7,enriched,fair,3528.78,7.309,False,"rank-based within-dataset percentile among 1379 shared genes; TCGA=RSEM normalized_count, GTEx v8=TPM; NOT a fold change. mapping: Pheochromocytoma is medullary; paraganglioma is extra-adrenal"
SDC2,PRAD,Prostate,86.48,86.69,-0.22,45.0,comparable,good,1557.27,45.832,False,"rank-based within-dataset percentile among 1379 shared genes; TCGA=RSEM normalized_count, GTEx v8=TPM; NOT a fold change. clean tissue-of-origin match"
SDC2,READ,Colon_Sigmoid,76.18,92.13,-15.95,16.5,comparable,good,650.18,80.167,False,"rank-based within-dataset percentile among 1379 shared genes; TCGA=RSEM normalized_count, GTEx v8=TPM; NOT a fold change. clean tissue-of-origin match"
SDC2,SARC,Esophagus_Muscularis,95.03,87.85,7.18,73.2,comparable,poor,5003.95,46.973,False,"rank-based within-dataset percentile among 1379 shared genes; TCGA=RSEM normalized_count, GTEx v8=TPM; NOT a fold change. mapping: TCGA SARC is histologically heterogeneous (LMS, DDLPS, UPS); smooth muscle is a partial surrogate only"
SDC2,SKCM,Skin_Sun_Exposed_Lower_leg,82.05,75.89,6.16,66.6,comparable,good,904.14,21.248,False,"rank-based within-dataset percentile among 1379 shared genes; TCGA=RSEM normalized_count, GTEx v8=TPM; NOT a fold change. mapping: GTEx skin is keratinocyte-dominated; melanocytes are a minor fraction"
SDC2,STAD,Stomach,80.6,83.58,-2.97,36.0,comparable,good,1029.21,21.634,False,"rank-based within-dataset percentile among 1379 shared genes; TCGA=RSEM normalized_count, GTEx v8=TPM; NOT a fold change. clean tissue-of-origin match"
SDC2,TGCT,Testis,90.75,75.45,15.3,79.5,comparable,fair,1915.23,14.268,False,"rank-based within-dataset percentile among 1379 shared genes; TCGA=RSEM normalized_count, GTEx v8=TPM; NOT a fold change. mapping: Testis has extreme transcriptome breadth; germ-cell tumour vs whole testis"
SDC2,THCA,Thyroid,96.56,97.35,-0.8,43.3,comparable,good,7417.16,230.842,False,"rank-based within-dataset percentile among 1379 shared genes; TCGA=RSEM normalized_count, GTEx v8=TPM; NOT a fold change. clean tissue-of-origin match"
SDC2,UCEC,Uterus,87.64,90.39,-2.76,37.4,comparable,fair,1498.31,90.586,False,"rank-based within-dataset percentile among 1379 shared genes; TCGA=RSEM normalized_count, GTEx v8=TPM; NOT a fold change. mapping: GTEx Uterus is myometrium-dominated; UCEC arises from endometrium"
SDC2,UCS,Uterus,94.6,90.39,4.21,66.1,comparable,poor,3375.63,90.586,False,"rank-based within-dataset percentile among 1379 shared genes; TCGA=RSEM normalized_count, GTEx v8=TPM; NOT a fold change. mapping: Carcinosarcoma is biphasic (carcinomatous+sarcomatous); no matched normal exists"
SDC2,UVM,Skin_Not_Sun_Exposed_Suprapubic,65.16,75.45,-10.3,21.5,comparable,poor,115.9,18.779,False,"rank-based within-dataset percentile among 1379 shared genes; TCGA=RSEM normalized_count, GTEx v8=TPM; NOT a fold change. mapping: No uveal tract in GTEx; skin used only as a melanocyte-containing surrogate"
SDC3,ACC,Adrenal_Gland,97.93,97.28,0.65,47.1,comparable,good,8979.26,131.158,False,"rank-based within-dataset percentile among 1379 shared genes; TCGA=RSEM normalized_count, GTEx v8=TPM; NOT a fold change. mapping: Adrenocortical carcinoma vs whole adrenal gland (cortex+medulla mixed in GTEx)"
SDC3,BLCA,Bladder,86.33,89.16,-2.83,36.8,comparable,good,1369.41,55.832,False,"rank-based within-dataset percentile among 1379 shared genes; TCGA=RSEM normalized_count, GTEx v8=TPM; NOT a fold change. mapping: GTEx Bladder n is small (21 donors)"
SDC3,BRCA,Breast_Mammary_Tissue,89.88,79.73,10.15,78.9,comparable,good,2158.56,30.817,False,"rank-based within-dataset percentile among 1379 shared genes; TCGA=RSEM normalized_count, GTEx v8=TPM; NOT a fold change. clean tissue-of-origin match"
SDC3,CESC,Cervix_Ectocervix,84.88,82.63,2.25,58.9,comparable,fair,1229.22,41.613,False,"rank-based within-dataset percentile among 1379 shared genes; TCGA=RSEM normalized_count, GTEx v8=TPM; NOT a fold change. mapping: GTEx cervix n very small (~5-9 donors); ecto/endo split"
SDC3,CHOL,Liver,87.93,69.51,18.42,88.8,comparable,poor,1851.29,4.215,False,"rank-based within-dataset percentile among 1379 shared genes; TCGA=RSEM normalized_count, GTEx v8=TPM; NOT a fold change. mapping: Cholangiocarcinoma arises from bile-duct epithelium; GTEx has no bile duct, Liver is hepatocyte-dominated"
SDC3,COAD,Colon_Transverse,85.97,84.74,1.23,48.9,comparable,good,1499.05,32.43,False,"rank-based within-dataset percentile among 1379 shared genes; TCGA=RSEM normalized_count, GTEx v8=TPM; NOT a fold change. clean tissue-of-origin match"
SDC3,ESCA,Esophagus_Mucosa,82.7,67.11,15.59,89.8,comparable,fair,1148.65,8.078,False,"rank-based within-dataset percentile among 1379 shared genes; TCGA=RSEM normalized_count, GTEx v8=TPM; NOT a fold change. mapping: TCGA ESCA mixes squamous and adenocarcinoma; mucosa is squamous"
SDC3,GBM,Brain_Cortex,98.37,95.98,2.39,52.9,comparable,good,13991.7,77.613,False,"rank-based within-dataset percentile among 1379 shared genes; TCGA=RSEM normalized_count, GTEx v8=TPM; NOT a fold change. clean tissue-of-origin match"
SDC3,HNSC,Esophagus_Mucosa,81.98,67.11,14.87,89.2,comparable,poor,1203.95,8.078,False,"rank-based within-dataset percentile among 1379 shared genes; TCGA=RSEM normalized_count, GTEx v8=TPM; NOT a fold change. mapping: No oral/laryngeal mucosa in GTEx; esophageal squamous mucosa used as surrogate epithelium"
SDC3,KICH,Kidney_Cortex,80.24,72.19,8.05,73.0,comparable,fair,761.35,8.336,False,"rank-based within-dataset percentile among 1379 shared genes; TCGA=RSEM normalized_count, GTEx v8=TPM; NOT a fold change. mapping: Chromophobe RCC derives from distal nephron/collecting duct"
SDC3,KIRC,Kidney_Cortex,87.78,72.19,15.59,87.9,comparable,good,2355.82,8.336,False,"rank-based within-dataset percentile among 1379 shared genes; TCGA=RSEM normalized_count, GTEx v8=TPM; NOT a fold change. clean tissue-of-origin match"
SDC3,KIRP,Kidney_Cortex,89.52,72.19,17.33,91.9,enriched,good,2023.11,8.336,False,"rank-based within-dataset percentile among 1379 shared genes; TCGA=RSEM normalized_count, GTEx v8=TPM; NOT a fold change. clean tissue-of-origin match"
SDC3,LGG,Brain_Cortex,98.88,95.98,2.9,62.3,comparable,good,14626.5,77.613,False,"rank-based within-dataset percentile among 1379 shared genes; TCGA=RSEM normalized_count, GTEx v8=TPM; NOT a fold change. clean tissue-of-origin match"
SDC3,LIHC,Liver,83.58,69.51,14.07,90.9,enriched,good,1129.05,4.215,False,"rank-based within-dataset percentile among 1379 shared genes; TCGA=RSEM normalized_count, GTEx v8=TPM; NOT a fold change. clean tissue-of-origin match"
SDC3,LUAD,Lung,89.45,78.86,10.59,81.9,comparable,good,2266.05,38.349,False,"rank-based within-dataset percentile among 1379 shared genes; TCGA=RSEM normalized_count, GTEx v8=TPM; NOT a fold change. clean tissue-of-origin match"
SDC3,LUSC,Lung,85.03,78.86,6.16,70.4,comparable,good,1516.39,38.349,False,"rank-based within-dataset percentile among 1379 shared genes; TCGA=RSEM normalized_count, GTEx v8=TPM; NOT a fold change. clean tissue-of-origin match"
SDC3,MESO,Lung,88.29,78.86,9.43,77.4,comparable,poor,2234.69,38.349,False,"rank-based within-dataset percentile among 1379 shared genes; TCGA=RSEM normalized_count, GTEx v8=TPM; NOT a fold change. mapping: No pleura/mesothelium in GTEx; Lung used only as an anatomic neighbour"
SDC3,OV,Ovary,91.26,71.25,20.01,90.4,enriched,fair,2615.95,14.338,False,"rank-based within-dataset percentile among 1379 shared genes; TCGA=RSEM normalized_count, GTEx v8=TPM; NOT a fold change. mapping: Most TCGA OV is high-grade serous, now thought largely fallopian-tube derived; GTEx Ovary is stroma-rich"
SDC3,PAAD,Pancreas,85.46,67.91,17.55,89.5,comparable,good,1868.79,3.836,False,"rank-based within-dataset percentile among 1379 shared genes; TCGA=RSEM normalized_count, GTEx v8=TPM; NOT a fold change. mapping: GTEx Pancreas is acinar-dominated; PDAC is ductal"
SDC3,PCPG,Adrenal_Gland,91.26,97.28,-6.02,31.5,comparable,fair,2180.92,131.158,False,"rank-based within-dataset percentile among 1379 shared genes; TCGA=RSEM normalized_count, GTEx v8=TPM; NOT a fold change. mapping: Pheochromocytoma is medullary; paraganglioma is extra-adrenal"
SDC3,PRAD,Prostate,88.29,87.64,0.65,49.1,comparable,good,1816.25,47.96,False,"rank-based within-dataset percentile among 1379 shared genes; TCGA=RSEM normalized_count, GTEx v8=TPM; NOT a fold change. clean tissue-of-origin match"
SDC3,READ,Colon_Sigmoid,86.77,93.44,-6.67,30.3,comparable,good,1599.47,98.521,False,"rank-based within-dataset percentile among 1379 shared genes; TCGA=RSEM normalized_count, GTEx v8=TPM; NOT a fold change. clean tissue-of-origin match"
SDC3,SARC,Esophagus_Muscularis,94.45,89.3,5.15,67.7,comparable,poor,4769.88,55.886,False,"rank-based within-dataset percentile among 1379 shared genes; TCGA=RSEM normalized_count, GTEx v8=TPM; NOT a fold change. mapping: TCGA SARC is histologically heterogeneous (LMS, DDLPS, UPS); smooth muscle is a partial surrogate only"
SDC3,SKCM,Skin_Sun_Exposed_Lower_leg,98.3,67.04,31.25,96.9,enriched,good,13835.5,12.621,False,"rank-based within-dataset percentile among 1379 shared genes; TCGA=RSEM normalized_count, GTEx v8=TPM; NOT a fold change. mapping: GTEx skin is keratinocyte-dominated; melanocytes are a minor fraction"
SDC3,STAD,Stomach,86.48,77.27,9.21,77.5,comparable,good,1567.71,13.937,False,"rank-based within-dataset percentile among 1379 shared genes; TCGA=RSEM normalized_count, GTEx v8=TPM; NOT a fold change. clean tissue-of-origin match"
SDC3,TGCT,Testis,91.62,56.53,35.1,95.2,enriched,fair,2079.72,5.2,False,"rank-based within-dataset percentile among 1379 shared genes; TCGA=RSEM normalized_count, GTEx v8=TPM; NOT a fold change. mapping: Testis has extreme transcriptome breadth; germ-cell tumour vs whole testis"
SDC3,THCA,Thyroid,91.04,72.19,18.85,94.6,enriched,good,2668.14,21.137,False,"rank-based within-dataset percentile among 1379 shared genes; TCGA=RSEM normalized_count, GTEx v8=TPM; NOT a fold change. clean tissue-of-origin match"
SDC3,UCEC,Uterus,92.35,89.01,3.34,61.9,comparable,fair,2608.92,78.772,False,"rank-based within-dataset percentile among 1379 shared genes; TCGA=RSEM normalized_count, GTEx v8=TPM; NOT a fold change. mapping: GTEx Uterus is myometrium-dominated; UCEC arises from endometrium"
SDC3,UCS,Uterus,95.03,89.01,6.02,70.3,comparable,poor,3807.27,78.772,False,"rank-based within-dataset percentile among 1379 shared genes; TCGA=RSEM normalized_count, GTEx v8=TPM; NOT a fold change. mapping: Carcinosarcoma is biphasic (carcinomatous+sarcomatous); no matched normal exists"
SDC3,UVM,Skin_Not_Sun_Exposed_Suprapubic,96.41,66.32,30.09,96.4,enriched,poor,6160.2,10.574,False,"rank-based within-dataset percentile among 1379 shared genes; TCGA=RSEM normalized_count, GTEx v8=TPM; NOT a fold change. mapping: No uveal tract in GTEx; skin used only as a melanocyte-containing surrogate"
SDC4,ACC,Adrenal_Gland,95.61,95.32,0.29,46.0,comparable,good,3940.8,87.684,False,"rank-based within-dataset percentile among 1379 shared genes; TCGA=RSEM normalized_count, GTEx v8=TPM; NOT a fold change. mapping: Adrenocortical carcinoma vs whole adrenal gland (cortex+medulla mixed in GTEx)"
SDC4,BLCA,Bladder,97.5,96.27,1.23,49.2,comparable,good,8559.31,174.098,False,"rank-based within-dataset percentile among 1379 shared genes; TCGA=RSEM normalized_count, GTEx v8=TPM; NOT a fold change. mapping: GTEx Bladder n is small (21 donors)"
SDC4,BRCA,Breast_Mammary_Tissue,95.69,94.09,1.6,51.2,comparable,good,5741.72,137.913,False,"rank-based within-dataset percentile among 1379 shared genes; TCGA=RSEM normalized_count, GTEx v8=TPM; NOT a fold change. clean tissue-of-origin match"
SDC4,CESC,Cervix_Ectocervix,97.57,92.86,4.71,65.2,comparable,fair,8332.62,104.41,False,"rank-based within-dataset percentile among 1379 shared genes; TCGA=RSEM normalized_count, GTEx v8=TPM; NOT a fold change. mapping: GTEx cervix n very small (~5-9 donors); ecto/endo split"
SDC4,CHOL,Liver,97.5,97.21,0.29,42.9,comparable,poor,10475.5,140.571,False,"rank-based within-dataset percentile among 1379 shared genes; TCGA=RSEM normalized_count, GTEx v8=TPM; NOT a fold change. mapping: Cholangiocarcinoma arises from bile-duct epithelium; GTEx has no bile duct, Liver is hepatocyte-dominated"
SDC4,COAD,Colon_Transverse,95.9,95.25,0.65,47.5,comparable,good,5553.81,97.132,False,"rank-based within-dataset percentile among 1379 shared genes; TCGA=RSEM normalized_count, GTEx v8=TPM; NOT a fold change. clean tissue-of-origin match"
SDC4,ESCA,Esophagus_Mucosa,96.12,97.06,-0.94,41.5,comparable,fair,6008.58,162.519,False,"rank-based within-dataset percentile among 1379 shared genes; TCGA=RSEM normalized_count, GTEx v8=TPM; NOT a fold change. mapping: TCGA ESCA mixes squamous and adenocarcinoma; mucosa is squamous"
SDC4,GBM,Brain_Cortex,85.75,93.94,-8.19,26.3,comparable,good,1603.52,52.748,False,"rank-based within-dataset percentile among 1379 shared genes; TCGA=RSEM normalized_count, GTEx v8=TPM; NOT a fold change. clean tissue-of-origin match"
SDC4,HNSC,Esophagus_Mucosa,95.9,97.06,-1.16,40.4,comparable,poor,7685.28,162.519,False,"rank-based within-dataset percentile among 1379 shared genes; TCGA=RSEM normalized_count, GTEx v8=TPM; NOT a fold change. mapping: No oral/laryngeal mucosa in GTEx; esophageal squamous mucosa used as surrogate epithelium"
SDC4,KICH,Kidney_Cortex,99.31,98.3,1.02,48.7,comparable,fair,26282.45,156.543,False,"rank-based within-dataset percentile among 1379 shared genes; TCGA=RSEM normalized_count, GTEx v8=TPM; NOT a fold change. mapping: Chromophobe RCC derives from distal nephron/collecting duct"
SDC4,KIRC,Kidney_Cortex,95.25,98.3,-3.05,35.4,comparable,good,6342.09,156.543,False,"rank-based within-dataset percentile among 1379 shared genes; TCGA=RSEM normalized_count, GTEx v8=TPM; NOT a fold change. clean tissue-of-origin match"
SDC4,KIRP,Kidney_Cortex,98.22,98.3,-0.07,43.7,comparable,good,12425.0,156.543,False,"rank-based within-dataset percentile among 1379 shared genes; TCGA=RSEM normalized_count, GTEx v8=TPM; NOT a fold change. clean tissue-of-origin match"
SDC4,LGG,Brain_Cortex,75.89,93.94,-18.06,8.5,depleted,good,705.59,52.748,False,"rank-based within-dataset percentile among 1379 shared genes; TCGA=RSEM normalized_count, GTEx v8=TPM; NOT a fold change. clean tissue-of-origin match"
SDC4,LIHC,Liver,97.28,97.21,0.07,42.6,comparable,good,9671.5,140.571,False,"rank-based within-dataset percentile among 1379 shared genes; TCGA=RSEM normalized_count, GTEx v8=TPM; NOT a fold change. clean tissue-of-origin match"
SDC4,LUAD,Lung,97.57,96.48,1.09,51.3,comparable,good,9631.21,237.473,False,"rank-based within-dataset percentile among 1379 shared genes; TCGA=RSEM normalized_count, GTEx v8=TPM; NOT a fold change. clean tissue-of-origin match"
SDC4,LUSC,Lung,94.38,96.48,-2.1,41.8,comparable,good,4823.11,237.473,False,"rank-based within-dataset percentile among 1379 shared genes; TCGA=RSEM normalized_count, GTEx v8=TPM; NOT a fold change. clean tissue-of-origin match"
SDC4,MESO,Lung,93.58,96.48,-2.9,36.0,comparable,poor,4310.12,237.473,False,"rank-based within-dataset percentile among 1379 shared genes; TCGA=RSEM normalized_count, GTEx v8=TPM; NOT a fold change. mapping: No pleura/mesothelium in GTEx; Lung used only as an anatomic neighbour"
SDC4,OV,Ovary,96.12,86.48,9.64,75.5,comparable,fair,5319.9,47.633,False,"rank-based within-dataset percentile among 1379 shared genes; TCGA=RSEM normalized_count, GTEx v8=TPM; NOT a fold change. mapping: Most TCGA OV is high-grade serous, now thought largely fallopian-tube derived; GTEx Ovary is stroma-rich"
SDC4,PAAD,Pancreas,96.27,96.92,-0.65,50.1,comparable,good,9197.05,55.874,False,"rank-based within-dataset percentile among 1379 shared genes; TCGA=RSEM normalized_count, GTEx v8=TPM; NOT a fold change. mapping: GTEx Pancreas is acinar-dominated; PDAC is ductal"
SDC4,PCPG,Adrenal_Gland,83.21,95.32,-12.11,19.1,comparable,fair,1075.14,87.684,False,"rank-based within-dataset percentile among 1379 shared genes; TCGA=RSEM normalized_count, GTEx v8=TPM; NOT a fold change. mapping: Pheochromocytoma is medullary; paraganglioma is extra-adrenal"
SDC4,PRAD,Prostate,90.75,94.09,-3.34,33.9,comparable,good,2228.59,100.16,False,"rank-based within-dataset percentile among 1379 shared genes; TCGA=RSEM normalized_count, GTEx v8=TPM; NOT a fold change. clean tissue-of-origin match"
SDC4,READ,Colon_Sigmoid,96.19,96.19,0.0,46.6,comparable,good,5942.68,169.062,False,"rank-based within-dataset percentile among 1379 shared genes; TCGA=RSEM normalized_count, GTEx v8=TPM; NOT a fold change. clean tissue-of-origin match"
SDC4,SARC,Esophagus_Muscularis,88.51,92.93,-4.42,29.0,comparable,poor,1769.33,95.959,False,"rank-based within-dataset percentile among 1379 shared genes; TCGA=RSEM normalized_count, GTEx v8=TPM; NOT a fold change. mapping: TCGA SARC is histologically heterogeneous (LMS, DDLPS, UPS); smooth muscle is a partial surrogate only"
SDC4,SKCM,Skin_Sun_Exposed_Lower_leg,87.06,97.57,-10.51,20.7,comparable,good,1416.83,275.061,False,"rank-based within-dataset percentile among 1379 shared genes; TCGA=RSEM normalized_count, GTEx v8=TPM; NOT a fold change. mapping: GTEx skin is keratinocyte-dominated; melanocytes are a minor fraction"
SDC4,STAD,Stomach,96.56,97.57,-1.02,43.3,comparable,good,6417.45,136.461,False,"rank-based within-dataset percentile among 1379 shared genes; TCGA=RSEM normalized_count, GTEx v8=TPM; NOT a fold change. clean tissue-of-origin match"
SDC4,TGCT,Testis,92.06,96.56,-4.5,37.3,comparable,fair,2206.28,107.863,False,"rank-based within-dataset percentile among 1379 shared genes; TCGA=RSEM normalized_count, GTEx v8=TPM; NOT a fold change. mapping: Testis has extreme transcriptome breadth; germ-cell tumour vs whole testis"
SDC4,THCA,Thyroid,98.8,93.44,5.37,72.5,comparable,good,20716.0,103.824,False,"rank-based within-dataset percentile among 1379 shared genes; TCGA=RSEM normalized_count, GTEx v8=TPM; NOT a fold change. clean tissue-of-origin match"
SDC4,UCEC,Uterus,95.76,91.99,3.77,63.0,comparable,fair,4585.24,104.466,False,"rank-based within-dataset percentile among 1379 shared genes; TCGA=RSEM normalized_count, GTEx v8=TPM; NOT a fold change. mapping: GTEx Uterus is myometrium-dominated; UCEC arises from endometrium"
SDC4,UCS,Uterus,90.1,91.99,-1.89,41.3,comparable,poor,2080.3,104.466,False,"rank-based within-dataset percentile among 1379 shared genes; TCGA=RSEM normalized_count, GTEx v8=TPM; NOT a fold change. mapping: Carcinosarcoma is biphasic (carcinomatous+sarcomatous); no matched normal exists"
SDC4,UVM,Skin_Not_Sun_Exposed_Suprapubic,84.52,97.86,-13.34,17.6,comparable,poor,848.91,308.888,False,"rank-based within-dataset percentile among 1379 shared genes; TCGA=RSEM normalized_count, GTEx v8=TPM; NOT a fold change. mapping: No uveal tract in GTEx; skin used only as a melanocyte-containing surrogate"
SORT1,ACC,Adrenal_Gland,87.13,74.44,12.69,88.4,comparable,good,1335.5,12.898,False,"rank-based within-dataset percentile among 1379 shared genes; TCGA=RSEM normalized_count, GTEx v8=TPM; NOT a fold change. mapping: Adrenocortical carcinoma vs whole adrenal gland (cortex+medulla mixed in GTEx)"
SORT1,BLCA,Bladder,88.14,82.12,6.02,71.5,comparable,good,1708.04,32.293,False,"rank-based within-dataset percentile among 1379 shared genes; TCGA=RSEM normalized_count, GTEx v8=TPM; NOT a fold change. mapping: GTEx Bladder n is small (21 donors)"
SORT1,BRCA,Breast_Mammary_Tissue,92.86,81.91,10.95,80.5,comparable,good,3119.17,35.165,False,"rank-based within-dataset percentile among 1379 shared genes; TCGA=RSEM normalized_count, GTEx v8=TPM; NOT a fold change. clean tissue-of-origin match"
SORT1,CESC,Cervix_Ectocervix,89.3,77.12,12.18,79.6,comparable,fair,2137.93,28.138,False,"rank-based within-dataset percentile among 1379 shared genes; TCGA=RSEM normalized_count, GTEx v8=TPM; NOT a fold change. mapping: GTEx cervix n very small (~5-9 donors); ecto/endo split"
SORT1,CHOL,Liver,86.77,62.47,24.29,93.8,enriched,poor,1671.78,2.356,False,"rank-based within-dataset percentile among 1379 shared genes; TCGA=RSEM normalized_count, GTEx v8=TPM; NOT a fold change. mapping: Cholangiocarcinoma arises from bile-duct epithelium; GTEx has no bile duct, Liver is hepatocyte-dominated"
SORT1,COAD,Colon_Transverse,91.55,83.58,7.98,75.4,comparable,good,2528.71,30.122,False,"rank-based within-dataset percentile among 1379 shared genes; TCGA=RSEM normalized_count, GTEx v8=TPM; NOT a fold change. clean tissue-of-origin match"
SORT1,ESCA,Esophagus_Mucosa,90.1,88.51,1.6,55.0,comparable,fair,2193.76,42.698,False,"rank-based within-dataset percentile among 1379 shared genes; TCGA=RSEM normalized_count, GTEx v8=TPM; NOT a fold change. mapping: TCGA ESCA mixes squamous and adenocarcinoma; mucosa is squamous"
SORT1,GBM,Brain_Cortex,96.27,94.89,1.38,49.8,comparable,good,5212.27,61.012,False,"rank-based within-dataset percentile among 1379 shared genes; TCGA=RSEM normalized_count, GTEx v8=TPM; NOT a fold change. clean tissue-of-origin match"
SORT1,HNSC,Esophagus_Mucosa,84.01,88.51,-4.5,29.4,comparable,poor,1386.27,42.698,False,"rank-based within-dataset percentile among 1379 shared genes; TCGA=RSEM normalized_count, GTEx v8=TPM; NOT a fold change. mapping: No oral/laryngeal mucosa in GTEx; esophageal squamous mucosa used as surrogate epithelium"
SORT1,KICH,Kidney_Cortex,91.41,85.03,6.38,69.1,comparable,fair,2270.24,19.655,False,"rank-based within-dataset percentile among 1379 shared genes; TCGA=RSEM normalized_count, GTEx v8=TPM; NOT a fold change. mapping: Chromophobe RCC derives from distal nephron/collecting duct"
SORT1,KIRC,Kidney_Cortex,87.42,85.03,2.39,59.9,comparable,good,2291.68,19.655,False,"rank-based within-dataset percentile among 1379 shared genes; TCGA=RSEM normalized_count, GTEx v8=TPM; NOT a fold change. clean tissue-of-origin match"
SORT1,KIRP,Kidney_Cortex,92.86,85.03,7.83,74.6,comparable,good,3068.16,19.655,False,"rank-based within-dataset percentile among 1379 shared genes; TCGA=RSEM normalized_count, GTEx v8=TPM; NOT a fold change. clean tissue-of-origin match"
SORT1,LGG,Brain_Cortex,96.77,94.89,1.89,50.6,comparable,good,5146.36,61.012,False,"rank-based within-dataset percentile among 1379 shared genes; TCGA=RSEM normalized_count, GTEx v8=TPM; NOT a fold change. clean tissue-of-origin match"
SORT1,LIHC,Liver,86.19,62.47,23.71,98.1,enriched,good,1388.83,2.356,False,"rank-based within-dataset percentile among 1379 shared genes; TCGA=RSEM normalized_count, GTEx v8=TPM; NOT a fold change. clean tissue-of-origin match"
SORT1,LUAD,Lung,90.9,86.48,4.42,66.9,comparable,good,2775.21,65.398,False,"rank-based within-dataset percentile among 1379 shared genes; TCGA=RSEM normalized_count, GTEx v8=TPM; NOT a fold change. clean tissue-of-origin match"
SORT1,LUSC,Lung,86.11,86.48,-0.36,46.8,comparable,good,1648.54,65.398,False,"rank-based within-dataset percentile among 1379 shared genes; TCGA=RSEM normalized_count, GTEx v8=TPM; NOT a fold change. clean tissue-of-origin match"
SORT1,MESO,Lung,80.38,86.48,-6.09,27.4,comparable,poor,1111.59,65.398,False,"rank-based within-dataset percentile among 1379 shared genes; TCGA=RSEM normalized_count, GTEx v8=TPM; NOT a fold change. mapping: No pleura/mesothelium in GTEx; Lung used only as an anatomic neighbour"
SORT1,OV,Ovary,94.23,59.72,34.52,97.3,enriched,fair,3978.76,5.736,False,"rank-based within-dataset percentile among 1379 shared genes; TCGA=RSEM normalized_count, GTEx v8=TPM; NOT a fold change. mapping: Most TCGA OV is high-grade serous, now thought largely fallopian-tube derived; GTEx Ovary is stroma-rich"
SORT1,PAAD,Pancreas,89.16,79.44,9.72,77.0,comparable,good,2684.77,8.2,False,"rank-based within-dataset percentile among 1379 shared genes; TCGA=RSEM normalized_count, GTEx v8=TPM; NOT a fold change. mapping: GTEx Pancreas is acinar-dominated; PDAC is ductal"
SORT1,PCPG,Adrenal_Gland,92.64,74.44,18.2,88.7,comparable,fair,2680.99,12.898,False,"rank-based within-dataset percentile among 1379 shared genes; TCGA=RSEM normalized_count, GTEx v8=TPM; NOT a fold change. mapping: Pheochromocytoma is medullary; paraganglioma is extra-adrenal"
SORT1,PRAD,Prostate,88.58,76.9,11.68,88.0,comparable,good,1830.77,22.846,False,"rank-based within-dataset percentile among 1379 shared genes; TCGA=RSEM normalized_count, GTEx v8=TPM; NOT a fold change. clean tissue-of-origin match"
SORT1,READ,Colon_Sigmoid,91.26,82.63,8.63,73.0,comparable,good,2560.67,32.858,False,"rank-based within-dataset percentile among 1379 shared genes; TCGA=RSEM normalized_count, GTEx v8=TPM; NOT a fold change. clean tissue-of-origin match"
SORT1,SARC,Esophagus_Muscularis,88.72,90.32,-1.6,36.2,comparable,poor,1802.04,63.419,False,"rank-based within-dataset percentile among 1379 shared genes; TCGA=RSEM normalized_count, GTEx v8=TPM; NOT a fold change. mapping: TCGA SARC is histologically heterogeneous (LMS, DDLPS, UPS); smooth muscle is a partial surrogate only"
SORT1,SKCM,Skin_Sun_Exposed_Lower_leg,96.7,80.53,16.17,85.3,comparable,good,7715.81,29.94,False,"rank-based within-dataset percentile among 1379 shared genes; TCGA=RSEM normalized_count, GTEx v8=TPM; NOT a fold change. mapping: GTEx skin is keratinocyte-dominated; melanocytes are a minor fraction"
SORT1,STAD,Stomach,90.97,81.83,9.14,77.2,comparable,good,2539.4,18.776,False,"rank-based within-dataset percentile among 1379 shared genes; TCGA=RSEM normalized_count, GTEx v8=TPM; NOT a fold change. clean tissue-of-origin match"
SORT1,TGCT,Testis,88.87,93.58,-4.71,36.8,comparable,fair,1594.57,64.504,False,"rank-based within-dataset percentile among 1379 shared genes; TCGA=RSEM normalized_count, GTEx v8=TPM; NOT a fold change. mapping: Testis has extreme transcriptome breadth; germ-cell tumour vs whole testis"
SORT1,THCA,Thyroid,93.87,85.97,7.9,79.3,comparable,good,4107.71,50.176,False,"rank-based within-dataset percentile among 1379 shared genes; TCGA=RSEM normalized_count, GTEx v8=TPM; NOT a fold change. clean tissue-of-origin match"
SORT1,UCEC,Uterus,93.94,78.93,15.01,86.1,comparable,fair,3162.91,35.019,False,"rank-based within-dataset percentile among 1379 shared genes; TCGA=RSEM normalized_count, GTEx v8=TPM; NOT a fold change. mapping: GTEx Uterus is myometrium-dominated; UCEC arises from endometrium"
SORT1,UCS,Uterus,89.74,78.93,10.8,80.1,comparable,poor,1946.21,35.019,False,"rank-based within-dataset percentile among 1379 shared genes; TCGA=RSEM normalized_count, GTEx v8=TPM; NOT a fold change. mapping: Carcinosarcoma is biphasic (carcinomatous+sarcomatous); no matched normal exists"
SORT1,UVM,Skin_Not_Sun_Exposed_Suprapubic,97.86,77.85,20.01,89.0,comparable,poor,10308.1,22.902,False,"rank-based within-dataset percentile among 1379 shared genes; TCGA=RSEM normalized_count, GTEx v8=TPM; NOT a fold change. mapping: No uveal tract in GTEx; skin used only as a melanocyte-containing surrogate"
TGFBR1,ACC,Adrenal_Gland,80.31,65.59,14.72,92.0,enriched,good,754.3,6.896,False,"rank-based within-dataset percentile among 1379 shared genes; TCGA=RSEM normalized_count, GTEx v8=TPM; NOT a fold change. mapping: Adrenocortical carcinoma vs whole adrenal gland (cortex+medulla mixed in GTEx)"
TGFBR1,BLCA,Bladder,81.25,72.63,8.63,76.2,comparable,good,929.75,17.315,False,"rank-based within-dataset percentile among 1379 shared genes; TCGA=RSEM normalized_count, GTEx v8=TPM; NOT a fold change. mapping: GTEx Bladder n is small (21 donors)"
TGFBR1,BRCA,Breast_Mammary_Tissue,85.9,68.49,17.4,91.4,enriched,good,1476.17,14.803,False,"rank-based within-dataset percentile among 1379 shared genes; TCGA=RSEM normalized_count, GTEx v8=TPM; NOT a fold change. clean tissue-of-origin match"
TGFBR1,CESC,Cervix_Ectocervix,83.21,67.26,15.95,86.0,comparable,fair,1087.38,15.217,False,"rank-based within-dataset percentile among 1379 shared genes; TCGA=RSEM normalized_count, GTEx v8=TPM; NOT a fold change. mapping: GTEx cervix n very small (~5-9 donors); ecto/endo split"
TGFBR1,CHOL,Liver,82.2,71.25,10.95,78.1,comparable,poor,1077.58,4.927,False,"rank-based within-dataset percentile among 1379 shared genes; TCGA=RSEM normalized_count, GTEx v8=TPM; NOT a fold change. mapping: Cholangiocarcinoma arises from bile-duct epithelium; GTEx has no bile duct, Liver is hepatocyte-dominated"
TGFBR1,COAD,Colon_Transverse,80.89,75.16,5.73,70.1,comparable,good,986.66,15.967,False,"rank-based within-dataset percentile among 1379 shared genes; TCGA=RSEM normalized_count, GTEx v8=TPM; NOT a fold change. clean tissue-of-origin match"
TGFBR1,ESCA,Esophagus_Mucosa,89.09,74.44,14.65,88.4,comparable,fair,1991.44,13.439,False,"rank-based within-dataset percentile among 1379 shared genes; TCGA=RSEM normalized_count, GTEx v8=TPM; NOT a fold change. mapping: TCGA ESCA mixes squamous and adenocarcinoma; mucosa is squamous"
TGFBR1,GBM,Brain_Cortex,86.55,53.84,32.7,97.2,enriched,good,1674.16,2.524,False,"rank-based within-dataset percentile among 1379 shared genes; TCGA=RSEM normalized_count, GTEx v8=TPM; NOT a fold change. clean tissue-of-origin match"
TGFBR1,HNSC,Esophagus_Mucosa,86.69,74.44,12.26,85.6,comparable,poor,1789.87,13.439,False,"rank-based within-dataset percentile among 1379 shared genes; TCGA=RSEM normalized_count, GTEx v8=TPM; NOT a fold change. mapping: No oral/laryngeal mucosa in GTEx; esophageal squamous mucosa used as surrogate epithelium"
TGFBR1,KICH,Kidney_Cortex,89.96,66.82,23.13,95.9,enriched,fair,1951.14,5.608,False,"rank-based within-dataset percentile among 1379 shared genes; TCGA=RSEM normalized_count, GTEx v8=TPM; NOT a fold change. mapping: Chromophobe RCC derives from distal nephron/collecting duct"
TGFBR1,KIRC,Kidney_Cortex,85.46,66.82,18.64,92.0,enriched,good,1978.7,5.608,False,"rank-based within-dataset percentile among 1379 shared genes; TCGA=RSEM normalized_count, GTEx v8=TPM; NOT a fold change. clean tissue-of-origin match"
TGFBR1,KIRP,Kidney_Cortex,83.58,66.82,16.75,91.4,enriched,good,1241.02,5.608,False,"rank-based within-dataset percentile among 1379 shared genes; TCGA=RSEM normalized_count, GTEx v8=TPM; NOT a fold change. clean tissue-of-origin match"
TGFBR1,LGG,Brain_Cortex,82.12,53.84,28.28,98.0,enriched,good,1044.97,2.524,False,"rank-based within-dataset percentile among 1379 shared genes; TCGA=RSEM normalized_count, GTEx v8=TPM; NOT a fold change. clean tissue-of-origin match"
TGFBR1,LIHC,Liver,79.08,71.25,7.83,78.3,comparable,good,751.22,4.927,False,"rank-based within-dataset percentile among 1379 shared genes; TCGA=RSEM normalized_count, GTEx v8=TPM; NOT a fold change. clean tissue-of-origin match"
TGFBR1,LUAD,Lung,83.21,71.83,11.39,83.9,comparable,good,1253.02,25.27,False,"rank-based within-dataset percentile among 1379 shared genes; TCGA=RSEM normalized_count, GTEx v8=TPM; NOT a fold change. clean tissue-of-origin match"
TGFBR1,LUSC,Lung,82.78,71.83,10.95,79.0,comparable,good,1266.18,25.27,False,"rank-based within-dataset percentile among 1379 shared genes; TCGA=RSEM normalized_count, GTEx v8=TPM; NOT a fold change. clean tissue-of-origin match"
TGFBR1,MESO,Lung,82.05,71.83,10.22,78.9,comparable,poor,1311.29,25.27,False,"rank-based within-dataset percentile among 1379 shared genes; TCGA=RSEM normalized_count, GTEx v8=TPM; NOT a fold change. mapping: No pleura/mesothelium in GTEx; Lung used only as an anatomic neighbour"
TGFBR1,OV,Ovary,79.3,73.5,5.8,68.2,comparable,fair,821.04,17.255,False,"rank-based within-dataset percentile among 1379 shared genes; TCGA=RSEM normalized_count, GTEx v8=TPM; NOT a fold change. mapping: Most TCGA OV is high-grade serous, now thought largely fallopian-tube derived; GTEx Ovary is stroma-rich"
TGFBR1,PAAD,Pancreas,85.97,70.09,15.88,87.4,comparable,good,1909.28,4.292,False,"rank-based within-dataset percentile among 1379 shared genes; TCGA=RSEM normalized_count, GTEx v8=TPM; NOT a fold change. mapping: GTEx Pancreas is acinar-dominated; PDAC is ductal"
TGFBR1,PCPG,Adrenal_Gland,89.16,65.59,23.57,91.9,enriched,fair,1861.71,6.896,False,"rank-based within-dataset percentile among 1379 shared genes; TCGA=RSEM normalized_count, GTEx v8=TPM; NOT a fold change. mapping: Pheochromocytoma is medullary; paraganglioma is extra-adrenal"
TGFBR1,PRAD,Prostate,82.92,72.55,10.37,85.1,comparable,good,1044.75,17.007,False,"rank-based within-dataset percentile among 1379 shared genes; TCGA=RSEM normalized_count, GTEx v8=TPM; NOT a fold change. clean tissue-of-origin match"
TGFBR1,READ,Colon_Sigmoid,80.24,81.83,-1.6,42.5,comparable,good,984.16,31.901,False,"rank-based within-dataset percentile among 1379 shared genes; TCGA=RSEM normalized_count, GTEx v8=TPM; NOT a fold change. clean tissue-of-origin match"
TGFBR1,SARC,Esophagus_Muscularis,89.3,76.11,13.2,86.0,comparable,poor,1954.62,20.719,False,"rank-based within-dataset percentile among 1379 shared genes; TCGA=RSEM normalized_count, GTEx v8=TPM; NOT a fold change. mapping: TCGA SARC is histologically heterogeneous (LMS, DDLPS, UPS); smooth muscle is a partial surrogate only"
TGFBR1,SKCM,Skin_Sun_Exposed_Lower_leg,89.74,62.84,26.9,95.1,enriched,good,1836.33,9.019,False,"rank-based within-dataset percentile among 1379 shared genes; TCGA=RSEM normalized_count, GTEx v8=TPM; NOT a fold change. mapping: GTEx skin is keratinocyte-dominated; melanocytes are a minor fraction"
TGFBR1,STAD,Stomach,86.04,74.66,11.39,82.1,comparable,good,1548.49,12.014,False,"rank-based within-dataset percentile among 1379 shared genes; TCGA=RSEM normalized_count, GTEx v8=TPM; NOT a fold change. clean tissue-of-origin match"
TGFBR1,TGCT,Testis,87.85,77.27,10.59,71.9,comparable,fair,1477.48,15.799,False,"rank-based within-dataset percentile among 1379 shared genes; TCGA=RSEM normalized_count, GTEx v8=TPM; NOT a fold change. mapping: Testis has extreme transcriptome breadth; germ-cell tumour vs whole testis"
TGFBR1,THCA,Thyroid,90.03,66.03,24.0,97.2,enriched,good,2383.11,13.668,False,"rank-based within-dataset percentile among 1379 shared genes; TCGA=RSEM normalized_count, GTEx v8=TPM; NOT a fold change. clean tissue-of-origin match"
TGFBR1,UCEC,Uterus,81.62,74.95,6.67,70.3,comparable,fair,925.51,26.462,False,"rank-based within-dataset percentile among 1379 shared genes; TCGA=RSEM normalized_count, GTEx v8=TPM; NOT a fold change. mapping: GTEx Uterus is myometrium-dominated; UCEC arises from endometrium"
TGFBR1,UCS,Uterus,84.59,74.95,9.64,78.0,comparable,poor,1249.76,26.462,False,"rank-based within-dataset percentile among 1379 shared genes; TCGA=RSEM normalized_count, GTEx v8=TPM; NOT a fold change. mapping: Carcinosarcoma is biphasic (carcinomatous+sarcomatous); no matched normal exists"
TGFBR1,UVM,Skin_Not_Sun_Exposed_Suprapubic,84.74,61.17,23.57,92.7,enriched,poor,878.56,7.46,False,"rank-based within-dataset percentile among 1379 shared genes; TCGA=RSEM normalized_count, GTEx v8=TPM; NOT a fold change. mapping: No uveal tract in GTEx; skin used only as a melanocyte-containing surrogate"
TGFBR2,ACC,Adrenal_Gland,89.38,94.67,-5.29,25.5,comparable,good,1642.34,81.439,False,"rank-based within-dataset percentile among 1379 shared genes; TCGA=RSEM normalized_count, GTEx v8=TPM; NOT a fold change. mapping: Adrenocortical carcinoma vs whole adrenal gland (cortex+medulla mixed in GTEx)"
TGFBR2,BLCA,Bladder,86.26,96.05,-9.79,20.3,comparable,good,1355.8,156.775,False,"rank-based within-dataset percentile among 1379 shared genes; TCGA=RSEM normalized_count, GTEx v8=TPM; NOT a fold change. mapping: GTEx Bladder n is small (21 donors)"
TGFBR2,BRCA,Breast_Mammary_Tissue,88.07,97.64,-9.57,20.3,comparable,good,1805.83,271.77,False,"rank-based within-dataset percentile among 1379 shared genes; TCGA=RSEM normalized_count, GTEx v8=TPM; NOT a fold change. clean tissue-of-origin match"
TGFBR2,CESC,Cervix_Ectocervix,80.53,95.76,-15.23,17.3,comparable,fair,881.98,176.159,False,"rank-based within-dataset percentile among 1379 shared genes; TCGA=RSEM normalized_count, GTEx v8=TPM; NOT a fold change. mapping: GTEx cervix n very small (~5-9 donors); ecto/endo split"
TGFBR2,CHOL,Liver,89.88,86.19,3.7,62.9,comparable,poor,2352.16,17.823,False,"rank-based within-dataset percentile among 1379 shared genes; TCGA=RSEM normalized_count, GTEx v8=TPM; NOT a fold change. mapping: Cholangiocarcinoma arises from bile-duct epithelium; GTEx has no bile duct, Liver is hepatocyte-dominated"
TGFBR2,COAD,Colon_Transverse,92.35,95.83,-3.48,35.0,comparable,good,2818.11,107.207,False,"rank-based within-dataset percentile among 1379 shared genes; TCGA=RSEM normalized_count, GTEx v8=TPM; NOT a fold change. clean tissue-of-origin match"
TGFBR2,ESCA,Esophagus_Mucosa,89.81,86.69,3.12,60.9,comparable,fair,2113.72,36.999,False,"rank-based within-dataset percentile among 1379 shared genes; TCGA=RSEM normalized_count, GTEx v8=TPM; NOT a fold change. mapping: TCGA ESCA mixes squamous and adenocarcinoma; mucosa is squamous"
TGFBR2,GBM,Brain_Cortex,82.05,68.35,13.71,81.1,comparable,good,1218.9,6.745,False,"rank-based within-dataset percentile among 1379 shared genes; TCGA=RSEM normalized_count, GTEx v8=TPM; NOT a fold change. clean tissue-of-origin match"
TGFBR2,HNSC,Esophagus_Mucosa,85.61,86.69,-1.09,40.5,comparable,poor,1635.5,36.999,False,"rank-based within-dataset percentile among 1379 shared genes; TCGA=RSEM normalized_count, GTEx v8=TPM; NOT a fold change. mapping: No oral/laryngeal mucosa in GTEx; esophageal squamous mucosa used as surrogate epithelium"
TGFBR2,KICH,Kidney_Cortex,94.31,95.69,-1.38,41.1,comparable,fair,3481.61,69.429,False,"rank-based within-dataset percentile among 1379 shared genes; TCGA=RSEM normalized_count, GTEx v8=TPM; NOT a fold change. mapping: Chromophobe RCC derives from distal nephron/collecting duct"
TGFBR2,KIRC,Kidney_Cortex,95.11,95.69,-0.58,43.6,comparable,good,6239.74,69.429,False,"rank-based within-dataset percentile among 1379 shared genes; TCGA=RSEM normalized_count, GTEx v8=TPM; NOT a fold change. clean tissue-of-origin match"
TGFBR2,KIRP,Kidney_Cortex,91.48,95.69,-4.21,31.0,comparable,good,2407.51,69.429,False,"rank-based within-dataset percentile among 1379 shared genes; TCGA=RSEM normalized_count, GTEx v8=TPM; NOT a fold change. clean tissue-of-origin match"
TGFBR2,LGG,Brain_Cortex,77.27,68.35,8.92,77.7,comparable,good,802.81,6.745,False,"rank-based within-dataset percentile among 1379 shared genes; TCGA=RSEM normalized_count, GTEx v8=TPM; NOT a fold change. clean tissue-of-origin match"
TGFBR2,LIHC,Liver,89.74,86.19,3.55,67.4,comparable,good,2065.32,17.823,False,"rank-based within-dataset percentile among 1379 shared genes; TCGA=RSEM normalized_count, GTEx v8=TPM; NOT a fold change. clean tissue-of-origin match"
TGFBR2,LUAD,Lung,92.2,96.34,-4.13,32.8,comparable,good,3475.87,223.908,False,"rank-based within-dataset percentile among 1379 shared genes; TCGA=RSEM normalized_count, GTEx v8=TPM; NOT a fold change. clean tissue-of-origin match"
TGFBR2,LUSC,Lung,84.16,96.34,-12.18,17.4,comparable,good,1412.28,223.908,False,"rank-based within-dataset percentile among 1379 shared genes; TCGA=RSEM normalized_count, GTEx v8=TPM; NOT a fold change. clean tissue-of-origin match"
TGFBR2,MESO,Lung,91.26,96.34,-5.08,29.8,comparable,poor,3087.89,223.908,False,"rank-based within-dataset percentile among 1379 shared genes; TCGA=RSEM normalized_count, GTEx v8=TPM; NOT a fold change. mapping: No pleura/mesothelium in GTEx; Lung used only as an anatomic neighbour"
TGFBR2,OV,Ovary,84.88,85.68,-0.8,44.7,comparable,fair,1300.33,44.442,False,"rank-based within-dataset percentile among 1379 shared genes; TCGA=RSEM normalized_count, GTEx v8=TPM; NOT a fold change. mapping: Most TCGA OV is high-grade serous, now thought largely fallopian-tube derived; GTEx Ovary is stroma-rich"
TGFBR2,PAAD,Pancreas,93.58,93.36,0.22,52.3,comparable,good,4995.39,30.032,False,"rank-based within-dataset percentile among 1379 shared genes; TCGA=RSEM normalized_count, GTEx v8=TPM; NOT a fold change. mapping: GTEx Pancreas is acinar-dominated; PDAC is ductal"
TGFBR2,PCPG,Adrenal_Gland,87.35,94.67,-7.32,28.1,comparable,fair,1532.66,81.439,False,"rank-based within-dataset percentile among 1379 shared genes; TCGA=RSEM normalized_count, GTEx v8=TPM; NOT a fold change. mapping: Pheochromocytoma is medullary; paraganglioma is extra-adrenal"
TGFBR2,PRAD,Prostate,85.75,93.0,-7.25,22.8,comparable,good,1436.26,86.752,False,"rank-based within-dataset percentile among 1379 shared genes; TCGA=RSEM normalized_count, GTEx v8=TPM; NOT a fold change. clean tissue-of-origin match"
TGFBR2,READ,Colon_Sigmoid,93.0,96.7,-3.7,37.5,comparable,good,3011.88,187.76,False,"rank-based within-dataset percentile among 1379 shared genes; TCGA=RSEM normalized_count, GTEx v8=TPM; NOT a fold change. clean tissue-of-origin match"
TGFBR2,SARC,Esophagus_Muscularis,93.36,96.7,-3.34,32.2,comparable,poor,3571.57,181.525,False,"rank-based within-dataset percentile among 1379 shared genes; TCGA=RSEM normalized_count, GTEx v8=TPM; NOT a fold change. mapping: TCGA SARC is histologically heterogeneous (LMS, DDLPS, UPS); smooth muscle is a partial surrogate only"
TGFBR2,SKCM,Skin_Sun_Exposed_Lower_leg,90.32,89.59,0.73,46.0,comparable,good,1907.76,68.792,False,"rank-based within-dataset percentile among 1379 shared genes; TCGA=RSEM normalized_count, GTEx v8=TPM; NOT a fold change. mapping: GTEx skin is keratinocyte-dominated; melanocytes are a minor fraction"
TGFBR2,STAD,Stomach,92.78,95.54,-2.76,36.8,comparable,good,3073.3,74.425,False,"rank-based within-dataset percentile among 1379 shared genes; TCGA=RSEM normalized_count, GTEx v8=TPM; NOT a fold change. clean tissue-of-origin match"
TGFBR2,TGCT,Testis,81.91,73.42,8.48,68.5,comparable,fair,936.8,12.566,False,"rank-based within-dataset percentile among 1379 shared genes; TCGA=RSEM normalized_count, GTEx v8=TPM; NOT a fold change. mapping: Testis has extreme transcriptome breadth; germ-cell tumour vs whole testis"
TGFBR2,THCA,Thyroid,89.81,97.14,-7.32,23.0,comparable,good,2309.08,218.595,False,"rank-based within-dataset percentile among 1379 shared genes; TCGA=RSEM normalized_count, GTEx v8=TPM; NOT a fold change. clean tissue-of-origin match"
TGFBR2,UCEC,Uterus,82.27,95.54,-13.27,17.0,comparable,fair,987.49,179.765,False,"rank-based within-dataset percentile among 1379 shared genes; TCGA=RSEM normalized_count, GTEx v8=TPM; NOT a fold change. mapping: GTEx Uterus is myometrium-dominated; UCEC arises from endometrium"
TGFBR2,UCS,Uterus,80.75,95.54,-14.79,14.0,comparable,poor,968.3,179.765,False,"rank-based within-dataset percentile among 1379 shared genes; TCGA=RSEM normalized_count, GTEx v8=TPM; NOT a fold change. mapping: Carcinosarcoma is biphasic (carcinomatous+sarcomatous); no matched normal exists"
TGFBR2,UVM,Skin_Not_Sun_Exposed_Suprapubic,81.25,88.8,-7.54,25.8,comparable,poor,607.87,57.004,False,"rank-based within-dataset percentile among 1379 shared genes; TCGA=RSEM normalized_count, GTEx v8=TPM; NOT a fold change. mapping: No uveal tract in GTEx; skin used only as a melanocyte-containing surrogate"
TNFRSF12A,ACC,Adrenal_Gland,92.93,86.04,6.89,77.2,comparable,good,2537.1,31.434,False,"rank-based within-dataset percentile among 1379 shared genes; TCGA=RSEM normalized_count, GTEx v8=TPM; NOT a fold change. mapping: Adrenocortical carcinoma vs whole adrenal gland (cortex+medulla mixed in GTEx)"
TNFRSF12A,BLCA,Bladder,85.9,69.72,16.17,89.6,comparable,good,1323.31,14.129,False,"rank-based within-dataset percentile among 1379 shared genes; TCGA=RSEM normalized_count, GTEx v8=TPM; NOT a fold change. mapping: GTEx Bladder n is small (21 donors)"
TNFRSF12A,BRCA,Breast_Mammary_Tissue,78.35,77.56,0.8,48.4,comparable,good,769.6,26.179,False,"rank-based within-dataset percentile among 1379 shared genes; TCGA=RSEM normalized_count, GTEx v8=TPM; NOT a fold change. clean tissue-of-origin match"
TNFRSF12A,CESC,Cervix_Ectocervix,86.84,68.93,17.91,88.3,comparable,fair,1519.44,16.957,False,"rank-based within-dataset percentile among 1379 shared genes; TCGA=RSEM normalized_count, GTEx v8=TPM; NOT a fold change. mapping: GTEx cervix n very small (~5-9 donors); ecto/endo split"
TNFRSF12A,CHOL,Liver,94.09,80.67,13.42,82.5,comparable,poor,4049.7,10.87,False,"rank-based within-dataset percentile among 1379 shared genes; TCGA=RSEM normalized_count, GTEx v8=TPM; NOT a fold change. mapping: Cholangiocarcinoma arises from bile-duct epithelium; GTEx has no bile duct, Liver is hepatocyte-dominated"
TNFRSF12A,COAD,Colon_Transverse,83.65,69.8,13.85,86.9,comparable,good,1198.57,11.948,False,"rank-based within-dataset percentile among 1379 shared genes; TCGA=RSEM normalized_count, GTEx v8=TPM; NOT a fold change. clean tissue-of-origin match"
TNFRSF12A,ESCA,Esophagus_Mucosa,78.57,72.84,5.73,69.3,comparable,fair,769.67,11.424,False,"rank-based within-dataset percentile among 1379 shared genes; TCGA=RSEM normalized_count, GTEx v8=TPM; NOT a fold change. mapping: TCGA ESCA mixes squamous and adenocarcinoma; mucosa is squamous"
TNFRSF12A,GBM,Brain_Cortex,82.78,48.26,34.52,97.8,enriched,good,1271.71,1.532,False,"rank-based within-dataset percentile among 1379 shared genes; TCGA=RSEM normalized_count, GTEx v8=TPM; NOT a fold change. clean tissue-of-origin match"
TNFRSF12A,HNSC,Esophagus_Mucosa,87.85,72.84,15.01,89.6,comparable,poor,2063.89,11.424,False,"rank-based within-dataset percentile among 1379 shared genes; TCGA=RSEM normalized_count, GTEx v8=TPM; NOT a fold change. mapping: No oral/laryngeal mucosa in GTEx; esophageal squamous mucosa used as surrogate epithelium"
TNFRSF12A,KICH,Kidney_Cortex,81.83,94.38,-12.55,16.5,comparable,fair,867.34,51.907,False,"rank-based within-dataset percentile among 1379 shared genes; TCGA=RSEM normalized_count, GTEx v8=TPM; NOT a fold change. mapping: Chromophobe RCC derives from distal nephron/collecting duct"
TNFRSF12A,KIRC,Kidney_Cortex,81.91,94.38,-12.47,16.2,comparable,good,1477.16,51.907,False,"rank-based within-dataset percentile among 1379 shared genes; TCGA=RSEM normalized_count, GTEx v8=TPM; NOT a fold change. clean tissue-of-origin match"
TNFRSF12A,KIRP,Kidney_Cortex,96.63,94.38,2.25,51.1,comparable,good,6258.3,51.907,False,"rank-based within-dataset percentile among 1379 shared genes; TCGA=RSEM normalized_count, GTEx v8=TPM; NOT a fold change. clean tissue-of-origin match"
TNFRSF12A,LGG,Brain_Cortex,53.41,48.26,5.15,68.6,comparable,good,97.07,1.532,False,"rank-based within-dataset percentile among 1379 shared genes; TCGA=RSEM normalized_count, GTEx v8=TPM; NOT a fold change. clean tissue-of-origin match"
TNFRSF12A,LIHC,Liver,84.37,80.67,3.7,67.9,comparable,good,1219.5,10.87,False,"rank-based within-dataset percentile among 1379 shared genes; TCGA=RSEM normalized_count, GTEx v8=TPM; NOT a fold change. clean tissue-of-origin match"
TNFRSF12A,LUAD,Lung,85.75,89.59,-3.84,33.5,comparable,good,1519.12,95.103,False,"rank-based within-dataset percentile among 1379 shared genes; TCGA=RSEM normalized_count, GTEx v8=TPM; NOT a fold change. clean tissue-of-origin match"
TNFRSF12A,LUSC,Lung,77.48,89.59,-12.11,17.7,comparable,good,874.85,95.103,False,"rank-based within-dataset percentile among 1379 shared genes; TCGA=RSEM normalized_count, GTEx v8=TPM; NOT a fold change. clean tissue-of-origin match"
TNFRSF12A,MESO,Lung,88.58,89.59,-1.02,42.6,comparable,poor,2306.67,95.103,False,"rank-based within-dataset percentile among 1379 shared genes; TCGA=RSEM normalized_count, GTEx v8=TPM; NOT a fold change. mapping: No pleura/mesothelium in GTEx; Lung used only as an anatomic neighbour"
TNFRSF12A,OV,Ovary,83.28,61.39,21.9,91.8,enriched,fair,1095.17,6.274,False,"rank-based within-dataset percentile among 1379 shared genes; TCGA=RSEM normalized_count, GTEx v8=TPM; NOT a fold change. mapping: Most TCGA OV is high-grade serous, now thought largely fallopian-tube derived; GTEx Ovary is stroma-rich"
TNFRSF12A,PAAD,Pancreas,88.22,95.47,-7.25,26.0,comparable,good,2425.86,43.237,False,"rank-based within-dataset percentile among 1379 shared genes; TCGA=RSEM normalized_count, GTEx v8=TPM; NOT a fold change. mapping: GTEx Pancreas is acinar-dominated; PDAC is ductal"
TNFRSF12A,PCPG,Adrenal_Gland,65.45,86.04,-20.59,9.6,depleted,fair,281.25,31.434,False,"rank-based within-dataset percentile among 1379 shared genes; TCGA=RSEM normalized_count, GTEx v8=TPM; NOT a fold change. mapping: Pheochromocytoma is medullary; paraganglioma is extra-adrenal"
TNFRSF12A,PRAD,Prostate,62.91,79.95,-17.04,6.5,depleted,good,230.61,26.593,False,"rank-based within-dataset percentile among 1379 shared genes; TCGA=RSEM normalized_count, GTEx v8=TPM; NOT a fold change. clean tissue-of-origin match"
TNFRSF12A,READ,Colon_Sigmoid,82.41,69.51,12.91,81.1,comparable,good,1148.2,13.064,False,"rank-based within-dataset percentile among 1379 shared genes; TCGA=RSEM normalized_count, GTEx v8=TPM; NOT a fold change. clean tissue-of-origin match"
TNFRSF12A,SARC,Esophagus_Muscularis,75.38,74.22,1.16,46.0,comparable,poor,679.8,18.249,False,"rank-based within-dataset percentile among 1379 shared genes; TCGA=RSEM normalized_count, GTEx v8=TPM; NOT a fold change. mapping: TCGA SARC is histologically heterogeneous (LMS, DDLPS, UPS); smooth muscle is a partial surrogate only"
TNFRSF12A,SKCM,Skin_Sun_Exposed_Lower_leg,82.27,71.54,10.73,76.9,comparable,good,914.39,16.823,False,"rank-based within-dataset percentile among 1379 shared genes; TCGA=RSEM normalized_count, GTEx v8=TPM; NOT a fold change. mapping: GTEx skin is keratinocyte-dominated; melanocytes are a minor fraction"
TNFRSF12A,STAD,Stomach,79.44,84.59,-5.15,30.6,comparable,good,929.95,22.658,False,"rank-based within-dataset percentile among 1379 shared genes; TCGA=RSEM normalized_count, GTEx v8=TPM; NOT a fold change. clean tissue-of-origin match"
TNFRSF12A,TGCT,Testis,63.42,63.27,0.15,48.7,comparable,fair,271.02,6.751,False,"rank-based within-dataset percentile among 1379 shared genes; TCGA=RSEM normalized_count, GTEx v8=TPM; NOT a fold change. mapping: Testis has extreme transcriptome breadth; germ-cell tumour vs whole testis"
TNFRSF12A,THCA,Thyroid,93.0,82.92,10.08,83.5,comparable,good,3505.93,41.487,False,"rank-based within-dataset percentile among 1379 shared genes; TCGA=RSEM normalized_count, GTEx v8=TPM; NOT a fold change. clean tissue-of-origin match"
TNFRSF12A,UCEC,Uterus,84.59,77.85,6.74,70.5,comparable,fair,1172.92,31.864,False,"rank-based within-dataset percentile among 1379 shared genes; TCGA=RSEM normalized_count, GTEx v8=TPM; NOT a fold change. mapping: GTEx Uterus is myometrium-dominated; UCEC arises from endometrium"
TNFRSF12A,UCS,Uterus,81.04,77.85,3.19,63.2,comparable,poor,1002.22,31.864,False,"rank-based within-dataset percentile among 1379 shared genes; TCGA=RSEM normalized_count, GTEx v8=TPM; NOT a fold change. mapping: Carcinosarcoma is biphasic (carcinomatous+sarcomatous); no matched normal exists"
TNFRSF12A,UVM,Skin_Not_Sun_Exposed_Suprapubic,70.67,74.58,-3.92,31.7,comparable,poor,208.5,18.041,False,"rank-based within-dataset percentile among 1379 shared genes; TCGA=RSEM normalized_count, GTEx v8=TPM; NOT a fold change. mapping: No uveal tract in GTEx; skin used only as a melanocyte-containing surrogate"
TNFRSF1A,ACC,Adrenal_Gland,94.67,96.48,-1.81,37.3,comparable,good,3299.71,108.548,False,"rank-based within-dataset percentile among 1379 shared genes; TCGA=RSEM normalized_count, GTEx v8=TPM; NOT a fold change. mapping: Adrenocortical carcinoma vs whole adrenal gland (cortex+medulla mixed in GTEx)"
TNFRSF1A,BLCA,Bladder,94.53,95.11,-0.58,43.4,comparable,good,3849.29,121.851,False,"rank-based within-dataset percentile among 1379 shared genes; TCGA=RSEM normalized_count, GTEx v8=TPM; NOT a fold change. mapping: GTEx Bladder n is small (21 donors)"
TNFRSF1A,BRCA,Breast_Mammary_Tissue,90.61,93.94,-3.34,35.1,comparable,good,2257.38,128.501,False,"rank-based within-dataset percentile among 1379 shared genes; TCGA=RSEM normalized_count, GTEx v8=TPM; NOT a fold change. clean tissue-of-origin match"
TNFRSF1A,CESC,Cervix_Ectocervix,92.86,94.02,-1.16,40.9,comparable,fair,2978.3,126.508,False,"rank-based within-dataset percentile among 1379 shared genes; TCGA=RSEM normalized_count, GTEx v8=TPM; NOT a fold change. mapping: GTEx cervix n very small (~5-9 donors); ecto/endo split"
TNFRSF1A,CHOL,Liver,91.84,95.18,-3.34,33.1,comparable,poor,2873.36,78.233,False,"rank-based within-dataset percentile among 1379 shared genes; TCGA=RSEM normalized_count, GTEx v8=TPM; NOT a fold change. mapping: Cholangiocarcinoma arises from bile-duct epithelium; GTEx has no bile duct, Liver is hepatocyte-dominated"
TNFRSF1A,COAD,Colon_Transverse,89.88,94.31,-4.42,31.6,comparable,good,2172.62,85.868,False,"rank-based within-dataset percentile among 1379 shared genes; TCGA=RSEM normalized_count, GTEx v8=TPM; NOT a fold change. clean tissue-of-origin match"
TNFRSF1A,ESCA,Esophagus_Mucosa,90.68,93.0,-2.32,37.0,comparable,fair,2324.23,88.139,False,"rank-based within-dataset percentile among 1379 shared genes; TCGA=RSEM normalized_count, GTEx v8=TPM; NOT a fold change. mapping: TCGA ESCA mixes squamous and adenocarcinoma; mucosa is squamous"
TNFRSF1A,GBM,Brain_Cortex,93.65,78.57,15.08,83.2,comparable,good,3261.45,12.424,False,"rank-based within-dataset percentile among 1379 shared genes; TCGA=RSEM normalized_count, GTEx v8=TPM; NOT a fold change. clean tissue-of-origin match"
TNFRSF1A,HNSC,Esophagus_Mucosa,93.07,93.0,0.07,45.3,comparable,poor,4026.99,88.139,False,"rank-based within-dataset percentile among 1379 shared genes; TCGA=RSEM normalized_count, GTEx v8=TPM; NOT a fold change. mapping: No oral/laryngeal mucosa in GTEx; esophageal squamous mucosa used as surrogate epithelium"
TNFRSF1A,KICH,Kidney_Cortex,84.66,94.6,-9.93,21.0,comparable,fair,1153.62,53.93,False,"rank-based within-dataset percentile among 1379 shared genes; TCGA=RSEM normalized_count, GTEx v8=TPM; NOT a fold change. mapping: Chromophobe RCC derives from distal nephron/collecting duct"
TNFRSF1A,KIRC,Kidney_Cortex,91.55,94.6,-3.05,35.5,comparable,good,3402.33,53.93,False,"rank-based within-dataset percentile among 1379 shared genes; TCGA=RSEM normalized_count, GTEx v8=TPM; NOT a fold change. clean tissue-of-origin match"
TNFRSF1A,KIRP,Kidney_Cortex,94.09,94.6,-0.51,41.6,comparable,good,3741.26,53.93,False,"rank-based within-dataset percentile among 1379 shared genes; TCGA=RSEM normalized_count, GTEx v8=TPM; NOT a fold change. clean tissue-of-origin match"
TNFRSF1A,LGG,Brain_Cortex,81.25,78.57,2.68,61.4,comparable,good,1019.32,12.424,False,"rank-based within-dataset percentile among 1379 shared genes; TCGA=RSEM normalized_count, GTEx v8=TPM; NOT a fold change. clean tissue-of-origin match"
TNFRSF1A,LIHC,Liver,93.65,95.18,-1.52,36.3,comparable,good,3585.22,78.233,False,"rank-based within-dataset percentile among 1379 shared genes; TCGA=RSEM normalized_count, GTEx v8=TPM; NOT a fold change. clean tissue-of-origin match"
TNFRSF1A,LUAD,Lung,91.77,93.87,-2.1,39.2,comparable,good,3272.85,157.058,False,"rank-based within-dataset percentile among 1379 shared genes; TCGA=RSEM normalized_count, GTEx v8=TPM; NOT a fold change. clean tissue-of-origin match"
TNFRSF1A,LUSC,Lung,92.42,93.87,-1.45,43.4,comparable,good,3459.34,157.058,False,"rank-based within-dataset percentile among 1379 shared genes; TCGA=RSEM normalized_count, GTEx v8=TPM; NOT a fold change. clean tissue-of-origin match"
TNFRSF1A,MESO,Lung,95.25,93.87,1.38,51.1,comparable,poor,5865.07,157.058,False,"rank-based within-dataset percentile among 1379 shared genes; TCGA=RSEM normalized_count, GTEx v8=TPM; NOT a fold change. mapping: No pleura/mesothelium in GTEx; Lung used only as an anatomic neighbour"
TNFRSF1A,OV,Ovary,92.93,93.58,-0.65,45.0,comparable,fair,3288.52,104.151,False,"rank-based within-dataset percentile among 1379 shared genes; TCGA=RSEM normalized_count, GTEx v8=TPM; NOT a fold change. mapping: Most TCGA OV is high-grade serous, now thought largely fallopian-tube derived; GTEx Ovary is stroma-rich"
TNFRSF1A,PAAD,Pancreas,91.48,91.04,0.44,53.2,comparable,good,3645.39,21.578,False,"rank-based within-dataset percentile among 1379 shared genes; TCGA=RSEM normalized_count, GTEx v8=TPM; NOT a fold change. mapping: GTEx Pancreas is acinar-dominated; PDAC is ductal"
TNFRSF1A,PCPG,Adrenal_Gland,86.11,96.48,-10.37,22.9,comparable,fair,1356.27,108.548,False,"rank-based within-dataset percentile among 1379 shared genes; TCGA=RSEM normalized_count, GTEx v8=TPM; NOT a fold change. mapping: Pheochromocytoma is medullary; paraganglioma is extra-adrenal"
TNFRSF1A,PRAD,Prostate,88.94,94.02,-5.08,28.8,comparable,good,1879.38,99.688,False,"rank-based within-dataset percentile among 1379 shared genes; TCGA=RSEM normalized_count, GTEx v8=TPM; NOT a fold change. clean tissue-of-origin match"
TNFRSF1A,READ,Colon_Sigmoid,89.81,94.09,-4.28,35.8,comparable,good,2153.04,114.832,False,"rank-based within-dataset percentile among 1379 shared genes; TCGA=RSEM normalized_count, GTEx v8=TPM; NOT a fold change. clean tissue-of-origin match"
TNFRSF1A,SARC,Esophagus_Muscularis,93.58,93.87,-0.29,40.2,comparable,poor,3627.14,107.889,False,"rank-based within-dataset percentile among 1379 shared genes; TCGA=RSEM normalized_count, GTEx v8=TPM; NOT a fold change. mapping: TCGA SARC is histologically heterogeneous (LMS, DDLPS, UPS); smooth muscle is a partial surrogate only"
TNFRSF1A,SKCM,Skin_Sun_Exposed_Lower_leg,91.7,93.07,-1.38,39.8,comparable,good,2230.82,99.251,False,"rank-based within-dataset percentile among 1379 shared genes; TCGA=RSEM normalized_count, GTEx v8=TPM; NOT a fold change. mapping: GTEx skin is keratinocyte-dominated; melanocytes are a minor fraction"
TNFRSF1A,STAD,Stomach,89.74,93.8,-4.06,33.1,comparable,good,2174.98,56.661,False,"rank-based within-dataset percentile among 1379 shared genes; TCGA=RSEM normalized_count, GTEx v8=TPM; NOT a fold change. clean tissue-of-origin match"
TNFRSF1A,TGCT,Testis,92.71,85.82,6.89,65.4,comparable,fair,2387.1,29.055,False,"rank-based within-dataset percentile among 1379 shared genes; TCGA=RSEM normalized_count, GTEx v8=TPM; NOT a fold change. mapping: Testis has extreme transcriptome breadth; germ-cell tumour vs whole testis"
TNFRSF1A,THCA,Thyroid,92.86,94.38,-1.52,41.0,comparable,good,3381.39,122.984,False,"rank-based within-dataset percentile among 1379 shared genes; TCGA=RSEM normalized_count, GTEx v8=TPM; NOT a fold change. clean tissue-of-origin match"
TNFRSF1A,UCEC,Uterus,92.64,94.89,-2.25,38.9,comparable,fair,2717.7,154.118,False,"rank-based within-dataset percentile among 1379 shared genes; TCGA=RSEM normalized_count, GTEx v8=TPM; NOT a fold change. mapping: GTEx Uterus is myometrium-dominated; UCEC arises from endometrium"
TNFRSF1A,UCS,Uterus,91.55,94.89,-3.34,37.9,comparable,poor,2345.58,154.118,False,"rank-based within-dataset percentile among 1379 shared genes; TCGA=RSEM normalized_count, GTEx v8=TPM; NOT a fold change. mapping: Carcinosarcoma is biphasic (carcinomatous+sarcomatous); no matched normal exists"
TNFRSF1A,UVM,Skin_Not_Sun_Exposed_Suprapubic,90.61,93.29,-2.68,34.2,comparable,poor,1829.8,103.259,False,"rank-based within-dataset percentile among 1379 shared genes; TCGA=RSEM normalized_count, GTEx v8=TPM; NOT a fold change. mapping: No uveal tract in GTEx; skin used only as a melanocyte-containing surrogate"
TNFRSF1B,ACC,Adrenal_Gland,75.38,78.21,-2.83,34.2,comparable,good,464.44,16.512,False,"rank-based within-dataset percentile among 1379 shared genes; TCGA=RSEM normalized_count, GTEx v8=TPM; NOT a fold change. mapping: Adrenocortical carcinoma vs whole adrenal gland (cortex+medulla mixed in GTEx)"
TNFRSF1B,BLCA,Bladder,79.44,83.79,-4.35,32.8,comparable,good,724.55,35.743,False,"rank-based within-dataset percentile among 1379 shared genes; TCGA=RSEM normalized_count, GTEx v8=TPM; NOT a fold change. mapping: GTEx Bladder n is small (21 donors)"
TNFRSF1B,BRCA,Breast_Mammary_Tissue,75.67,90.32,-14.65,13.6,comparable,good,640.55,78.679,False,"rank-based within-dataset percentile among 1379 shared genes; TCGA=RSEM normalized_count, GTEx v8=TPM; NOT a fold change. clean tissue-of-origin match"
TNFRSF1B,CESC,Cervix_Ectocervix,78.5,84.08,-5.58,32.5,comparable,fair,758.8,46.883,False,"rank-based within-dataset percentile among 1379 shared genes; TCGA=RSEM normalized_count, GTEx v8=TPM; NOT a fold change. mapping: GTEx cervix n very small (~5-9 donors); ecto/endo split"
TNFRSF1B,CHOL,Liver,75.09,87.64,-12.55,17.4,comparable,poor,647.98,21.396,False,"rank-based within-dataset percentile among 1379 shared genes; TCGA=RSEM normalized_count, GTEx v8=TPM; NOT a fold change. mapping: Cholangiocarcinoma arises from bile-duct epithelium; GTEx has no bile duct, Liver is hepatocyte-dominated"
TNFRSF1B,COAD,Colon_Transverse,86.04,80.96,5.08,68.2,comparable,good,1510.49,23.435,False,"rank-based within-dataset percentile among 1379 shared genes; TCGA=RSEM normalized_count, GTEx v8=TPM; NOT a fold change. clean tissue-of-origin match"
TNFRSF1B,ESCA,Esophagus_Mucosa,76.9,71.68,5.22,68.0,comparable,fair,703.51,10.748,False,"rank-based within-dataset percentile among 1379 shared genes; TCGA=RSEM normalized_count, GTEx v8=TPM; NOT a fold change. mapping: TCGA ESCA mixes squamous and adenocarcinoma; mucosa is squamous"
TNFRSF1B,GBM,Brain_Cortex,78.14,64.36,13.78,81.3,comparable,good,884.45,5.287,False,"rank-based within-dataset percentile among 1379 shared genes; TCGA=RSEM normalized_count, GTEx v8=TPM; NOT a fold change. clean tissue-of-origin match"
TNFRSF1B,HNSC,Esophagus_Mucosa,77.7,71.68,6.02,72.4,comparable,poor,822.21,10.748,False,"rank-based within-dataset percentile among 1379 shared genes; TCGA=RSEM normalized_count, GTEx v8=TPM; NOT a fold change. mapping: No oral/laryngeal mucosa in GTEx; esophageal squamous mucosa used as surrogate epithelium"
TNFRSF1B,KICH,Kidney_Cortex,75.45,76.4,-0.94,42.3,comparable,fair,501.27,10.993,False,"rank-based within-dataset percentile among 1379 shared genes; TCGA=RSEM normalized_count, GTEx v8=TPM; NOT a fold change. mapping: Chromophobe RCC derives from distal nephron/collecting duct"
TNFRSF1B,KIRC,Kidney_Cortex,83.5,76.4,7.11,70.9,comparable,good,1687.19,10.993,False,"rank-based within-dataset percentile among 1379 shared genes; TCGA=RSEM normalized_count, GTEx v8=TPM; NOT a fold change. clean tissue-of-origin match"
TNFRSF1B,KIRP,Kidney_Cortex,77.7,76.4,1.31,48.0,comparable,good,756.55,10.993,False,"rank-based within-dataset percentile among 1379 shared genes; TCGA=RSEM normalized_count, GTEx v8=TPM; NOT a fold change. clean tissue-of-origin match"
TNFRSF1B,LGG,Brain_Cortex,73.71,64.36,9.35,78.5,comparable,good,606.38,5.287,False,"rank-based within-dataset percentile among 1379 shared genes; TCGA=RSEM normalized_count, GTEx v8=TPM; NOT a fold change. clean tissue-of-origin match"
TNFRSF1B,LIHC,Liver,83.72,87.64,-3.92,31.3,comparable,good,1151.85,21.396,False,"rank-based within-dataset percentile among 1379 shared genes; TCGA=RSEM normalized_count, GTEx v8=TPM; NOT a fold change. clean tissue-of-origin match"
TNFRSF1B,LUAD,Lung,83.65,90.17,-6.53,25.4,comparable,good,1278.59,100.357,False,"rank-based within-dataset percentile among 1379 shared genes; TCGA=RSEM normalized_count, GTEx v8=TPM; NOT a fold change. clean tissue-of-origin match"
TNFRSF1B,LUSC,Lung,76.54,90.17,-13.63,15.7,comparable,good,781.64,100.357,False,"rank-based within-dataset percentile among 1379 shared genes; TCGA=RSEM normalized_count, GTEx v8=TPM; NOT a fold change. clean tissue-of-origin match"
TNFRSF1B,MESO,Lung,83.72,90.17,-6.45,26.9,comparable,poor,1506.83,100.357,False,"rank-based within-dataset percentile among 1379 shared genes; TCGA=RSEM normalized_count, GTEx v8=TPM; NOT a fold change. mapping: No pleura/mesothelium in GTEx; Lung used only as an anatomic neighbour"
TNFRSF1B,OV,Ovary,74.58,75.74,-1.16,42.9,comparable,fair,571.11,20.59,False,"rank-based within-dataset percentile among 1379 shared genes; TCGA=RSEM normalized_count, GTEx v8=TPM; NOT a fold change. mapping: Most TCGA OV is high-grade serous, now thought largely fallopian-tube derived; GTEx Ovary is stroma-rich"
TNFRSF1B,PAAD,Pancreas,81.83,68.64,13.2,83.4,comparable,good,1388.59,4.06,False,"rank-based within-dataset percentile among 1379 shared genes; TCGA=RSEM normalized_count, GTEx v8=TPM; NOT a fold change. mapping: GTEx Pancreas is acinar-dominated; PDAC is ductal"
TNFRSF1B,PCPG,Adrenal_Gland,72.92,78.21,-5.29,33.1,comparable,fair,484.9,16.512,False,"rank-based within-dataset percentile among 1379 shared genes; TCGA=RSEM normalized_count, GTEx v8=TPM; NOT a fold change. mapping: Pheochromocytoma is medullary; paraganglioma is extra-adrenal"
TNFRSF1B,PRAD,Prostate,69.36,77.92,-8.56,18.8,comparable,good,404.71,23.855,False,"rank-based within-dataset percentile among 1379 shared genes; TCGA=RSEM normalized_count, GTEx v8=TPM; NOT a fold change. clean tissue-of-origin match"
TNFRSF1B,READ,Colon_Sigmoid,87.85,78.28,9.57,74.8,comparable,good,1729.35,24.491,False,"rank-based within-dataset percentile among 1379 shared genes; TCGA=RSEM normalized_count, GTEx v8=TPM; NOT a fold change. clean tissue-of-origin match"
TNFRSF1B,SARC,Esophagus_Muscularis,89.01,78.35,10.66,81.4,comparable,poor,1859.78,24.348,False,"rank-based within-dataset percentile among 1379 shared genes; TCGA=RSEM normalized_count, GTEx v8=TPM; NOT a fold change. mapping: TCGA SARC is histologically heterogeneous (LMS, DDLPS, UPS); smooth muscle is a partial surrogate only"
TNFRSF1B,SKCM,Skin_Sun_Exposed_Lower_leg,75.38,75.31,0.07,44.5,comparable,good,521.38,20.277,False,"rank-based within-dataset percentile among 1379 shared genes; TCGA=RSEM normalized_count, GTEx v8=TPM; NOT a fold change. mapping: GTEx skin is keratinocyte-dominated; melanocytes are a minor fraction"
TNFRSF1B,STAD,Stomach,84.88,82.05,2.83,59.8,comparable,good,1436.89,19.224,False,"rank-based within-dataset percentile among 1379 shared genes; TCGA=RSEM normalized_count, GTEx v8=TPM; NOT a fold change. clean tissue-of-origin match"
TNFRSF1B,TGCT,Testis,86.26,55.95,30.31,93.5,enriched,fair,1294.4,4.996,False,"rank-based within-dataset percentile among 1379 shared genes; TCGA=RSEM normalized_count, GTEx v8=TPM; NOT a fold change. mapping: Testis has extreme transcriptome breadth; germ-cell tumour vs whole testis"
TNFRSF1B,THCA,Thyroid,80.09,74.15,5.95,74.5,comparable,good,967.94,24.602,False,"rank-based within-dataset percentile among 1379 shared genes; TCGA=RSEM normalized_count, GTEx v8=TPM; NOT a fold change. clean tissue-of-origin match"
TNFRSF1B,UCEC,Uterus,76.11,79.88,-3.77,35.2,comparable,fair,623.97,36.9,False,"rank-based within-dataset percentile among 1379 shared genes; TCGA=RSEM normalized_count, GTEx v8=TPM; NOT a fold change. mapping: GTEx Uterus is myometrium-dominated; UCEC arises from endometrium"
TNFRSF1B,UCS,Uterus,73.71,79.88,-6.16,30.5,comparable,poor,610.98,36.9,False,"rank-based within-dataset percentile among 1379 shared genes; TCGA=RSEM normalized_count, GTEx v8=TPM; NOT a fold change. mapping: Carcinosarcoma is biphasic (carcinomatous+sarcomatous); no matched normal exists"
TNFRSF1B,UVM,Skin_Not_Sun_Exposed_Suprapubic,75.31,71.75,3.55,49.8,comparable,poor,335.36,15.438,False,"rank-based within-dataset percentile among 1379 shared genes; TCGA=RSEM normalized_count, GTEx v8=TPM; NOT a fold change. mapping: No uveal tract in GTEx; skin used only as a melanocyte-containing surrogate"
TYRO3,ACC,Adrenal_Gland,73.06,58.12,14.94,92.2,enriched,good,377.83,3.888,False,"rank-based within-dataset percentile among 1379 shared genes; TCGA=RSEM normalized_count, GTEx v8=TPM; NOT a fold change. mapping: Adrenocortical carcinoma vs whole adrenal gland (cortex+medulla mixed in GTEx)"
TYRO3,BLCA,Bladder,70.81,46.37,24.44,95.2,enriched,good,379.62,2.507,False,"rank-based within-dataset percentile among 1379 shared genes; TCGA=RSEM normalized_count, GTEx v8=TPM; NOT a fold change. mapping: GTEx Bladder n is small (21 donors)"
TYRO3,BRCA,Breast_Mammary_Tissue,59.35,54.35,5.0,68.6,comparable,good,182.7,4.71,False,"rank-based within-dataset percentile among 1379 shared genes; TCGA=RSEM normalized_count, GTEx v8=TPM; NOT a fold change. clean tissue-of-origin match"
TYRO3,CESC,Cervix_Ectocervix,72.48,51.16,21.32,91.2,enriched,fair,439.57,3.808,False,"rank-based within-dataset percentile among 1379 shared genes; TCGA=RSEM normalized_count, GTEx v8=TPM; NOT a fold change. mapping: GTEx cervix n very small (~5-9 donors); ecto/endo split"
TYRO3,CHOL,Liver,72.92,37.31,35.61,97.9,enriched,poor,563.92,0.296,False,"rank-based within-dataset percentile among 1379 shared genes; TCGA=RSEM normalized_count, GTEx v8=TPM; NOT a fold change. mapping: Cholangiocarcinoma arises from bile-duct epithelium; GTEx has no bile duct, Liver is hepatocyte-dominated"
TYRO3,COAD,Colon_Transverse,63.13,41.3,21.83,93.3,enriched,good,212.87,1.655,False,"rank-based within-dataset percentile among 1379 shared genes; TCGA=RSEM normalized_count, GTEx v8=TPM; NOT a fold change. clean tissue-of-origin match"
TYRO3,ESCA,Esophagus_Mucosa,71.32,70.01,1.31,53.4,comparable,fair,431.19,9.457,False,"rank-based within-dataset percentile among 1379 shared genes; TCGA=RSEM normalized_count, GTEx v8=TPM; NOT a fold change. mapping: TCGA ESCA mixes squamous and adenocarcinoma; mucosa is squamous"
TYRO3,GBM,Brain_Cortex,84.66,92.13,-7.47,27.8,comparable,good,1485.35,42.098,False,"rank-based within-dataset percentile among 1379 shared genes; TCGA=RSEM normalized_count, GTEx v8=TPM; NOT a fold change. clean tissue-of-origin match"
TYRO3,HNSC,Esophagus_Mucosa,71.1,70.01,1.09,58.4,comparable,poor,482.72,9.457,False,"rank-based within-dataset percentile among 1379 shared genes; TCGA=RSEM normalized_count, GTEx v8=TPM; NOT a fold change. mapping: No oral/laryngeal mucosa in GTEx; esophageal squamous mucosa used as surrogate epithelium"
TYRO3,KICH,Kidney_Cortex,58.7,74.51,-15.81,12.2,comparable,fair,110.05,10.043,False,"rank-based within-dataset percentile among 1379 shared genes; TCGA=RSEM normalized_count, GTEx v8=TPM; NOT a fold change. mapping: Chromophobe RCC derives from distal nephron/collecting duct"
TYRO3,KIRC,Kidney_Cortex,53.55,74.51,-20.96,7.4,depleted,good,141.42,10.043,False,"rank-based within-dataset percentile among 1379 shared genes; TCGA=RSEM normalized_count, GTEx v8=TPM; NOT a fold change. clean tissue-of-origin match"
TYRO3,KIRP,Kidney_Cortex,52.83,74.51,-21.68,6.7,depleted,good,76.41,10.043,False,"rank-based within-dataset percentile among 1379 shared genes; TCGA=RSEM normalized_count, GTEx v8=TPM; NOT a fold change. clean tissue-of-origin match"
TYRO3,LGG,Brain_Cortex,89.74,92.13,-2.39,37.8,comparable,good,2044.53,42.098,False,"rank-based within-dataset percentile among 1379 shared genes; TCGA=RSEM normalized_count, GTEx v8=TPM; NOT a fold change. clean tissue-of-origin match"
TYRO3,LIHC,Liver,60.01,37.31,22.7,97.8,enriched,good,126.01,0.296,False,"rank-based within-dataset percentile among 1379 shared genes; TCGA=RSEM normalized_count, GTEx v8=TPM; NOT a fold change. clean tissue-of-origin match"
TYRO3,LUAD,Lung,60.44,51.52,8.92,78.2,comparable,good,242.24,5.991,False,"rank-based within-dataset percentile among 1379 shared genes; TCGA=RSEM normalized_count, GTEx v8=TPM; NOT a fold change. clean tissue-of-origin match"
TYRO3,LUSC,Lung,69.14,51.52,17.62,88.6,comparable,good,461.74,5.991,False,"rank-based within-dataset percentile among 1379 shared genes; TCGA=RSEM normalized_count, GTEx v8=TPM; NOT a fold change. clean tissue-of-origin match"
TYRO3,MESO,Lung,68.93,51.52,17.4,90.2,enriched,poor,446.53,5.991,False,"rank-based within-dataset percentile among 1379 shared genes; TCGA=RSEM normalized_count, GTEx v8=TPM; NOT a fold change. mapping: No pleura/mesothelium in GTEx; Lung used only as an anatomic neighbour"
TYRO3,OV,Ovary,69.58,89.45,-19.87,9.8,depleted,fair,386.49,65.557,False,"rank-based within-dataset percentile among 1379 shared genes; TCGA=RSEM normalized_count, GTEx v8=TPM; NOT a fold change. mapping: Most TCGA OV is high-grade serous, now thought largely fallopian-tube derived; GTEx Ovary is stroma-rich"
TYRO3,PAAD,Pancreas,62.04,63.42,-1.38,40.8,comparable,good,333.55,2.656,False,"rank-based within-dataset percentile among 1379 shared genes; TCGA=RSEM normalized_count, GTEx v8=TPM; NOT a fold change. mapping: GTEx Pancreas is acinar-dominated; PDAC is ductal"
TYRO3,PCPG,Adrenal_Gland,57.4,58.12,-0.73,44.8,comparable,fair,127.25,3.888,False,"rank-based within-dataset percentile among 1379 shared genes; TCGA=RSEM normalized_count, GTEx v8=TPM; NOT a fold change. mapping: Pheochromocytoma is medullary; paraganglioma is extra-adrenal"
TYRO3,PRAD,Prostate,61.02,47.82,13.2,90.1,enriched,good,200.05,3.315,False,"rank-based within-dataset percentile among 1379 shared genes; TCGA=RSEM normalized_count, GTEx v8=TPM; NOT a fold change. clean tissue-of-origin match"
TYRO3,READ,Colon_Sigmoid,62.91,53.55,9.35,74.3,comparable,good,209.77,3.6,False,"rank-based within-dataset percentile among 1379 shared genes; TCGA=RSEM normalized_count, GTEx v8=TPM; NOT a fold change. clean tissue-of-origin match"
TYRO3,SARC,Esophagus_Muscularis,70.67,51.31,19.36,94.7,enriched,poor,477.64,3.018,False,"rank-based within-dataset percentile among 1379 shared genes; TCGA=RSEM normalized_count, GTEx v8=TPM; NOT a fold change. mapping: TCGA SARC is histologically heterogeneous (LMS, DDLPS, UPS); smooth muscle is a partial surrogate only"
TYRO3,SKCM,Skin_Sun_Exposed_Lower_leg,90.17,71.75,18.42,88.5,comparable,good,1902.26,17.103,False,"rank-based within-dataset percentile among 1379 shared genes; TCGA=RSEM normalized_count, GTEx v8=TPM; NOT a fold change. mapping: GTEx skin is keratinocyte-dominated; melanocytes are a minor fraction"
TYRO3,STAD,Stomach,65.08,55.8,9.28,77.6,comparable,good,329.96,3.395,False,"rank-based within-dataset percentile among 1379 shared genes; TCGA=RSEM normalized_count, GTEx v8=TPM; NOT a fold change. clean tissue-of-origin match"
TYRO3,TGCT,Testis,90.03,84.45,5.58,62.6,comparable,fair,1800.67,26.069,False,"rank-based within-dataset percentile among 1379 shared genes; TCGA=RSEM normalized_count, GTEx v8=TPM; NOT a fold change. mapping: Testis has extreme transcriptome breadth; germ-cell tumour vs whole testis"
TYRO3,THCA,Thyroid,63.63,40.07,23.57,97.0,enriched,good,274.84,1.453,False,"rank-based within-dataset percentile among 1379 shared genes; TCGA=RSEM normalized_count, GTEx v8=TPM; NOT a fold change. clean tissue-of-origin match"
TYRO3,UCEC,Uterus,65.74,59.72,6.02,68.7,comparable,fair,266.15,7.153,False,"rank-based within-dataset percentile among 1379 shared genes; TCGA=RSEM normalized_count, GTEx v8=TPM; NOT a fold change. mapping: GTEx Uterus is myometrium-dominated; UCEC arises from endometrium"
TYRO3,UCS,Uterus,73.42,59.72,13.71,84.6,comparable,poor,593.83,7.153,False,"rank-based within-dataset percentile among 1379 shared genes; TCGA=RSEM normalized_count, GTEx v8=TPM; NOT a fold change. mapping: Carcinosarcoma is biphasic (carcinomatous+sarcomatous); no matched normal exists"
TYRO3,UVM,Skin_Not_Sun_Exposed_Suprapubic,95.61,70.99,24.62,93.4,enriched,poor,4804.65,14.753,False,"rank-based within-dataset percentile among 1379 shared genes; TCGA=RSEM normalized_count, GTEx v8=TPM; NOT a fold change. mapping: No uveal tract in GTEx; skin used only as a melanocyte-containing surrogate"
