gene,ACC,BLCA,BRCA,CESC,CHOL,COAD,ESCA,GBM,HNSC,KICH,KIRC,KIRP,LGG,LIHC,LUAD,LUSC,MESO,OV,PAAD,PCPG,PRAD,READ,SARC,SKCM,STAD,TGCT,THCA,UCEC,UCS,UVM
ACTA2,2274.1500,3761.4150,5994.9500,1506.1300,4142.8500,2913.8130,2917.1903,1478.2150,1548.0100,1743.5600,9421.2300,1323.1000,459.3335,2923.3700,3887.5300,3045.4700,5244.0600,2423.3697,12140.3500,3750.2900,18147.1000,3523.5646,9319.9500,1567.5600,5382.7075,1801.8850,2414.3700,2269.8818,2294.2300,2094.9850
ACTB,76914.4000,111085.0000,91635.2000,106187.0000,92767.5500,104629.3372,108412.0707,129799.0000,135040.5000,79977.0000,78843.2000,93378.9500,72442.1500,69372.1000,112608.0000,104814.0000,119572.0000,83701.7405,119976.0000,50229.3000,61388.2000,100635.5662,150326.0000,110994.0000,115345.2761,118291.5000,65159.2000,100989.5386,83768.9000,68015.3000
ACVR1,434.4360,545.0585,869.0850,640.0420,1271.1150,512.9695,990.1364,694.3085,975.5390,825.6605,917.8900,998.3605,605.9715,608.6140,1045.8800,1074.8000,1188.6400,941.7662,1264.2750,1004.5900,631.9440,517.7645,1321.1400,888.8290,854.4913,826.4655,2512.0700,695.1238,835.4020,475.6390
ACVR1B,1214.6300,966.8905,1228.3100,1172.4500,1364.2050,1631.3950,1319.7812,879.8595,1143.5350,2684.2850,1538.9500,1901.2750,1088.6500,1221.9900,1326.4000,1263.5900,747.7550,1374.8850,1532.9450,2332.6500,1372.4700,1878.9931,507.6040,704.2960,1440.3092,2851.5100,734.1510,1142.2932,1086.3100,838.0390
ACVR1C,6.2714,27.4483,18.3520,46.8750,9.7846,103.8885,123.9693,14.9750,83.9160,86.4038,6.0423,3.6392,56.6091,26.3058,19.4489,111.8780,4.9219,14.9015,37.2675,85.0397,10.8707,90.6945,8.3141,30.9350,66.5843,25.5968,22.2952,11.6756,18.5102,21.4956
ACVR2A,230.9160,379.5700,295.9640,284.7810,345.9320,273.3108,348.6387,278.8835,238.5375,235.8845,343.9190,339.2270,338.3445,260.4050,277.6230,321.5990,298.8500,321.3568,452.1465,446.6130,455.5840,281.3201,316.4190,225.2560,325.0580,336.0915,336.0800,266.6016,604.3690,188.5580
ACVR2B,359.5840,310.2520,358.9880,203.7300,147.9560,244.5554,246.6280,221.2755,152.4635,192.7505,290.7860,349.9950,683.4975,202.4190,280.4880,242.0640,177.8320,412.7594,205.9230,539.1840,313.4330,306.1510,165.4520,328.8390,224.5128,1629.4800,331.7970,341.0675,628.2180,190.5425
ACVRL1,327.1680,316.3760,414.5260,201.2030,371.6260,1033.4278,273.3359,452.0460,291.2470,383.7300,1583.4900,349.9785,254.1895,322.8010,578.5540,397.3870,345.4960,229.7984,817.2750,893.4810,250.6300,1211.3950,1044.5800,281.8560,562.6472,361.8365,609.6110,333.0567,496.3090,305.3645
ADCYAP1,1.3435,5.9097,7.6254,2.0730,2.7409,8.1930,5.8738,23.1122,7.3935,103.4725,13.1300,7.0624,12.1199,1.8229,8.6075,9.5569,642.8030,2.0052,133.8310,76.2278,5.2368,12.8030,11.0372,2.7088,9.7604,4.1281,1.6297,0.9658,7.0242,0.3580
ADCYAP1R1,0.0000,0.0000,1.2111,0.0000,0.0000,0.0000,-0.5875,476.0975,0.9899,0.3307,0.0000,0.0000,1733.7400,0.0000,0.3329,0.4192,0.4630,5.5174,1.2377,113.7440,0.4890,0.0000,3.0771,0.0000,-0.5875,5.8154,1.2293,5.8804,3.7762,0.0000
ADIPOQ,0.0000,0.0000,133.7560,0.0000,0.0000,0.0000,0.0434,0.0000,0.0000,0.0000,0.0000,0.0000,0.2980,0.0000,0.0000,0.0000,0.3905,0.5996,3.6426,0.0000,0.0000,0.0000,0.0000,0.0000,0.4334,0.8612,0.0000,0.0000,0.0000,0.0000
ADIPOR1,2381.2100,2658.6800,3854.9200,3272.8000,3052.5150,2470.3260,2470.8706,2141.2550,3523.3950,1920.2350,2694.9000,2130.0450,1575.4700,3943.8100,3714.7600,3751.7700,2291.6500,3077.5377,2594.2400,4622.8400,3102.7100,2571.5101,1989.5400,4042.0200,2298.7328,2671.0200,2133.3300,2604.1981,2376.1900,3229.7250
ADIPOR2,5058.6600,1673.9300,2512.4900,2119.6600,1991.0250,2262.0030,2526.0055,1781.2850,2458.5950,5004.0750,1804.3600,1633.8600,3080.3300,3332.9200,1575.1400,2692.7600,1602.5800,1773.8185,1898.0800,1566.3800,1830.7200,2245.0524,1556.7600,3495.2000,2115.2247,4562.0300,1503.0900,1281.0824,1665.8100,3966.4900
ADM,319.3850,807.5525,118.8570,1190.4300,356.5015,365.6601,515.5846,788.0330,2052.4900,2544.0250,3903.8900,332.7245,56.3577,309.3440,271.8300,1440.8800,408.4390,257.2654,489.2125,1936.4900,177.6890,379.5728,664.7850,301.2680,217.4553,239.6740,690.2650,597.3745,491.9400,253.9785
ADORA1,34.2556,26.5279,192.1720,50.4171,95.2939,28.5859,19.0403,1634.1500,25.5607,10.8007,73.6143,537.9605,990.0680,18.7366,97.7131,39.5788,84.6800,193.5895,284.9610,113.3230,10.6445,26.3267,40.8922,36.1197,35.0580,74.8153,790.5950,62.1395,205.9930,19.3049
ADORA2A,76.3260,69.6843,187.5320,78.3027,95.0159,62.8787,51.2668,83.8321,84.1371,94.4332,309.5350,65.5715,99.0690,149.8860,178.3730,133.8350,101.5500,42.9323,130.5925,223.2700,61.7859,61.7744,140.1620,55.5958,92.4384,435.8545,77.6361,77.8453,121.7880,103.8125
ADORA2B,36.3837,152.4920,34.7538,290.6820,94.7006,355.2475,242.8638,126.0725,403.8180,7.2481,39.2279,10.4876,58.1478,9.8571,202.2770,249.2770,39.2523,22.7146,125.3255,13.5405,22.4958,364.4069,123.7630,88.0361,91.2627,163.1240,12.2580,31.7784,65.1834,20.3533
AGRN,714.2860,10150.8000,4721.6300,7990.5900,13873.5500,4149.9788,8494.7885,5056.7850,10660.0000,4040.3450,10026.2000,14480.8000,3937.3500,3719.4100,8487.2900,6714.9500,16412.8000,11572.6959,8804.8500,2109.0400,3723.4900,3985.3442,2565.0300,7538.8600,5286.4673,1562.0700,10425.2000,10164.6392,8032.9500,7883.4400
AGRP,641.6490,0.3480,0.3276,0.2816,0.4849,0.0000,0.2121,0.8531,0.0000,1.0755,0.3757,0.5519,0.4508,0.4702,2.1141,0.5161,0.4550,0.5865,2.0377,16.0000,0.0000,0.0000,0.0000,0.2844,0.3277,0.3127,0.3446,0.1796,0.0000,0.0000
AGT,335.6240,44.3778,130.4130,10.5724,17470.2000,421.7600,71.5870,10124.6500,31.6535,35.1266,1766.8500,1896.2400,11803.6000,69297.0000,136.9270,28.8494,25.9116,16.8954,663.9835,441.6580,164.5060,464.7571,205.4990,56.3225,488.1881,15.2503,127.4440,46.4838,371.2720,246.9485
AGTR1,605.6070,7.5775,57.8662,1.6694,109.4460,2.7913,4.3078,14.4146,3.1018,36.1834,172.3350,12.3125,2.7269,802.5090,22.0683,9.5048,40.6391,5.7796,44.3852,83.1263,183.7620,4.8104,64.2105,2.5890,7.2250,14.6902,16.4271,1.3116,28.3764,0.4437
ALCAM,288.7320,1255.2200,3574.5100,1815.8300,3268.1100,1175.1578,1859.7828,1862.2950,1591.4650,2492.5950,1204.8200,1126.3500,4632.3450,2543.5400,4368.6000,3467.3400,1633.9800,1563.1200,2005.6200,5025.1100,4284.4300,1097.5956,1264.0300,387.3380,1120.4304,279.6260,3675.7200,1893.5304,811.2480,104.1525
ALK,3.5103,0.9111,2.5478,1.3068,0.5346,0.4296,0.8375,62.3920,1.6912,1.3245,2.5611,2.6541,77.9075,0.4345,4.3991,6.0157,9.5012,35.2082,3.9585,104.0610,1.5898,0.4869,2.6022,45.3304,1.0481,10.9362,32.6554,3.1146,13.5074,114.5385
AMH,37.3832,12.1283,7.4583,24.1278,23.2610,10.2803,7.5280,61.1290,4.0543,12.4581,3.3915,5.6594,92.5052,2.2901,3.4213,4.8928,7.2221,3.0511,11.9747,31.2527,6.4574,6.2656,37.4672,4.1014,8.3853,59.7056,2.9762,30.0280,29.2813,4.2669
AMHR2,1559.2700,0.0000,0.6384,0.2772,0.4915,0.0000,0.1674,0.0000,0.5129,0.0000,0.3545,0.5095,0.0000,0.0000,2.2786,0.5139,7.1642,5.0957,2.5883,3.0749,2.8664,0.0000,0.4970,0.0000,0.4410,19.6553,0.6072,0.4219,2.6619,0.0000
ANGPT1,89.0173,38.9568,48.9331,15.8284,33.1714,41.3363,76.1198,227.9540,35.1289,1544.3150,259.9180,25.6272,67.4973,58.0013,156.9260,105.0540,32.1221,38.1341,83.1532,161.9750,200.3150,44.5750,127.4760,38.0187,80.1917,222.7065,109.1260,22.0963,136.8960,3.4615
ANGPT2,491.9910,231.6690,231.3410,120.8830,174.8170,150.9420,150.2616,1005.2500,268.9265,340.7370,2284.1400,55.4355,129.4355,152.3340,198.2290,209.3310,91.0059,121.3119,227.4155,331.4510,97.9881,162.5485,364.8720,100.6740,138.0238,143.1715,243.3370,296.8256,371.1430,38.7300
ANGPTL1,66.1088,9.5015,32.6995,3.5587,54.8589,5.8159,11.2863,103.3145,10.4412,516.7645,28.7954,29.6933,76.4972,53.0863,29.9754,14.9254,91.6965,32.4123,115.0935,15.8007,52.3992,6.4329,203.7500,3.8835,25.2592,19.2591,282.2430,17.5123,104.1180,0.5575
ANGPTL2,1453.9500,627.9365,1201.0000,362.4360,484.2845,719.6843,765.7903,1862.0550,1079.4000,303.5620,1706.9300,294.5915,3795.0600,342.2000,996.8980,968.3650,980.6080,478.2925,1379.2750,1064.6000,634.7380,692.5055,4979.5500,624.1610,1200.0780,268.5420,451.7310,562.4408,1159.4400,400.0995
ANGPTL3,0.0000,0.6189,0.2732,0.4363,24.4778,0.0000,1.8160,0.0000,0.0000,1.3197,28.0979,2.9907,0.0000,7103.3600,0.4589,0.3418,0.3979,0.5812,1.7090,0.2718,2.9557,0.3634,0.3254,0.0000,1.6989,0.4938,0.3060,0.4677,0.4597,0.0000
ANGPTL4,187.9100,705.5635,172.0710,551.3030,831.6735,125.3378,169.7513,774.5980,685.8100,85.2142,15810.0000,239.1665,256.0340,2434.0900,533.6160,418.1340,598.8300,198.3737,829.4770,145.1700,169.3850,95.1354,548.5200,342.1970,121.2528,403.4270,840.7360,296.0264,512.5880,21.0099
ANGPTL7,0.0000,0.5278,0.7931,0.3261,0.0000,0.3253,0.3081,1.0322,1.1074,0.3489,0.4320,2.1684,0.9047,0.0000,0.8772,0.7120,6.1097,-0.2813,19.6112,71.0220,28.1309,0.3193,1.6456,69.2988,0.8079,0.5409,0.3499,0.3251,1.5601,20.6068
ANXA1,1416.5500,5201.5300,2161.8400,15426.0000,613.4540,1113.1049,11113.3057,6221.1300,26905.1500,912.1130,3694.0300,6497.0200,367.6640,523.0810,5518.3200,10360.9000,8605.6100,4971.2009,6229.1650,783.7690,2244.7900,993.3220,6860.0600,5413.1400,2621.6349,1182.4050,26749.2000,4428.6981,1314.8500,208.1710
APCDD1,313.9220,497.0655,312.2780,668.0390,1158.9450,814.0930,384.9084,1705.7950,1090.8000,146.2410,304.9060,43.0809,2403.9750,31.7034,273.7520,424.9690,157.5940,813.9427,961.7830,161.7980,1244.2700,1198.9175,607.1060,655.7300,322.0204,529.0455,189.2930,1478.3200,1141.1500,70.1794
APLN,188.9440,88.4686,129.0430,75.2246,69.8327,169.8525,114.1229,2520.3200,196.6100,464.0455,1957.9200,69.6418,909.0010,137.9520,181.5270,140.5890,195.7310,166.0130,46.7071,804.4030,155.4950,178.1436,516.7230,88.6840,125.1781,207.2705,59.3400,94.4365,259.3630,131.2255
APLNR,160.6940,230.9305,672.1530,104.9380,560.6250,335.8449,242.1366,2712.3000,226.9585,452.2740,1280.3900,34.5135,1852.0050,435.2260,233.6020,171.7380,467.1720,139.1347,772.9615,533.5840,71.2434,395.9620,453.5060,315.7040,591.2146,506.8090,886.6520,159.9144,186.8850,61.3344
APP,22372.0000,13991.9500,20524.2000,12431.9000,22831.1500,19570.4205,15938.1188,27918.5500,18681.7500,32193.3000,32137.1000,33294.9000,29867.3500,10298.4000,15073.9000,17133.7000,18638.9000,15362.4871,19432.2500,41381.3000,14798.2000,19524.9255,19308.6000,13368.8000,17066.6290,19448.5500,24234.2000,17429.6174,19753.7000,21908.3500
AREG,5.1746,123.0675,156.2880,117.8130,44.4590,908.1950,415.8602,7.4016,656.7805,13.8109,49.2035,20.3265,0.4754,5.9676,278.6740,164.7590,13.1376,22.7748,321.3485,20.1427,16.1369,1268.9605,10.7403,7.3945,310.6193,2.5039,27.0294,33.1874,14.9586,0.0000
ARTN,10.4046,61.7268,42.3442,84.0355,21.0008,30.3042,33.7326,13.2579,198.3855,46.7476,7.8240,7.9945,7.3444,5.1849,20.5788,260.6990,8.1610,57.7250,17.8892,7.2793,41.5301,31.5220,13.5189,4.8350,9.1202,18.9241,16.3947,93.4569,46.8571,0.5863
AVP,0.0000,0.0000,0.0000,0.0000,0.0000,0.0000,0.0000,0.0000,0.0000,0.0000,0.0000,0.0000,0.0000,0.0000,0.0000,0.0000,0.0000,0.0000,0.0000,0.0000,0.0000,0.0000,0.0000,0.0000,0.0000,1.4775,0.0000,0.0000,0.0000,0.0000
AVPR1A,7.5170,7.8880,26.9551,3.7071,2.9020,5.2138,15.8851,6.6113,13.7549,770.8925,53.0973,1.8308,3.8262,12.2344,7.4896,8.1147,13.3616,11.3050,22.6446,8.8745,16.9202,4.8676,17.8947,5.4895,22.1896,5.8079,18.0995,9.5189,12.5328,0.8864
AVPR1B,0.0000,0.0000,0.0000,0.0000,0.9957,0.0000,0.3055,0.0000,0.0000,0.0000,28.5285,7.4130,0.0000,0.0000,0.2706,0.0000,0.0000,3.7528,2.5532,0.0000,0.3612,0.0000,0.0000,0.0000,0.4789,0.6927,2.4953,3.0802,0.8501,0.0000
AVPR2,5.7299,6.7406,8.5219,6.0400,2.7488,5.4547,3.4658,0.5033,6.4473,22.0864,13.7753,2.7326,1.0271,3.4341,6.8740,3.5395,12.6659,12.6665,11.5144,12.2465,13.9516,4.7456,19.6544,14.0306,5.7628,10.3399,21.4844,7.5580,10.9157,9.0835
AXIN2,298.0270,102.0940,202.5450,67.3336,79.3477,3560.9183,189.6592,299.0260,87.4600,37.5489,53.5372,171.2080,506.7315,74.0331,323.4540,187.7010,419.9580,614.6330,425.8935,131.8420,559.1490,4074.9163,357.8540,127.1010,373.3681,1146.5750,284.8340,417.5738,469.5790,109.8575
AXL,257.6330,526.0000,1097.9900,583.9580,534.0270,425.1792,722.4692,1336.6400,923.8670,264.0555,2362.9200,1379.0700,1181.2150,229.7590,1053.4500,772.2580,1589.6500,782.5454,1699.9100,444.3970,672.6560,424.2351,3331.1700,352.7230,981.6196,489.0825,959.1530,397.0119,960.6630,329.9110
B2M,30171.1000,39698.8500,37886.6000,62347.2000,48562.2000,44006.8000,49704.4636,45254.0000,59119.7500,74915.8500,81858.0000,40113.1500,16957.6000,53236.8000,55429.3000,42650.5000,66182.5000,46221.5888,62921.5000,41891.1000,35162.2000,38334.2000,48419.2000,35180.9000,66039.3824,26114.1000,60450.4000,31340.5610,14271.4000,15482.3500
BAMBI,1161.5200,533.7790,1119.1900,150.0880,930.7650,263.2810,243.2813,259.3690,109.7970,289.3280,376.6070,1690.3900,299.0680,707.3910,228.7300,265.3250,422.7890,75.4356,345.2390,47.8978,345.6040,289.3930,170.7440,1883.6300,232.2650,1127.7500,23.6157,356.4959,597.0210,2276.8600
BAG6,5010.8000,5322.8050,4284.3700,4675.8900,6245.3650,4764.1801,4330.2003,3922.3700,4637.0800,3234.9150,4055.1200,5167.6000,4518.3650,6545.9400,5227.6300,4641.9500,4994.0400,5271.4152,4065.0850,4932.0200,5098.5800,5105.8678,4874.0700,8534.0700,3869.9661,6762.1400,5523.6600,5669.1133,7461.9100,12277.6000
BDKRB1,1.5925,28.7424,10.3402,78.7358,60.5955,32.1902,59.5278,2.2799,142.6790,141.3205,7.7861,2.3653,0.7401,10.9524,19.5759,34.0054,658.4850,6.5738,78.2700,11.9272,3.6986,34.2879,51.6899,5.2430,36.6486,7.7283,5.7430,8.8228,17.5747,0.9226
BDKRB2,37.5723,266.4870,245.5960,651.4810,373.0795,352.9371,629.3338,106.1480,940.4435,934.8625,234.7610,36.0654,15.3748,94.4792,292.9130,242.7480,251.8070,84.2752,606.7390,283.6100,75.6248,399.4863,375.0000,67.3357,393.0963,32.0538,204.8590,165.9640,123.9570,13.1154
BDNF,45.8161,14.4604,4.2669,17.7198,9.6458,12.7005,30.1159,23.1490,25.8744,9.7058,59.7254,31.0695,18.1126,3.2195,15.0436,43.7462,191.0500,20.3950,21.9268,46.1889,25.6748,14.7370,53.3643,17.3940,23.5678,28.9663,59.4172,23.6380,63.7001,4.7034
BMP10,0.0000,0.0000,0.0000,0.0000,0.0000,0.0000,0.0000,0.0000,0.0000,0.0000,0.0000,0.0000,0.0000,0.0000,0.0000,0.0000,0.0000,0.0000,0.0000,0.0000,0.0000,0.0000,0.0000,0.0000,0.0000,0.0000,0.0000,0.0000,0.0000,0.0000
BMP15,0.0000,0.0000,0.0000,0.0000,0.0000,0.0000,0.0000,0.0000,0.0000,0.0000,0.0000,0.0000,0.0000,0.0000,0.0000,0.0000,0.0000,0.1761,0.0000,0.0000,0.0000,0.0000,0.0000,0.0000,0.0000,0.0000,0.0000,0.0000,0.0000,0.0000
BMP2,54.4576,243.9760,23.1106,296.2590,558.0615,278.3420,425.5856,211.5625,547.1740,167.9880,427.0710,259.2620,1194.8250,227.4130,345.8120,234.7550,131.9850,18.1991,536.4440,31.5789,57.6040,268.4315,118.8630,18.7198,512.7764,57.4991,411.1810,60.6626,210.0400,17.9066
BMP3,0.4698,316.5480,1.0717,13.8603,1.1382,11.4162,6.2191,0.4582,1.8476,0.6094,2.8678,1.0205,1.4537,0.0000,272.6470,75.5920,11.6207,8.8878,15.6297,1.5519,20.9116,12.9563,0.5128,0.0000,12.5433,0.9661,1.9702,27.4808,31.5536,2.2039
BMP4,662.4280,116.9925,154.9090,55.5556,140.8385,1164.7100,155.0713,68.2812,89.1390,35.2049,184.4690,264.5790,121.9115,117.2830,221.7640,89.9268,1338.2600,116.5478,761.9840,43.5844,203.8460,1257.7717,185.0950,34.3092,474.2332,213.3085,137.1980,93.8287,284.3210,274.9790
BMP5,0.0000,3.0571,1.3822,0.0000,2.8637,11.8239,1.5164,0.5384,0.6081,0.4525,1.8600,0.0000,0.0000,1.0924,98.8713,17.5171,0.4100,-0.0856,16.3938,0.5230,1.8741,16.0811,0.4517,0.0000,2.7472,0.6021,0.8830,0.0643,54.9828,2.2566
BMP6,97.1445,54.5807,54.0099,35.4848,122.6400,37.8757,65.6882,48.7032,52.9220,54.8065,179.6310,115.5925,88.1268,37.4981,99.4738,83.0651,68.6330,84.8366,69.0352,90.0052,129.0270,36.9290,81.8572,42.9730,80.7511,97.0758,64.8284,71.2420,102.8060,13.8089
BMP7,1.7567,150.5680,80.3375,869.9620,11.2690,436.0003,729.7490,1987.5650,968.6775,5.0064,1.7264,44.1791,2821.8750,0.5696,41.1757,1679.3100,11.7378,1116.0264,121.3505,4399.3200,202.7530,674.9280,37.6481,50.3188,120.6965,332.7925,2680.9600,224.7950,1750.0000,12.8909
BMP8A,39.9797,110.8005,230.3280,111.1770,168.4920,220.6299,247.0533,131.3990,122.3330,44.5773,127.8250,58.2638,131.5190,33.5923,205.0450,178.6550,64.2425,124.2802,612.9810,162.5830,220.7960,216.1837,73.4662,113.7090,328.0068,212.0960,183.7310,126.8625,64.3137,18.2809
BMP8B,6.4804,100.5175,64.5428,121.7850,141.0415,150.0493,103.5453,96.6380,66.7535,3.9421,68.4411,68.8001,92.7731,15.6102,92.3510,80.2394,21.3144,58.2061,123.4280,325.6000,49.2584,145.6021,20.4721,229.4370,108.8846,18.7850,90.8632,46.6892,36.8217,17.1341
BMPR1A,425.1050,392.5815,577.6610,390.4370,492.8915,460.2963,593.2528,504.2205,350.2465,264.1920,450.4800,404.0815,728.5765,251.1880,450.8010,464.6120,601.9590,717.1533,438.2020,477.6930,765.5170,486.1564,528.6950,332.4700,564.6308,585.7225,803.5160,641.7919,734.3320,279.2800
BMPR1B,67.4300,10.4205,314.9510,53.2965,13.2663,6.0337,64.4530,584.9820,114.5410,2842.6400,11.5808,4.7415,919.7445,2.4752,76.1167,58.1454,39.2523,458.0836,110.7880,1210.5400,2884.3100,6.6947,73.1325,114.9960,30.8272,46.9455,2.4722,681.6493,279.3650,44.0613
BMPR2,1596.6100,1599.4800,2630.8400,1376.5300,1606.3200,1360.0384,2602.1437,1738.4300,1891.5050,1609.7050,3185.3100,1693.4850,2815.9700,934.1120,2135.4700,1758.2900,2312.9300,1783.6123,2657.4850,2628.2000,2213.8600,1420.4873,1994.7400,1679.9000,2353.7133,1390.9200,2330.3800,1816.9223,1902.9000,928.7140
BOC,89.0547,117.9930,340.5320,122.3910,59.8673,95.6938,164.6767,830.6940,253.2445,142.7985,401.0320,185.7050,815.3935,42.6078,124.5080,194.2930,495.5130,1030.7041,787.6795,228.4350,731.6230,101.5175,1062.6600,325.3920,189.2782,251.6415,940.0500,443.5000,2214.4300,622.3640
BTC,1.4514,15.9086,11.6462,10.8878,23.5536,44.6269,18.8143,1.4102,4.0701,49.6740,10.9223,20.3625,3.9482,2.9691,38.9539,18.0079,3.2310,49.7960,24.4275,6.3358,35.7654,43.9588,2.1265,0.3883,29.6966,0.7103,57.4163,25.2089,4.9210,1.1933
BTLA,2.8184,4.8147,11.4548,8.8816,3.8880,6.7006,6.6197,2.9955,9.1244,3.4796,14.2498,6.0918,2.0808,4.1732,24.3013,14.8123,10.0091,9.5187,13.0873,1.7778,4.6083,5.3476,5.6825,4.2718,12.0253,70.4061,5.5556,6.6605,2.7579,0.4973
VSIR,851.6500,999.3110,479.5320,1069.9400,911.5030,655.9300,722.0457,1431.5650,1677.8100,368.9180,1797.7800,872.5720,1770.5250,550.5300,963.7790,917.1450,4904.0400,729.5936,1630.9700,513.3850,537.5090,624.4385,1619.5700,361.2110,962.5115,736.3010,1044.1800,464.8877,551.1450,204.7170
DRAXIN,0.0000,2.3849,3.1192,3.0020,0.9594,1.3369,1.8499,80.5704,3.3752,53.0097,0.7554,0.4363,25.6763,0.3252,1.6764,2.5484,1.8431,2.8605,3.1872,0.0000,2.0750,1.5285,4.3884,2.2661,1.6571,46.8991,10.0883,5.1699,11.5476,0.8310
C3,6715.9900,2949.9200,7743.2200,3127.6800,102794.0000,1824.0675,3120.0169,16214.9000,2908.1700,1096.9750,28122.6000,17306.7000,6921.7050,268295.0000,16971.8000,6356.7000,127470.0000,27315.0837,26469.3000,693.6780,1930.2200,1510.5341,1479.3300,595.9750,9966.3661,2145.8900,6513.4400,8813.5316,827.7060,311.2165
C3AR1,97.2516,104.0495,320.6270,132.7360,149.9535,136.5304,126.8266,794.9870,166.4275,106.1350,513.5750,273.7995,444.3855,128.5880,428.6590,262.6300,502.1810,307.3972,335.9545,121.6220,109.5472,124.4606,446.7340,119.4750,267.6518,206.8630,135.7560,98.9955,121.1900,67.3940
C4A,19243.1000,971.2320,19680.8000,1173.4200,19012.2000,1161.3200,1488.7073,3610.0900,670.5220,360.6525,33247.9000,23866.3000,7857.3100,135088.0000,5964.7600,2178.2500,41631.3000,5223.1855,6713.0600,635.8540,6667.3800,1097.7016,2055.9000,421.5310,3030.7190,914.7695,28728.2000,3360.1535,2367.4800,1406.6100
C5,85.5358,48.0773,133.8970,130.7190,2620.5250,59.4768,134.7791,170.1290,58.8660,25.0489,76.1214,73.1169,176.9845,12063.1000,290.6920,107.9320,111.6340,50.7334,82.5871,167.7040,167.6470,54.4420,157.2360,55.7080,92.6452,74.2081,98.5879,51.1432,67.4879,25.8388
C5AR1,99.4220,139.8395,203.2970,151.8980,213.1775,146.4305,156.6854,441.7125,192.8060,184.6720,399.4290,267.1070,108.4620,139.6560,395.2440,314.2890,387.9870,196.7914,403.2125,126.4030,95.6432,129.7725,352.8930,79.0889,248.0458,145.4080,103.7410,134.7771,137.0900,31.6200
CADM1,740.6780,175.7005,699.7670,98.9946,750.5590,81.1180,158.7613,2617.2700,195.5870,229.5185,660.2880,575.1925,2108.6650,2148.6700,1446.3600,496.2610,567.8510,1532.6909,605.8105,3745.8800,1508.3000,95.4335,465.4660,696.4390,239.3211,413.0840,4231.2600,1633.4477,1681.5300,248.4385
CADM3,4.1379,6.2066,30.0157,6.0976,14.8812,6.3988,6.6808,1885.1900,44.9758,2.7412,94.3290,64.2697,3800.8050,2.5355,45.8424,30.0802,945.0650,107.9893,84.9276,765.2010,38.4934,7.4408,93.5748,30.1932,20.6989,155.0230,73.0008,9.8288,33.0745,14.7632
CALCA,0.0000,0.0000,0.0000,0.0000,3.1686,3.0992,-0.1523,0.0000,0.0000,257.3575,0.0000,0.0000,0.0000,3.4341,2.3408,0.6452,0.0000,-0.1523,0.9801,4.7834,15.0644,5.0239,0.8903,0.0000,-0.1523,1.0274,1.7732,1.4613,5.8140,0.0000
CALCB,0.0000,0.3663,0.0000,0.0000,1.0090,0.0000,0.9837,1.5224,0.0000,3.6934,0.2768,0.4216,1.0084,0.5764,0.2738,0.8614,0.0000,0.9677,1.1450,4.0050,0.8231,0.2428,0.4318,0.0000,0.5229,5.9459,6.8820,1.6113,21.0484,0.0000
CALCR,0.8912,1.3097,3.2957,0.8049,0.5009,0.8595,2.2883,2.0482,1.5299,4.5880,38.5448,3.2811,1.9033,0.8347,4.9218,2.2930,2.6547,1.8402,2.1474,3.3223,0.5895,0.6919,3.5660,2.1304,1.8821,4.5954,1.5170,0.8051,2.8090,0.7689
CALCRL,280.9260,185.1530,512.2390,132.6530,382.7560,226.1940,465.2809,814.3995,335.3645,381.5430,2277.0500,242.3965,2385.1300,364.6470,521.4970,495.6960,203.0930,173.8000,586.9490,559.6450,287.9120,229.2635,386.2760,85.9141,504.1137,140.2145,869.0960,247.5162,244.3760,22.3871
CAP1,3106.0100,7473.4800,7159.4100,6531.6400,6276.2750,7989.3700,7954.2598,6031.3750,9443.4250,3102.1850,6994.9700,5538.0000,4193.1350,4091.9100,7547.4100,6641.0600,6953.3500,6611.9879,9021.4400,3647.6600,4358.4900,7320.7562,7894.3400,8099.7500,7520.1542,6846.5200,6268.6800,4636.1632,4495.7800,4552.0700
ACKR2,9.0822,48.2366,35.3805,30.2385,17.0064,13.1492,21.4178,25.4503,37.7555,35.3839,14.1408,34.5093,31.8652,228.8200,37.1230,18.4075,115.5570,113.2592,39.5394,12.2881,24.6227,14.0515,13.1217,11.9314,24.3313,21.1823,15.4928,112.9945,28.5177,9.4433
CCK,0.0000,2.0314,0.0000,1.9854,0.0000,0.4229,1.2453,63.4521,0.9940,0.0000,0.0000,0.0000,129.5620,0.0000,0.6380,0.4394,0.5758,0.4497,17.4238,1.5966,34.3980,0.3742,0.3791,0.0000,4.7341,1.7430,0.2436,0.5855,5.5228,0.0000
CCKAR,0.0000,0.0000,0.3137,0.0000,0.0000,0.0000,-0.0788,1.2707,0.5960,8.2757,0.0000,0.0000,0.0000,0.0000,0.0000,0.0000,0.0000,-0.0788,0.3518,0.0000,0.3171,0.0000,0.0000,0.0000,0.6498,0.0000,0.0000,0.0000,1.2136,0.0000
CCKBR,0.9187,0.0000,0.3925,0.0000,0.0000,0.0000,-0.0192,7.3030,0.0000,0.0000,0.4331,3.3951,20.2782,0.0000,0.3885,0.6480,6.3264,8.3848,7.3369,0.0000,3.6338,0.0000,0.7713,0.3476,1.6518,18.9498,7.7941,6.6538,14.8579,0.3826
CCL11,0.0000,61.5579,16.9096,16.6203,4.6094,58.5687,52.4659,0.0000,30.7319,0.5800,1.5876,0.7473,0.0000,2.5515,23.2722,49.2308,33.2755,33.1683,49.3812,2.7233,8.7819,85.2807,3.8085,4.5433,161.1020,15.5310,0.0000,3.4206,5.5347,0.0000
CCL13,1.5102,32.5012,9.9275,18.7739,2.4288,17.4975,11.2185,0.5047,48.1126,1.3940,4.5530,2.5194,0.0000,4.1297,165.4030,58.1039,18.9374,6.4256,52.5722,1.5556,2.1858,12.5816,29.6264,29.3025,16.6560,26.3534,53.1222,3.5008,8.6912,0.8729
CCL14,262.9450,32.5838,120.6900,17.4927,80.0502,29.4846,52.3534,7.3933,27.2763,154.2430,393.5550,71.3657,3.9615,375.5590,125.1650,54.4479,100.3480,43.1146,153.1910,222.3940,320.2630,31.1007,205.3310,38.9051,160.7340,112.2975,182.7820,35.8542,33.0153,118.8220
CCL15,0.0000,7.5904,0.0000,0.0000,65.5867,348.2808,3.0734,0.0000,0.0000,0.0000,90.8978,93.1529,0.0000,880.3700,4.0395,0.7117,0.0000,0.3902,71.9181,0.0000,0.5025,319.9888,0.0000,0.0000,181.4788,1.7521,0.5312,1.0391,0.3900,0.0000
CCL1,0.0000,0.0000,0.0000,0.0000,0.0000,0.0000,-0.2204,0.0000,0.3304,0.0000,0.0000,0.0000,0.0000,0.0000,0.4405,0.0000,0.0000,-0.2204,0.0000,0.0000,0.0000,0.0000,0.0000,0.0000,-0.2204,0.6691,0.0000,0.0000,0.0000,0.0000
CCL16,1.2492,0.2734,0.4024,0.0000,2.6093,0.4718,0.1461,0.0000,0.0000,0.6561,2.1442,0.3583,0.0000,2000.1000,0.5894,0.0000,0.4973,-0.1343,1.5334,1.0853,1.4778,0.4516,1.0667,0.0000,0.6531,0.6835,0.8499,0.4153,0.0000,0.0000
CCL17,0.5461,15.2448,7.2853,13.0228,4.2792,3.2317,5.1255,0.9654,11.5788,0.0000,5.3413,7.2847,0.7912,2.4400,24.3682,10.0853,6.0613,2.3451,51.3310,0.4822,2.9963,3.6957,3.2007,17.1071,6.8470,9.4060,18.4261,2.9607,1.0545,6.6799
CCL18,2.1601,127.5150,40.2519,119.3080,72.3637,198.0269,190.4226,5.3999,360.1310,32.2762,80.8937,276.3920,0.6408,43.8909,1325.2100,1033.2800,22.9339,23.0077,413.7805,1.9455,36.6418,136.9946,21.9733,216.1810,341.7076,161.1405,257.9490,46.7979,26.6366,46.1092
CCL19,0.8854,20.3408,132.2510,52.8853,40.3031,20.4752,15.8343,1.4604,88.5329,2.0803,14.3627,2.8931,8.1527,36.0313,293.1290,201.2040,68.5620,4.8393,253.0455,5.5074,113.8660,20.7109,14.7549,30.9598,64.1510,557.6695,18.6214,17.4344,6.2681,2.9158
CCL20,0.4698,29.3336,5.4759,156.4870,547.4680,801.1329,379.7820,10.4874,178.0915,2.3563,130.5310,14.4529,1.0393,401.7190,220.4560,204.3040,12.4611,70.3452,241.2825,0.4960,10.3350,989.7916,2.8544,11.6670,529.4086,6.2415,13.4833,102.0326,26.9857,0.0000
CCL21,5.3736,47.6356,91.2128,107.1660,719.2380,183.0653,132.6398,0.0000,280.2645,156.7500,33.0818,13.3606,0.4339,158.8280,637.2650,554.4220,158.8290,16.4259,524.1165,14.7867,144.3360,175.4931,22.3964,86.9691,320.6406,244.8050,41.5398,85.0485,33.9836,1.7249
CCL22,15.0341,80.3394,94.0416,105.2340,45.4918,63.1578,79.2659,6.8751,194.8445,5.7400,27.1761,20.4770,5.2629,9.7983,197.7610,107.0110,17.2576,11.5020,143.1240,2.7042,39.1185,68.7272,11.6139,38.5757,93.9157,58.6818,52.1807,32.6155,9.6192,1.1147
CCL23,0.4780,1.5863,1.5886,1.6573,2.2389,1.7861,0.5659,0.4828,2.0509,0.6108,2.6537,1.3219,0.0000,1.6131,12.9995,3.6418,4.1716,0.3665,11.1625,0.6566,9.2192,1.5735,4.3178,1.3401,2.4911,1.7210,3.1568,-0.3255,0.8261,0.0000
CCL24,0.0000,0.5112,0.0000,0.5211,0.0000,109.9332,5.2085,0.0000,4.6505,0.0000,0.0000,0.0000,0.0000,1.2945,2.0589,2.1720,0.0000,0.0811,11.8797,0.0000,0.0000,121.4704,0.3757,0.0000,14.0153,4.5634,0.0000,0.2727,0.0000,0.0000
CCL25,1.4950,0.0000,0.6513,0.5945,0.5305,1.2891,0.7295,2.7403,0.4880,1.2447,0.3666,0.0000,1.4952,15.8228,1.4085,1.1238,0.6534,9.2285,0.5233,0.0000,0.9715,0.9885,0.6810,0.0000,7.6284,6.1045,0.9628,4.2305,3.6751,0.0000
CCL26,8.1411,2.3892,2.9346,3.7456,5.1218,6.3193,7.2186,3.8247,12.6180,0.5102,2.4467,0.8113,0.8429,1.7048,4.5161,21.0470,11.6564,1.6993,17.1111,4.1201,0.4275,5.0260,12.2746,1.2285,9.0332,98.6374,3.0946,0.4146,1.3310,2.0275
CCL2,90.6801,253.2160,340.1340,273.4670,931.9705,208.5675,173.0567,827.7940,324.4280,147.1395,1267.4300,618.4595,181.7460,210.2160,692.5160,534.0690,2646.2000,525.2773,615.1685,293.0070,427.8120,203.5650,520.9530,283.3710,404.3465,562.1425,198.9880,311.6709,428.3950,56.4070
CCL27,0.0000,0.5435,0.0000,0.6521,0.0000,0.0000,1.1561,1.6666,1.7378,0.0000,0.0000,0.0000,0.0000,0.0000,0.0000,0.0000,0.3713,0.0000,0.1515,0.3733,0.0000,0.0000,0.5216,0.8897,0.0000,0.7101,0.0000,0.4219,0.5200,0.0000
CCL28,34.5455,25.1729,83.1021,88.1671,78.5429,125.0605,79.5504,2.2673,39.4872,9.4021,221.2910,192.1465,2.5401,35.8923,57.1010,44.7642,8.0453,190.5723,173.6955,10.7292,29.4551,135.1510,27.4007,171.1380,120.8801,25.5046,142.9860,95.7537,66.1765,202.5575
CCL3,43.5414,62.6448,92.8452,105.9340,62.8561,97.2641,45.8691,98.4079,119.8300,33.9494,136.2130,77.8581,192.0800,79.2025,154.0870,134.7030,272.3920,135.4200,79.7432,117.5190,39.1061,79.3705,104.0000,94.2907,92.2238,232.1435,71.8831,79.0433,66.2925,20.2712
CCL3L1,8.2697,9.7920,26.8421,19.1501,14.5816,22.3813,3.5275,12.1011,22.8379,11.8202,29.9500,23.9369,50.5803,20.5656,24.1900,22.2233,39.5270,12.2699,19.6634,38.1106,11.7790,16.6954,15.2926,12.3784,10.3775,26.3085,11.5922,13.1799,15.2855,4.3821
CCL3L3,0.0000,0.0000,2.2656,1.6101,1.3483,1.2289,0.6644,4.0362,1.6962,0.2626,4.0371,1.9165,13.2264,1.5481,2.3111,1.7190,4.5993,2.0738,1.3072,5.3722,1.4689,0.7471,1.5825,1.0782,1.6948,2.9398,0.9390,0.7117,0.8431,0.0000
CCL4,36.4363,59.7567,86.9118,147.5610,92.7636,84.2074,93.3734,76.9207,133.4945,38.7711,219.8970,69.8017,109.7410,68.7204,152.7700,151.3680,228.6510,206.3305,80.9745,70.9005,50.0321,69.3403,86.6189,60.4611,234.6847,232.7380,58.7847,64.8881,41.2178,13.9151
CCL5,77.8098,441.2310,528.8320,930.8210,389.8030,295.4701,269.9542,100.9355,953.6955,209.1060,1027.2400,352.5630,27.0843,314.3540,766.5680,727.1530,821.0400,347.1495,542.7005,109.6070,265.7220,240.5021,414.6480,440.5590,630.1207,1182.0800,248.5470,529.1985,140.7300,125.6055
CCL7,0.0000,1.7312,1.3382,3.0565,0.5494,2.4620,1.2294,1.6451,4.9240,0.1401,0.4537,0.3944,0.0000,0.0000,9.2237,7.1055,16.6624,7.0000,3.0147,0.0000,0.4919,1.5641,2.1151,1.6752,2.2854,2.8545,1.2771,2.1291,4.5436,0.0000
CCL8,6.6964,21.4035,43.1148,23.4551,10.2346,15.1189,13.1338,17.5921,31.4322,19.0154,41.6305,5.2923,3.2327,17.1380,48.4317,41.6190,70.6193,66.5133,13.6863,20.2532,4.5033,12.1249,61.0110,28.7375,30.6739,88.2575,15.5556,19.7715,24.0661,4.5135
CCND1,2869.8300,4269.9050,7930.9300,1043.3100,6084.7200,4842.6733,5892.7338,1327.8950,4379.2050,4397.9300,17139.2000,2545.5450,1909.7600,3079.1100,5574.0900,3584.3500,4350.8800,2874.6708,4236.5300,3931.3600,4677.1600,4724.6593,2780.9900,8960.3700,4466.0374,553.7870,10887.3000,3808.3313,2677.2200,10523.0000
CCR10,5.6561,11.7157,8.0063,14.6077,10.1993,7.3400,7.1368,49.7142,7.0258,10.2081,23.5422,11.7433,23.9445,7.6527,14.2408,7.8981,15.9639,10.2182,17.4654,334.9440,8.5711,6.3705,41.7569,13.4524,13.6936,16.7079,14.6789,10.5325,29.8253,21.1948
CCR1,41.1215,112.1785,219.0020,106.7630,74.3323,127.1041,89.9993,388.0285,125.0125,59.2996,299.0840,150.3655,171.6755,86.7238,344.5470,206.9100,333.5880,220.2324,174.6035,55.1724,49.6669,113.7325,265.3210,142.6280,195.9206,310.9350,98.8593,108.9795,100.9730,42.3456
CCR2,5.6852,14.5657,57.8670,24.9480,33.7423,24.6388,15.5408,15.9567,21.0293,10.1048,150.6280,52.2801,2.5304,27.8788,119.4120,54.5194,80.8231,30.8615,60.7123,7.9041,28.0783,23.7494,29.3619,19.3402,49.4371,127.4135,46.8612,21.0215,12.6507,2.7492
CCR3,0.0000,4.0979,2.0779,1.2103,1.3015,2.9583,1.6035,1.4912,1.7293,1.2136,2.1340,1.9072,0.4001,0.7269,5.6045,3.0781,1.6472,2.1119,2.9548,0.0000,0.4708,4.1787,0.8039,0.3883,3.2207,2.0129,5.5162,1.5076,0.4594,0.0000
CCR4,0.0000,6.6400,25.1601,7.8942,5.8231,12.5862,13.4640,2.2191,16.5617,1.5297,24.6385,4.7623,0.3433,3.3003,37.4532,17.0519,8.1693,5.1770,21.4874,1.3546,8.4503,14.1294,3.5660,3.2051,34.7805,15.3223,5.3867,5.1430,0.8651,0.4362
CCR5,13.0841,56.9591,174.7200,126.7070,70.1691,80.9152,74.9977,119.3560,119.3715,29.1542,334.1260,113.5450,28.8677,58.6611,242.0240,135.6900,263.1110,106.3302,138.6255,20.3108,64.4185,67.5110,82.2123,73.9666,183.3160,362.9965,72.7342,83.7754,34.5005,16.3420
CCR6,12.9879,21.0326,51.2652,36.0307,42.2748,81.7751,62.1776,16.4565,51.3290,11.9588,91.0269,37.2571,12.1967,35.4070,90.7972,42.2994,25.3922,21.7106,99.5516,28.1845,25.2620,90.4870,13.3291,13.0014,115.8037,35.2752,49.9015,30.1471,20.5160,4.0119
CCR7,4.1872,96.9358,68.3675,61.3161,23.8548,35.2230,35.4339,11.4064,90.9416,8.7474,59.1761,33.5555,3.3005,20.6061,124.9340,69.3739,37.8749,27.8064,82.7774,14.3678,31.2520,35.5732,25.6125,33.6354,81.4298,187.4220,30.9735,41.2952,15.2305,3.0251
CCR8,0.0000,3.4516,8.1407,4.2689,1.5844,6.0364,8.5633,0.3861,12.8500,0.3923,3.7238,0.4858,0.0000,1.0776,12.3391,9.0752,2.4716,5.4508,7.6009,0.0000,1.7680,7.3492,1.3471,1.8643,14.9762,9.8255,2.5180,2.9786,0.4261,0.0000
CCR9,0.0000,0.3457,0.6416,0.4762,0.5476,1.8880,1.1970,0.6386,0.3717,2.2524,1.7606,16.9823,0.8870,0.2633,1.7503,0.6219,1.4444,0.5721,9.1092,0.0000,0.8681,2.1332,0.3624,0.0000,3.6274,1.5288,1.3854,1.3745,0.4970,0.0000
ACKR4,9.5137,23.9414,44.0876,29.3151,9.7618,19.2161,41.4038,8.5730,67.1076,30.7190,78.3730,75.9606,11.3918,7.6794,27.3133,26.2850,60.8328,13.0771,110.9625,10.7022,5.9072,13.0608,45.4180,18.6428,111.1607,13.0324,16.5605,8.9401,5.6643,2.3661
CD1D,43.0611,21.1803,29.6880,17.7229,67.6360,35.6731,20.2296,38.3291,18.8737,26.2912,195.1130,63.3339,16.7893,79.9315,60.4091,41.4846,62.0757,29.4112,79.7767,34.7722,26.8817,36.1748,51.3796,11.8679,44.8295,174.1295,67.2269,31.1880,29.1439,6.2629
CD209,30.4930,55.4044,43.2128,35.8388,29.8375,84.0127,63.3777,16.7874,107.3480,29.3466,127.9220,23.2568,11.1576,86.5847,151.5620,126.8070,84.7520,59.6002,91.0087,62.2972,29.0540,90.7284,424.4420,99.2681,144.2168,125.4635,29.0229,25.6526,95.2289,124.6475
CD226,2.1959,6.1703,18.2963,11.4814,11.1000,9.5164,11.8119,16.6137,12.2595,5.1372,37.6965,11.3941,8.8536,6.8823,29.0237,19.1257,14.6104,9.2748,16.1625,5.9240,7.9968,7.7186,11.6537,6.0896,24.6092,22.8988,7.2588,11.4314,3.6117,18.2743
CD22,180.8250,16.3663,117.6230,21.3563,213.8275,18.8500,16.4747,27.0538,22.5091,169.8730,62.1508,154.6170,61.3195,22.3542,120.5540,61.2489,59.8131,190.1106,90.7942,15.3288,35.3172,17.9718,17.7305,105.9210,52.9283,168.2215,411.8110,26.9008,37.1009,42.9715
CD244,2.5105,13.3538,9.2264,20.9423,11.6817,13.9096,9.6592,11.2320,18.1527,9.2090,49.8750,20.7312,4.7252,13.4489,28.1933,20.7388,64.1552,6.3312,16.1542,3.8492,7.7240,11.8602,13.6683,15.2698,20.8843,36.9541,8.9213,11.5998,4.0478,11.3183
CD274,5.7967,18.8997,19.7740,51.9442,14.6571,17.1073,38.5598,28.8188,80.6073,67.3774,40.5946,23.5953,9.9388,8.2084,62.2946,73.4297,19.9005,17.5783,25.4301,33.8889,8.6811,14.8951,15.6674,18.7473,37.0859,22.6685,49.4854,8.6870,3.8664,11.6266
CD27,6.8169,52.2045,85.2063,95.5279,24.2306,68.5214,59.3846,11.1325,114.4175,15.6151,165.8350,46.5417,9.8954,35.5353,234.4110,171.2230,100.8080,47.0749,101.8315,17.3380,43.5095,62.9834,39.5146,66.4546,128.5508,283.1520,147.1270,72.9249,16.5149,18.6547
CD28,9.5646,22.6803,53.2498,25.9142,21.7078,25.1595,28.4666,11.6990,40.4888,9.9106,76.1970,32.8111,3.0365,37.0215,88.9724,52.7789,57.0579,26.0002,45.8308,13.4172,31.0150,24.9979,90.3500,31.5126,60.4689,90.2084,17.2861,22.1879,35.8532,17.0044
CD34,867.0470,626.0350,1100.6200,346.0040,843.6150,497.0876,604.7616,791.0250,474.4800,1179.8350,4849.6600,320.4090,495.7155,1115.3100,838.7610,529.3980,688.8330,631.4095,1202.2050,1654.6100,635.2230,561.4389,2097.8000,476.8750,1092.2827,850.1450,1652.3600,766.6311,829.4910,271.8220
CD36,1573.6100,158.1660,613.5270,51.9984,76.2147,90.9621,136.4046,96.8586,187.9660,483.6150,2699.7000,96.4447,18.2505,1097.3500,279.0070,261.9750,194.6010,108.8518,368.6360,259.7970,60.8015,94.3567,801.9220,161.4770,207.8187,157.7640,343.0430,37.6041,178.2690,39.5684
CD40,391.0620,445.0035,214.5640,580.1340,484.4595,172.6220,246.9314,167.0425,551.1005,494.5345,1194.6200,638.7875,66.6493,457.2050,672.6820,748.1080,449.8650,488.4553,602.8440,366.1970,207.0310,170.9615,347.0420,176.4600,362.9168,337.1425,954.5550,165.9715,198.3180,114.0915
CD40LG,0.5701,3.9159,15.4288,8.1191,8.4332,12.1162,6.5806,1.6519,5.7587,1.6837,31.5735,12.7130,0.5126,13.0495,26.3158,9.3299,13.6695,6.0886,15.2296,2.6624,9.7482,14.2853,5.4348,4.9127,26.4426,24.1693,6.2584,8.4101,1.6171,0.9400
CD44,793.1810,5636.4500,8207.9100,9793.7100,2353.7100,7078.6350,11678.1977,11153.8000,22291.2000,2957.4900,2761.6400,2023.8550,3391.2650,763.1480,6410.9900,13613.1000,6230.4900,1446.4588,8298.8700,7608.4700,3882.8700,6689.0200,8173.4400,23063.0000,7409.1829,1601.3900,11305.2000,3495.7015,2093.7200,72587.3500
CD46,6526.0800,5332.6650,6861.1700,4955.4000,5345.3750,9947.2534,6638.7146,1231.3700,3294.9750,7435.5000,5457.9200,4414.6150,951.8640,5591.5100,9525.4900,5179.8900,3786.2100,3907.2234,5754.0950,5696.4900,7203.8800,10168.8199,2015.8600,1834.3600,6368.5740,1747.9600,3974.4400,3721.2684,1635.3600,1314.6650
CD47,1732.0100,2004.6000,2129.7000,3226.5800,2217.4000,2191.7850,2906.3875,2569.3900,3596.5650,1560.0800,1803.2800,1305.5050,2278.9650,1177.7600,4350.5500,2515.3800,3693.5800,7310.0252,2364.1700,1918.8400,2855.1800,2050.7687,2278.5000,1876.3300,2792.3879,1460.3150,3841.6700,2281.7428,1687.4200,1239.6200
CD48,25.6556,83.3059,219.1600,150.5920,124.1960,115.6718,83.2609,111.5180,138.2515,55.9051,417.6860,171.9850,14.5601,114.8460,333.5760,242.7650,263.1030,162.7672,210.5285,36.1418,105.0190,97.9199,123.9590,93.1122,241.8660,416.7155,89.6736,102.0129,77.6801,42.1864
CD4,259.1230,506.8285,1070.6700,619.3200,766.5175,554.0840,537.4186,1609.4500,738.1435,432.3365,2048.2900,1022.2450,894.9715,987.6900,2173.5100,1287.5300,1683.2400,1212.6005,1358.2200,376.0990,374.6660,529.3585,1442.1700,637.5840,953.0979,1641.0450,684.9020,687.4065,477.1440,524.8420
CD55,1969.5000,1412.8100,1512.6600,2022.9500,652.2890,2388.1250,1947.4410,221.1325,1366.1900,1402.1350,637.6970,509.9780,138.9335,431.2320,5950.9400,1642.5400,1578.1700,1911.5956,4101.0000,1329.1800,417.0520,2106.2540,949.9810,1264.4700,3471.3031,660.3665,3818.0700,1547.5578,716.1520,1015.7000
CD68,815.3270,1815.1050,2162.2400,2285.1600,2153.0350,2380.5800,2703.3258,3526.4150,3139.3500,703.6165,6397.1700,5616.6250,1427.7250,2458.9500,4342.9500,3583.4000,3317.7600,2171.9990,4401.8500,879.0780,664.7590,2198.8100,3527.3700,3269.1300,3861.4967,3037.2400,960.9520,1136.7584,1037.9800,3857.2300
CD6,19.0024,71.7588,125.6780,144.3900,72.3331,118.4621,81.6272,20.5145,131.6470,20.0877,180.2610,87.4145,9.4291,71.1573,236.4490,158.0460,136.7590,69.4611,167.8190,20.3125,56.9106,113.5631,54.9168,67.1224,166.5672,262.1695,62.4265,98.8073,59.2393,46.1944
CD69,11.8303,57.3859,78.0049,84.0921,50.7512,50.1650,61.0923,66.1566,64.6847,35.4663,154.3120,72.1056,18.4760,35.9961,168.8700,101.3230,134.6130,79.8834,113.4275,21.0925,72.1135,38.5191,47.3765,13.3452,110.5737,78.7036,61.1925,70.6696,26.6193,2.0101
CD70,1.9120,6.4871,6.7152,33.2629,4.0899,12.4042,10.4992,6.8078,30.2335,0.8180,689.2160,92.2392,0.4182,2.7778,10.6178,11.5152,108.5280,6.1892,13.3996,0.4243,1.1583,12.4052,41.7652,18.2688,14.2738,41.7072,9.3039,7.2586,3.6751,6.2303
CD72,30.1013,47.7552,60.2855,43.3514,46.4545,34.5172,32.8008,53.1826,32.2091,19.7910,101.8880,67.4459,19.3875,55.1996,96.6535,77.9743,135.1440,76.0136,127.0530,20.4708,20.7547,33.8467,113.4480,46.8939,71.0006,171.2480,40.4709,57.3825,62.2144,41.3514
CD74,11618.4000,22112.5000,32618.6000,37886.4000,29069.1000,16824.6960,16825.4263,35078.5500,27294.4500,32138.1000,82241.5000,37863.6500,10396.9000,26884.9000,71216.4000,29288.9000,47595.1000,45128.4703,48346.0500,14032.4000,15802.7000,14883.6515,27469.7000,23755.1000,34778.4622,37072.9000,37705.0000,40528.8150,11204.6000,10772.9000
CD80,2.0329,10.3267,22.7179,17.1888,15.7019,16.8619,21.4021,6.9463,30.9500,4.6090,17.6166,4.2817,1.1592,6.6203,43.9331,29.3768,15.9673,13.9891,25.0084,2.4290,3.4584,16.7316,11.2540,5.5843,26.3394,36.4878,9.7669,8.0663,6.3755,1.9852
CD86,69.7674,122.7370,220.2610,148.0850,129.5635,107.0522,151.8301,420.4585,222.5840,68.3297,331.1660,175.1050,195.4075,92.2863,355.6260,263.2600,338.2550,225.4222,263.8230,66.7481,62.0777,95.7107,267.9680,105.2010,220.3810,259.7715,99.6705,99.4459,84.0999,35.0472
CD8A,19.4049,82.4421,153.6960,210.4900,84.5176,93.5806,81.9229,40.4249,155.4570,25.8722,415.0780,86.0868,15.1846,64.4105,245.6260,207.1240,205.9750,94.7345,168.7200,49.8177,100.5200,71.7155,90.4665,114.4510,230.5006,322.7570,114.2040,120.4377,62.0424,19.0951
CD8B,3.8917,29.2138,42.0650,92.0699,19.3267,54.4346,15.7547,8.3546,35.6311,7.8645,97.6606,18.1825,6.1605,17.6052,61.1791,61.4754,56.9375,20.8054,50.5501,5.7430,38.2106,53.3764,24.3161,24.1387,52.7552,116.2810,31.2867,55.3601,32.7613,3.7924
CD96,25.4158,153.4910,92.1544,111.0440,80.8953,51.4749,88.4531,10.3019,89.6525,20.7483,197.5920,52.2768,2.9125,46.9974,180.9140,125.7470,111.0360,51.1224,96.1567,11.2590,49.8069,47.1100,38.9891,30.1609,166.0648,162.2235,88.3838,69.8316,19.8807,4.3789
ADGRE5,631.7660,1298.3350,588.2350,1164.7700,2671.2400,3723.0400,1470.9953,956.9260,1087.3400,246.3405,2028.7400,1612.3250,278.2375,777.4290,2414.9300,1029.4900,1525.9700,1390.8380,2896.7000,379.4550,649.5873,3824.0325,2789.4100,2135.1900,2632.5988,1316.3600,1716.0500,1570.5335,1170.0600,3426.9800
CD99,2735.6200,2889.7550,2326.9100,2627.6700,1801.3500,2258.0250,1436.9908,10167.9000,3305.1800,513.1425,2389.6200,1395.3000,3665.9850,3382.1000,2244.9400,2867.7800,4556.5400,1563.3266,4137.0400,1993.0200,4068.0600,2234.0341,9022.8500,4966.5400,1707.8703,1608.4550,1454.8500,1929.0477,3324.9000,3383.7650
CD99L2,2962.2600,509.6870,893.7080,586.7730,900.1540,573.2875,611.5425,2787.0250,618.5145,2279.9450,2166.1300,2111.2800,3491.5500,2269.0500,1539.2000,891.6000,2541.0200,907.0564,1111.8800,2727.5100,999.5380,616.5325,2401.6000,2189.9400,615.3670,628.3800,1002.8500,742.3942,1420.9800,2796.6000
CDH11,687.2620,372.1670,2127.4800,243.4570,389.2655,709.7165,672.2782,1590.3850,691.9630,57.8049,862.7630,62.8391,1035.8250,78.7402,1649.8500,1197.7600,5400.0800,800.8800,2267.0500,365.4800,521.2850,672.7489,2202.2600,247.7580,1250.8342,384.9605,318.1470,479.9925,1900.6200,50.4500
CDH15,7.0836,2.3791,2.4506,1.6694,2.4539,2.7915,0.8195,11.2876,9.1604,8.4474,1.6223,0.5725,6.9976,6.9384,44.3038,5.3860,15.0336,3.7514,5.6962,2.9589,4.3103,2.1006,4.6650,12.5843,1.7654,8.5563,5.7726,5.6664,55.2895,5.6667
CDH1,1.3282,10243.4500,9156.3600,8926.5800,14016.8500,13853.2563,11096.7919,72.0468,9374.3050,10885.0000,1939.4100,1496.9750,70.8721,4276.8200,8904.4200,8710.2500,2786.5300,5168.7185,9138.7650,1.0371,12704.5000,13484.3962,14.8431,4480.2600,9307.3774,2346.0000,15435.4000,7281.5800,1761.4800,9544.7750
CDH2,201.1560,25.8276,71.8271,27.6459,1336.6800,19.7794,25.6707,3332.4100,35.6446,6.8145,2147.0400,2041.7200,2518.1000,2206.9000,35.3149,45.3039,1023.0700,1021.2551,217.6770,2200.1600,40.5294,18.8883,274.5510,133.4490,37.7815,967.7330,943.6280,244.8175,1027.2700,16.7117
CDH4,3.2887,0.4170,1.2852,0.7131,1.0605,0.5131,1.0417,234.0080,4.0049,0.9155,109.6770,22.5098,161.0160,0.5102,1.9293,1.7284,128.0920,0.2224,3.6773,13.4590,1.8532,0.6361,7.7940,5.1308,0.3635,7.0835,54.1825,0.9097,0.9927,12.6670
CDH5,770.2530,413.2290,797.6990,205.4700,575.3865,397.7917,491.9167,718.6840,381.6435,1102.2400,3598.8000,237.4210,390.4625,836.9270,810.4370,468.5550,432.8360,297.2812,903.1530,1226.2300,387.8760,445.3370,1186.6700,331.4990,818.3213,1204.9700,1409.3800,483.7079,466.2740,175.5580
CDON,73.9713,58.4597,478.6280,115.0630,165.4695,74.9320,120.8109,193.6205,84.9617,143.6380,632.6790,112.6985,240.1450,117.9560,179.6350,209.6650,2799.9500,429.8553,227.3365,140.4130,254.2670,88.6568,452.8200,349.9540,126.7454,243.2580,399.5410,138.2535,810.3270,223.1225
CEACAM1,361.7350,591.5930,481.6920,603.8180,650.2735,3826.9273,902.1006,12.4742,324.5905,292.3335,431.0750,116.3645,3.8247,1928.5600,1031.2800,362.6090,32.8550,152.9289,1439.1050,133.7810,616.6300,4479.4932,39.7689,927.5260,1247.9962,142.6805,49.7089,648.2582,72.0562,280.0600
CEACAM5,0.0000,112.9550,113.2920,2257.9500,17.1754,98726.2063,4089.3349,0.0000,747.3570,0.0000,0.0000,0.0000,0.0000,0.0000,5114.5100,692.3910,0.0000,3.5013,10225.6000,0.0000,19.1062,115722.5000,0.0000,3.4951,9105.1789,1.6551,0.4090,100.0023,3.9534,0.0000
CER1,0.0000,0.0000,0.0000,0.0000,0.0000,0.0000,-0.2241,1.6202,0.0000,0.8252,0.0000,0.0000,0.0000,0.0000,0.0000,0.0000,0.0000,-0.2241,0.0000,0.0000,0.0000,0.0000,0.0000,0.0000,-0.2241,2.0045,0.0000,0.0000,0.8086,0.0000
CGA,0.0000,0.0000,0.9042,0.0000,0.0000,0.0000,0.4505,0.0000,0.0000,1.2539,0.0000,0.0000,0.0000,0.4402,0.3117,0.0000,0.0000,0.1081,0.5076,5.4662,2.7922,0.0000,0.0000,0.0000,0.5881,0.7769,0.0000,0.4350,0.4488,0.0000
CHAD,23.3526,10.2988,202.6190,8.7328,20.4170,9.3425,8.3485,6.0147,3.4097,4.5677,10.8179,9.1189,6.2762,358.3020,20.3203,7.0150,11.2554,11.1453,16.2910,0.9031,6.4279,10.3058,6.2002,6.0896,8.1135,14.8518,13.8184,4.8264,7.0952,2.7026
CHRD,65.2720,35.3052,277.5660,54.0502,174.7375,48.3205,63.6819,259.0625,61.7834,21.2818,219.5050,68.2756,364.4905,763.4510,141.1730,73.7675,157.6790,56.5450,252.2270,51.7531,209.2580,45.7994,337.4490,34.9086,113.4971,114.9720,45.1724,128.9922,233.9770,22.4852
CHRNA10,9.3963,11.3184,8.9512,15.2686,11.7309,9.8358,9.9574,13.7210,8.3881,5.2447,8.6430,6.1791,10.5989,7.1672,9.2692,7.1174,11.4385,8.7687,11.6779,12.3901,11.3300,10.1361,9.1803,9.3952,8.4489,20.9855,8.7386,19.4658,16.3625,35.7476
CHRNA1,0.0000,5.2245,17.1505,1.8323,1.9657,9.9652,14.6321,37.7534,15.5045,1.1930,4.4843,15.9953,5.3899,0.9461,15.5918,9.7307,3.8209,27.2482,13.7361,1.0971,2.5776,10.2355,5.4992,21.9877,20.1813,7.5618,2.0776,8.8223,153.0170,1.3232
CHRNA2,3.3296,0.0000,0.3190,0.0000,0.0000,0.0000,0.5005,1.9525,0.3886,0.0000,0.0000,0.0000,6.7066,0.0000,0.4156,0.3622,0.4106,0.1549,0.5113,1.5166,2197.9700,0.0000,0.0000,0.0000,0.4898,1.5728,0.4449,0.0000,0.4127,0.4051
CHRNA3,6.5643,8.7478,4.0462,7.2091,3.0246,14.7938,8.7778,6.7549,6.1007,1.9887,1.0256,1.5055,6.5575,0.6758,6.2370,8.3628,6.4261,4.7209,44.9918,16133.4000,7.9547,13.4579,4.6280,5.5843,9.8836,106.6280,1.9314,10.3594,14.7681,16.1360
CHRNA4,6.9864,0.0000,0.0000,0.0000,1.4501,0.0000,0.0403,31.2395,0.3525,0.0000,0.3891,0.2602,402.3450,25.5455,0.0000,0.8006,0.7816,0.7722,0.1331,1.5340,1.9873,0.0000,0.0000,0.0000,0.0861,53.8603,9.3657,1.3428,6.6202,0.8973
CHRNA5,29.4345,169.1110,34.7528,131.9390,53.0065,143.0347,133.5917,46.3721,84.6154,10.1045,12.2222,16.0344,17.1467,7.3093,82.7795,124.0790,45.2595,58.4990,107.3715,334.9320,100.6290,137.5518,44.9597,79.0997,120.6272,183.9505,6.5692,76.8419,112.0240,11.2468
CHRNA6,1.5925,0.6661,7.1980,0.7637,2.9314,0.4456,1.0741,4.1588,2.2159,0.4591,4.1911,6.3809,0.9307,0.0000,2.6226,2.0768,2.8888,4.6166,2.3938,0.0000,0.6180,0.4138,0.6399,8.4486,1.3820,1.7692,2.9587,1.2993,0.6460,0.0000
CHRNA7,1.9120,1.1263,1.2014,1.3829,1.8620,3.1061,7.7617,9.4273,3.6402,2.9112,3.3623,4.7548,13.5907,0.0000,1.6173,9.8743,1.2517,1.1207,12.6838,158.3840,3.7481,3.3196,4.1306,1.5269,15.3018,25.0892,8.1800,3.0243,5.5402,2.6475
CHRNA9,0.0000,0.0000,0.9618,0.6289,0.0000,0.0000,0.8485,48.0127,3.7882,0.0000,0.0000,0.0000,1.5759,0.0000,1.4639,0.9152,0.3801,0.9353,0.4567,0.0000,0.0000,0.0000,0.4594,0.6303,0.4567,1.0073,1.8932,1.4749,4.4126,0.0000
CHRNB1,536.3850,185.2380,149.9790,206.9110,247.2210,128.0168,109.4730,358.6945,209.1190,122.3720,371.1770,588.2890,299.7235,227.8100,258.0830,124.9470,168.6050,169.1193,168.8725,118.5930,76.2020,114.6656,153.0000,169.4500,92.5873,158.7560,581.2070,157.2731,293.6660,125.0120
CHRNB2,4.1341,2.4018,12.1704,2.8553,23.2636,3.1398,5.3274,162.9765,2.9776,3.4616,5.7690,23.4367,558.7370,2.3237,3.3231,11.6939,7.6401,4.9023,17.6974,1585.7700,2.5823,4.1142,2.4851,36.2452,4.9167,20.1292,1.5962,6.5566,18.4602,63.8187
CHRNB3,0.0000,0.0000,0.0000,0.0000,0.0000,0.0000,0.0000,0.0000,0.0000,0.0000,0.0000,0.0000,0.4677,0.0000,0.0000,0.0000,0.0000,0.0000,0.4707,0.0000,0.0000,0.0000,0.0000,0.0000,0.0000,0.7602,0.0000,0.0000,0.0000,0.0000
CHRNB4,6.5561,4.8858,1.0230,30.3337,2.6605,1.7861,11.9079,1.7786,12.2069,3.7590,1.2899,2.3199,0.5553,1.0188,4.1394,32.8801,1.8567,14.0910,6.4287,721.9150,0.3625,1.8906,0.7749,3.2339,4.2960,113.8025,5.6749,1.8234,9.9323,8.2264
CHRND,0.0000,0.0000,0.0000,0.0000,0.0000,0.0000,0.0000,0.5350,0.4933,0.0000,0.0000,0.0000,0.0000,0.0000,0.0000,0.0000,0.0000,0.1761,0.0000,0.0000,0.0000,0.0000,0.0000,0.0000,0.0000,0.0000,0.0000,0.0000,3.8347,0.0000
CHRNE,7.5340,10.4729,15.0973,8.0554,17.3999,5.2009,8.6677,17.7696,13.4166,9.5448,36.1860,30.9543,10.6817,42.0410,17.4268,16.3625,23.5113,27.4898,18.9886,20.0905,12.3563,5.4644,29.7646,24.4214,8.8188,38.9201,22.3796,18.4816,19.7694,53.7884
CHRNG,0.0000,0.4287,0.0000,0.3787,0.5045,0.4621,1.2748,0.0000,1.2746,0.3144,0.0000,0.0000,0.3308,0.0000,0.4391,0.5701,0.4304,0.3792,0.4553,0.3827,0.3292,0.5565,0.0000,0.0000,0.9690,1.2344,0.0000,0.8094,5.6008,0.0000
CLCF1,6.7243,136.8050,90.7731,137.0830,563.0395,101.2361,130.4708,116.4575,150.3015,102.6605,229.2680,696.4235,11.7802,87.8253,282.1460,119.6420,142.5530,511.6051,375.4880,17.0180,103.3060,100.5640,165.9330,46.6364,160.2962,51.0554,326.7050,302.0029,201.1490,18.4107
CLDN11,13.8076,55.8303,92.3059,17.6723,123.4055,13.8018,22.8727,679.7320,19.4870,29.2497,24.9377,10.0418,997.3160,30.0970,55.6291,57.5585,373.8320,231.3271,264.0300,37.6671,149.0380,17.4478,95.8904,16.8054,47.3916,172.8565,46.4134,27.1224,144.1720,5.8148
CLEC1B,0.0000,0.0000,0.0000,0.0000,0.0000,0.0000,0.0550,0.0000,0.0000,0.0000,0.0000,0.0000,0.0000,0.0000,0.0000,0.0000,0.0000,0.0550,0.0000,0.0000,0.0000,0.0000,0.0000,0.0000,0.0550,1.4133,0.0000,0.0000,0.0000,0.0000
CLEC2A,0.0000,0.0000,0.0000,0.0000,0.0000,0.0000,0.0000,0.0000,0.0000,0.0000,0.0000,0.0000,0.0000,0.0000,0.0000,0.0000,0.0000,0.0000,0.0000,0.0000,0.0000,0.0000,0.0000,0.3605,0.0000,0.4314,0.0000,0.0000,0.0000,0.0000
CLEC2B,181.9000,233.4070,196.0930,919.2220,112.3625,55.9605,214.7428,143.2415,519.5805,58.1936,323.3190,77.8440,47.4638,105.1490,228.9270,264.2700,380.9260,123.9209,256.4105,87.3891,73.8476,48.1887,556.4000,157.3550,176.6784,148.3760,176.4370,85.8757,87.7959,55.5383
CLEC2D,375.4400,498.7825,483.7600,522.4000,424.2310,476.1174,468.2779,329.9620,662.5240,264.2640,625.9570,338.3430,312.8735,293.2040,518.2860,445.7280,579.3050,643.9390,431.7120,274.0740,405.7790,469.7755,680.8390,507.4100,495.6663,1224.3500,466.7260,513.2210,588.1340,496.4170
CLEC2L,0.5374,2.0740,1.1334,0.5519,0.4887,1.1630,0.9394,13.8605,1.2796,0.9792,0.0000,0.0000,37.4971,0.5147,0.7457,16.2446,0.8893,1.0776,6.4280,0.0000,0.0000,1.4732,3.2620,0.7184,1.9298,80.6743,0.7897,2.3792,6.9583,0.3812
CMKLR1,67.9835,97.5751,290.6020,112.9570,144.3190,117.6081,109.4773,291.4100,188.1085,125.2870,452.9270,190.8990,324.9875,149.8440,372.8990,234.1730,429.1050,176.2722,309.4995,180.0950,165.7868,113.6080,788.9700,202.6100,280.4509,583.4510,178.7070,105.1685,158.2320,110.7135
CNTF,5.1889,6.7874,8.7126,7.6190,7.9859,8.1193,14.4212,22.0305,11.9345,8.0323,9.8723,9.5180,30.2569,7.0464,7.3598,7.9794,8.8207,6.2810,6.0282,6.4900,4.0700,8.1820,6.2231,20.5671,9.8030,5.3818,7.1408,6.3050,5.6237,10.7877
CNTFR,3.9813,2.0200,28.6944,6.2938,2.3227,2.5718,2.6167,684.4670,8.3641,16.4731,3.2790,1.5413,1444.1550,22.8415,2.1042,6.2880,33.9324,46.9648,7.0084,186.9950,28.7335,3.0615,79.7379,8.0851,6.8685,145.7310,5.2572,8.7914,486.2020,444.0960
CNTN1,0.6776,12.7363,67.3857,24.8201,6.0986,2.3418,87.9000,977.3110,241.2055,0.4495,4.0816,2.1995,4011.8700,0.0000,24.4929,246.4330,8.5825,74.1707,236.4775,2480.5300,212.1150,2.8584,9.3068,50.2439,17.7159,24.2897,1.3573,38.8819,27.1200,8.3817
CNTN2,0.8637,0.9176,6.1779,0.7594,5.9152,0.9866,1.7434,797.2515,1.3071,0.3785,2.0162,2.8904,1751.9500,1.8105,1.2903,1.6768,4.2703,3.4497,7.8386,44.4491,5.5895,1.4771,2.2535,1.8643,2.8567,15.5865,2.6659,3.5808,23.0840,2.7307
CNTNAP1,46.1330,145.1515,147.7650,120.8560,76.0528,113.0450,205.8710,1306.7950,161.2315,68.6762,243.0580,187.1690,1327.8300,60.2351,195.0850,162.7630,545.7940,113.7490,280.7055,295.2790,163.7530,129.4502,952.2180,434.2580,241.7181,202.7610,136.4270,164.4978,518.4120,483.5470
CNTNAP2,13.5895,2.9327,242.4100,5.5766,242.6280,225.7665,177.4827,101.1730,179.1850,118.7790,5.4874,3.1921,752.1545,166.8660,18.7067,443.7100,18.7553,10.2890,42.7629,916.2150,1779.3600,193.1675,11.7944,2.7206,155.5581,675.8680,7.4840,47.8465,92.8155,0.9235
COL1A1,3144.2500,36601.4000,105764.0000,14644.9000,29085.3000,29628.8338,36463.2922,2744.2000,53887.4500,2118.4400,11374.5000,1908.5050,197.0150,5831.2400,40329.4000,45252.8000,151225.0000,40067.7210,135089.5000,4922.1100,7273.1800,29175.5729,196179.0000,28825.9000,42376.8542,18482.8000,6869.3300,18792.2700,80142.8000,1311.5950
COL1A2,2853.9500,22710.7500,76933.6000,8568.9200,16943.2000,21437.2500,24790.0267,4052.1450,29857.2500,2075.7750,11576.0000,2353.6650,514.1845,3404.7600,26888.7000,29366.8000,76442.7000,27244.4241,90682.8000,5094.7200,9060.2000,20419.6863,129998.0000,16719.3000,30397.4465,21896.7500,6021.0100,12399.7803,40593.3000,3752.0350
COL6A5,0.0000,3.6947,0.7713,0.9387,0.0000,0.5753,7.4184,0.0000,3.7321,0.3418,0.0000,0.0000,0.0000,0.0000,49.6646,25.2936,2.8338,2.2774,4.5915,0.0000,0.0000,0.7625,0.4308,5.8638,3.7011,1.2805,0.4137,0.0000,0.9768,0.0000
COL2A1,4.2476,1.5174,16.7180,3.9269,0.0000,2.5860,2.8435,6.8461,13.9076,0.4075,0.2537,0.0000,2.9728,0.7880,1.1226,6.8053,3.8944,12.8513,1.0072,0.6468,53.4604,5.3513,3.8443,9.4447,0.5215,140.6165,0.6217,28.0108,3098.0700,47.7775
COL4A1,5273.7100,6185.2950,8012.0900,2913.8000,10220.0500,6840.0595,8626.4009,8182.7050,8321.5900,7137.7800,25808.4000,3276.6600,580.7400,4693.5200,7324.1700,6884.4500,6107.8800,4348.1816,15009.9000,8132.2100,3330.2500,7695.0235,20679.9000,4080.5000,9881.0905,7152.9300,6203.6300,6790.0561,10386.3000,759.9965
COL4A2,6069.5600,6980.0800,7574.8800,3515.5300,13315.2500,6683.5515,8297.8143,7474.9450,9749.4000,6543.3100,22346.6000,8400.1950,828.0685,5030.7100,7908.0200,7526.3500,9132.0600,6017.1576,17699.5000,8370.8300,5339.7000,7893.2244,28761.5000,6176.6300,8967.2865,9107.6600,7271.3800,10729.2622,17079.0000,1630.5050
COL4A3,33.8210,3.3185,4.6890,3.6215,67.2801,2.8320,6.7444,17.0172,9.0748,743.3750,282.7730,500.6490,36.7308,6.6079,242.5660,27.1278,4.9414,5.7275,28.5538,5.7647,54.7855,2.4544,2.3301,2.3302,12.6752,15.9523,763.3840,3.8575,6.7456,2.7374
COL4A4,47.8811,22.4175,29.6401,19.2991,205.3545,15.1868,41.2119,29.9526,24.8588,1493.2100,396.9400,666.2730,75.4380,48.1144,447.3630,76.6839,24.3506,19.5606,149.1965,19.7709,132.4660,16.6576,15.5748,25.3179,63.6098,74.2236,773.2960,18.3156,26.4808,11.0034
COL4A5,354.1780,960.8120,713.5500,842.0640,317.8965,36.3773,782.5883,535.1465,1404.1050,21.1147,134.9720,362.7165,663.7225,31.4422,186.7150,1545.4900,1261.0500,500.6789,232.1740,178.8950,1028.2800,37.5856,219.8800,48.0554,195.9935,464.4925,405.4610,764.2653,966.3270,216.6600
COL4A6,5.1757,396.6240,33.7128,23.9112,6.3272,8.8397,221.6745,78.6942,664.1680,2.3851,3.8388,11.5692,44.5849,1.9782,9.6386,524.3450,189.3510,28.0813,15.0485,38.5938,216.4750,10.7755,11.9454,5.4039,39.9783,257.4430,8.1505,19.6002,63.9159,2.8571
COL6A1,4162.9600,5071.4500,11714.5000,3197.2800,3823.3500,4321.0331,4775.3934,6166.5800,9414.5450,8312.5700,4797.6900,3458.4550,2772.1600,2743.6700,4675.0400,5264.5500,34194.4000,4910.4714,9793.5500,3340.8600,3212.9700,4015.2083,48744.6000,11195.3000,5978.3081,6463.8600,2159.2400,5393.0061,14985.6000,5405.6850
COL6A2,2953.7500,6417.1150,13375.5000,3673.9000,5294.3600,5014.3437,6233.8710,2647.8000,12094.1500,1462.5650,7884.6000,2888.8300,263.2815,2553.4100,7103.9400,7549.3400,29288.4000,5567.6281,16609.2500,3707.3400,6625.4400,5055.2887,63242.2000,10254.7000,7580.4635,8995.8350,3535.9500,5493.6729,18723.2000,5552.1700
COL6A3,744.5730,6200.3300,20909.5000,2830.2500,4128.6600,6085.3036,9065.2536,377.7595,9897.3900,700.2605,2613.0200,241.8295,37.7725,1226.1300,11359.5000,10371.4000,10666.7000,4669.2516,28407.1500,1518.3300,3219.9200,6119.1492,30326.2000,5390.3500,11674.6291,4748.3450,1671.0400,2618.9623,16255.5000,244.3730
COL6A6,0.5701,2.6477,18.7463,3.3927,2.6634,1.2770,5.5441,0.9975,11.1387,1.4250,1.1477,0.9302,2.0135,0.9461,70.7930,43.3772,39.8824,7.4012,8.2437,2.8916,0.9814,0.9565,13.7065,12.5294,2.5005,84.6648,2.5000,2.3848,33.5549,0.9170
COL9A1,1.7007,2.1298,0.6215,0.0000,8.8562,40.5085,15.2187,82.2132,0.6151,8.7317,2.0542,1.0009,66.9137,5.1144,1.5589,1.1628,0.3755,71.8414,13.4760,9.7104,20.1366,67.5605,3.2245,5.2539,73.1948,20.8925,5.2435,17.4011,61.4832,9.9553
COL9A2,149.4010,268.6705,271.3390,365.5410,318.9925,193.5260,158.4121,650.1230,143.5825,12.4751,51.9240,98.8089,844.4995,23.9794,293.7500,219.9900,43.4043,656.0536,388.1980,21.6678,1847.1800,155.0120,144.9470,86.2567,155.7732,155.1430,216.3000,1024.9838,1529.6400,41.1025
COL9A3,11.2700,48.8191,33.1631,33.8148,68.1840,141.5434,45.4429,518.2620,57.5776,11.4223,5.1442,14.1499,230.9695,37.8442,18.3544,38.4441,81.7585,32.2569,63.7650,16.5256,27.7008,187.3441,15.0981,397.8330,39.4208,1226.4800,53.2939,31.4294,1637.1900,352.0840
COMP,0.8776,167.8110,1577.3400,166.1000,607.4065,102.4543,22.8792,0.4760,140.8960,2.1770,14.0105,1.8019,0.3663,6.6635,388.0090,141.8810,831.7070,184.1013,2823.8000,28.3505,569.5550,151.4565,44.0344,193.4160,79.9312,131.1885,355.2670,48.6027,105.5820,1.4554
CORT,6.9364,9.5526,4.8252,11.4467,4.8635,3.9005,5.0304,16.3209,4.7704,3.4567,6.1931,12.4575,29.0626,5.1287,5.5819,5.0149,6.5037,8.2970,6.8491,8.3117,7.5881,4.3746,11.4413,4.8061,4.3605,10.5593,6.7167,10.6903,12.1508,3.7167
CR2,0.0000,2.8707,4.0750,4.2589,2.9461,15.8812,9.7809,0.0000,3.1528,7.9114,1.5756,1.8163,0.3213,0.9667,100.6450,28.0091,4.8202,10.1095,29.3361,0.0000,1.7455,10.4806,1.1162,0.3329,65.1032,23.0682,6.7462,11.5621,15.6190,0.0000
CRH,0.0000,3.6046,0.0000,0.0000,0.0000,0.0000,0.4004,1.5440,0.0000,2.6738,0.0000,0.0000,3.7969,0.0000,0.0000,0.0000,0.0000,0.4004,4.4463,4.8193,0.0000,0.0000,0.0000,0.0000,0.4004,0.0000,0.3459,0.0000,0.8447,0.0000
CRHR1,0.0000,0.2754,4.5607,0.9435,4.7077,0.0000,-0.0247,12.2931,0.4752,0.0000,0.4964,0.0000,50.6715,0.0000,0.5026,1.0541,13.8147,3.5188,1.7622,6.2893,6.9296,0.0000,1.0163,0.0000,-0.0247,19.0526,10.0473,1.8512,8.2322,1.5244
CRHR2,0.4663,0.3295,0.3600,0.0000,0.4222,0.4115,0.3720,0.4077,0.4102,0.8073,1.8136,0.2341,0.8755,0.6472,0.8711,0.9917,0.6297,0.3705,0.8282,0.7687,0.2739,0.4337,0.7533,0.3350,0.2422,1.6037,3.3319,0.0000,0.4682,0.0000
CRLF2,1.5102,0.0000,0.0000,0.0000,1.6538,0.0000,0.5245,0.0000,0.9472,0.0000,0.2369,0.0000,0.0000,0.0000,1.3104,0.3439,0.0000,0.0704,0.7900,0.0000,0.0000,0.3881,0.5507,0.0000,0.9151,0.0000,3.2830,0.0000,0.0000,0.0000
CSF1,185.5550,270.0710,516.3490,341.6910,475.0365,213.7769,334.2106,1076.5650,393.9370,310.6605,821.6990,374.6215,1012.4150,351.5470,663.6300,421.6430,1450.2000,848.1009,704.3080,204.1260,272.3790,207.5586,1002.4700,408.6130,435.7158,335.1575,381.3930,395.6585,302.8190,440.4065
CSF1R,428.5470,425.6790,999.5920,485.1920,862.4765,434.5465,314.9867,3241.8750,764.3270,502.7765,2105.4900,1159.6650,3025.1450,547.0220,1470.7100,873.1160,2609.1500,897.2466,1284.5200,638.4550,501.5220,406.7990,2357.4600,543.0900,651.7271,1089.5950,564.0370,466.3696,629.7970,485.7890
CSF2,0.0000,3.2793,0.0000,4.3034,0.9355,3.7392,4.4826,0.0000,18.1238,0.0000,0.0000,0.0000,0.0000,0.0000,16.3690,3.4026,1.1377,0.1525,13.0952,0.0000,0.0000,4.4545,0.4119,0.8522,2.5403,2.1343,13.7514,0.3907,0.0000,0.0000
CSF2RA,39.8264,70.2892,124.7760,100.7710,132.7280,60.5472,57.8024,254.7155,106.8980,65.2614,210.7320,151.5820,272.1560,48.4450,288.2720,102.7320,450.8230,89.0632,232.9220,46.3441,45.4823,62.3484,121.2310,90.4831,102.8199,160.9970,65.5442,42.4517,36.1507,38.1147
CSF2RB,28.4797,153.6155,221.3590,143.6170,165.9320,205.2572,201.0924,98.5456,291.5075,73.0339,340.4400,97.7602,49.7190,68.5786,439.0600,297.6890,213.6320,96.9294,362.1625,80.4020,84.7706,177.3828,198.9340,98.5007,386.8464,276.5055,147.7660,98.5237,48.0573,14.0455
CSF3,1.1944,9.2287,0.3225,19.5290,0.5197,19.5527,58.6346,3.5179,52.5919,0.3377,0.4013,0.0000,0.7395,0.0000,10.0000,17.0906,1.5339,0.8225,2.3796,1.5945,4.2751,24.5042,0.7287,0.8532,30.9321,0.9089,0.9456,13.2061,1.0183,0.0000
CSF3R,47.1785,110.2580,286.7600,93.3423,168.2305,101.1685,66.2027,471.0495,93.4945,58.4076,283.3700,262.3610,284.9810,67.4847,557.7370,275.5000,286.2550,170.7512,257.1615,73.9220,55.0806,107.9786,114.9580,71.4286,152.5043,189.2600,84.1141,98.6022,80.5306,32.1784
CSPG4,323.0690,521.8015,539.9650,309.1610,646.2170,345.8417,816.8227,2975.0550,2298.6050,727.7295,3400.9200,116.8160,2336.0850,270.5010,375.9100,448.4960,543.6600,237.0721,608.0210,863.7330,462.2140,428.8756,3021.9100,12221.2000,607.4415,381.1940,451.9320,322.3923,1046.9900,7964.3350
CTF1,74.8299,192.2400,86.1107,113.8430,149.7850,17.9199,57.2027,113.5095,69.8945,123.5725,99.2259,404.8630,42.6373,12.2265,166.3820,122.3080,109.3160,187.5193,119.9840,18.8249,102.7290,20.3170,167.4100,30.4458,43.8845,39.0621,402.1510,201.7520,109.1390,130.6485
CTLA4,1.7275,30.9775,23.4165,55.1113,14.3421,27.8619,52.9907,5.9463,72.1567,1.7767,22.3826,7.0786,3.1677,15.4696,66.9180,47.4410,25.0700,15.8606,38.3496,2.9289,13.5237,26.1086,13.2576,32.4759,63.6618,89.5892,13.7047,21.1732,8.6789,0.4533
CTSG,0.0000,7.3603,13.3285,1.9683,1.4049,3.7222,2.5612,0.0000,16.7950,0.6417,9.1676,13.3778,0.0000,3.1978,11.6361,7.5970,6.4652,0.3419,17.6179,0.9095,10.3550,3.3711,21.5918,9.1619,4.6557,0.5705,1.9011,0.4128,2.6042,0.0000
CX3CL1,417.2060,373.9895,759.9480,1369.1500,2192.2150,419.4191,439.3333,1454.2800,832.5440,2208.7250,5189.8900,4222.7450,2350.9800,795.0970,1386.3900,2040.3300,135.1110,577.6221,1483.2500,931.8930,1237.4600,432.2865,777.0430,1000.0000,452.5260,309.1910,2274.2300,1653.8783,956.6300,371.4025
CX3CR1,29.0276,10.0123,130.1390,17.4927,37.4597,12.9687,10.3042,1135.5350,20.9932,76.8361,369.7530,147.4320,1078.7500,28.8040,66.2800,25.0883,186.8270,120.7361,54.6891,50.1053,66.7094,12.1007,43.2817,17.8509,23.7972,38.2268,116.5840,25.8813,24.4399,29.5170
CXCL10,22.5941,240.4340,429.5890,796.9680,160.7495,275.6180,293.7548,197.7245,909.4515,104.7711,468.0920,34.1937,8.4702,323.6960,379.7210,511.3930,351.1900,1180.3958,121.9630,14.1801,155.0540,220.2530,153.7110,159.4700,421.1668,630.1035,53.8576,231.4300,97.7956,8.0904
CXCL11,5.5572,54.9963,121.9400,204.7940,38.8166,140.7650,77.2424,38.4709,193.8300,16.9575,104.3030,5.6281,4.6016,32.2086,79.0853,83.9329,54.3590,168.0093,55.1699,3.8492,101.2180,95.3674,34.8719,31.9917,110.8134,186.9620,15.7773,59.0981,23.8576,2.2266
CXCL12,160.2470,253.7395,2001.8700,159.3160,1801.3250,310.6835,229.0823,367.5660,408.0140,212.7575,1497.7200,650.4095,379.1475,703.7950,633.3030,488.2420,2520.9800,700.0070,1051.0550,558.7410,517.2110,349.2312,2829.0200,562.7530,531.9941,1503.1000,822.1400,306.5970,1470.6700,128.9970
CXCL1,1.4213,164.1485,7.2464,1140.2000,960.6110,1176.9803,820.9294,22.9901,749.6810,1.8607,59.4612,226.4405,8.1840,38.7864,266.5130,574.2040,139.8290,109.4062,296.0655,5.5147,47.8606,1278.6871,11.5191,131.7100,776.4729,12.7638,7.5355,107.2811,134.8950,0.8832
CXCL13,1.6562,105.7645,108.6240,145.5040,4.9678,67.3855,151.0993,4.6446,361.0935,2.8504,42.1346,1.9222,1.9021,11.9352,411.7650,385.5790,73.7360,65.6110,66.9608,3.6088,16.9692,44.4781,22.0014,59.3487,328.7347,176.0880,8.6014,60.8205,25.9271,0.4060
CXCL16,445.8220,1081.4300,1252.1800,1990.6900,1052.4300,2012.5667,1476.9522,1952.1850,1380.4800,547.1535,1686.4800,3131.3950,1148.8250,1340.1700,2768.7300,1506.3000,1579.7900,2457.7288,2692.0750,431.4720,935.4630,1751.1550,753.9210,516.8300,2992.4691,759.9385,1172.0900,1395.6892,628.6460,338.9810
CXCL2,11.3495,48.0825,13.9600,86.1115,397.5395,303.4355,177.0301,65.8995,72.7078,2.6723,85.3211,76.8665,56.4734,502.4570,380.7020,138.0580,110.1260,52.2648,156.0905,34.6386,41.6667,394.9017,25.8824,13.7221,332.3577,12.4664,140.7620,60.9309,26.1210,0.8713
CXCL3,0.7746,12.8019,2.0687,41.3589,42.2923,571.3236,100.5277,28.3646,37.6803,0.3891,7.1755,11.2325,11.1658,5.0152,44.8505,39.1782,11.7023,24.5080,96.9517,1.9753,7.4850,569.1250,5.2373,6.9572,365.5178,3.3810,6.5669,48.2844,12.5518,0.4153
CXCL5,0.8053,18.3090,2.1864,18.5824,218.6580,140.1426,124.4539,29.6559,55.2359,0.7401,18.8861,43.1693,31.9429,4.0323,91.9952,51.6800,3.6658,31.4812,1114.9850,1.2664,7.1707,142.1646,5.7381,5.2942,673.3657,3.7646,4.1667,90.0767,30.8617,0.0000
CXCL6,0.0000,27.1985,1.2000,56.5854,1233.3700,32.2046,171.1950,3.8177,66.4398,0.3785,19.5939,375.0290,1.0025,17.4760,25.0687,105.1380,48.4347,23.4237,211.9445,0.0000,29.2342,38.9219,3.5899,1.7065,61.5332,3.4621,0.0000,9.4894,26.7152,0.0000
CXCL9,24.7406,280.6570,679.5490,812.5340,317.9220,388.0354,429.2962,60.0819,1200.6450,84.3961,995.3450,70.2976,7.9476,324.1520,1066.2800,970.1150,315.1690,267.8936,264.4960,33.6517,212.3070,317.2327,195.0970,458.4580,744.6407,2337.2600,184.7780,184.8096,34.5808,14.5169
CXCR1,1.0096,3.1642,3.0426,5.3696,6.4488,10.3338,8.1466,8.9337,22.7294,5.4242,14.9997,4.6034,2.4745,3.6050,10.1523,8.7248,5.4623,2.6241,14.4739,5.3677,1.6724,13.0411,2.3529,4.8932,10.9978,1.5034,1.9764,2.4223,1.0806,0.8723
CXCR2,1.8501,20.2268,6.6194,23.7453,10.9660,17.8341,23.3661,31.7544,43.4612,7.6938,22.0302,7.9784,9.7723,3.8052,23.6515,28.2299,9.3251,8.6380,16.1621,4.9915,6.3171,22.8967,4.1859,7.9444,22.5867,5.5220,5.5718,5.2478,2.2969,1.7099
CXCR3,5.3736,19.7149,51.0609,54.8363,22.8370,111.1820,25.9880,6.3710,45.9801,9.5506,80.0527,23.6235,1.1351,27.1718,99.0445,47.4806,66.8085,30.9882,70.9924,7.4713,20.0774,112.3085,24.5133,38.5333,74.5942,181.8905,42.5894,54.9572,11.2735,8.9801
CXCR4,3727.1000,568.1095,1494.5200,585.4950,1124.9150,524.0608,567.1264,1378.2250,561.4020,500.5015,4327.0500,1051.3250,423.3380,600.3120,1634.1600,1324.0500,1192.6400,2597.2709,1829.2250,580.9290,624.2070,466.2016,1026.3700,348.8250,1351.6800,1511.1250,635.2420,1448.4067,1392.6300,254.9950
CXCR5,2.6870,7.6173,11.9035,9.6939,4.9256,7.6761,5.1822,1.7297,10.9628,1.7013,7.1358,3.6962,0.9532,3.4262,32.7983,22.4044,10.7013,4.6065,20.3542,2.4309,6.1339,7.9903,3.8107,3.9147,15.3220,31.2685,3.4880,8.7584,3.0441,1.4060
CXCR6,4.6981,44.7300,52.0581,95.7554,27.4696,68.2314,37.2475,12.9972,97.8791,15.6641,117.4320,45.6302,2.3503,42.6573,137.3330,101.1630,70.2612,23.7626,67.8143,7.6611,40.1532,59.2432,34.4828,39.0902,76.5423,174.9935,42.2853,53.5153,13.4012,5.0124
ACKR3,317.6140,850.1070,447.2450,693.5040,320.4165,319.5370,685.8665,1187.3900,1698.1950,252.0595,1834.4500,238.3265,814.6390,300.7850,331.9080,2677.9900,943.2960,517.9801,588.6960,318.8070,154.8390,398.7900,950.9110,98.8439,378.6717,287.3015,539.5600,417.0305,906.9770,158.0650
DAG1,1638.1200,3544.8650,4258.3600,3077.3900,3314.0900,3616.1706,3402.3759,4952.6350,2844.7350,4957.4350,2097.3700,3939.5500,4145.5800,4019.1500,3151.1300,3030.5800,4544.0700,5673.5529,4525.8250,1937.1200,3625.6300,3590.7952,2966.0500,6297.6300,4411.5065,3497.2250,2937.9300,4114.5408,2785.9500,3454.0200
ACKR1,25.6733,91.7273,190.2050,67.4556,43.3730,65.5160,68.3997,105.1410,111.0870,35.5059,288.7960,64.3453,79.8815,23.4343,170.9710,94.4424,343.3340,45.5318,462.4080,117.4000,480.6630,83.1796,120.4610,115.8600,189.2663,187.3835,167.6480,142.2425,50.9073,6.4081
DCN,620.0240,2583.1550,9634.6600,1333.4600,3104.8500,2958.3742,3333.2545,2140.4200,3886.4150,143.7320,616.6040,506.5815,831.7945,736.2390,6735.3600,6241.6000,13020.4000,4487.5113,14452.1500,609.9750,3088.8600,2830.9855,19964.0000,1435.5200,5645.6387,1960.6450,956.5550,1389.3527,4446.7200,48.7960
DHH,8.2697,3.4679,5.5559,2.0429,4.3305,3.2668,1.9401,5.0737,2.5432,3.9859,6.7016,2.1984,2.4512,3.8006,3.2556,1.9942,4.6010,1.6361,10.1618,12.6170,5.9072,4.0295,6.3025,7.0961,5.8433,3.3902,9.7811,3.5786,3.5787,1.6253
DKK1,10.7527,201.8805,12.7168,117.1800,37.2121,4.6948,227.2871,12.0083,175.2450,3.1292,11.0209,1.7409,8.9064,11.3744,39.6068,143.3070,122.5670,2.4363,248.6940,7.2464,54.6714,6.7792,33.7934,33.1250,58.6090,10.6547,5.6290,8.3583,37.9441,2.9358
DKK2,3.2402,24.8986,63.8877,7.3553,33.4049,41.5721,29.6232,10.9459,21.8346,4.9664,11.3467,3.0716,7.6033,10.8637,61.5385,40.6942,31.6670,60.6023,79.5133,8.4602,33.6996,53.5476,39.2032,11.8009,44.4169,10.7896,40.4976,19.5088,93.3468,3.0028
DKK4,0.0000,5.5716,0.0000,1.9970,0.0000,6.9490,1.1692,0.0000,0.9808,0.3733,0.0000,0.0000,0.0000,1.8968,0.0000,1.4378,0.0000,0.3602,5.6036,0.0000,0.4183,6.3462,0.0000,0.0000,1.4004,0.4867,0.0000,2.6553,0.4594,0.0000
DLK1,199009.0000,0.0000,0.3807,0.0000,1.7559,0.0000,-0.2075,4.4893,0.0000,0.0000,0.0000,0.0000,0.5840,1.7039,0.0000,0.2561,0.0000,4.6892,116.6465,195787.0000,0.3109,0.0000,3.8610,0.0000,-0.2075,444.2300,0.0000,0.0000,2084.4800,0.0000
DLL1,141.6760,134.7720,99.7506,204.8160,106.7875,198.1347,302.1000,334.7570,515.0415,526.1020,316.1560,31.6527,1655.9100,84.9835,97.7184,315.7850,192.7830,39.8464,242.1410,242.2910,344.4910,200.0491,144.1980,53.6138,185.2313,83.9084,205.2860,110.2369,198.9960,23.9136
DLL3,6.0203,3.5004,1.5817,20.8333,0.5076,2.8465,1.1935,665.8745,7.8201,0.0000,0.0000,2.3284,4156.0250,0.0000,6.6100,12.7305,4.2976,14.6986,1.5316,3.1038,5.4496,4.2607,2.7103,203.2560,0.5543,276.4960,2.7037,3.9851,91.5963,83.4185
DLL4,458.3450,217.4000,234.3160,101.3650,260.9465,481.3450,214.6277,200.3860,183.9215,650.0455,1756.3700,105.6795,81.2923,332.2780,415.3980,200.7560,170.4930,150.6686,409.7365,506.1410,191.1850,503.0295,468.4670,113.5680,366.2271,165.2170,405.0990,211.7370,257.1560,190.4610
DMP1,0.0000,0.9399,0.9539,0.3707,0.8357,0.0000,10.1650,2.5339,1.2785,0.3755,1.3885,0.0000,0.3887,0.0000,0.7651,2.6601,1.1503,6.6141,1.0989,1.7778,0.0000,0.0000,0.6351,0.0000,1.8181,0.6999,1.0842,0.4207,0.8893,0.0000
DSC1,0.0000,1.4143,3.1812,1.7008,0.0000,0.4438,5.3531,0.4492,83.4284,0.0000,0.5282,0.2738,0.6861,0.0000,0.3091,6.8524,0.6110,6.5306,0.3430,0.0000,2.1203,0.4514,0.0000,1.4447,0.3498,0.4031,0.0000,0.0000,0.4043,0.0000
DSC2,19.5578,607.0130,984.2630,2950.5000,856.1450,1762.8162,4255.8336,81.3319,8371.7350,664.6835,666.5260,546.1170,49.4770,269.9740,837.1820,2842.4000,396.9260,1554.7926,1043.6500,19.1529,1758.7500,1543.4872,119.5650,87.5470,1261.7413,540.7370,546.8620,864.0409,371.7320,22.5517
DSC3,0.5982,457.8605,119.4830,9957.5300,23.0343,30.0076,5072.3876,0.0000,15326.9000,0.0000,1.2087,1.2394,0.0000,0.7645,9.2133,6408.1900,848.7620,80.4050,43.9365,0.0000,277.9140,71.7229,3.6334,139.7730,13.8566,10.4454,45.1150,8.8448,12.9870,0.0000
DSG1,0.0000,5.0655,3.2035,9.1300,4.8731,5.3184,34.2321,0.0000,1706.8950,0.3489,0.5634,0.0000,1.3111,83.1461,0.3906,26.4682,0.4472,1.9188,1.1491,0.0000,3.1562,5.4633,0.0000,49.3587,2.5619,1.5023,0.0000,0.5779,0.4026,0.0000
DSG2,236.1880,3398.5650,3275.2700,3859.8600,5585.7550,8169.9820,5397.8522,30.4222,3533.9900,15483.4000,2832.0100,3362.9250,2.2932,772.0000,3452.7300,6781.0400,1991.1000,3722.1027,4569.7850,2.1142,2772.2415,7294.9771,200.3080,99.1464,6599.6155,1792.0700,3444.2600,2679.6936,1079.9200,267.1325
DSPP,0.0000,0.0000,0.0000,0.0000,0.0000,0.0000,2.9447,0.4410,0.0000,0.0000,0.0000,0.0000,0.3706,0.0000,0.0000,0.4433,0.0000,0.8317,0.0000,0.0000,0.0000,0.0000,0.0000,0.0000,0.0019,0.0000,0.0000,0.0000,0.3848,0.0000
EBI3,49.9432,21.9356,33.1368,28.0670,32.2225,21.1630,17.6992,96.2785,31.8744,19.3541,89.7221,63.0708,90.5431,43.7118,43.2489,33.9861,75.0894,43.2361,38.1679,24.1318,22.7799,23.3691,64.9351,22.4500,43.5498,85.2122,64.8373,42.5919,19.8220,16.8607
EDA,2144.2400,36.7630,47.4608,32.4019,206.5030,51.6737,68.5022,48.0470,40.5816,503.0375,214.1830,189.1380,76.5147,66.2156,66.8524,80.3221,243.2490,148.1946,71.1001,268.2010,200.0900,63.3269,211.1940,31.1220,71.8298,222.0750,291.6970,228.5425,294.5520,66.9542
EDA2R,314.0190,25.9474,59.3245,5.2632,128.6210,17.8629,12.6743,178.8970,15.1010,102.5175,349.9530,246.3200,71.7224,20.0481,32.4810,18.1010,261.2290,28.2467,49.1513,186.0720,58.8620,16.3332,145.4620,196.7330,16.0043,152.7985,293.6010,29.4611,20.9528,159.0935
EDAR,0.0000,16.4381,1.4531,33.9467,64.5436,212.6301,59.6324,1.0015,33.3399,0.0000,7.4946,55.7859,2.7156,12.2429,5.1736,28.0374,4.3884,11.4050,120.0565,0.0000,10.0439,242.4946,0.4212,0.6886,60.5022,7.0515,0.7788,19.0448,14.7059,0.0000
EDN1,43.0108,125.0085,145.0080,152.8480,227.6700,320.7685,204.4076,180.1645,229.4890,38.3597,1281.3500,133.3305,175.7925,44.9686,383.7210,290.6180,49.6716,157.2363,409.8890,50.0835,114.3250,399.2693,58.1074,23.4763,314.2324,53.1275,52.9205,155.9304,102.1250,4.0202
EDN2,1.8744,28.2353,71.8954,222.3930,27.8976,9.8941,18.6961,1.1168,88.2396,2.5928,113.2160,44.2520,0.0000,3.9012,45.0745,50.5155,64.4254,90.0985,27.1046,0.7838,36.6695,8.1400,0.6645,1.0274,7.2568,1.2076,9.2886,70.9356,41.3691,0.5636
EDN3,0.0000,0.0000,2.8827,0.2208,0.4495,77.7705,11.4753,46.1531,0.5949,0.0000,0.3873,0.9801,160.5175,0.0000,0.4689,0.0000,0.0000,7.2279,216.7765,2.9474,19.9098,104.3797,0.4241,0.3393,60.5948,16.1607,76.5147,37.7596,327.5510,14.5373
EDNRA,115.2630,155.0620,578.0190,160.4630,187.6180,216.3456,242.7345,503.1115,375.0995,143.5520,696.7830,28.8498,328.0075,76.5001,448.8910,322.4900,161.4260,158.9031,849.7010,209.9250,590.8590,215.9572,876.4090,71.4286,335.8808,154.4160,251.5850,184.6061,840.7870,46.8538
EDNRB,619.2360,124.8920,164.5660,30.0061,256.6765,169.8870,155.1293,3609.2300,80.6449,765.8010,3363.3100,1046.5750,6269.1150,482.1080,237.3650,125.1510,128.0550,87.9791,285.7430,1082.2600,259.0120,218.8491,456.2470,10027.7000,329.7424,138.5180,778.7370,68.0609,124.8140,6888.3850
EEF1A1,64575.6000,59343.0500,77421.2000,53536.3000,73844.2500,86898.7500,69611.9110,74662.0000,50308.9000,51065.8000,115676.0000,72145.3500,58459.8000,58150.7000,65375.2000,66477.1000,97341.6000,127498.5388,78683.2000,60165.3000,102109.0000,89805.8194,62247.8000,54082.8000,81711.2390,111182.5000,117339.0000,86790.2547,107435.0000,128006.5000
EFNA1,803.4370,1945.3600,2416.3200,2702.9000,4612.3400,2029.1092,1654.2248,767.0200,1976.0300,942.8350,2468.6400,1595.7100,413.3585,7740.5000,3590.8200,2316.2800,1739.5200,1584.6058,2145.2800,318.0150,2563.1800,2326.7200,375.2130,566.7680,1488.7823,234.6915,1810.9600,1973.8678,1325.9200,557.2635
EFNA2,0.9396,0.0000,0.0000,0.0000,5.1286,61.8325,0.7111,13.1506,0.0000,0.0000,0.0000,0.4388,12.4724,18.8172,0.4803,0.3418,0.7585,-0.1755,12.5199,0.0000,0.4333,65.7075,0.0000,0.3555,19.8832,19.7083,0.0000,0.0000,0.4970,7.6860
EFNA3,332.6640,122.8015,326.7960,394.3080,88.6762,688.7097,216.5876,166.2440,528.2210,20.5641,120.3970,64.4660,249.0505,71.2825,140.5840,278.7090,68.4139,168.5406,176.4565,73.7141,94.9624,893.9165,75.3846,98.8557,156.6575,205.6825,80.1999,278.4807,572.8340,54.9891
EFNA4,369.8030,399.2875,432.7360,422.1990,285.9625,580.5235,226.6509,85.8468,338.7755,123.0720,105.6910,156.7455,37.6979,248.3480,397.8190,340.7880,250.0260,397.2290,336.9950,12.8056,329.4100,684.6495,191.3790,176.6420,276.8859,407.7445,238.5490,673.6513,698.7370,101.8680
EFNA5,35.4925,374.7175,264.6630,414.8510,192.5065,44.1820,260.6868,69.9246,307.5795,950.2785,338.4980,157.5140,65.0962,7.7348,571.8880,233.0660,1368.7000,412.5993,571.2670,568.6980,155.3670,26.8506,379.9310,204.5300,177.9865,56.4739,32.5275,239.2670,577.1630,25.3201
EFNB1,1241.8100,2123.7600,456.0760,2811.6100,581.6915,2751.7000,2253.7977,636.0135,4483.5000,462.4170,1215.2600,1042.1100,362.2090,575.4920,482.9230,2190.6000,1608.8900,1441.2626,2542.8950,599.7580,365.3240,2629.1530,1759.9400,522.5760,1487.2950,589.3865,856.4720,1088.7329,2439.2800,323.0810
EFNB2,343.1630,971.5935,694.5300,791.2100,468.3910,2307.7928,1934.8774,990.2305,1701.5900,711.7200,2112.6400,708.4485,344.7615,352.9910,853.2270,1144.0200,991.3990,1258.8995,1878.7700,684.1490,1370.0300,2323.9450,822.7430,198.0310,1706.3485,448.0920,826.4090,718.2758,1017.0400,62.2591
EFNB3,12.4880,48.3971,81.4001,11.6145,36.1193,17.2533,37.2879,762.0325,63.0393,12.9211,38.9033,59.8682,897.9945,8.7719,64.9850,78.4258,438.1580,278.3573,84.0780,732.5970,78.6925,20.5155,46.3710,148.0550,21.1997,381.9785,35.4655,171.7291,642.1400,107.6820
EGF,19.0840,3.4859,96.3328,4.1195,1.0369,8.3899,11.6918,55.6758,18.6349,2357.2550,56.9977,49.0926,35.0495,1.0942,118.8310,57.1760,11.6916,5.5995,20.6287,0.4318,165.5170,4.8408,9.8123,16.4968,1.5155,17.6289,16.9624,7.2171,10.9204,5.0315
EGFR,195.8900,614.5805,165.9350,841.1210,707.2210,517.1815,1690.3781,4086.1750,2885.9700,826.5835,2474.5300,654.6665,2412.9050,813.8110,989.8190,2054.9300,858.5010,215.8143,664.8265,32.6361,719.1540,582.5373,392.2510,41.8939,685.3042,124.2750,774.2620,275.4124,287.4850,29.6096
EGR1,1244.6600,2595.2150,2575.2400,3032.3500,2235.2450,2847.5750,3673.2202,4666.2200,4641.3250,1616.1650,5546.9500,2558.9350,2117.4100,1712.9100,3203.3100,3367.2900,2152.7500,3851.8307,4931.0200,11035.9000,6031.4600,2722.4650,2094.4100,1663.3400,2989.5269,791.1740,9923.6000,2470.1455,2629.9800,401.6060
EMILIN1,323.5290,855.0465,1276.7000,339.9570,1072.2150,1310.4921,757.9214,1225.3900,752.4685,204.3130,498.3650,292.1755,421.8025,437.7050,1594.8000,1330.0400,1976.8300,847.6045,3638.0750,2614.6100,1766.0900,1404.9662,9556.9100,1516.2500,1767.3867,1334.0700,282.6040,746.0493,6163.5300,1417.7500
ENG,2297.3900,2141.3500,2442.1900,1333.3000,2763.1500,1469.6255,1531.3698,2346.4050,1738.5250,2584.8450,9116.3300,1760.6750,990.6410,1931.5000,2814.4900,1625.6500,2471.1800,1529.9331,3758.7550,3911.9400,1750.0900,1532.7667,4868.6900,3010.7900,2081.5271,1785.1900,4407.4800,2513.6572,2140.0500,4162.7050
ENHO,13.9289,7.9520,35.3602,15.6095,13.0200,6.7114,4.4693,837.0145,3.4420,16.9264,3.9868,10.3592,3057.7850,202.8990,7.2122,10.6738,5.4375,74.9989,11.3939,94.4915,52.3289,8.7705,29.3783,26.9397,6.8804,205.0755,7.1828,10.8260,55.2007,27.8748
ENPP1,143.4180,35.2675,1523.9100,33.6798,121.1845,135.6865,161.0190,70.4097,60.1955,137.2300,150.0420,424.5080,25.7161,1629.6300,74.8576,49.3883,232.1800,150.7872,317.7550,395.1780,351.1750,119.8014,718.7930,220.8320,217.8340,821.6220,1044.2900,119.0621,296.5420,82.7515
ENTPD1,1218.5800,850.3805,1211.2000,778.4900,906.6070,864.7860,1222.9852,1299.2850,888.2870,698.4115,2244.9300,848.5025,1233.2400,575.6600,1151.2200,923.3870,774.1010,664.7191,1400.8100,881.3560,703.1540,851.5690,1251.0600,692.2470,1614.1993,998.7280,4996.9800,842.7718,828.5710,719.1895
EPCAM,284.2000,2758.2900,4392.9800,2254.6300,8507.0200,24013.7000,6399.0511,4.7294,767.4760,4592.3250,811.5000,2605.9000,14.2146,35.8566,9672.1700,4220.2700,28.1330,9447.3785,8389.6000,234.0510,5653.3800,24572.2000,4.8966,3.9654,13874.7092,4055.2850,10048.5000,11452.7305,2719.6800,1.6862
EPGN,0.0000,1.1233,0.0000,1.1971,0.0000,0.0000,0.2468,0.0000,30.2964,0.0000,0.0000,0.0000,0.0000,0.0000,0.0000,2.3744,3.7551,-0.3442,0.0000,0.0000,0.0000,0.0000,0.0000,0.4350,-0.3442,0.0000,0.0000,0.0000,0.0000,0.0000
EPHA1,1.1312,902.3740,335.5770,670.6170,368.3395,628.3149,621.6854,2.9264,927.3815,225.6205,45.2664,376.3145,1.0130,673.9870,358.7870,665.7440,35.4244,680.7847,440.9065,2.7090,242.2040,624.6925,7.4212,19.3050,606.6215,441.7930,276.9350,535.0837,140.2610,1.7211
EPHA2,145.2890,2888.3450,259.3820,3292.2400,968.2815,1876.7150,3355.1878,266.3990,3262.7200,314.4120,1181.9800,1546.1300,95.2901,477.2920,1201.9100,1512.4800,2321.3600,1177.6875,3528.8150,277.9880,190.0330,1737.8950,379.9310,990.3200,2322.6497,358.4910,1589.0800,891.8572,958.7160,1119.5500
EPHA3,31.9735,62.9804,50.8820,12.7040,221.2360,47.4644,58.2676,165.4180,41.3253,32.3742,335.4940,10.4691,97.6195,53.9862,64.5209,45.8310,22.8480,20.1355,472.5640,158.4120,642.9430,71.1979,138.7600,22.9176,149.8749,50.0094,150.9670,18.9285,130.0230,2.0481
EPHA4,176.5750,321.4245,154.9020,239.0500,86.4642,80.9468,280.1118,770.1135,518.1145,47.1367,387.6670,230.7835,726.6675,36.3901,449.1110,584.2490,225.2900,302.8577,414.7180,78.0723,273.0030,68.9960,272.8080,116.2340,130.7376,242.0845,2092.3800,189.2650,535.6910,10.3286
EPHA5,0.0000,0.3819,0.6716,0.3006,0.2122,0.5258,1.0273,109.9935,0.3902,0.0000,0.0000,0.0000,83.7310,0.0000,0.5787,0.9338,8.0607,0.8259,3.1808,14.8472,51.4902,0.9170,3.0448,42.0389,1.9260,0.4259,2.1897,0.4220,4.0733,25.3212
EPHA7,1.3870,24.4485,8.5275,1.7845,2.5575,13.0518,20.3679,34.3668,3.2238,0.4750,854.7360,952.3850,44.9151,0.0000,6.2542,56.4007,6.4471,9.1805,13.0357,9.0982,304.8920,17.1712,34.1471,0.4834,27.5998,160.2915,0.8482,135.5473,250.4380,0.5503
EPHA8,4.0706,0.4880,3.1097,0.8640,0.5150,0.0000,0.5072,1.8691,1.1528,0.0000,0.3328,0.0000,4.2202,0.0000,0.5189,1.2903,2.0822,2.2681,5.5966,613.1360,5.4928,0.4297,0.8215,2.8736,0.1551,25.5428,0.3036,0.7103,9.7362,10.1926
EPHB1,59.4499,10.9944,29.2242,7.9299,18.9690,38.1071,40.2183,406.5865,28.9779,34.0165,49.0074,27.6683,1786.0750,10.3603,23.4375,42.5426,14.1274,70.1081,23.8337,41.0011,17.3626,43.8048,78.6579,15.8938,55.0737,57.4162,91.9702,12.7253,129.0100,35.5149
EPHB2,227.5670,594.6175,211.6540,649.9780,451.2200,4651.7695,631.6211,650.9085,567.4350,77.9077,96.4120,170.2915,341.0960,80.6175,532.8400,496.2730,1614.4400,1047.4321,759.1805,85.0974,108.0490,5026.8636,974.1470,69.7241,1178.2863,441.7395,544.6010,428.1686,1383.5600,31.0167
EPHB3,34.4420,424.1725,1092.9400,1585.6200,112.2387,3067.6000,1039.8970,545.1045,1933.5700,26.9517,91.2892,15.3506,468.3780,20.9742,506.6150,1583.1900,909.9480,1086.0936,634.7215,51.6507,948.0450,2867.3708,526.9670,364.9080,655.2027,633.7350,410.9040,862.0975,2834.6000,167.4525
EPHB4,3835.0200,1862.9050,2383.6700,2146.1700,2592.5500,3399.3400,2553.1030,714.7385,3055.9400,445.0860,1277.3000,1380.9600,333.8475,2164.3900,2475.9900,2549.8500,1632.8700,1639.1268,2687.7150,512.5560,1899.0400,3256.1127,2104.0100,1957.5600,2418.3125,7701.1950,748.2810,2144.7362,2887.1700,832.6470
EPHB6,17.6391,1004.1720,61.6500,392.0310,582.3280,20.7580,169.9621,181.0635,286.7270,110.1925,256.2700,322.8205,274.4890,46.9388,70.0855,300.9640,1477.1600,736.9152,661.0190,312.2570,899.2470,18.1494,175.4220,53.5292,79.3653,295.0055,1041.2200,89.3338,203.5070,43.1006
EPO,3.7048,1.0863,1.4136,1.4070,1.8864,0.4033,0.9290,2.8986,2.0168,0.0000,11.1715,0.5103,1.1015,6.0196,0.5352,0.9204,1.0226,0.2407,1.0848,0.3835,7.4754,0.4401,1.3406,1.1186,0.1231,11.3209,0.2855,1.1841,3.0896,0.6962
EPOR,863.9460,109.1225,79.9130,69.7242,266.5030,46.0642,47.9402,137.8560,44.8953,524.9435,205.0060,207.3450,114.2030,123.6200,204.8760,69.9315,110.5800,195.1746,150.0615,569.9800,85.9364,43.1975,239.4590,246.6420,57.4414,183.1110,832.4940,292.7909,209.6640,293.6625
ERBB2,171.0100,7528.0200,7030.6600,4531.6300,5469.6450,4686.7250,3784.6177,1168.7650,3292.6150,4525.4250,2553.4800,6605.6300,639.4730,2237.2900,6097.4000,2701.2200,2697.8600,4067.9782,4996.8550,236.4870,5521.3900,4669.0125,1380.6300,1574.3400,4247.0990,1960.3750,6690.7200,4853.0285,4555.3600,1699.7750
ERBB3,10.8006,3051.4550,6958.8700,2654.1400,8882.2750,6539.5500,3219.7735,256.2255,1486.9400,957.0040,3974.6700,4011.2850,694.8120,4785.5100,4532.5400,1493.8100,160.7060,2658.2911,4146.4650,55.6554,5635.6300,6697.7477,8.6894,10815.0000,5490.2030,1484.4750,1716.7900,2510.3850,1808.8800,4082.4900
ERBB4,0.9396,3.3001,638.9950,2.7027,10.2771,0.0000,0.9915,230.4530,1.9667,444.4715,12.8342,4.2486,1039.7050,0.0000,29.0893,10.4721,26.6709,496.6551,12.3402,25.3099,34.9409,0.0000,0.9471,0.4852,2.1410,17.3642,82.3496,178.3432,156.0540,7.9275
EREG,0.0000,30.7908,3.3869,10.4934,4.7679,678.4113,116.7950,2.9625,299.3110,0.7199,2.7111,15.8300,0.7228,1.2531,38.2578,14.8148,2.1259,5.4481,82.8225,0.5161,1.2448,1041.3399,1.9897,5.0858,24.7704,0.5604,7.6199,5.6301,6.2933,0.0000
ESAM,617.1950,469.3030,547.9190,231.1920,553.0550,359.2020,323.0409,1157.1800,329.3800,887.3315,2902.5700,460.0555,555.3245,616.4720,741.0340,390.2440,298.8950,261.1190,868.1580,1029.8000,326.0810,367.9270,937.4930,217.0100,548.0385,571.6900,2714.6100,363.2401,392.4000,165.1150
F11R,2073.5200,8706.5800,5809.1300,9441.8800,7023.2000,5288.6300,8998.6959,653.4490,9132.0750,2045.5050,2867.5000,3555.0550,228.1285,5992.9700,7698.5100,11421.6000,3275.0200,4849.0414,6305.0750,368.5610,3008.5400,5512.0550,489.8150,951.4800,5942.9532,4432.4550,5915.9800,6079.3261,2055.1800,969.1795
F2,0.0000,0.4435,0.0000,0.0000,89.3507,1.4627,0.4531,0.0000,0.3182,0.0000,3.2591,1.3100,0.0000,36037.5000,0.0000,0.0000,0.0000,0.1437,0.7346,0.0000,0.3364,2.0973,0.5074,0.0000,0.8801,9.7021,0.0000,0.5352,0.9440,0.0000
F2R,662.5480,458.1880,1465.8500,383.4370,976.4405,837.9168,996.5335,2079.9950,960.0805,433.3230,2598.5800,312.3395,1129.8400,462.6290,905.8790,887.7300,1249.5900,480.6460,2381.3550,697.6570,639.9780,857.2111,1280.0000,1206.4000,1369.7674,820.9875,930.3700,483.8192,978.7850,60.2651
F2RL1,30.8956,488.4520,187.5990,738.0770,1056.4800,1937.4550,1384.9334,135.2505,1102.4300,323.0615,1020.3800,1525.4650,56.6073,287.0010,505.0920,624.8130,177.1360,485.7223,1557.0250,19.4444,569.3430,1733.6676,33.5775,24.7280,1542.8299,1005.7000,437.7540,664.2746,265.0250,2.9844
F2RL2,8.1199,19.9896,477.2490,29.2949,23.6488,117.0171,175.7259,46.5343,202.3285,2.9974,28.9855,7.5375,6.1320,17.8947,23.1591,56.0187,19.3289,7.1660,365.9560,13.2450,23.4942,132.4420,19.6078,117.9680,291.9800,25.1032,13.1058,37.5755,127.7380,2.6631
F2RL3,70.2929,59.0842,63.4066,33.9663,104.2700,63.6565,72.3254,18.8159,56.9501,85.0023,439.8400,19.3029,5.3917,58.8252,85.6718,49.1024,33.9893,36.8185,343.2445,431.0130,40.4494,62.8782,86.1656,17.6513,137.1427,13.7037,200.3870,74.6314,41.3445,6.2014
FAS,694.4490,215.1585,256.5940,483.3330,276.9055,304.3109,300.2567,352.4960,386.7500,111.8465,708.8390,612.1330,104.5185,281.5200,440.7320,354.1670,781.9890,345.5856,428.3275,199.0640,232.2850,248.7595,568.3820,139.7210,360.0060,133.7140,624.5510,243.8354,152.8690,103.9390
FASLG,1.3282,5.6841,11.7529,25.3547,6.6439,8.5402,11.8583,1.6971,14.4473,5.4649,37.1445,6.3400,0.4355,7.6065,19.4030,15.0927,20.2742,10.6637,9.3745,1.9753,4.7352,7.5153,8.1466,11.3617,23.7768,44.5185,6.0369,10.7904,2.5747,2.0541
FCER2,1.3780,1.1110,1.4287,0.8599,1.0515,1.4685,0.7747,0.9927,1.5341,0.5557,1.9359,1.4057,1.1859,2.6949,6.5416,3.2945,2.4609,0.4131,4.0268,0.9031,1.1129,1.2353,3.7915,0.7457,4.6406,21.4986,1.1329,0.7623,0.9029,1.1033
FGF10,0.0000,0.0000,4.1651,0.0000,0.0000,0.7825,0.7644,0.0000,0.3390,0.0000,0.0000,0.0000,0.0000,0.0000,0.0000,0.0000,0.5751,0.0800,3.1239,1.6123,3.4679,1.0593,4.2455,0.0000,3.4969,0.1584,0.0000,0.0000,0.4446,0.0000
FGF1,7.5859,22.6176,218.4020,31.9927,104.1125,14.9554,41.6152,3151.7400,76.8982,99.0883,94.0536,42.5670,3291.8700,16.7793,61.8203,58.3893,113.4390,37.8347,130.8385,568.9770,45.7933,14.9203,34.1880,85.1900,31.7137,13.1714,282.6150,48.9924,23.7549,36.0949
FGF16,0.0000,0.0000,0.3187,0.0000,0.0000,0.0000,0.0000,0.0000,0.0000,0.0000,0.0000,0.0000,0.0000,0.0000,0.0000,0.0000,0.0000,0.3520,0.0000,0.0000,0.0000,0.0000,0.0000,0.0000,0.0000,0.6623,0.0000,0.0000,0.0000,0.0000
FGF17,3.7376,1.4270,0.5338,3.7641,7.9376,1.6641,2.4347,10.2461,0.6648,0.9630,1.8643,5.3510,33.0114,1.8875,1.5781,2.3419,2.5622,5.2700,5.0986,27.0337,6.1783,1.1141,3.7858,2.3641,1.6997,35.6200,9.5215,7.3635,20.3698,4.8467
FGF18,2.2805,3.0423,10.9780,2.6885,3.1196,18.6309,4.6475,2.0218,2.9401,2.4309,4.7253,2.3183,2.0852,1.8403,11.8026,3.6811,320.9550,268.6723,22.2233,7.9365,6.9818,21.6706,16.7002,1.9782,18.5506,60.6882,13.2968,219.6629,96.4706,0.5234
FGF19,0.0000,0.0000,0.6923,0.0000,1.7566,8.9315,3.8001,0.0000,0.7957,0.0000,0.0000,0.0000,0.0000,5.4289,0.8734,1.7699,0.0000,0.8665,88.0805,0.0000,0.0000,24.4860,0.0000,0.0000,1.4576,79.3699,0.0000,6.6080,5.9024,0.0000
FGF20,5.1546,0.0000,0.3137,0.0000,0.4649,0.5116,0.1699,5.3043,0.0000,0.3864,1.1760,0.8139,4.6657,0.0000,0.5926,0.0000,0.7314,0.3747,5.0918,1.2384,0.3752,1.0191,0.0000,0.0000,0.4879,0.5793,3.5284,1.0523,0.0000,0.0000
FGF21,0.0000,0.0000,0.0000,0.0000,1.0020,0.0000,0.5260,0.0000,0.0000,0.3949,0.0000,0.0000,0.0000,412.8230,0.0000,0.0000,0.0000,0.1761,0.0000,0.0000,0.0000,0.0000,0.0000,0.0000,0.0000,0.0000,0.0000,0.0000,0.4048,0.0000
FGF2,55.8586,43.0311,99.5512,41.6863,52.3959,59.6018,112.1954,813.7570,59.7213,94.3124,452.4680,461.7960,1210.7750,50.6339,64.4131,110.8200,357.9920,35.5674,213.9530,415.0530,190.4880,63.2704,323.0570,89.9099,104.4337,192.5370,247.0730,69.6724,196.0960,11.3505
FGF22,0.0000,0.0000,0.0000,0.0000,0.0000,0.0000,2.7683,0.5828,0.0000,0.3728,0.0000,0.0000,0.9395,0.0000,0.0000,0.0000,0.0000,0.0000,0.0000,1.0183,0.9372,0.0000,0.0000,0.5342,0.0000,0.0000,0.0000,0.0000,0.0000,0.8226
FGF23,0.0000,0.0000,0.0000,0.0000,0.0000,0.0000,0.0812,0.0000,0.0000,0.0000,0.0000,0.0000,0.0000,0.0000,0.0000,0.0000,0.0000,0.0812,0.0000,0.0000,0.0000,0.0000,0.0000,0.0000,0.5051,4.0538,0.0000,0.0000,1.7951,0.0000
FGF3,0.0000,0.0000,0.0000,0.0000,0.0000,0.0000,-0.0265,0.0000,0.0000,0.0000,0.0000,0.0000,0.0000,0.0000,0.0000,0.0000,0.0000,0.6509,0.7032,0.0000,0.0000,0.0000,0.0000,0.0000,0.2542,0.3249,0.0000,0.4383,0.6293,0.0000
FGF4,0.0000,0.0000,0.0000,0.0000,0.0000,0.0000,-0.6300,0.0000,0.0000,0.0000,0.0000,0.0000,0.0000,0.0000,0.0000,0.0000,0.0000,-0.6300,0.0000,0.0000,0.0000,0.0000,0.0000,0.0000,-0.6300,0.9387,0.0000,0.0000,0.0000,0.0000
FGF5,0.0000,1.4626,1.1998,0.6947,0.1852,1.4865,3.4059,0.7280,3.4395,0.0000,1.0188,0.0000,1.7916,0.0000,0.6628,1.3649,6.3334,0.3290,7.0372,0.0000,0.6211,1.4821,2.9696,1.6565,2.3205,0.0000,0.0000,1.1404,6.1792,0.0000
FGF6,0.0000,0.0000,0.0000,0.0000,0.0000,0.0000,0.0000,0.0000,0.0000,0.0000,0.0000,0.0000,0.0000,0.0000,0.0000,0.0000,0.0000,0.0000,0.0000,0.0000,0.0000,0.0000,0.0000,0.0000,0.0000,0.0000,0.0000,0.0000,0.0000,0.0000
FGF7,43.0945,81.0297,140.1750,35.0475,39.7490,74.1069,90.9457,12.6965,44.8785,1105.8250,42.1960,19.6230,31.4988,21.4190,180.2600,120.7220,656.7310,41.4054,197.4695,62.0732,136.6790,70.2310,865.9920,28.7602,252.3543,37.9991,72.3284,32.8164,46.2619,6.0421
FGF8,0.0000,0.4834,0.0000,0.4748,0.0000,0.3457,0.5466,0.4849,0.3944,0.0000,0.0000,0.0000,1.4552,0.0000,0.5397,0.8384,0.0000,0.1674,0.0000,0.0000,0.0000,0.1052,0.0000,0.0000,0.6581,11.9612,0.0000,0.6862,11.2688,0.0000
FGF9,224.4530,2.0810,2.4666,2.6042,1.7965,6.4713,4.9423,17.6428,2.2814,2233.2950,1.6519,13.6280,68.1350,0.0000,19.1796,4.3749,778.1680,48.3054,20.2204,27.0552,3.5386,9.0471,3.3784,0.4511,15.1349,18.6886,9.8218,92.5323,101.1710,270.3840
FGFR1,2429.4400,451.2825,1935.4600,374.7880,2088.7050,423.8200,557.3015,2208.9650,573.8575,3048.7400,1869.8900,1833.7600,1472.8800,190.0760,933.7140,1079.1300,4375.2100,2861.6747,2278.0200,4571.4900,1327.1600,452.7430,6628.6300,1321.9100,713.7080,5843.4450,870.3220,3096.9400,6206.2100,980.4260
FGFR2,314.5730,513.8565,664.2750,608.4800,3954.5300,194.0326,725.6510,725.7335,767.2475,618.2010,677.1730,604.5765,1270.8100,885.7930,360.9930,1667.9700,449.0830,1343.9990,615.5545,75.0280,500.1770,161.2990,391.7230,15.9718,687.3269,1346.1400,1176.1400,1383.4300,833.0730,115.7185
FGFR3,19.8322,2794.0500,311.1730,2391.6600,4725.4600,483.8063,1537.1521,1103.0350,3046.2550,8.1186,549.7110,676.8905,1643.1400,1319.7600,401.4150,1897.7000,52.4892,146.1169,852.8980,17.1457,497.9303,563.3461,46.4225,86.0250,457.5585,4006.8500,99.8901,206.8632,481.8340,172.4290
FGFR4,1307.8700,44.7315,120.6980,95.1134,6060.7450,2189.6809,313.2413,25.5215,96.7365,9.5358,1020.4900,2295.7250,25.5662,4737.2800,177.5810,129.4990,19.4343,137.2089,1005.6950,9.9933,40.2134,2638.7850,26.4987,80.5283,1113.7685,977.1400,9.8879,316.5348,905.2340,100.3975
VEGFD,47.8228,5.8926,5.0895,2.7267,7.6526,1.1635,4.9631,4.5749,3.2832,2.9312,9.3168,10.4006,3.8191,17.6298,33.5722,14.7085,4.7066,1.7862,6.1558,19.3779,3.6406,1.4894,22.1741,11.6543,5.3476,3.0161,1.4345,2.7462,10.1133,9.2795
FLT1,1432.5700,629.1680,926.8500,380.5130,799.9420,526.1157,804.5265,768.8570,621.9665,1948.9350,11788.4000,359.0590,948.6540,853.5710,1073.2900,792.8800,356.3310,359.6941,1273.9850,2125.0500,689.7570,541.2178,1164.5500,287.7840,964.3849,349.3735,2625.2500,748.9212,786.3870,146.4635
FLT3,1.6736,2.9726,44.8425,4.8894,5.5049,3.0156,5.0495,2.0706,10.0377,0.5451,23.7724,11.0229,6.4230,4.2849,14.0351,6.7289,37.7860,3.6915,41.5577,1.7502,6.0359,2.9371,5.5659,2.9060,9.8953,20.0278,3.1404,2.5240,1.8467,0.5341
FLT3LG,122.3050,143.8325,86.3870,186.2600,97.1113,56.6735,67.4142,140.3470,139.3475,78.8234,117.8800,118.9500,96.8321,102.0780,100.5750,96.6416,136.8510,81.5626,138.1810,137.9140,85.4560,55.4056,226.8540,57.9920,90.4104,98.9458,114.5870,79.5695,80.1006,73.4037
FLT4,364.5530,147.4500,228.8170,65.3026,310.7780,101.4756,164.8824,271.8735,136.5590,656.7565,1592.9200,115.1740,141.4670,326.5600,324.7020,191.7590,167.2450,152.6064,285.6790,686.0840,140.1350,121.1955,414.4830,82.9741,224.0241,332.5100,586.5680,154.2667,231.9370,112.1900
FMOD,65.6024,499.8665,1948.9000,361.3360,812.0090,1126.8732,795.8676,1162.1700,998.4555,37.6512,426.8870,399.7280,53.7266,191.2410,1379.4400,1056.4800,3519.7300,2315.7181,2508.2150,192.8060,3943.9200,1168.3724,1554.2500,331.5060,1889.6413,470.0065,1286.1300,1386.3034,2291.2400,1348.5400
FN1,5454.5500,21565.1500,75838.2000,4780.8900,38694.2500,10817.6078,19368.7056,24194.3000,20826.0500,6736.7200,30729.9000,4303.2600,5129.6950,106944.0000,47372.9000,32613.5000,56184.1000,16389.4563,64445.5500,8086.5200,6432.1700,10803.8500,104573.0000,39904.2000,25038.5292,14114.0500,216499.0000,4925.9316,23892.1000,1763.3700
FOS,1355.5900,4737.8250,2337.0300,4132.4100,1645.9250,4046.2475,5954.4598,4176.1700,6500.6900,1151.4500,5092.4000,1494.6950,2680.6400,910.2830,4150.5500,2720.5800,4225.3600,4006.8583,7939.8500,8490.5300,8326.3800,3858.5385,1485.0900,1878.0000,5513.8959,788.4350,9757.4300,2359.7562,1990.0500,1117.8750
FPR1,18.8452,59.0734,90.9438,61.3647,94.1948,68.9758,49.6857,837.5340,97.7135,38.6585,203.7140,93.6251,211.7355,25.2676,215.6720,170.9420,282.7810,117.7167,271.4760,48.4821,34.6870,63.5528,144.2250,48.8506,91.3570,75.0668,63.7747,35.1448,52.9532,10.2117
FPR2,0.9100,7.2021,3.2830,6.8120,5.1673,14.0452,15.9373,21.8372,13.9948,3.4975,16.9429,4.0347,2.6842,2.1860,33.9512,26.0712,17.8571,9.9845,23.8268,3.1717,1.8741,11.0303,9.6251,3.8848,22.1203,14.2770,2.7897,3.2925,4.2155,0.3956
FPR3,75.4083,154.1300,458.7690,178.8580,176.5450,232.6223,170.4776,214.5275,305.2070,81.9691,707.1730,158.6855,52.4044,140.8060,620.2920,401.0240,426.8710,333.3134,358.7310,94.4689,96.6992,220.5685,368.4190,140.7480,368.3890,401.4055,131.2330,105.8146,132.6110,65.1067
FRAS1,12.4944,191.1340,72.2850,140.9340,2087.7550,77.6057,321.5503,20.6648,118.4860,47.7652,804.7960,993.6865,47.0622,19.9695,195.6930,489.1970,2250.8500,432.0621,626.6045,358.2090,457.0570,69.9780,286.2070,94.1645,307.5783,500.8295,500.2120,686.7421,956.7470,6.5093
FREM1,9.2050,19.2557,28.3861,7.6661,8.5159,122.2420,9.1577,60.0484,9.1313,641.3925,19.5272,91.2468,73.4654,2.0235,28.4717,26.6008,10.9274,22.1610,117.9915,10.0045,30.0654,87.9464,55.3825,13.6869,24.6664,29.0470,2.5530,80.4829,202.3960,1.1170
FREM2,0.8669,24.6856,22.7108,1.5649,213.0485,47.1218,56.3330,427.8165,11.5475,15.9939,472.1620,910.7490,127.3520,2.9691,232.2180,200.6110,1.7778,10.9258,189.0845,5.5710,124.7520,70.7541,2.1846,85.1136,49.9921,142.6155,482.5370,336.1905,648.2440,3.8081
FRZB,100.1940,124.3015,290.0840,79.7954,230.6380,192.8590,104.7014,494.9255,43.6332,104.1650,1549.0300,110.1490,179.0030,152.8910,268.2790,120.9500,72.5970,252.9521,636.1155,462.9170,293.9080,235.0596,104.4660,38.1503,344.9511,324.6475,258.8660,191.6385,507.6080,175.3075
FSHB,0.0000,0.0000,0.0000,0.0000,0.0000,0.0000,0.0000,0.0000,0.0000,0.0000,0.0000,0.0000,0.0000,0.0000,0.0000,0.0000,0.0000,0.0000,0.0000,0.0000,0.2310,0.0000,0.0000,0.0000,0.0000,0.0000,0.0000,0.0000,0.0000,0.0000
FSHR,0.0000,0.0000,0.0000,0.0000,0.0000,0.0000,-0.2481,0.0000,0.0000,0.0000,0.0000,3.6662,0.0000,0.0000,0.0000,0.0000,0.5364,-0.0185,0.0000,0.0000,0.0000,0.0000,0.0000,0.0000,-0.2481,0.4855,0.0000,0.0000,0.0000,0.0000
FST,53.4469,115.0460,111.2940,99.0377,70.9769,10.9715,157.3785,28.9410,989.8145,9.8756,8.8139,0.6998,11.1611,1328.3600,22.9065,478.3890,67.6507,75.0407,49.8721,8.4477,60.8964,9.7333,211.0200,45.8304,29.7296,30.3409,5.4264,8.1924,144.0940,1.6405
FZD10,10.2484,43.7119,25.8590,260.5100,21.6022,13.1966,200.8150,15.3892,296.8560,8.3954,9.4023,1.3838,12.5377,2.8314,15.3969,263.5540,10.1109,266.9230,29.2655,18.0648,71.5920,14.5967,9.9288,8.4416,24.8041,252.5715,17.7643,424.4194,119.8930,6.3178
FZD1,344.4850,467.6025,1164.9300,582.7940,774.2760,341.4185,695.9910,585.2930,787.2850,313.3065,3435.1200,4514.6100,268.5305,135.0360,878.0370,962.1900,1617.7600,511.0101,925.3490,210.6370,920.3060,341.3864,1561.0500,547.0960,547.1160,261.9610,4341.6300,583.2742,1416.6700,323.7580
FZD2,159.8680,198.6810,136.4410,124.7870,57.3722,64.9275,81.9349,155.6655,137.4165,114.3745,51.2680,129.1715,55.9811,17.8042,154.2530,168.3060,405.2520,239.7584,179.7280,19.0921,47.7674,66.0138,329.9970,89.2857,96.3068,100.0898,110.8730,479.3743,1140.9500,21.2557
FZD3,134.5350,121.9180,142.0930,38.4469,57.9395,134.6686,133.2028,418.0935,78.5750,123.2565,84.2424,94.0734,278.3685,29.8552,98.1569,116.1230,55.1230,271.7854,71.2298,183.3810,160.1440,117.8158,33.1203,149.3070,144.7840,178.6580,130.8650,337.0401,192.0520,140.2710
FZD4,863.5380,410.0365,937.2770,220.1000,576.8090,301.9020,349.4900,419.9335,237.2340,1136.9600,4572.1600,2817.8300,394.9855,920.1820,597.2740,318.6230,1019.9100,1138.4291,742.9705,924.3040,1900.3300,292.9404,984.8470,289.0060,579.7494,430.8325,1014.8000,354.1483,933.0090,252.2055
FZD5,244.7150,364.3625,130.0160,246.1840,1178.5750,1642.1950,709.6533,227.7065,355.5440,233.2920,747.1420,510.8340,103.5455,1365.6300,807.0550,409.0500,153.7290,439.2829,759.5055,346.5490,1087.2400,1565.6507,110.5060,126.2500,1610.0016,1917.3600,667.7910,650.0602,292.9690,139.3320
FZD6,614.4180,1229.6850,910.8850,1714.4000,654.3860,581.9495,1530.8604,237.1340,2335.3750,1585.8350,709.3880,633.0135,79.7766,251.2030,1017.1900,2652.8900,859.8220,1291.8680,698.0945,402.4110,742.2170,587.0655,405.4210,730.6360,701.1816,274.9010,1499.0500,1110.9067,308.4790,169.6975
FZD7,152.2960,374.2910,774.8760,222.7670,229.5240,342.1322,623.1979,916.9290,427.7865,456.9790,268.1800,123.2980,361.4035,58.9657,327.9300,1012.5400,593.3230,763.4189,502.1775,254.1440,642.5349,400.5510,1218.0500,497.3740,454.0644,407.0705,373.7150,215.6268,1273.5400,326.5095
FZD8,90.2032,59.5809,257.2600,136.8040,255.4690,170.3618,92.3542,134.3035,119.6200,163.0970,334.6560,553.2350,79.1618,77.8952,241.9480,182.5600,144.4540,183.9593,287.9700,80.7393,245.7350,194.4854,267.4340,29.4760,193.6815,580.5170,203.0200,436.3031,680.3720,146.5235
FZD9,61.8364,5.7489,4.5844,21.0035,4.2424,8.1498,6.4819,19.1320,13.8622,5.8262,5.0265,5.1797,35.4375,2.4450,11.9403,23.7144,4.1308,9.6785,3.5632,5.6778,45.7659,9.5250,10.2758,195.1770,3.1078,38.2425,2.8842,15.4976,91.3931,513.3045
GAL,0.0000,3.9024,8.3844,3.3040,2.1349,96.0928,27.8227,19.3965,12.2028,0.1510,0.0000,0.8500,2.0852,0.0000,3.7508,29.3976,10.4513,17.9472,17.2486,35.4748,42.6465,155.9399,4.1859,5.4585,37.7713,56.6492,0.3329,9.7709,73.7519,107.8435
GALP,0.0000,0.0000,0.0000,0.0000,0.0000,0.0000,-0.0259,0.0000,0.0000,0.0000,0.0000,0.0000,0.0000,1.2844,0.0000,0.0000,0.0000,0.2511,0.0000,0.0000,0.0000,0.0000,0.0000,0.0000,-0.0259,0.0000,0.0000,1.0463,0.0000,0.0000
GALR1,0.6068,0.0000,0.0000,0.0000,0.0000,0.0000,0.0005,80.7951,0.0000,4.6981,5.3763,0.0000,33.1810,0.0000,0.0000,0.0000,0.3267,-0.2306,1.0953,198.1860,3.0599,0.0000,0.7722,0.0000,0.0461,0.0000,0.6609,0.0000,0.0000,0.0000
GALR2,1.2121,4.0862,0.5340,4.6940,1.3942,2.0669,2.3252,1.1332,3.9100,1.2023,0.3371,1.3056,0.6531,1.8587,2.1392,2.8110,0.9917,1.6494,1.5192,1.5987,1.2634,2.3181,0.9911,1.7043,1.4420,4.2827,2.6473,3.8360,4.3066,0.8077
GALR3,0.0000,0.0000,0.0000,0.4416,0.0000,0.0000,0.0490,0.5192,0.0000,0.0000,0.0000,0.0000,2.0454,1.7395,0.0000,0.0000,0.0000,0.7064,0.0000,0.0000,0.8537,0.0000,0.0000,0.0000,-0.0799,0.6668,0.0000,0.0185,0.4026,0.4867
GAPDH,106459.0000,80289.0000,43972.3000,67970.5000,58757.3500,70298.5000,44072.1118,88114.4500,90675.3000,64760.2500,100560.0000,89217.1000,46292.6000,59563.2000,48083.9000,104458.0000,74549.5000,88505.3309,47176.2500,62694.8000,30842.1000,64272.3838,56720.2000,118612.0000,47229.5220,134855.0000,36433.3000,85082.7297,96330.8000,107245.0000
GAS1,83.7227,115.8090,465.3140,197.8150,39.4295,50.6077,115.2736,571.7520,396.3370,33.2066,54.2330,49.6018,286.8255,18.6079,118.1510,215.5670,2250.9200,934.8901,404.4500,34.1431,208.5290,38.8189,1829.6500,390.2910,105.6192,225.8480,50.5814,79.1939,1003.9800,244.4900
GAS6,1121.2400,1110.5200,1622.7400,2258.0400,2186.8550,2330.6050,1608.2506,1030.6300,2308.4500,11566.2500,2201.7800,1568.7650,938.1730,1325.8500,1740.4800,1706.9300,7119.4000,5692.1343,4269.7600,4755.1400,1821.3200,2284.2675,4387.5100,866.6190,1905.1952,1185.1750,5570.7400,854.5991,1377.1200,1099.6000
GCG,0.0000,0.0000,0.0000,0.0000,0.0000,0.4881,0.0197,0.0000,0.0000,0.0000,0.0000,0.0000,0.0000,0.0000,0.0000,0.0000,0.0000,0.0197,4791.3900,0.0000,0.9662,1.7906,0.0000,0.0000,0.0197,0.0000,0.0000,0.0000,0.0000,0.0000
GCGR,0.0000,0.4746,0.0000,2.0048,1.2778,0.4768,1.6416,0.0000,1.8184,1298.8250,0.3162,1.0651,0.0000,231.2460,0.5260,1.6601,0.0000,0.7623,8.9695,378.9530,0.3757,0.5428,0.0000,0.0000,0.8052,54.0094,0.5800,0.9081,6.4599,0.4092
GDF10,5.8019,0.9704,9.0439,2.2931,4.4282,1.6264,0.7771,7.7647,4.2726,0.6534,2.7027,0.4418,99.6542,1.2862,29.1419,7.5668,2.6667,2.7769,9.4541,263.5480,5.9247,4.2953,4.4843,4.6809,2.6738,8.1715,10.1085,2.1854,31.1861,0.4966
GDF11,397.4280,275.6495,125.8900,118.4450,92.2481,182.8845,133.5901,620.5210,139.6605,131.6510,218.7870,194.0180,787.7570,52.1972,178.2160,273.1350,138.7490,452.0378,175.5400,643.2840,362.0040,192.9410,468.9930,670.8310,146.1371,449.7185,227.8180,624.1079,852.2990,1012.7350
GDF1,10.0740,1.2448,1.9945,0.7908,0.8619,0.4491,0.4008,2176.7500,1.4703,1.8841,0.5757,0.7588,1528.8700,0.4993,0.9244,2.5998,8.7597,27.2572,3.7485,93.0943,10.2113,0.5047,7.5762,132.8150,0.4888,46.3299,10.3209,9.6474,107.0400,237.3805
GDF15,288.7030,1955.5850,195.2920,332.1400,2751.2850,2946.3397,174.7415,201.9250,57.6211,4810.7650,1014.0100,3011.0600,8.5938,1405.0300,1069.4000,246.5970,187.3720,171.5193,670.5305,224.8430,6179.5200,2695.2285,240.8070,3526.1100,1132.6264,152.3905,1389.1400,1267.1311,409.4970,2832.7250
GDF2,0.0000,0.0000,0.0000,0.0000,0.0000,0.0000,0.0000,0.0000,0.0000,0.0000,0.0000,0.0000,0.0000,0.0000,0.0000,0.0000,0.0000,0.0000,0.0000,0.0000,0.0000,0.0000,0.0000,0.0000,0.0000,0.0000,0.0000,0.0000,0.0000,0.0000
GDF3,1.2972,0.9353,2.2208,0.6817,0.8956,0.3699,0.6049,0.0000,1.0483,2.2013,9.5512,1.3879,0.0000,0.0000,0.6046,0.3784,0.5411,2.2710,2.9623,4.6025,0.8288,0.4049,1.3284,0.5160,1.4371,1997.3450,2.6397,2.0768,1.8467,0.5296
GDF5,1.4340,1.3637,5.4343,2.6781,0.7995,0.9362,1.5146,15.3309,3.0874,2.4526,2.3175,29.8048,6.6376,0.3839,17.1045,5.7028,210.9030,15.9871,4.9536,1.4955,12.1887,0.5465,33.3333,0.5799,1.6885,2.4239,16.7022,74.7718,63.7197,0.5224
GDF6,10.2041,11.1418,9.7434,2.8364,5.2428,2.6979,4.8158,3.6231,7.0017,17.8565,253.2700,1.6740,6.0105,4.0055,2.6870,5.9638,42.0552,12.8474,49.0898,21.6333,11.7389,2.5775,19.6078,0.8145,7.1414,15.8270,4.2586,1.5194,35.8073,0.5280
GDF7,0.0000,3.5003,0.0000,0.3137,4.3205,0.0000,-0.2318,0.0000,0.1187,0.4511,3.2439,5.1371,0.9846,7.2423,0.5048,0.3240,1.5788,-0.6410,0.8636,0.8558,3.6174,0.0000,0.0000,0.0000,-0.0548,0.4085,0.3009,0.4050,1.0545,0.0000
GDF9,32.2034,11.1385,17.3502,8.4914,13.9756,5.6627,8.3125,27.5206,4.7090,12.0768,12.2375,20.7422,41.4754,16.4888,8.1652,9.7624,10.0413,21.5327,7.5332,23.0608,17.3047,6.5336,13.8213,10.8505,7.7417,12.5134,11.7508,14.7460,21.6119,10.6895
GDNF,0.0000,0.0000,0.0000,0.0000,1.1637,0.9337,0.6013,0.6614,1.3428,0.0000,0.0000,0.0000,4.2344,0.5163,0.4016,1.4966,0.6506,0.3318,0.9202,4.1609,1.9179,1.5072,3.1250,1.8480,0.5656,0.5184,0.0000,0.0000,2.5840,2.9306
GFRA1,14.8973,13.6134,3964.0900,9.9068,25.4622,27.3610,43.8678,61.5819,34.9519,21.3659,321.8820,390.8395,784.2345,590.0820,49.0028,29.0326,241.9080,35.1681,182.6090,225.8730,144.0580,28.2100,312.2230,41.8831,109.3670,167.8495,21.7382,21.7579,1281.5200,53.1791
GFRA2,40.6780,8.2870,9.2500,4.2141,8.1927,7.1106,4.2724,73.5333,15.0274,7.2089,46.8820,7.7063,177.5105,40.0600,15.1714,10.2671,8.7974,10.4776,22.2695,1004.5200,17.8635,8.6404,58.3681,16.1638,7.8117,68.3371,588.0260,14.5843,89.2468,21.3343
GFRA3,3.5492,10.0585,2.3206,6.9716,3.1752,4.8186,8.6895,3.6977,6.6779,0.3296,0.6670,0.4903,1.0095,0.5943,87.0068,32.2112,4.2517,10.1232,28.5625,205.1280,20.3149,8.0725,3.2323,6.9238,8.8388,97.1137,0.8803,37.4595,62.7788,4.9318
GFRA4,0.0000,0.0000,0.0000,0.0000,0.0000,0.0000,-0.2711,0.0000,0.0000,0.0000,0.0000,0.0000,0.0000,0.0000,0.0000,0.0000,0.0000,-0.2711,0.0000,0.0000,0.0000,0.0000,0.0000,0.0000,-0.2711,0.0000,4.4669,0.0000,0.4048,0.0000
GH1,0.0000,0.0000,0.0000,0.0000,0.0000,0.0000,0.0000,0.0000,0.0000,0.0000,0.0000,0.0000,0.0000,0.0000,0.0000,0.0000,0.0000,0.0000,0.0000,0.0000,0.0000,0.0000,0.0000,0.0000,0.0000,0.6117,0.2888,0.0000,0.4048,1.2933
GHR,568.5790,18.8096,250.0400,23.6650,242.0255,33.8602,56.3913,51.9097,82.5019,324.5090,323.8080,46.4236,84.1912,902.7670,30.3017,132.5580,362.3130,44.5810,85.0517,113.7770,769.6800,37.1524,247.8580,19.5745,40.9968,20.3736,49.5413,16.8135,102.0690,21.6112
GHRH,0.0000,0.0000,0.0000,0.0000,0.0000,0.0000,0.1401,0.0000,0.0000,0.0000,0.0000,0.0000,0.0000,0.0000,0.0000,0.0000,0.0000,0.0000,0.0000,2.6205,0.0000,0.0000,0.0000,0.0000,0.0000,0.0000,0.0000,0.0000,0.0000,0.0000
GHRHR,0.0000,0.0000,0.0000,0.0000,15.3703,0.0000,0.0000,0.0000,0.0000,0.0000,0.0000,0.4528,0.0000,2.2128,0.0000,0.0000,0.0000,0.0000,0.5338,0.6468,5.5360,0.0000,0.0000,0.0000,0.2737,0.0000,0.0000,0.0000,0.0000,0.0000
GHRL,1.9952,2.0899,3.5849,2.4754,3.5156,2.0523,2.1603,6.9112,2.0604,2.3640,4.0511,7.0857,7.4091,2.9000,5.2322,2.6643,6.9075,4.2633,32.3859,2.8169,4.6332,2.2153,3.4872,1.3049,5.7444,28.3040,4.0360,6.0221,1.9501,1.7984
GHSR,0.0000,0.0000,0.0000,0.0000,0.0000,0.0000,0.0254,0.0000,0.0000,0.0000,0.0000,0.0000,0.0000,0.0000,0.0000,0.0000,0.0000,0.0254,0.5462,0.0000,0.0000,0.0000,0.0000,0.0000,0.0254,0.0000,0.0000,0.0000,0.0000,0.0000
GIP,0.0000,0.0000,0.0000,0.0000,0.0000,0.0000,-0.2623,0.0000,0.0000,0.0000,0.0000,0.0000,0.0000,0.0000,0.0000,0.0000,1.4920,-0.2623,0.0000,2.7252,0.0000,0.0000,0.0000,0.0000,-0.2623,324.8965,0.0000,0.0000,0.0000,0.0000
GIPR,1.8524,7.0923,10.1990,7.3602,22.0697,7.7644,9.5696,2.6506,7.0977,3.2884,3.4317,11.6401,6.2065,1.6288,22.1113,7.9086,8.2001,3.0481,75.5848,1.8957,5.3170,6.6613,1.8473,2.9427,9.9140,9.7236,7.4098,3.1730,3.1201,1.6244
GLG1,5785.0000,3685.1950,3681.9100,3646.2600,6025.7000,4343.5782,5193.0260,4623.6050,5083.0400,8167.5350,6319.5400,6034.1900,5283.1000,2786.2700,4497.5200,5106.2300,5589.7300,3246.2442,5755.0000,5654.4600,4530.3200,4112.4900,6145.3300,4346.8000,4730.4799,5871.8750,5837.6200,4170.7115,4170.2000,5006.4900
GLP1R,0.0000,0.5677,2.2770,0.0000,0.5980,0.0000,0.3505,0.6787,1.1833,0.0000,3.0053,1.0608,7.0380,0.0000,1.5185,1.0240,1.7216,0.8556,22.0180,6.3524,1.1583,0.3738,0.5128,0.5977,0.7163,1.7579,6.5141,1.0324,4.6344,0.5587
GLP2R,0.0000,0.0000,0.0000,0.0000,2.7024,1.2802,-0.2722,0.3806,0.0000,0.0000,0.3411,0.0000,1.6578,0.0000,0.0000,0.0000,1.1996,-0.3516,18.0442,0.0000,0.0000,2.4554,0.4019,0.0000,1.0164,0.4159,0.0000,0.0000,0.0000,0.0000
GLYCAM1,0.0000,0.0000,0.0000,0.0000,0.0000,0.0000,0.0000,0.0000,0.0000,0.0000,0.0000,0.0000,0.0000,0.0000,0.0000,0.0000,0.0000,0.0000,0.0000,0.0000,0.0000,0.0000,0.0000,0.0000,0.0000,0.0000,0.0000,0.0000,0.0000,0.0000
GNRH1,16.8354,22.8642,21.5775,44.6284,48.9005,12.1127,40.8323,18.6620,13.6067,14.2906,36.6972,31.5437,17.0623,11.4965,18.4908,14.8528,41.7833,13.1571,40.1799,18.9742,13.3734,11.1713,32.0197,17.5121,23.8549,35.2567,18.1818,20.8295,23.0880,7.1737
GNRHR,39.4796,1.5629,4.0260,2.9889,2.5590,0.5105,3.8555,3.1873,8.8185,8.6322,4.7578,3.2408,6.6203,0.6098,2.2866,3.1451,1.7712,0.9219,1.8032,4.0027,2.8197,0.4656,1.4032,1.8790,1.4700,0.8560,3.1574,1.2680,1.5601,0.8369
GP1BA,4.1341,4.9226,10.4530,5.1232,35.5354,8.3577,15.8978,5.2202,7.2152,24.4188,16.9499,21.9472,11.0830,9.6271,16.3956,13.3123,17.6391,9.2353,11.6642,7.7680,8.0774,7.1285,9.7301,8.3336,17.2358,32.8101,8.4779,5.8649,4.3190,3.6127
GP5,0.0000,0.8669,1.9701,0.9838,1.8638,1.7831,1.5762,1.3973,1.0341,0.0000,4.7671,1.9983,0.7682,0.6859,2.8832,2.0487,1.9834,1.4038,4.9643,0.8587,1.0168,2.3712,1.0748,0.9990,3.4348,15.5850,4.4395,0.6775,1.6150,0.4324
GP6,2.6871,3.5362,2.9663,2.8490,3.3735,1.9874,4.0540,2.2268,1.9570,29.7227,6.7873,3.5947,3.5708,0.8414,2.1151,2.2563,5.1333,5.8721,5.5944,2.7349,5.7225,1.9785,1.8122,0.8699,3.3766,4.5658,3.1996,4.1711,2.6916,2.3206
GP9,0.0000,0.0000,0.0000,0.0000,0.0000,0.3956,0.0368,0.3861,0.0000,0.0000,1.1230,0.0000,0.5199,0.0000,0.2899,0.0000,0.0000,0.0368,0.0000,0.5203,0.0000,0.0000,0.0000,0.0000,0.0747,0.0000,0.2964,0.0000,0.0000,0.0000
GPC4,235.1860,314.2030,907.8660,257.1720,594.1690,1258.2400,688.9621,738.8430,273.8860,586.2045,1012.7800,3437.4800,556.8935,56.3915,2020.7300,1147.4000,262.1030,829.9314,994.0850,56.2981,539.6100,1302.3150,1034.9500,158.9160,920.9759,1133.0050,717.2460,1152.0165,1864.9300,36.1620
GPR1,108.0690,12.2378,22.5904,11.2688,5.3368,6.4230,17.5110,17.5112,108.6235,8.4170,24.9850,3.5636,0.7416,1.1892,6.7366,18.8133,271.9630,21.1864,24.5777,44.5700,2.3506,5.1152,77.8938,10.6101,10.0170,7.3838,3.1466,2.2331,8.0781,0.8033
GPR19,10.1375,17.9229,20.4491,33.4945,18.0341,18.8189,30.3149,154.1945,15.9757,1.6919,8.9021,3.0402,175.7305,8.9021,16.7824,32.5244,8.3290,49.7869,13.9766,300.4000,2.9677,23.5788,20.1619,118.3920,18.2094,140.9595,5.6391,10.1783,47.1002,52.8980
GPR37,1.6577,15.0193,71.1939,77.4587,83.7452,17.9183,38.0888,1057.4200,60.5784,490.0960,53.3937,54.7687,740.1880,317.1120,74.8175,47.0676,247.9500,81.0612,39.7871,3.6265,96.4819,20.3519,6.5921,227.4130,13.9269,95.2295,6.3526,63.9660,61.0980,923.9070
GPR37L1,2.7933,4.1101,6.7388,7.9860,10.0396,23.6647,9.8014,2372.0650,6.4812,3.2306,2.4834,5.2792,2976.5350,6.0883,4.5872,6.9444,9.3458,22.2461,13.6237,22.5495,2.1858,26.6562,0.5033,1.4702,12.9387,2.6550,3.1491,11.9522,2.7261,2.9532
GPR83,7.4977,2.4227,3.0812,2.9932,4.6351,2.1246,6.3593,8.2675,2.0062,0.9958,4.4272,2.1873,16.7311,1.7794,2.6374,4.2662,1.5607,7.8244,3.0066,289.6200,1.9408,2.6353,3.1579,1.7336,5.8321,7.6151,52.9954,10.1282,10.7305,1.3383
GREM1,0.5461,590.8435,771.9840,213.5630,290.9260,1546.5269,2531.0244,31.6255,956.7615,1.2950,21.5061,3.4964,48.9912,46.0653,710.2320,944.2300,30.7935,70.4199,3013.1850,11.3556,382.0087,1348.0854,231.2620,60.7755,5533.1052,60.1339,25.1796,62.8293,173.2300,2.8167
GREM2,10.7983,8.0068,17.2105,4.8544,2.0141,36.1686,23.9096,12.8734,6.4512,0.4535,1.6901,0.6611,25.7456,114.1880,26.0417,7.7055,20.8618,9.1815,37.6765,3.1679,199.1211,61.8956,24.9610,1.0561,72.8848,54.8073,7.1948,34.5754,56.3937,3.0267
GRN,5723.4700,12908.4500,7192.9300,11348.4000,9219.1600,8679.8224,8058.5194,4992.1350,15767.9500,6255.0300,7619.1000,13345.0000,2676.5050,9020.9000,12800.4000,11029.6000,11602.4000,8080.3138,11858.4500,8750.6000,7061.6700,8639.9250,11069.2000,16266.6000,8072.0634,9857.3800,7904.8600,10517.5612,8512.6400,14568.0500
GRP,0.0000,0.9400,58.3044,17.0298,15.7809,14.0086,2.7473,2.3486,7.7181,0.0000,0.3313,0.0000,4.3592,0.0000,8.1466,9.0535,0.4252,2.2899,68.9159,0.4344,6.1881,8.1812,0.3254,0.3729,2.0755,2.4911,2.5445,9.2863,10.1849,0.0000
GRPR,5.0847,1.4249,52.1869,0.8414,1.9571,3.5887,1.7002,5.5385,1.4283,11.0859,4.0623,1.5668,3.7717,3.7453,2.2779,2.2523,0.9947,1.7967,5.0644,5.0220,27.2220,5.4499,4.1378,5.2528,2.8507,7.9541,2.5000,7.0228,6.1907,1.2984
GUCA2A,0.0000,1.0420,0.0000,0.0000,26.8822,60.1120,0.1042,0.0000,0.0000,0.0000,0.0000,0.0000,0.0000,0.6720,0.3490,0.0000,0.0000,0.1042,2.5000,0.0000,0.0000,75.7673,0.0000,0.0000,1.4914,0.5381,0.0000,0.0000,0.0000,0.0000
GUCA2B,0.0000,0.0000,0.0000,0.0000,15.7672,1.7466,0.0497,0.0000,0.0000,0.0000,8.1477,0.6520,0.0000,17.8914,0.0000,0.0000,0.0000,0.0497,2.8841,0.0000,0.0000,1.7652,0.0000,0.0000,0.9002,0.0000,0.0000,0.0000,0.0000,0.0000
GUCY2C,0.0000,2.3110,1.8821,1.4987,2.4880,1717.5400,17.1953,1.7286,3.0989,5.3188,2.4517,3.6981,0.4254,3.4079,3.3529,2.0725,3.1486,2.5038,7.9364,0.5571,1.3396,1843.3829,1.4416,0.2900,355.4565,22.0580,1.2949,2.8534,1.8880,0.3994
GZMA,9.7399,52.0576,74.6851,187.6060,94.4155,75.3791,93.3797,20.6784,127.1470,54.5752,273.4880,58.6881,3.0410,67.3139,154.7440,141.2130,184.9710,90.3226,98.4624,17.5392,35.7526,62.8174,81.6711,55.9163,218.3434,259.6650,46.1990,92.9784,25.5803,12.4713
HAVCR2,136.7050,137.9345,345.1990,211.7080,216.6295,130.5782,137.9846,999.6520,217.5120,152.4620,1382.3600,863.6075,423.9340,116.6140,468.7810,304.6910,525.5410,281.8893,405.2950,82.4626,83.8095,108.0275,292.0390,126.1780,243.3061,278.9225,132.1500,132.6869,118.6540,56.7421
HBEGF,256.7790,445.1755,159.0420,424.1390,215.3995,535.9796,638.3806,485.0580,1222.4250,178.4725,427.5390,168.1345,295.9995,145.8070,396.2690,667.7720,369.9460,202.1430,688.4395,377.9280,293.2440,546.5475,309.5370,294.6600,489.0979,104.2460,593.8190,133.3978,189.4350,126.2320
HCRT,0.0000,0.0000,0.0000,0.0000,0.0000,0.4465,-0.3078,0.4863,0.0000,0.0000,0.0000,0.0000,0.0000,0.0000,0.0000,0.0000,0.0000,-0.3078,0.3942,0.0000,0.0000,0.4026,0.0000,0.0000,0.0534,0.0000,0.0000,0.0000,0.0000,0.0000
HCRTR1,0.0000,0.5182,0.0000,0.0000,0.0000,0.0000,-0.0679,0.5590,0.0000,0.3460,0.0000,0.0000,1.0920,0.0000,0.0000,0.3890,0.0000,-0.1285,0.7873,9.2095,0.0000,0.3222,0.0000,0.0000,-0.0437,0.4165,1.3043,0.0000,0.5021,0.0000
HCRTR2,15.2427,0.0000,0.0000,0.0000,0.0000,0.0000,-0.0207,0.0000,0.3042,0.0000,0.0000,0.0000,0.5584,0.0000,0.3330,0.5013,0.3501,0.3795,0.0000,0.5006,0.0000,0.0000,0.0000,0.0000,-0.0207,0.8335,0.0000,0.0000,2.5173,0.0000
HCST,54.9683,70.7374,91.5576,109.2240,84.6081,51.9897,47.5424,168.7380,84.2828,41.2952,184.6870,113.7275,74.2758,113.6110,189.3550,108.1770,304.3150,173.3344,138.7425,54.9763,51.4204,43.5620,195.7290,87.0827,120.5130,269.9620,79.6314,103.8522,78.2901,47.4906
HGF,11.1143,9.9668,38.6385,7.1435,30.4921,18.5757,26.4624,66.5353,12.2739,25.0149,128.3360,21.6082,19.5252,23.7982,76.3859,32.1792,86.8522,12.4133,60.5372,26.7463,52.9138,24.3734,100.0000,9.1491,54.1967,23.5270,12.5627,8.1082,38.1574,4.4729
HHIP,5.7803,4.0315,1.2402,0.8401,4.7810,17.8648,6.5322,23.6855,1.9501,0.5707,3.8219,4.6289,31.2025,1.6380,46.1538,15.6895,20.3927,4.5468,43.9824,2.0194,79.3674,24.0862,5.0742,0.5053,18.6937,15.0707,0.6976,20.6483,23.8631,0.4609
HLA-A,23234.7000,22274.8000,14546.4000,34026.8000,32133.9000,27855.8192,23520.7182,18440.6000,37886.6500,21260.3000,47231.3000,44815.1500,8080.0400,29490.8000,33100.3000,21652.5000,33656.3000,18639.1372,31172.8000,25274.0000,10416.4000,28753.7000,22067.0000,43791.9000,31041.4358,16376.3500,28771.7000,26705.8408,14405.7000,37572.0500
HLA-B,18063.1000,26990.4500,22330.1000,46310.5000,31259.4500,33491.9641,26560.2847,18349.5000,49272.9000,30337.3000,60836.3000,37567.3000,7260.6050,33268.7000,39725.7000,25372.6000,43212.3000,27248.3172,37645.7500,17260.7000,16137.1000,34377.6824,28376.5000,28201.0000,32760.1705,19655.0000,29873.7000,29399.6252,10572.4000,17680.2500
HLA-C,12441.2000,22563.2500,16468.0000,25657.0000,22557.8000,22005.7500,17720.5043,13772.6000,28956.0000,25361.0500,33840.2000,23322.9000,6209.1900,23585.3000,27062.4000,16987.7000,25444.5000,18148.9217,22478.3500,17046.1000,16190.0000,21194.0987,17613.4000,23297.8000,22317.4000,12418.5500,18094.8000,18814.6923,8281.7500,16171.1500
HLA-DMA,622.7010,946.6405,1078.4800,1534.7300,1052.2150,624.2770,560.2157,1407.0050,786.9770,845.0230,2679.2500,1332.3000,491.3900,985.3950,2957.3100,1078.0600,1750.6800,1746.7021,2044.9100,428.6580,638.7660,604.7797,1101.0700,899.9380,1519.7351,1084.5750,1233.9300,1480.7690,491.1520,665.6000
HLA-DMB,431.9150,461.6580,875.4300,952.2910,725.0735,529.2349,424.6853,1865.7600,616.8445,722.2570,2040.7100,1201.1700,493.6325,445.0130,2205.9100,937.8890,1239.5400,1777.3195,1399.0650,253.4870,700.7980,432.7305,789.0690,534.6870,1113.8332,886.5060,2663.6800,1613.3355,478.9180,236.5560
HLA-DOA,92.7004,277.4600,499.4200,318.4880,352.2265,176.1195,122.6503,742.7140,278.3485,326.3725,1442.7600,649.8160,220.8840,174.5640,1123.6200,544.9040,663.3750,562.0535,795.4120,162.7450,331.1720,144.4469,378.1730,252.6810,320.0019,535.2080,433.6810,274.7766,412.4890,84.6539
HLA-DOB,3.8912,36.8171,42.9120,78.9995,43.0679,22.9564,48.2043,21.0489,68.9327,7.5385,62.7686,27.9046,7.2280,25.8256,147.7320,117.7870,30.0622,67.2574,64.5290,7.0421,14.7874,20.3016,18.3592,22.8216,53.0778,49.0447,60.6940,50.7870,11.5168,2.5316
HLA-DPA1,1788.8800,2145.4900,4971.7200,3836.0300,3588.5500,2065.4479,1934.0637,5529.9400,3148.4500,3490.1050,12961.4000,4779.8350,1386.6350,2358.0400,9937.3500,3972.5100,6279.2200,5666.5673,5796.2550,2989.6500,2470.5500,1712.5360,4027.8600,3267.5800,4877.8491,4866.4350,4212.7500,2300.2625,1254.0900,1313.0750
HLA-DPB1,1032.1800,1527.1850,3099.0800,2792.8100,2832.9300,1192.2281,1023.9119,2635.8900,2305.2650,2087.8250,7893.2300,3383.4750,877.8555,1876.8500,6241.4900,2687.1400,5266.0900,2755.4759,4863.7350,1730.4200,1875.0200,969.9595,3103.2200,2500.7500,2724.7034,3343.0100,2822.2800,1606.6138,1100.3500,1477.5700
HLA-DQA1,208.4810,552.3825,1456.6500,935.4350,624.8060,618.2795,446.6058,771.0930,1102.3350,528.3005,3313.2400,1227.4200,152.2535,521.4090,3121.6400,1434.5000,1765.3700,866.2128,1610.5750,323.8900,563.7580,490.8405,963.4730,755.8800,1092.2487,1775.8600,948.1810,628.1170,279.9620,307.4405
HLA-DQA2,25.4158,149.1215,310.3030,236.2300,247.9660,109.9950,114.3501,90.8166,286.3055,102.6280,613.7010,190.4625,29.4327,124.5880,657.8250,316.3210,341.3150,193.9844,320.2645,73.7451,117.3910,98.8035,162.3630,177.2250,197.1000,307.0125,228.1170,109.5342,73.8689,39.4846
HLA-DQB1,412.3960,910.6440,1608.6000,1738.1300,1047.3100,899.6170,943.3704,898.3740,1548.5700,880.6920,4880.4300,1814.4800,252.6285,749.8910,4304.6500,1541.3500,2399.0400,1707.5929,2389.6950,1047.5900,703.1320,641.2158,1208.5400,1000.0000,1942.1488,1792.9500,2298.5100,1452.1244,588.7310,423.0495
HLA-DRA,3169.6100,5888.7400,11862.6000,12194.8000,8080.7900,5854.4000,5735.3719,14235.0500,9490.6450,5598.7100,28897.9000,10399.4500,2879.5250,5644.4700,27765.6000,11626.3000,14290.4000,15494.8540,15943.0500,3955.9300,5352.0900,4958.4300,8466.0600,7539.8700,12594.6051,11609.2000,10498.7000,7597.4728,3099.0300,2060.3500
HLA-DRB1,1439.1200,2454.1850,3962.3900,4463.8900,2911.1950,2085.0125,1917.9147,3515.5300,4336.1350,1823.2850,9682.9500,4271.5100,887.2545,2289.4600,9678.0900,3745.7600,6920.1000,5037.5417,6120.3900,1859.4800,1771.6600,1741.8450,4443.1300,2721.4600,4542.3611,4469.9600,3632.9900,2861.4097,1359.3400,1010.0325
HLA-DRB5,390.1730,641.9015,961.9750,1233.7000,709.6590,506.4135,331.1862,810.9130,1232.3800,520.4375,2492.6300,1106.5950,292.2575,617.1250,2586.5300,924.8700,1820.8300,1011.7082,1613.8900,486.4640,521.2840,470.9956,1326.9100,814.2310,1011.8720,920.4590,1090.6100,727.8816,326.5380,334.2770
HLA-E,5061.7500,8434.6750,5880.9300,10000.6000,7388.8100,9470.9450,8725.7082,6972.4450,14387.6500,6853.0150,18196.4000,6883.0500,4260.9450,8531.8400,11353.9000,8937.6200,11625.4000,6383.2715,10635.0000,3830.7100,4956.9200,8685.1043,7420.6800,12562.0000,10321.6516,5846.7450,7891.9300,6203.8108,3246.3100,8852.2550
HLA-F,788.5030,1303.5250,986.3330,3220.2100,2143.1950,2140.4467,1660.9552,587.6640,2715.7250,1036.8650,3081.2200,1642.9600,377.9185,2383.9700,2212.8300,1290.8200,2123.8500,909.4643,2342.8450,979.7610,770.6690,2043.0555,1310.9700,1909.2700,2524.4670,1403.8550,1234.1800,895.3461,590.4920,793.0910
HLA-G,56.2249,76.1698,53.9128,84.1146,66.7661,95.0352,72.7115,13.9642,167.8955,63.6778,533.4000,223.3760,23.2441,76.4949,125.2920,96.5721,88.1949,80.2899,161.8785,72.1804,50.1072,94.6556,81.4205,164.0870,105.8936,81.5634,211.8170,59.8325,39.4632,114.8375
HPRT1,1126.8800,857.6770,718.0950,1222.7800,427.7025,958.2810,1030.1825,376.5765,924.5605,1950.4550,492.1000,468.3740,239.2070,692.4880,705.3050,1178.7100,584.3230,827.8324,678.3860,1276.0200,486.8520,980.9700,619.2120,540.1460,842.0104,584.1820,592.9460,770.4351,707.5180,306.5710
HSPG2,5872.4800,5125.7150,6976.1300,4405.9400,7878.8800,5619.6500,10058.3110,2137.6250,8093.5050,6199.7950,14854.5000,2951.1300,447.6935,3429.0600,8161.1500,7201.7300,8305.4000,5624.3145,15783.1000,8062.1400,5486.4158,5828.2450,15884.1000,8132.0300,10588.7477,3138.0150,8180.5400,7237.9209,6664.5600,4917.0000
IAPP,0.0000,0.0000,0.0000,0.0000,0.0000,0.0000,-0.0002,0.0000,0.0000,0.0000,0.0000,0.0000,0.3252,2.1885,0.0000,0.0000,0.0000,-0.2314,78.3692,0.0000,0.4440,0.0000,0.0000,0.0000,-0.2314,0.8153,0.0000,0.0000,0.0000,0.0000
IBSP,0.9475,6.9626,23.6908,2.3543,27.1591,5.4923,30.1527,146.5140,14.9667,0.5085,3.5279,0.4548,0.5713,1.0776,8.3257,9.3195,12.8946,31.3947,13.7221,1.5271,0.0000,4.1426,1.9950,1.7379,11.4919,0.4879,2.1307,3.7340,3.7471,0.0000
ICAM1,247.3120,1121.5350,1109.5700,1736.2000,3347.2550,953.9340,1059.6618,736.3330,2222.0900,350.2070,3118.3400,1448.1400,218.6720,1935.9500,8030.6000,2449.3600,5071.1200,1630.2399,2172.4000,330.5870,616.6490,886.0658,1237.6700,4236.6900,1491.8890,906.7130,3356.0500,938.3082,768.4510,2047.2450
ICAM2,240.4520,249.1980,224.0510,129.1120,268.2505,274.2457,136.2815,250.2520,143.1035,243.6965,798.6650,435.5450,191.8565,342.9720,469.4400,211.2160,207.9730,146.4469,502.7270,352.3270,134.0800,274.9745,479.3100,100.1580,315.6436,257.6625,459.2190,245.4896,301.8900,94.9410
ICAM5,8.0613,11.8632,3.3864,30.0028,4.6656,5.0219,15.1077,59.7473,50.4921,32.1677,2.3810,3.3910,105.1420,1.4514,106.4470,47.4308,48.1545,50.2740,11.4521,1.3520,3.4674,5.0436,10.4712,16.7296,8.0077,8.4716,322.8860,7.9162,26.2945,6.5538
ICOS,0.7399,17.6910,21.1982,36.6492,8.6109,23.8379,24.8842,2.3261,60.1833,1.6918,23.0017,4.8431,0.4513,9.2324,47.0811,33.8462,21.4592,10.0788,21.7741,2.1069,7.6654,22.0867,6.7018,16.2758,33.4752,55.5966,9.8805,13.8406,4.4289,0.5615
ICOSLG,93.5750,213.4035,305.1180,213.7230,173.2515,408.9466,239.0367,360.0785,237.8645,396.5760,470.9050,293.1895,222.6950,318.9000,225.8310,224.4010,476.9210,282.4371,331.1905,72.1915,261.5500,362.1437,269.0890,98.8496,357.3900,578.0145,245.7520,271.3831,229.3290,143.1650
IFNA10,0.0000,0.0000,0.0000,0.0000,0.0000,0.0000,0.0000,0.0000,0.0000,0.0000,0.0000,0.0000,0.0000,0.0000,0.0000,0.0000,0.0000,0.0000,0.0000,0.0000,0.0000,0.0000,0.0000,0.0000,0.0000,0.0000,0.0000,0.0000,0.0000,0.0000
IFNA13,0.0000,0.0000,0.0000,0.0000,0.0000,0.0000,0.2259,0.0000,0.1132,0.0000,0.0000,0.4078,0.0000,0.0000,0.0000,0.0000,0.0000,-0.0529,0.0000,0.0000,0.0000,0.0000,0.0000,0.0000,-0.0529,0.0000,0.3030,0.0000,0.0000,0.0000
IFNA1,0.0000,0.0000,0.0000,0.0000,0.0000,0.0000,0.5604,0.0000,0.0000,0.0000,0.0000,0.2739,0.0000,0.0000,0.0000,0.0000,0.0000,0.5537,0.0000,0.0000,0.0000,0.0000,0.0000,0.0000,0.0000,0.0000,0.0000,0.0000,0.0000,0.0000
IFNA14,0.0000,0.0000,0.0000,0.0000,0.0000,0.0000,0.0000,0.0000,0.0000,0.0000,0.0000,0.0000,0.0000,0.0000,0.0000,0.0000,0.0000,0.0000,0.0000,0.0000,0.0000,0.0000,0.0000,0.0000,0.0000,0.0000,0.0000,0.0000,0.0000,0.0000
IFNA16,0.0000,0.0000,0.0000,0.0000,0.0000,0.0000,0.0000,0.0000,0.0000,0.0000,0.0000,0.0000,0.0000,0.0000,0.0000,0.0000,0.0000,0.0000,0.0000,0.0000,0.0000,0.0000,0.0000,0.0000,0.0000,0.0000,0.0000,0.0000,0.0000,0.0000
IFNA17,0.0000,0.0000,0.0000,0.0000,0.0000,0.0000,0.0000,0.0000,0.0000,0.0000,0.0000,0.0000,0.0000,0.0000,0.0000,0.0000,0.0000,0.0000,0.0000,0.0000,0.0000,0.0000,0.0000,0.0000,0.0000,0.0000,0.0000,0.0000,0.0000,0.0000
IFNA21,0.0000,0.0000,0.0000,0.0000,0.0000,0.0000,0.1075,0.0000,0.0000,0.0000,0.0000,0.0000,0.3536,0.0000,0.0000,0.0000,0.0000,0.1075,0.0000,0.6468,0.0000,0.0000,0.0000,0.0000,0.1075,0.0000,0.0000,0.0000,0.0000,0.0000
IFNA2,0.0000,0.0000,0.0000,0.0000,0.0000,0.0000,0.0000,0.0000,0.0000,0.0000,0.0000,0.0000,0.0000,0.0000,0.0000,0.0000,0.0000,0.0000,0.0000,0.0000,0.0000,0.0000,0.0000,0.0000,0.0000,0.0000,0.0000,0.0000,0.0000,0.0000
IFNA4,0.0000,0.0000,0.0000,0.0000,0.0000,0.0000,0.0000,0.0000,0.0000,0.0000,0.0000,0.0000,0.0000,0.0000,0.0000,0.0000,0.0000,0.0000,0.0000,0.0000,0.0000,0.0000,0.0000,0.0000,0.0000,0.0000,0.0000,0.0000,0.0000,0.0000
IFNA5,0.0000,0.0000,0.0000,0.0000,0.0000,0.0000,0.0000,0.0000,0.0000,0.0000,0.0000,0.0000,0.0000,0.0000,0.0000,0.0000,0.0000,0.0000,0.0000,0.0000,0.0000,0.0000,0.0000,0.0000,0.0000,0.0000,0.0000,0.0000,0.0000,0.0000
IFNA6,0.0000,0.0000,0.0000,0.0000,0.0000,0.0000,0.0000,0.0000,0.0000,0.0000,0.0000,0.0000,0.0000,0.0000,0.0000,0.0000,0.0000,0.0000,0.0000,0.0000,0.0000,0.0000,0.0000,0.0000,0.0000,0.0000,0.0000,0.0000,0.0000,0.0000
IFNA7,0.0000,0.0000,0.0000,0.0000,0.0000,0.0000,0.0000,0.0000,0.0000,0.0000,0.0000,0.0000,0.0000,0.0000,0.0000,0.0000,0.0000,0.0000,0.0000,0.0000,0.0000,0.0000,0.0000,0.0000,0.0000,0.0000,0.0000,0.0000,0.0000,0.0000
IFNA8,0.0000,0.0000,0.0000,0.0000,0.0000,0.0000,0.0000,0.0000,0.0000,0.0000,0.0000,0.0000,0.0000,0.0000,0.0000,0.0000,0.0000,0.0000,0.0000,0.0000,0.0000,0.0000,0.0000,0.0000,0.0000,0.0000,0.0000,0.0000,0.0000,0.0000
IFNAR1,1751.1300,1553.4650,1812.9900,1453.4900,1718.4050,1418.6200,1472.8500,1903.0750,1347.0500,1673.4000,2618.6100,1818.2000,1740.0200,2211.2800,1889.8400,1394.9800,2159.5000,1693.1234,1714.2750,1559.9500,2350.6000,1356.6826,1727.8600,1283.8500,1669.8995,976.7760,2086.1500,1615.3936,1184.1200,978.8090
IFNAR2,158.6300,465.5110,352.1350,427.1170,525.8885,386.8680,399.3404,602.6920,406.0545,145.1685,682.6360,502.9020,400.6445,483.5800,779.3260,464.3970,658.9020,588.4973,681.7755,300.4750,268.5550,382.8627,383.7250,431.8870,521.3135,496.5600,359.9320,296.6538,333.1060,172.3910
IFNB1,0.0000,0.0000,0.2671,0.0000,0.0000,0.0000,-0.1415,0.0000,0.0000,0.0000,0.0000,0.0000,0.0000,0.0000,0.0000,0.0000,0.4446,0.5428,0.0000,0.0000,0.0000,0.0000,0.0000,0.0000,-0.1415,0.0000,0.0000,0.1439,0.0000,0.0000
IFNE,0.0000,11.7068,0.4812,22.1724,0.0000,0.1892,11.6712,0.3740,11.8200,0.3838,1.1760,12.1493,0.4533,0.0000,0.7641,2.8543,0.8034,1.6932,10.7797,0.0000,0.8170,0.0000,0.9838,0.3350,2.9142,1.8300,12.2048,1.4322,3.9713,0.0000
IFNG,0.0000,1.9638,1.7819,10.5351,1.0931,2.6120,1.3935,0.0000,7.0609,0.3371,5.6803,0.4853,0.0000,1.3825,6.5874,6.5076,4.7625,0.4508,1.2513,0.0000,0.9196,2.2033,1.8057,2.9398,2.8915,20.7600,1.2447,1.9448,0.0000,0.0000
IFNGR1,1507.4600,1807.7900,1582.3900,2422.6900,1197.0300,2044.9295,2417.7905,2226.0350,3094.1650,944.7645,2205.7500,1464.3950,1944.6450,1585.1400,2308.0200,2610.5600,1950.5100,1508.0583,2265.6850,1300.0100,1927.3200,1895.9529,1738.9500,870.9340,2202.4345,963.8705,2154.3800,1075.5318,1016.6400,451.4185
IFNGR2,1151.6400,2554.0200,2129.8500,2116.6100,2272.2650,2258.4600,1603.8682,2192.2400,2527.9200,953.0445,2514.2100,1690.9900,800.0495,1218.4100,2609.9600,2034.4500,2106.5400,2270.3565,2879.0100,971.0400,2377.8777,2245.3928,2192.2000,2680.0900,1913.1801,1461.7750,2485.2600,2137.4876,2173.7200,884.0820
IFNK,0.0000,0.0000,0.0000,0.0000,0.0000,0.0000,-0.0792,0.0000,0.4629,0.0000,0.0000,0.0000,0.0000,0.0000,0.0000,0.0000,0.0000,-0.3824,0.0000,0.0000,0.0000,0.0000,0.0000,0.0000,-0.0889,0.0000,0.0000,0.0000,0.0000,0.0000
IFNW1,0.0000,0.0000,0.0000,0.0000,0.0000,0.0000,0.0870,0.0000,0.0000,0.0000,0.0000,0.0000,0.0000,0.0000,0.0000,0.0000,0.0000,0.0870,0.0000,0.5155,0.0000,0.0000,0.0000,0.0000,0.0870,0.0000,0.0000,0.0000,0.0000,0.0000
IGF1,52.8291,35.7236,262.1120,65.0224,48.6328,38.8221,71.4217,58.0652,42.0490,398.0000,128.7660,36.7627,73.5523,353.8600,175.6700,134.8370,519.0650,376.7937,220.7190,44.7393,608.6668,39.7099,301.0700,55.8338,178.4285,340.0400,76.9311,358.7606,198.5720,16.3356
IGF1R,1271.9800,1184.3850,3869.9900,1753.3400,823.3515,1069.4650,2085.6857,780.7100,2695.1100,2347.1000,2314.2500,2420.5450,1748.3150,63.4304,1421.3300,2815.1300,1540.0600,1912.5889,1462.5300,2914.8800,3628.7600,1178.5258,979.0980,2747.5400,1120.5294,1849.0700,2635.1800,1618.1348,1709.8400,4455.3950
IGF2,328071.0000,2205.1050,1403.8600,484.3390,1639.1100,435.6535,838.9673,459.6670,1086.0400,92.0354,325.0670,98.2345,386.9110,1460.6800,343.6250,397.8940,2902.0500,8992.7200,1484.4600,134623.0000,308.4510,643.5626,2514.0000,260.7910,1126.1438,518.0760,301.8490,1155.0218,175212.0000,152.6230
IGF2R,3708.4700,2353.1650,3044.8600,2573.0000,2864.1750,3836.6000,4687.0110,1379.8900,5190.2850,4026.9250,4546.0800,4142.7300,1696.0050,3828.7300,4101.2600,4800.0800,3149.9700,2094.2740,3262.6900,3013.4900,4020.1500,4126.0502,4777.7400,5042.8600,3577.6425,2510.1850,5216.9800,2639.1200,3111.0200,4355.4600
IGFBP1,2.4058,1.4369,0.4057,0.3770,756.2215,0.8529,0.8948,39.6773,0.8770,7.1905,17.4871,2.0398,24.8194,10780.1000,1.5464,0.7266,5.9982,2.6070,27.9962,0.8446,0.0000,1.1212,1.7271,0.3883,2.8560,2.0154,0.6658,0.0709,1.4890,0.0000
IGFBP2,1090.6600,638.6580,2281.5500,1646.1500,738.8775,2864.9700,1640.6534,9152.0600,4174.3150,180.0090,323.2790,302.0560,258.5155,7983.3700,1618.0100,9362.1600,3659.1900,12055.1859,2160.8650,1217.7600,5436.6000,2948.5250,583.8900,1019.4300,1868.7175,3622.4500,606.8700,7341.5898,13236.2000,1461.3900
IGFBP3,3309.6700,14765.3500,2382.2000,4577.5600,1930.5100,2156.9526,2611.3611,4134.1850,4418.8700,2952.6350,47032.6000,3691.5250,663.8430,3080.8700,5002.5100,7856.2100,3325.2700,3120.7541,10639.7000,2163.4700,1765.2700,1999.8950,6118.2000,1722.6200,3527.9447,1710.8250,1448.9300,6472.0298,8061.8700,312.5285
IGFBP4,1846.6800,12593.7500,13056.5000,6023.3100,8129.3900,6592.5997,4919.2827,2203.0650,6206.3850,2059.7750,21245.5000,14868.9000,657.5575,22323.8000,9116.6300,7749.5700,16788.1000,3661.9941,16258.7000,4965.8900,4378.8700,6395.0900,16540.2000,4400.7800,6501.7645,3298.4300,14299.3000,4961.9410,8675.5100,1133.2950
IGFBP5,1965.5000,3020.7600,11887.0000,1131.2500,3306.0000,4512.4800,4003.7611,20196.4500,3205.6550,23580.8000,19514.7000,1912.6200,4804.1650,1354.8000,5965.2800,9260.8500,10060.8000,5561.3043,21694.5500,7201.8800,9532.4100,4649.1516,22055.1000,1685.9000,8086.7999,1381.2350,29228.5000,4713.5421,21628.3000,1129.8950
IGFBP6,59.6437,274.0560,133.7000,204.6870,144.2570,96.3965,250.7219,110.8180,1392.8650,42.0232,329.3080,3517.1850,59.9524,57.5754,132.4270,153.5000,2435.4600,137.1243,769.6460,135.9130,435.0410,99.6372,858.9470,132.0460,203.1513,833.1775,2603.8000,105.1816,308.1970,125.5260
IGFL3,0.0000,0.0000,0.8993,0.2830,0.0000,0.4312,0.6039,0.5428,5.2986,0.0000,0.0000,0.0000,0.0000,0.0000,0.0000,1.1344,1.6234,0.0173,2.1459,0.0000,0.0000,0.0000,0.0000,0.5799,0.0173,0.0000,0.0000,0.0000,0.0000,0.0000
IGSF11,54.6300,25.7047,2.5634,2.1704,6.5487,0.7052,17.5947,882.5140,21.7267,5.9204,5.9932,25.6990,843.0105,0.5958,4.8832,138.8920,16.8964,43.4022,32.9438,105.2370,4.2073,0.9054,5.4672,767.2490,4.7832,28.0425,5.8203,8.8384,18.7320,815.1650
IHH,1.8779,1.6522,0.3305,0.9838,20.9830,1438.5233,2.8309,1.0472,0.5426,13.2198,26.4272,52.2084,0.9003,102.1900,4.2150,1.2903,0.5147,0.5155,196.0670,1.9984,139.7109,1666.5899,0.7849,1.4543,347.2070,55.7751,0.2592,169.2631,3.8425,2.4556
IL10,2.5912,9.0366,10.1555,12.0968,3.4433,5.8144,8.3455,17.3834,13.0397,2.3885,12.9190,4.3776,3.8958,3.2528,14.1800,13.5717,31.1906,37.0648,9.3743,5.0110,3.1799,5.3254,18.8907,6.6578,12.0959,16.5924,3.3267,7.3657,10.9195,1.7253
IL10RA,115.4530,189.9970,398.3800,282.2160,251.6975,235.8410,238.3054,520.7505,342.8925,161.2660,985.3690,451.2725,282.0695,285.6300,783.9080,498.5460,835.6660,313.7220,564.5905,182.0310,193.7410,197.1877,545.8330,242.6670,460.3248,670.0055,264.6540,216.7958,164.2650,108.9295
IL10RB,688.6160,1011.6300,702.9630,1163.8400,922.8735,1128.2250,750.6164,724.3595,979.0135,442.5245,1211.6500,753.0335,366.0350,955.2990,1176.5600,1001.7000,1457.8400,1315.0310,1241.9350,374.5400,982.4870,1145.1050,1012.6100,685.6420,1021.7373,646.8650,604.9290,782.3495,757.5310,651.8415
IL11,1.2937,48.0378,12.6776,43.5335,22.1043,36.9055,38.0853,15.1066,115.6880,2.2016,1.0192,1.7148,6.5453,1.3495,14.2480,36.8217,32.5113,15.4276,47.8642,11.5361,10.4563,38.1989,7.1507,12.6812,32.4630,29.0662,1.5964,15.8282,35.1450,1.7147
IL11RA,215.4900,133.9680,138.8570,145.8400,227.8310,90.6916,76.8642,356.4175,98.8890,145.0955,132.3200,175.1705,369.2220,447.0430,169.5300,110.9030,261.6570,249.5965,181.9570,386.3780,252.1430,93.5771,541.1600,251.7440,74.4452,172.8305,575.0850,124.0815,1009.0800,831.0905
IL12A,1.1025,4.3094,4.5093,9.4970,4.0305,7.6961,7.1299,28.4300,4.2107,1.6969,3.7360,1.4447,32.9117,2.7624,10.9520,12.7002,4.1724,28.1722,6.5441,11.3945,1.9560,8.7797,8.6505,1.3768,6.5234,9.4689,1.9508,6.4264,18.3040,0.0000
IL12B,0.0000,0.7562,2.3731,2.3543,0.7154,0.7028,0.6731,0.0000,1.9379,11.2631,2.5694,0.3541,0.0000,0.5889,5.1963,2.1382,1.0728,0.6442,1.9323,0.5006,1.3293,0.8597,1.3717,0.6458,1.0969,11.0530,0.7244,0.8145,0.8873,0.0000
IL12RB1,8.7083,23.5006,33.8798,47.6079,24.2970,49.9564,44.4450,40.2558,63.0828,20.4737,89.7821,27.5517,24.4851,25.1127,76.0997,51.8489,65.0591,34.5007,68.9833,9.9133,14.9397,39.2451,43.9030,50.3413,84.4430,88.7689,17.4500,23.0692,9.1664,13.7871
IL12RB2,4.4643,12.2496,10.6521,125.3360,5.5561,7.7944,34.9619,3.6732,234.0260,6.6865,16.9323,109.2205,4.5219,6.8548,16.3535,71.7416,6.3025,11.7456,7.4131,1.2728,2.8143,7.4621,13.8090,598.3750,17.3927,37.3958,4.0196,7.2064,17.7903,290.6700
IL13,0.5461,0.3365,0.0000,0.4610,0.4797,0.4952,0.3510,0.7728,0.3998,0.0000,0.2978,0.0000,0.8600,0.0000,0.5357,0.3599,0.3962,0.0729,0.3918,0.5185,0.0000,0.4133,0.3891,0.0000,0.4574,0.3636,0.0000,0.0000,0.0000,0.0000
IL13RA1,1527.9000,1858.5750,3945.9500,2256.5200,2826.8800,3398.1650,3017.1298,1885.7950,2703.5100,1890.0700,2726.4200,1991.5450,1043.6550,3713.1300,3542.1600,2638.0600,2621.9900,2863.0123,3272.6150,1466.2100,1733.3889,3321.0150,2206.7200,1971.2500,3287.5877,652.8845,3057.1700,2283.3066,1558.4400,1182.8400
IL13RA2,47.5580,9.0171,3.1489,2.5688,1.9712,7.3565,9.1494,457.4545,7.6236,1.0604,16.0000,0.5281,9.0355,3.1442,7.9404,7.1795,4.1171,1.6534,6.8168,1078.0700,23.3055,12.3153,14.0693,13.2367,4.1979,37.4892,5.3388,3.7426,27.6904,1.7407
IL15,55.7787,50.7533,43.8175,150.6440,106.1570,65.3383,100.4016,27.4650,93.6016,178.9880,158.2340,85.4790,5.3429,41.8426,89.4998,69.6396,161.4650,121.2843,110.6060,27.0950,33.9527,50.6116,73.6961,20.0087,99.8552,51.6521,242.4240,53.4903,23.9811,3.1727
IL15RA,91.4547,226.4325,153.0750,371.9070,591.1335,384.2027,337.3016,56.8663,359.9875,95.1681,332.9060,49.6156,31.1991,398.2680,337.7720,336.1580,438.6600,204.0977,520.1080,87.1324,100.3410,392.9645,254.7650,56.5463,442.4206,111.0520,134.2410,204.4914,60.7799,13.9779
IL16,80.7675,203.7530,401.1910,245.7870,155.0835,174.4959,209.0938,256.6050,264.4530,151.9035,625.2940,214.9010,173.4195,180.5830,503.6340,371.6050,614.1760,194.6601,474.5270,126.4350,179.2350,160.4052,418.1000,832.9090,286.8610,457.0645,187.0940,149.3049,105.8550,363.1190
IL17A,0.0000,0.0000,0.0000,0.5377,0.0000,1.9413,1.0037,0.0000,0.6957,0.0000,0.0000,0.0000,0.0000,0.0000,0.0000,0.0000,0.0000,-0.0480,0.0000,0.0000,0.0000,4.2089,0.0000,0.0000,1.6012,0.0000,0.0000,0.0000,0.0000,0.0000
IL17B,11.8473,1.7283,2.2059,1.1211,0.5347,1.3556,0.7995,2.1688,1.4582,1.2398,3.1133,0.4707,0.3493,0.4730,0.8006,0.7266,0.9552,0.8213,2.2540,2.1157,6.3637,1.6825,7.7684,2.8665,1.4933,7.6364,0.3305,1.5975,12.3025,0.1740
IL17C,0.0000,0.9443,0.3598,1.0638,0.6514,2.4594,3.2985,0.4951,1.1930,0.0000,0.2753,0.3000,0.5118,0.0000,2.6286,0.7117,0.5758,1.9759,1.5395,0.3499,0.5762,1.9965,0.0000,0.2889,4.1306,1.3961,0.9142,2.9750,0.9768,0.0000
IL17F,0.0000,0.0000,0.0000,0.0000,0.0000,0.4801,0.4996,0.0000,0.0000,0.0000,0.0000,0.0000,0.0000,0.0000,0.0000,0.0000,0.0000,0.0812,0.0000,0.0000,0.0000,0.8579,0.0000,0.0000,0.5545,0.0000,0.0000,0.0000,0.0000,0.0000
IL17RA,188.3480,311.0710,283.8460,328.4840,381.2775,314.9545,356.8349,194.7910,493.1135,389.6025,332.7720,257.8935,206.1090,264.3780,346.3450,444.8650,334.4180,256.6637,378.1770,108.5530,273.4810,339.4966,315.8840,340.0640,351.8281,335.7555,229.5740,234.4033,219.2560,349.1365
IL17RB,17.0893,44.1854,262.6340,140.7270,604.2920,416.9276,128.2034,531.9240,17.5007,51.7853,340.2720,926.2930,364.6625,1100.7300,117.0610,35.0929,36.3873,94.1502,200.0680,31.6706,148.2470,485.4962,34.5543,30.5751,356.0885,56.4401,59.3635,141.4703,81.7837,23.4096
IL17RC,1024.6700,646.7565,858.1080,573.1040,522.0610,416.0778,342.4970,708.1005,505.3475,800.8760,480.8570,826.4030,293.3125,1214.5200,591.6780,373.5870,558.4420,486.9245,668.5505,1386.1300,1662.9900,435.9555,627.2450,1016.3100,376.8925,195.3105,878.0900,582.6847,560.6940,807.1600
IL17RD,49.3650,128.1550,508.1430,186.7150,112.6000,162.9830,149.9793,908.1535,131.2655,272.9695,358.5150,1078.9800,1437.1450,13.2032,115.4860,157.6000,208.8770,540.5932,202.1875,220.2250,339.4130,207.4271,586.9070,185.9440,131.8616,964.0725,286.5530,589.2291,908.3180,50.3261
IL17RE,48.3697,299.6475,283.9080,302.4060,426.3570,861.6710,214.6858,38.1397,341.9790,135.3375,52.4990,34.4901,36.7946,180.3990,367.1080,189.7150,184.3800,154.3150,561.7555,97.7144,132.1300,994.9435,52.2023,94.3429,430.2234,35.3524,328.3650,197.6876,96.7643,52.9656
IL18,49.4424,319.2140,150.0990,457.9260,1011.2350,463.5071,505.6801,303.5195,697.4650,2726.4000,408.3580,659.0705,135.0355,76.8769,377.2380,350.7140,2020.5000,208.4864,775.4520,31.0642,59.4305,372.4333,99.8240,71.4730,419.0268,188.4510,180.0600,221.1848,50.2636,12.4514
IL18R1,19.8743,49.5617,40.9502,67.0010,65.8358,45.6968,144.3463,9.2983,73.5675,12.3840,196.8650,84.5192,8.3945,75.4717,70.7756,87.3728,70.1540,53.6019,127.7245,11.1881,32.1782,39.5511,51.5081,9.3209,134.1136,50.0337,67.6231,59.0376,34.1194,5.4049
IL18RAP,3.8425,7.9421,6.4739,20.5869,12.4261,10.3990,15.6512,5.0310,15.1436,5.9642,25.8848,9.2264,1.9121,12.8480,18.5460,17.1125,12.7660,5.0018,19.3348,4.3108,4.8491,9.7062,9.3604,3.9753,24.3437,43.7335,5.1024,8.8776,2.4763,0.6644
IL19,0.0000,1.0638,0.8172,6.2416,0.0000,0.0000,2.2025,0.0000,3.7392,0.0000,0.0000,0.0000,0.0000,0.0000,0.2809,0.7577,0.4172,1.4555,1.0675,0.0000,0.0000,0.0000,0.0000,0.3329,1.0848,3.0503,0.4062,10.8697,0.9474,0.0000
IL1A,1.0571,192.5340,2.1107,52.4272,2.5754,22.9162,89.1586,25.7789,444.5620,1.9340,1.3011,2.3453,7.3638,0.3673,9.3330,79.0698,3.5989,5.1059,19.6630,0.8387,0.4038,19.1782,2.1748,3.6765,10.1005,5.2122,2.4813,4.5987,1.6191,0.0000
IL1B,7.5238,166.0735,60.7918,128.2750,47.8886,261.0484,219.8565,173.3455,434.3315,25.9033,87.1242,47.5587,69.6037,14.8902,109.6500,192.4400,155.9670,139.6716,69.5987,41.0539,21.8380,234.2899,23.4009,42.3996,229.5633,47.9776,36.8732,67.0032,33.1596,1.8371
IL1F10,0.0000,0.0000,0.0000,0.0000,0.0000,0.0000,31.1738,0.0000,5.1707,0.0000,0.0000,0.0000,0.0000,0.0000,0.0000,0.5758,0.0000,0.0000,0.0000,0.0000,0.0000,0.0000,0.0000,0.0000,0.0000,0.0000,0.0000,0.0000,0.0000,0.0000
IL36RN,0.0000,9.4333,0.3281,21.5711,0.0000,0.5149,44.7743,0.0000,832.8495,0.0000,0.0000,0.0000,0.0000,0.0000,8.0028,93.3665,0.0000,0.8891,0.4909,0.0000,1.4896,1.1206,0.4625,10.8743,0.2907,0.4442,19.1244,0.3709,0.8501,0.0000
IL36A,0.0000,0.0000,0.0000,0.0000,0.0000,0.0000,537.2319,0.0000,7.5514,0.0000,0.0000,0.0000,0.0000,0.0000,0.0000,0.0000,0.0000,0.0000,0.0000,0.0000,0.0000,0.0000,0.0000,0.0000,0.6424,0.0000,0.0000,0.0000,0.0000,0.0000
IL37,0.0000,0.7082,0.0000,0.7428,0.0000,1.1608,0.6358,0.0000,0.5243,0.1436,0.0000,0.0000,0.0000,0.0000,6.5147,0.2836,0.0000,0.4390,1.0568,0.0000,0.0000,1.2152,0.5627,0.0000,0.7995,3.9505,0.0000,0.0000,0.3848,0.0000
IL36B,0.0000,0.0000,0.0000,0.0000,0.0000,0.0000,0.9958,0.4827,7.0283,0.0000,0.0000,0.0000,0.0000,0.0000,0.0000,1.0793,0.0000,-0.2354,0.0000,0.0000,0.0000,0.0000,0.0000,0.3887,-0.2354,0.0000,0.0000,0.0000,0.0000,0.0000
IL36G,0.4335,2.1595,0.0000,35.9501,0.0000,0.8573,32.3943,0.4435,499.6370,0.4075,0.0000,0.0000,0.0000,0.0000,2.0574,54.5004,0.0000,0.6339,0.7371,0.0000,0.0000,1.0560,0.7850,1.8643,0.7026,0.9150,0.0000,0.7298,0.4446,0.0000
IL1R1,2094.0800,1253.4700,1241.0500,730.6180,1580.7900,489.4335,1187.5036,211.3795,1257.3350,366.2725,1436.9800,1197.0350,123.7290,1908.5200,2889.8100,1832.6300,3349.7100,1920.1355,3204.0900,443.3350,5057.1200,462.7426,1641.0700,371.3820,1408.1415,475.2195,1729.6900,1770.6607,766.7340,534.4790
IL1R2,108.1210,31.3711,7.2820,51.2821,183.8005,104.0314,127.6921,24.0559,316.3400,10.8110,69.3763,14.7965,2.1622,187.2690,44.6726,89.3103,16.8889,28.9754,236.7480,2.8715,7.2051,98.5530,17.0877,15.6333,108.7307,41.0874,17.4603,102.2827,29.6593,3.5055
IL1RAP,99.8843,290.2605,158.9680,805.0000,977.6760,184.2635,722.7558,1333.4500,1338.3600,58.3862,313.6850,101.5775,254.5930,597.0950,483.7330,1244.6900,624.5720,923.1408,598.7720,80.5236,218.0890,180.5839,216.3670,708.6260,241.0316,136.7945,691.4860,210.3830,185.7040,132.6290
IL1RL1,8.1411,4.9519,5.6883,3.7209,10.0584,6.8660,27.8381,6.3987,24.9581,2.8195,45.5175,21.2489,2.8782,3.2528,23.9370,16.8463,8.1893,3.3332,33.2190,3.1056,5.8091,8.2560,10.8018,2.4435,26.9751,2.4908,80.2834,2.1801,1.3782,0.0000
IL1RL2,5.6338,29.5046,10.1750,56.5795,11.4163,17.1750,54.2575,0.8371,63.7643,66.9933,46.8432,16.5208,0.9365,15.0283,25.9366,35.3717,12.9969,29.8917,11.2909,3.8707,7.3176,14.9704,7.7093,1.8910,15.7615,0.9348,75.5109,10.7028,5.9651,0.0000
IL1RN,28.4848,1440.9900,201.5110,2073.0900,128.5750,243.6412,1625.8541,61.9325,4252.0850,16.5178,36.4116,32.3053,7.2957,1017.5200,291.7100,1141.9400,204.8800,307.7827,1066.8100,11.9969,32.6865,213.1116,68.6977,134.7630,752.4027,128.9770,228.1090,140.6737,94.5693,4.5466
IL20,0.0000,0.6809,13.9785,2.5754,0.0000,0.0000,1.6400,0.0000,16.1667,2.4234,0.0000,0.0000,0.0000,0.0000,0.0000,0.5249,2.6137,0.4400,0.0000,0.4211,0.3861,0.0000,0.3279,0.4901,0.2737,0.0000,0.0000,0.6287,0.0000,0.0000
IL20RA,299.5650,448.4045,255.7580,319.4760,211.4405,585.4920,278.9455,34.2175,232.6495,37.4744,1.3473,18.7526,19.9967,0.8834,128.2050,286.5170,47.9692,175.9159,468.8555,908.3490,645.4720,596.9275,4.4414,2.9547,265.2796,5.4683,17.0504,385.6601,84.5098,0.7042
IL20RB,11.5350,63.7059,10.8959,1988.1100,30.7942,11.8445,164.7562,15.6647,2367.8800,3.4664,44.1088,14.9747,12.3613,16.2993,28.9790,272.8360,38.8311,22.7162,56.9682,7.7830,10.0278,12.6160,31.0633,33.0522,21.4325,38.7779,5.9422,19.9342,46.7487,2.2953
IL21,0.0000,0.0000,0.0000,0.0000,0.0000,0.0000,0.0000,0.0000,0.0000,0.0000,0.0000,0.0000,0.0000,0.0000,0.0000,0.0000,0.0000,0.0000,0.0000,0.0000,0.0000,0.0000,0.0000,0.0000,0.0000,0.0000,0.0000,0.0000,0.0000,0.0000
IL21R,8.0008,33.9652,68.0265,62.7100,34.4714,45.3870,38.5241,41.9533,88.3893,10.2996,100.0490,14.8997,14.8562,12.6775,146.1880,95.0770,124.8040,34.7938,70.0924,13.8441,12.7469,39.4327,60.3204,25.6583,65.6901,135.9175,39.0660,37.4449,12.6176,3.8430
IL22,0.0000,0.0000,0.0000,0.0000,0.0000,0.0000,-0.1606,0.0000,0.0000,0.0000,0.0000,0.0000,0.0000,0.0000,0.0000,0.0000,0.0000,-0.1606,0.0000,0.0000,0.0000,0.3930,0.0000,0.0000,-0.1606,0.0000,0.0000,0.0000,0.0000,0.0000
IL22RA1,86.8378,97.2234,11.1524,213.1250,244.8040,941.1227,371.6443,2.9484,367.7915,0.3916,120.0690,121.6810,0.8706,310.1240,36.9852,114.6530,37.5736,38.4786,584.3700,0.5105,10.4112,1166.0770,19.1175,15.8046,443.6694,206.9045,61.6519,25.4056,22.9124,0.0000
IL2,0.0000,0.0000,0.2638,0.0000,0.0000,0.0000,-0.0063,0.0000,0.0000,0.0000,0.3771,0.0000,0.0000,0.0000,0.4922,0.0000,0.0000,-0.0063,0.3016,0.0000,0.0000,0.0000,0.0000,0.0000,0.2643,0.0000,0.0000,0.0000,0.0000,0.0000
IL23A,9.0556,38.8916,8.4005,38.0247,27.0915,31.1686,25.4083,6.6744,40.7216,3.9396,6.0506,9.2097,4.2657,7.8064,23.0748,37.5499,10.8648,18.5087,45.6676,7.3375,7.5569,35.5382,5.5006,7.5823,21.5872,49.5267,16.5227,28.0704,11.4759,5.6602
IL23R,1.6562,0.4921,0.3227,0.4501,0.4477,9.4837,1.0280,0.0000,1.2906,0.0000,0.8230,0.8658,0.0000,0.5422,1.0753,0.8201,0.0000,-0.3613,1.9043,0.0000,0.3539,10.9784,0.0000,0.0000,2.9180,1.5226,0.0000,0.0741,0.0000,0.0000
IL24,0.0000,9.5950,5.8847,11.3429,1.6560,11.9970,29.3327,0.6663,132.9040,0.5841,2.5981,0.8983,0.0000,0.8765,4.3568,8.7722,2.7456,1.4076,3.1674,0.5546,1.4527,11.7837,3.6744,13.0953,10.7314,3.5568,2.3196,2.4209,1.9979,1.8241
IL25,0.0000,0.0000,0.0000,0.0000,0.0000,0.0000,0.1753,0.4341,0.0000,0.0000,0.0000,0.0000,0.7005,0.0000,0.0000,0.0000,0.0000,6.5133,0.0000,0.3314,0.0000,0.0000,0.0000,0.0000,0.3483,0.0000,0.0000,0.0000,0.0000,0.0000
IL26,0.0000,0.0000,0.0000,0.5909,0.0000,0.9012,0.5865,0.0000,0.7221,0.0000,0.3192,0.0000,0.0000,0.0000,0.6561,0.4090,0.4630,-0.1217,0.0000,0.0000,0.0000,1.4051,0.8760,0.0000,0.9841,0.8605,0.0000,0.0000,0.0000,0.0000
IL27,0.6979,1.0119,1.8083,1.1111,1.3092,1.1662,0.8328,1.6291,1.0688,1.5454,1.4179,0.4103,0.8194,81.9662,1.8226,1.3586,2.5824,1.7733,1.0061,0.4279,0.5132,1.1251,2.3924,1.1598,1.8142,6.9481,0.3610,1.8100,0.9440,0.4452
IL27RA,91.3978,186.3215,305.1320,395.0070,279.9670,299.6063,270.7880,136.9105,418.5575,70.9027,386.7560,288.0535,98.1343,140.9180,693.8070,359.8620,215.4030,259.9693,328.3005,111.9670,134.9200,258.0735,198.3200,233.6490,308.9132,428.9730,416.9480,357.6979,355.3680,39.2133
IL2RB,36.8559,155.0660,250.4420,377.0340,127.2770,219.4690,203.5066,40.8946,362.9300,175.2160,527.0660,103.4690,9.0752,117.6030,405.2840,372.7170,405.2440,164.5771,210.1720,39.9403,122.1530,219.5390,168.1470,176.7460,348.8610,536.7880,205.4650,287.2197,66.6502,40.9990
IL2RG,38.7189,257.6565,358.5480,594.6050,418.3980,1596.2550,418.9106,79.2588,423.3580,70.5710,551.9040,233.6890,23.0263,291.1540,828.5710,520.3490,408.6690,238.7936,1501.8800,49.7167,185.9030,2084.8100,196.3950,196.4320,1552.6050,866.5755,192.4420,346.8752,101.0130,45.6002
IL31,0.0000,0.0000,0.0000,0.0000,0.0000,0.0000,-0.0057,0.0000,0.0000,0.0000,0.0000,0.0000,0.0000,0.0000,0.0000,0.0000,0.0000,-0.0057,0.0000,0.0000,0.0000,0.0000,0.0000,0.0000,-0.0057,0.0000,0.0000,0.0000,0.0000,0.0000
IL31RA,0.3861,0.9415,0.6961,1.6260,1.1993,0.5201,3.4861,0.4532,41.0379,0.3489,1.4853,1.5433,0.0000,0.5345,19.1549,14.6042,1.1455,0.6905,3.5821,0.0000,4.6414,0.5594,3.4710,1.6380,2.2113,3.9787,0.3418,2.0330,3.5571,0.0000
IL3,0.0000,0.0000,0.0000,0.0000,0.0000,0.0000,0.0000,0.0000,0.0000,0.0000,0.0000,0.0000,0.0000,0.0000,0.0000,0.0000,0.0000,0.0000,0.0000,0.0000,0.0000,0.0000,0.0000,0.0000,0.0000,0.0000,0.0000,0.0000,0.0000,0.0000
IL33,93.8055,99.5389,115.4470,107.3020,80.9913,528.3355,102.5337,746.0690,108.8125,114.2000,309.9160,68.5207,717.8355,133.8320,338.2110,269.2790,106.8050,48.6972,240.0870,182.6040,366.8870,393.7181,733.2480,65.2965,223.0235,224.2480,123.5230,252.4524,112.9630,25.0973
IL34,218.4350,46.1171,75.1445,59.3368,170.7275,59.9886,39.8690,88.4529,69.4778,41.3118,142.1670,100.2050,103.1735,72.1097,56.8670,61.5228,185.9500,61.4445,112.1040,314.5860,75.2670,78.3706,134.6760,49.7872,68.7220,222.1625,169.3650,49.6818,117.5250,64.3045
IL3RA,130.3220,104.5965,118.6370,68.0238,94.2238,116.7370,57.2623,63.1131,104.1205,109.5165,378.8160,48.2816,68.8876,118.8290,161.2190,93.6302,134.6570,34.0598,199.3485,147.8310,86.6983,133.3009,199.5310,73.4551,100.1600,178.6160,158.0080,99.4370,81.8744,31.1197
IL4,0.0000,0.0000,0.0000,0.0000,0.0000,0.0000,0.1049,0.0000,0.0000,0.0000,0.0000,0.0000,0.0000,0.0000,0.0000,0.0000,0.0000,0.1049,0.0000,0.0000,0.0000,0.0000,0.0000,0.0000,0.1049,0.0000,0.0000,0.0000,0.0000,0.0000
IL4R,337.7240,2334.3800,1000.1300,3026.1300,2916.0700,1634.5245,1828.3017,478.1020,3304.5000,246.4900,1600.6200,1383.3850,296.7410,1707.3200,1976.1700,1529.0800,1493.7300,543.5164,2609.1150,371.5640,872.4860,1720.7485,1836.3600,635.6770,1608.8845,1882.0600,1214.7300,756.1257,545.1760,594.4015
IL5,0.0000,0.0000,0.0000,0.0000,0.0000,0.0000,-0.2078,0.0000,0.0000,0.0000,0.0000,0.0000,0.3548,0.0000,0.0000,0.0000,0.0000,-0.2078,0.0000,0.0000,0.0000,0.0000,0.0000,0.0000,0.0000,0.0000,0.0000,0.0000,0.0000,0.0000
IL5RA,0.0000,0.3403,0.7271,0.4172,0.0000,0.3417,0.1725,0.0000,0.9283,0.0000,0.7151,0.8471,0.0000,0.0000,5.6134,3.9683,0.9552,1.7386,1.6597,0.0000,8.9907,0.4241,0.3868,0.0000,0.8135,0.4850,0.3956,1.7044,0.4048,0.0000
IL6,4.8485,48.8850,16.3158,26.8336,10.3823,39.0161,57.3065,30.1923,95.8657,5.4055,29.3863,6.5827,4.3832,4.0650,76.3483,122.7370,120.4420,23.5197,36.2390,14.6805,24.9247,35.1015,31.2537,21.4610,63.6571,67.8620,18.0280,16.3098,17.1536,1.2402
IL6R,184.6970,57.7600,134.4480,102.1930,229.1765,117.5776,258.1477,154.0040,371.0160,119.3835,565.3510,396.5290,143.8625,1069.4000,542.9940,313.0190,134.4130,469.1388,251.9905,44.9153,156.1150,101.5500,165.4210,355.3400,226.1579,661.0335,70.2594,115.5410,51.7241,200.0670
IL6ST,222.1610,163.0015,1833.9800,217.4890,984.6600,259.4113,605.0100,792.3165,459.7650,524.7790,2015.4000,496.5395,1079.2500,575.5140,876.5250,436.8900,816.0380,208.7442,726.3575,389.3850,724.7780,262.1874,569.9940,327.5390,666.2681,421.5920,1057.7900,186.7864,120.5790,278.8830
IL7,12.9057,31.9425,15.3188,47.7127,53.6406,136.9260,64.3929,27.7659,43.0606,15.6400,90.0061,48.8371,6.4910,71.3952,68.1228,45.1367,72.1299,13.9864,79.8800,18.0723,38.2395,130.1105,37.1257,10.7143,101.1732,8.2616,16.7008,26.9355,8.4635,2.7005
IL7R,37.7113,26.3734,62.5559,32.2581,32.5540,73.4377,97.7909,9.4011,153.6380,6.2013,119.3060,27.7483,2.8836,12.3239,208.3330,166.4170,21.1660,21.5638,122.7435,5.5046,37.2168,68.5612,17.0455,7.6343,105.3875,44.6867,19.6807,16.1678,3.2419,0.4317
CXCL8,24.9002,303.3510,34.1310,559.3500,1825.8050,977.2482,913.5455,400.6235,1022.9750,19.9376,69.5473,178.1690,16.1482,121.1500,535.7820,1062.2900,112.9270,216.3297,683.4685,25.6842,65.6796,793.6684,35.5297,165.5390,974.0089,25.4636,91.1708,176.4828,86.1865,2.4864
IL9,0.0000,0.0000,0.0000,0.0000,0.0000,0.0000,0.0026,0.0000,0.0000,0.0000,0.0000,0.0000,0.0000,0.0000,0.0000,0.0000,0.0000,0.0026,0.0000,0.0000,0.0000,0.0000,0.0000,0.0000,0.0026,0.0000,0.0000,0.0000,0.0000,0.0000
IL9R,0.5513,23.5724,5.3643,6.2112,3.2598,4.3693,3.0433,0.5391,7.8623,2.2608,3.7943,2.0749,0.4263,0.9794,8.1538,6.0137,3.3433,1.1488,6.6867,1.2568,2.1747,3.9489,0.9519,1.7341,4.9259,3.5210,2.1767,5.0712,0.9234,0.7522
INHA,2541.2900,10.5113,11.7493,4.9507,53.8680,0.8116,4.8220,20.2203,3.6032,6.7515,7.5885,12.8008,22.8280,2.9674,8.6461,10.4513,72.9286,30.1602,24.4040,192.5930,10.2715,0.9245,5.6497,9.9233,1.5429,28.4269,7.0396,14.4100,26.0008,9.0804
INHBA,10.0418,93.2440,285.6750,44.0828,67.6249,132.5414,273.6538,10.1701,582.2350,17.8029,89.7947,12.5200,12.0833,39.0356,177.1140,219.4400,112.2100,45.4940,429.6435,13.2649,33.6474,127.7029,86.8033,22.5757,290.3841,22.2175,31.1372,31.8893,42.6856,0.8902
INHBB,368.8490,117.1845,553.4230,57.9858,609.0750,78.3645,184.4470,340.5510,156.7175,226.3675,1342.1700,81.6745,291.1040,948.4190,356.4050,220.6250,150.6230,654.6937,306.8400,192.4660,846.3430,104.3210,466.4290,54.4373,150.4956,86.5811,2712.7500,462.5920,213.7570,55.9146
INHBC,0.4695,0.5270,0.7515,0.8181,15.0660,0.4239,0.9426,2.7009,0.8010,1.3575,3.1467,4.6400,8.1941,764.2330,0.9965,1.5894,0.9325,2.5852,1.0184,0.5556,2.4929,0.4720,1.2323,0.9802,0.5759,2.2462,2.0736,0.8028,2.8914,1.1345
INHBE,3.3296,3.7075,1.6164,4.1551,115.3820,6.9196,5.1875,5.2985,5.7713,3.9978,12.9927,16.9304,3.3810,1455.0700,3.3789,10.8368,6.2972,7.7213,8.3171,11.7117,6.6639,6.2732,21.4125,2.2422,5.9576,14.3697,1.2419,6.1090,26.7152,2.5209
INS,0.0000,0.0000,0.0000,0.0000,0.0000,0.0000,0.0000,0.0000,0.0000,0.0000,0.0000,0.0000,0.0000,0.0000,0.0000,0.0000,0.0000,0.0000,12753.1500,51.9884,0.0000,0.0000,0.0000,0.0000,0.0000,0.0000,0.0000,0.0000,0.0000,0.0000
INSL3,15.7767,5.4970,1.8277,3.0729,6.0120,3.9416,5.0508,1.0480,2.8424,0.5893,4.0201,4.7111,0.5218,1.1468,4.7029,3.1080,4.6769,8.1945,6.7483,0.5565,0.9506,3.2925,2.5381,1.6368,6.0601,13.7752,4.5751,3.5472,6.9264,0.4155
INSL5,0.0000,0.0000,0.0000,0.0000,0.0000,0.0000,0.1753,1.0026,0.0000,0.0000,0.0000,0.4138,0.4069,0.0000,0.0000,0.0000,0.0000,1.7604,0.0000,0.0000,1.1949,1.2389,0.0000,0.0000,0.0000,0.0000,0.2820,0.6038,1.2381,0.0000
INSR,4376.1000,1204.4900,2101.3900,599.3530,2574.5250,1239.7597,1511.7851,923.1965,772.8310,4205.0500,7873.7400,1671.8000,1097.2500,3912.4900,1393.1900,1061.6900,849.2390,1098.5130,2644.0400,2782.9000,2010.8452,1318.7989,2028.3300,598.9430,2106.2008,966.1640,2791.2700,886.5443,764.5670,974.8500
ITGA10,30.6034,18.8334,65.9800,14.8678,42.1335,10.8392,22.7637,107.4910,15.6487,9.4353,82.0926,6.4069,60.6741,19.0390,42.9967,20.7283,32.9369,19.0841,88.5756,51.2494,26.0038,9.4996,111.4860,138.2950,19.2266,34.9475,72.4113,29.8519,41.3052,21.9378
ITGA11,87.7893,217.1060,1013.3400,107.2740,174.9990,391.3723,249.3975,111.1710,213.7945,41.6929,263.7790,39.1159,53.1448,63.8556,459.6850,404.1640,380.4550,291.5256,1076.7150,187.0850,253.9400,396.0605,1612.8600,135.3690,497.0619,160.2165,80.5654,135.7067,247.2210,28.2696
ITGA1,1961.5300,332.9425,682.3050,247.3120,750.1990,879.6570,806.2072,501.4415,394.8490,1071.4200,3303.4700,322.1380,147.9990,1473.5000,850.8870,469.4950,424.5840,267.8223,1441.8600,873.5130,761.4640,870.0017,905.8220,188.8830,1227.7082,268.6860,482.1830,397.0452,297.3070,40.9657
ITGA2,375.8010,900.7240,836.4410,1686.8500,1095.5750,1962.2960,2273.1913,363.3130,2704.7850,665.1910,868.2040,429.1975,137.8555,113.1770,1437.2400,2303.2200,244.8980,123.6452,2587.4150,136.3150,379.6590,1563.6800,176.8420,292.0670,1596.8964,126.5510,1002.2100,237.5187,143.5260,13.8216
ITGA2B,3.5826,5.8379,5.5205,43.5402,11.6060,1.6991,4.5186,12.4534,11.3758,7.4277,7.8668,8.9167,18.0187,1.5166,8.5285,13.1195,12.7101,35.3818,3.8119,9.0746,2.9791,2.1796,12.9293,3.5180,2.3593,154.1115,25.2516,33.5653,77.5862,4.5105
ITGA3,1130.2200,7716.5350,1652.2200,4668.8300,2670.1850,2353.3150,4726.5218,1259.1800,10805.2500,1380.0050,6028.0000,15381.2000,519.8080,211.5130,8826.3100,3332.5000,13969.5000,3576.3839,8677.3400,2931.3500,1290.0200,2334.3643,642.7650,6805.8100,3258.2090,452.1360,16602.7000,2053.5473,924.8320,4394.5800
ITGA4,44.7607,129.8100,318.1320,135.6040,185.5925,273.0884,325.7185,262.6720,200.5765,99.9680,931.5840,111.6185,47.5911,82.5935,467.1700,394.3050,312.4880,206.0999,329.7860,125.8530,118.5280,253.5709,340.8850,128.7080,524.4313,346.6595,121.9390,164.7603,329.1570,12.9779
ITGA5,2875.5500,2185.8700,2119.5100,1431.4000,4622.0250,1186.2631,2433.2051,1516.1700,3976.5150,806.4415,4471.1500,726.1115,324.0520,3053.5500,1749.2400,2744.4500,3287.9600,913.4330,3543.9100,1239.1300,1499.8000,1214.6050,8678.5800,1181.2900,2011.1320,1658.1900,1230.3700,1218.4553,2343.6400,633.9865
ITGA6,414.9670,2780.4000,1906.2000,4290.4100,1770.5700,8482.9400,10323.1587,1538.1300,17473.5000,9225.4650,4804.6500,2785.0000,1354.0950,1485.1600,1131.7300,6847.2900,1432.0200,1415.3873,5702.1350,1589.9700,2521.7700,7935.4200,943.9330,1928.4100,6400.1428,2536.9450,1746.2600,2303.8900,1187.4200,200.6965
ITGA7,298.1820,187.6570,155.7800,103.0330,282.0330,140.0970,218.1003,3192.6700,177.2670,596.7260,822.9960,448.9450,1152.2050,367.6790,152.3570,100.9450,252.9220,374.9655,350.2950,506.7160,641.2780,158.2660,1280.0700,1042.2500,331.1111,468.5070,507.2050,136.3258,675.9760,92.7736
ITGA8,10.9938,9.6582,26.4710,5.2356,11.0633,13.6375,36.7051,13.7432,13.6451,24.4263,218.6340,5.5662,7.1900,2.9112,67.7795,20.1986,7.9830,5.3128,27.7851,38.4850,169.2310,18.2390,57.8609,2.0360,54.0985,10.6719,33.5709,4.8239,8.4295,0.9151
ITGA9,396.2590,33.6696,121.5010,14.4171,64.9411,127.0744,59.7543,32.6731,50.7759,150.6885,238.1560,24.3304,44.5163,45.3011,230.9940,72.1000,64.4112,125.1906,142.4130,82.4219,152.4410,197.9255,247.3740,179.6650,126.4849,330.4240,1186.6100,78.4589,131.5300,206.9575
ITGAE,221.7440,284.4855,221.1740,345.4750,205.5250,243.2317,349.7710,387.2670,314.0435,100.7950,156.5840,243.3215,258.8200,140.1070,302.1830,339.9890,301.6620,230.7736,245.1870,190.8870,222.7190,208.1113,278.6540,260.6300,364.5647,232.2460,169.7490,273.5320,253.6160,188.0815
ITGAL,45.2174,133.0845,456.1810,253.2020,245.1975,176.4398,219.3949,205.4110,250.9920,88.7451,740.3230,279.3625,108.6550,726.3050,689.0670,377.5280,433.7170,196.9468,344.4930,57.0312,136.6810,154.6350,196.2820,155.7200,467.4962,823.5890,150.7010,239.1640,66.4062,50.2357
ITGAM,71.7801,101.6155,332.2660,109.2160,464.6870,92.2283,136.9760,409.8545,154.9850,74.1642,448.8730,322.4905,276.0920,141.1770,499.0540,281.0320,525.7730,226.1148,529.5110,69.4319,85.2728,78.9114,337.3280,135.1550,221.2687,278.2365,199.9440,96.1582,81.8459,47.4453
ITGAV,1801.2200,2193.3750,3358.3800,2514.5400,4542.9850,2103.7050,4680.2629,5538.3950,4552.2800,5330.4600,6627.9800,2654.5850,4678.8300,1387.6300,3588.4000,4345.1100,2410.7500,2247.0368,5021.6800,1740.1500,2459.3600,1968.9600,3516.4800,1779.8500,3386.3363,921.4860,5657.1100,1888.6568,1562.9100,746.4195
ITGAX,95.1229,174.1565,339.0170,280.9260,437.8440,214.5446,237.8230,487.6045,267.9440,164.2880,553.7370,751.6635,403.0995,228.4280,686.9920,518.9290,547.0800,231.9818,614.4840,88.0389,139.8080,179.5753,214.8300,263.4900,384.3328,658.7865,219.0330,214.7273,125.9980,187.4305
ITGB1,7518.2400,9843.2700,11804.3000,7768.8100,25241.7000,9197.4500,11579.4597,4707.1800,10630.2500,4168.7500,15176.4000,8502.5950,2195.6900,10162.6000,11637.5000,10015.1000,12675.8000,7607.7068,19678.1500,13090.8000,7527.5100,9035.2863,16314.1000,5961.1500,12050.4852,6934.2250,7465.0000,9333.2448,9547.4500,4764.0600
ITGB2,397.1040,629.6075,1432.6100,1023.9500,1054.3500,766.2726,615.6581,2756.0600,1218.5850,497.8195,2830.6100,1782.9950,1200.3500,763.6930,3724.5500,1824.5700,3543.4900,1542.6417,2652.0400,375.0980,552.3202,693.9497,1795.4500,818.7990,1221.3809,2574.4650,1088.5600,834.0120,619.3610,476.1070
ITGB3,18.2954,44.4239,117.3200,22.0969,47.0949,79.5975,146.4585,152.6235,69.0520,231.0875,529.9960,541.1065,21.2066,53.3808,137.2040,74.1645,97.5810,134.4743,190.2480,75.3738,95.2179,92.3950,542.2770,720.7770,178.5854,62.5148,2672.6800,56.4544,50.5062,12.4612
ITGB4,53.2870,11174.8500,2225.2900,9841.9000,6785.9000,7884.0424,10986.4408,1841.2000,17796.9000,309.5210,953.2710,2202.9850,1346.5750,219.9840,3680.0000,10347.4000,8431.9500,3668.7459,9766.2200,258.4960,1124.1100,7760.1750,190.3380,630.4970,6796.1382,419.2980,1695.9700,2994.8582,451.8560,438.3370
ITGB5,1396.6300,2531.7150,4868.8500,2415.4300,6558.0100,2429.9186,2889.6996,1599.6600,3880.3050,1981.7600,3215.5400,2455.3000,1115.9550,3822.6200,2876.5800,4238.8500,5504.7500,4007.8788,6502.9850,2536.7500,3243.6500,2548.8850,5034.5300,3695.3500,2553.9853,2650.5000,2123.2000,2741.3486,2594.5200,3551.3850
ITGB6,0.0000,2155.3700,900.2540,2098.5500,43.6427,610.3483,1363.8068,0.0000,2416.3950,265.4160,206.7700,1027.0600,0.0000,4.1351,2674.7300,1448.0100,5.6022,296.3249,3747.4850,0.0000,148.9570,568.7050,0.9991,11.5958,651.7697,3.9949,573.2320,461.1620,215.6170,0.0000
ITGB7,17.3881,154.0625,132.5230,274.4740,111.9135,170.2960,129.3378,48.0078,220.7560,652.4635,435.5950,478.4115,19.9628,179.8330,339.7110,233.5780,143.9570,202.0515,232.2705,21.4204,59.1429,140.8690,62.9442,155.2920,204.5789,260.0965,345.1710,217.6195,56.5882,214.1480
ITGB8,257.8880,401.1800,420.7000,1425.6100,1370.9450,465.0925,1970.2294,4657.2450,1556.8800,457.8030,2757.6900,11475.9500,3223.6000,7.8620,437.2200,1715.1700,362.7970,2671.8239,1318.1650,534.6760,430.7000,480.1771,82.0784,351.9980,933.3455,78.5290,629.3300,1587.1200,353.9230,44.7933
JAG1,1174.0800,2341.4250,1438.7700,3260.2700,3355.9100,1957.3941,4747.2216,1960.6350,7172.7300,982.5625,4777.5800,1619.6300,832.6165,621.1250,777.1870,6289.3100,736.8030,1069.5486,2946.9900,1290.5900,2331.9100,1772.1997,2139.7400,866.0290,2507.9090,882.9445,1485.7900,1642.5844,1156.9800,424.7635
JAG2,260.8700,669.8405,599.6830,1078.0200,784.2340,782.1209,1005.3381,196.7210,2151.7450,358.9800,907.3330,242.8770,255.8600,243.2870,667.1390,1396.7200,515.6110,524.9422,633.8620,566.4430,551.0430,845.7510,406.6020,543.5660,535.6257,1154.5150,630.1220,842.7134,752.7360,1215.3200
JAM2,158.9950,36.4846,125.6440,22.9802,42.6705,31.6544,43.0627,1245.8700,43.4410,56.1058,169.5460,29.3224,1109.1050,52.3768,90.3042,61.0717,64.0716,49.8907,148.9995,226.1840,142.0510,30.6893,261.6770,25.8900,84.0564,119.3495,135.0000,55.4686,206.7540,18.6397
JAM3,723.7800,239.2950,492.3030,125.7170,281.4680,229.6645,277.5879,2447.5900,242.5475,380.9820,1166.0200,210.5505,1878.7800,201.6230,373.8830,329.8320,499.6410,240.4415,987.4240,2147.9900,980.8170,247.7785,2068.1500,535.1190,435.4650,1585.2600,402.2990,200.0687,1574.2200,603.1785
JUNB,2841.9800,6838.8700,2117.3700,6581.4400,3831.1850,3844.2161,2912.1387,2189.7400,7791.7800,2183.8700,3694.0200,1729.9850,1089.6250,2235.7800,3341.2800,3692.6500,3863.9600,3927.4210,6585.3700,8675.1000,4471.6200,4173.4916,2976.5000,1549.1900,2943.4003,953.3610,5455.7700,3021.0044,2551.7200,738.2035
KDR,724.8180,317.4125,785.9650,153.9920,423.8310,304.2984,489.5367,524.1745,306.5905,1157.0650,5190.3900,137.7365,373.2110,642.5210,997.4890,351.0750,3339.0200,322.1762,583.0735,1338.9900,490.2510,325.8143,862.4260,298.2780,738.1621,407.8580,1713.2700,288.4451,374.7730,200.0870
KIR2DL1,0.3911,0.0000,0.0000,0.5682,0.6187,0.0000,0.3646,0.0000,0.4375,0.5144,3.1498,0.3960,0.0000,0.5022,0.6628,0.5063,1.4853,0.0457,0.3049,0.0000,0.0000,0.0000,0.4405,0.3061,0.5858,2.1386,0.3308,0.0000,0.0000,0.0000
KIR2DL3,0.4550,0.4669,0.4757,1.3905,1.0236,0.0000,0.0350,0.0000,0.7879,1.1267,4.0652,0.6651,0.0000,0.8341,1.0302,0.8194,2.2822,0.0350,0.5015,0.5043,0.0000,0.0000,0.6891,0.6480,0.4090,3.5801,0.5425,1.0070,0.0000,0.0000
KIR2DS4,0.5925,0.3179,0.4200,1.1926,0.8982,0.0000,0.1764,0.0000,0.8004,1.2503,3.9637,0.6358,0.0000,1.0118,0.9488,0.5435,2.3005,0.1827,0.4495,0.5090,0.0000,0.0000,0.5333,0.7110,0.5583,3.4024,0.5411,0.5310,0.0000,0.0000
KIR3DL1,0.4388,0.0000,0.4673,0.9918,0.5107,0.0000,0.0210,0.0000,0.6583,0.9568,4.5872,0.5156,0.0000,0.6185,1.0295,0.8415,1.8108,0.0210,0.5088,0.5185,0.0000,0.0000,0.5664,0.8145,0.6164,4.0353,0.5940,0.3873,0.0000,0.0000
KIR3DL2,0.4427,0.4881,0.8589,2.2523,0.5502,0.4294,0.3725,0.0000,1.5164,0.9709,3.9447,0.5902,0.0000,0.7299,1.7116,1.4770,1.4174,0.0464,0.6227,0.0000,0.8655,0.0000,0.5970,0.4901,0.9286,4.4527,0.6460,0.5577,0.0000,0.0000
KIR3DL3,0.0000,0.0000,0.0000,0.2907,0.0000,0.0000,0.0092,0.0000,0.0000,0.0000,0.0000,0.0000,0.0000,0.0000,0.0000,0.0000,0.0000,0.0092,0.0000,0.0000,0.0000,0.0000,0.0000,0.0000,0.0092,0.4279,0.0000,0.0000,0.0000,0.0000
KISS1,0.6003,16.0174,1.5666,1.4025,22.4750,8.4461,1.1725,0.0000,0.8142,1.6240,1.3724,0.4121,0.3890,31.0559,7.3529,0.8847,7.6753,3.0065,7.8222,0.4193,1.0164,8.9350,0.3925,0.0000,6.2842,4.4731,1.5332,7.5582,4.2179,0.0000
KISS1R,1.3367,2.6256,5.2472,2.6885,3.3769,1.2788,0.3638,8.9616,1.6042,0.4432,104.7460,0.6791,0.6677,0.5764,10.3270,4.3824,15.8537,2.5614,2.4041,4.0779,0.7413,1.0600,0.3942,0.5456,0.4310,2.2864,8.2114,6.1693,3.7823,0.9386
KIT,178.9480,88.3460,344.1090,62.2700,54.6787,90.6655,123.0061,182.0770,92.8227,11391.5500,249.2990,114.9850,331.6840,30.4149,702.3160,196.3240,28.6514,30.6354,314.5530,128.8690,128.5620,97.2078,182.8020,1109.1700,173.0270,1352.6150,244.5400,67.9380,117.0410,5029.3450
KITLG,309.3890,275.0520,1105.8400,589.9710,147.0290,559.7570,1144.5634,596.9090,758.9610,1669.4000,700.3380,1550.3450,560.9800,144.6950,1709.1200,1321.2400,318.6200,117.2658,791.6410,160.2770,415.4050,457.4755,674.4480,97.2048,1133.0105,95.8735,192.2840,281.2905,200.0000,23.4603
KL,17.6406,15.0332,23.9244,8.1800,15.8167,14.9770,27.5395,14.8913,11.3846,54.3287,1601.7100,1622.5900,13.9181,13.5324,37.7907,16.4440,11.2659,13.8263,49.8430,497.7250,222.5500,21.4843,41.5323,5.9657,43.7433,5.8857,147.5630,17.0773,23.5351,6.7115
KLB,2.3121,9.9043,20.2616,7.6387,14.6179,8.8980,7.5530,2.6212,5.3568,7.6456,5.7435,3.7996,6.5571,1695.2600,16.5182,7.6232,1.4006,2.1553,9.5925,4.9261,19.9920,8.4706,1.7891,1.7398,7.4766,24.9230,2.5558,10.0809,6.3205,1.0612
KLK3,6.2305,0.0000,0.3610,0.0000,0.0000,3.2514,0.0639,0.0000,0.0000,314.2955,0.0000,0.0000,0.0000,0.0000,0.0000,0.0000,0.0000,0.0639,0.6787,0.4817,373114.0000,3.5918,0.0000,0.0000,0.4567,0.0000,0.8137,0.5309,0.0000,0.0000
KLRB1,2.4013,14.9043,26.5923,38.8307,34.4515,38.2998,18.0341,5.9519,19.3350,17.9369,100.2060,55.4059,1.2614,54.5972,78.3009,36.1769,54.2222,12.3687,62.8080,10.8495,29.9565,35.3067,26.2073,6.8720,52.2836,81.2758,23.7221,28.3621,3.5145,2.7635
KLRC1,1.1971,4.7471,3.4422,15.3712,5.1991,2.8451,4.0920,0.6442,11.2959,3.0995,8.0150,1.7426,0.9953,2.3923,8.8681,6.7829,9.1645,1.8816,6.1480,0.7906,3.3242,2.0290,3.8732,1.6644,4.6052,23.0695,6.9138,3.7333,0.5403,0.0000
KLRC2,0.6003,3.8177,2.8923,12.5902,4.7296,5.4476,6.2882,9.2846,6.4177,1.4917,4.0288,1.0684,480.1325,1.5309,6.1042,5.3812,5.0555,2.9008,5.9447,0.4509,2.6594,3.3916,2.6851,1.9985,8.4335,12.5318,2.8478,3.0787,0.7696,0.0000
KLRC3,0.4388,1.4869,2.5374,6.3341,2.3898,1.6278,1.9019,20.3293,2.5820,1.0376,4.1147,0.7137,238.6965,1.1346,3.6568,2.7152,3.5914,0.9581,2.9017,0.4237,1.0273,1.2942,1.9460,2.8092,4.0643,8.9098,1.4373,1.0725,0.4970,0.0000
KLRD1,6.4683,12.3683,19.9930,26.2737,12.1170,19.6360,22.0939,4.1210,22.6258,26.0074,61.1318,18.7464,2.5556,12.6199,31.4494,28.9093,31.2391,11.4466,21.1898,6.1256,7.6085,14.2754,15.7028,9.8266,48.0730,65.8668,10.4976,13.2150,4.4289,1.3894
KLRG1,22.0657,10.1190,21.1581,9.3492,14.8876,8.7511,9.9957,42.8869,6.1780,4.4193,38.4320,29.9444,32.8761,17.9754,23.8131,13.4940,19.8118,22.1187,19.7248,17.2884,16.5671,7.9865,26.2626,16.5654,20.9211,48.1741,13.2743,18.7593,26.8899,14.3549
KLRK1,9.5849,26.1934,43.4545,84.2105,35.5969,20.9697,23.0858,21.2821,38.1481,16.9768,124.7600,27.6670,90.8834,27.5079,67.3206,54.4239,74.5603,20.7062,50.6847,11.6122,25.9664,15.9375,33.4241,33.5881,52.2606,135.7070,28.1195,28.9755,6.7315,4.4387
KNG1,0.0000,0.0000,0.0000,0.0000,148.7945,2.6328,0.3948,0.0000,0.0000,124.3900,1.2240,0.5772,0.0000,55813.0000,0.0000,0.0000,0.0000,0.0201,0.5015,0.0000,0.0000,8.2857,0.0000,0.0000,0.6717,12.2570,0.0000,0.0457,0.0000,0.0000
L1CAM,5.4274,21.2369,31.5292,33.7960,10.8914,50.8986,111.8025,179.5940,109.0210,137.0960,26.7659,100.2935,985.9045,2.6171,14.2928,39.3701,424.3380,735.4615,206.5690,28229.0000,44.1607,101.5991,36.2060,2042.5400,95.9969,463.3085,19.9531,31.3324,367.2300,483.4985
LAMA1,4.1679,29.9392,67.2583,14.6247,19.7630,26.5426,45.0062,236.9740,146.4945,355.2690,464.2350,798.9005,204.3580,3.2393,28.7037,275.6480,513.6400,130.5340,60.2424,4.6445,16.8856,35.9870,140.6010,718.4430,16.4428,810.9835,539.9750,433.4133,516.6890,68.1675
LAMA2,146.1340,187.8750,516.7370,108.2840,364.6550,134.2208,341.8751,739.0955,193.9920,104.4135,95.1276,90.9773,267.9625,108.8570,472.7480,352.3650,220.2410,167.8157,1271.9850,83.2735,298.6080,133.3958,653.1090,92.9487,423.8490,557.7025,91.5890,104.3696,629.6550,10.1924
LAMA3,168.2240,568.0060,589.5430,2311.1200,1370.3050,1323.8965,3529.7563,19.5505,7657.1850,596.1855,357.6260,1091.3650,46.4677,291.3990,1000.6500,2700.3300,1096.1500,721.2601,4534.0300,248.7680,564.0860,1096.6912,368.5790,98.1432,1987.0768,206.2835,38.4224,937.0839,266.3620,10.2637
LAMA4,620.6970,1032.8550,1850.8100,403.8360,766.4055,1033.6187,1418.7556,1563.7500,1193.8200,1414.1950,3567.5800,657.9090,691.7015,572.6970,1094.7100,881.3560,3555.9000,621.4114,2275.4000,1402.7500,707.8370,1177.8005,6373.9900,2666.6700,1902.3461,1472.8200,965.5740,584.9828,2080.2000,797.8360
LAMA5,2418.3000,5188.4800,2304.8400,5099.4200,8305.6000,1640.1181,5881.3075,1338.7850,4694.8000,5003.3200,4004.3600,5891.4550,1190.4800,1283.7000,3105.5600,4855.4700,8024.5300,7753.6959,3843.9150,1095.3900,2671.3600,1628.0318,1910.5200,1045.3800,3581.9038,3494.6550,5060.1400,6019.5917,4322.5500,5378.3100
LAMB1,4688.7600,4582.9800,3613.7800,2205.2300,6431.7800,3664.8900,4769.0716,1603.2650,3928.7050,8570.5600,4845.2000,16110.2000,357.7230,1615.8300,2643.8600,3963.3400,7960.7300,1309.7814,7823.4600,1913.4800,1171.2400,3540.1261,8581.3100,5676.8500,4658.8214,4021.7850,5028.3300,3630.6137,8181.5200,276.0285
LAMB2,10922.8000,2682.2550,5432.8500,1861.6100,4836.8750,1535.4250,2490.2846,4787.2500,2185.0150,5718.5150,8081.9700,6046.4600,2754.1750,4720.6500,3427.8500,2011.9300,6937.7900,4617.5994,5274.3400,4691.0800,5409.0100,1530.9994,9266.7200,8109.8800,3525.6061,1697.8800,5563.4500,4173.3400,3715.5400,10162.9000
LAMB3,476.8100,4557.0500,668.1840,8910.8200,6854.4450,3219.1375,8207.1865,129.0795,18347.6000,114.8945,227.1480,296.0745,118.3150,382.8690,7371.2700,9583.1100,1273.5900,1632.8248,10695.6500,80.2060,686.3991,3340.4000,355.1410,564.4900,4225.8825,189.6690,3340.8500,1274.3150,511.7000,13.4949
LAMC1,2089.7500,3596.4300,4280.9600,2864.1900,7847.4600,2749.0581,5574.9636,3130.0700,5229.6300,3197.8250,7221.7700,5844.8350,802.8610,3369.5900,4770.9300,5708.9200,7768.2900,6625.8935,5943.9550,2202.0300,3380.2600,2920.3700,11710.7000,6313.2100,5090.8686,8277.3650,6542.8200,5909.7079,6519.5000,2530.2850
LAMC2,6.6964,2037.4700,881.6360,4892.6900,6288.5050,3267.7660,8451.6387,12.8480,23569.9500,52.4183,166.1880,1670.8000,4.1147,16.9409,3300.4200,7366.9900,2748.8800,3323.6432,11924.3000,7.2551,699.6300,2995.2079,107.2340,101.7480,3811.2921,635.5990,3952.6500,3344.6763,642.5860,1.0778
LAMC3,610.0420,159.8405,34.2679,186.8950,451.6840,42.5938,114.3237,454.9250,87.6898,111.8185,343.4800,113.3715,156.5200,253.2130,241.1030,222.5760,42.1995,135.0589,203.9585,116.1260,207.6410,63.3480,106.7180,293.8920,51.3878,627.2260,19.3605,303.5953,810.1920,943.8920
LCK,13.8076,106.7235,116.5870,211.6730,71.2318,179.8650,155.9802,18.3482,189.8735,26.9453,251.9460,68.8747,4.9901,74.1722,250.1610,186.6460,156.9770,88.9443,302.1030,20.4305,111.0860,174.6640,78.1654,69.2189,295.2602,471.4480,83.3396,113.3397,53.7190,11.6451
LEAP2,4.3193,6.8001,4.0462,6.7525,73.8984,7.9895,6.5611,11.3652,2.2207,6.0614,18.4338,8.5343,7.7684,1847.6600,3.0544,2.9274,2.7763,5.2239,7.7030,4.2279,6.4309,8.2978,4.6756,2.4887,9.3993,5.5527,4.3798,5.3775,4.5398,1.6589
LEF1,672.2730,113.9770,342.4700,134.7620,189.8260,228.7132,224.9862,428.5065,202.6425,345.2395,151.7520,17.6038,208.0255,98.5004,168.3170,382.8330,172.5720,406.2748,474.3260,66.9455,224.3800,219.8244,136.9010,2143.4800,236.7465,150.9470,240.8670,793.2064,562.3610,17.0763
LEFTY1,5.3763,3.2188,4.9702,4.6273,33.0393,994.0780,8.6515,24.0585,3.1911,1.3532,7.5946,19.8777,22.6219,13.7915,7.9054,5.4324,7.8786,17.2665,276.3965,9.2690,10.2019,1605.5572,10.3859,3.3226,17.2929,357.7995,1.6276,188.9630,94.1807,7.4787
LEFTY2,1.0748,1.1064,4.3740,3.7090,1.1275,8.6462,0.8400,104.6950,0.3781,0.8269,1.6681,0.6810,16.2152,0.5887,10.1604,2.9895,1.6067,9.9789,5.3677,1.6351,16.5230,13.4701,13.1651,0.0000,2.8635,529.1010,0.9142,10.0562,89.4632,1.4142
LEP,0.0000,1.3139,10.4603,0.7131,0.4812,0.4060,1.4797,0.6013,1.3463,0.3797,0.9542,1.2540,0.0000,0.0000,2.2523,3.7149,1.0504,1.9863,3.6514,0.7654,0.0000,0.2958,0.6306,0.9491,2.0758,5.9468,0.2843,0.1232,0.8825,0.0000
LEPR,146.5870,127.3110,153.7500,121.9040,266.2050,110.4398,240.7685,141.5840,188.8880,89.0422,473.1490,306.0945,172.6735,2476.4300,291.5340,180.7510,212.0120,179.0671,312.8175,185.5650,275.1950,121.2855,239.4670,53.9334,196.0702,51.7236,238.1810,162.2791,144.5410,18.6433
LGALS9,291.7720,1541.2650,1063.1900,1425.1500,2557.4850,2884.8000,982.3489,1163.9700,849.9785,294.1625,1109.8600,814.3695,682.2735,653.5980,1834.8100,1265.2100,1250.3900,1592.5060,2994.5850,372.7440,291.8770,2475.8650,901.7810,569.5330,2337.6276,1178.2450,460.9820,2420.8400,505.2430,396.2705
LHB,0.8873,3.2370,0.3999,2.3456,1.3474,0.3964,1.4772,0.4977,2.4710,0.6968,0.3730,2.1527,0.4016,0.0000,1.6062,1.5651,0.7844,0.5210,4.9030,0.4070,0.3324,0.3286,0.7849,13.1772,0.9461,2.9234,0.6120,2.6975,2.1036,13.5680
LHCGR,0.0000,0.0000,0.0000,0.0000,0.0000,0.0000,0.2008,0.0000,0.0000,0.0000,0.0000,0.0000,0.4188,0.0000,0.5675,0.0000,0.3253,0.5267,0.0000,4.6059,0.0000,0.0000,0.5485,0.0000,0.2234,0.5184,0.6059,0.0000,0.0000,0.0000
LIF,136.5380,214.5140,94.7274,115.4670,1067.2650,686.7828,260.2014,256.1655,114.1205,34.1506,459.3240,422.8215,16.8521,55.9317,503.3780,258.6470,865.4330,285.0457,1330.4750,17.6780,73.9113,612.1025,146.2360,158.7660,467.3107,108.0200,263.7270,315.6255,193.0570,10.0575
LIFR,525.6590,181.9345,551.5090,185.3820,200.8190,38.2063,300.1932,2368.7000,173.5485,1928.6400,1994.8700,954.3940,4474.5200,186.0470,1127.6200,465.5870,838.8800,540.5865,359.8075,869.1430,2979.3900,36.6953,659.2470,26.2152,336.9336,540.9455,511.6420,337.3580,753.9670,59.3937
LILRB1,37.5440,40.1703,109.3960,63.9585,66.8063,58.1008,60.7368,217.7245,77.8143,57.7111,280.8750,117.8225,114.7870,47.8877,184.2380,129.0190,237.6640,107.3051,107.6830,49.2741,33.6538,50.4556,119.0390,35.2438,130.9157,180.0585,45.0152,67.8655,45.7397,9.5669
LILRB2,30.5927,63.6647,101.1790,80.1798,69.5570,89.3183,62.7832,75.0393,129.1505,54.8657,270.0730,114.9990,28.5110,89.0589,195.9380,163.2250,272.2090,82.8779,149.5920,60.6099,40.4473,89.1702,221.1100,89.9008,124.0700,323.1300,41.0430,80.1139,73.5363,29.8869
LILRB3,17.3544,42.0496,43.0317,53.5795,54.7341,42.9639,62.0778,45.7338,65.8703,19.5495,108.3790,64.8226,14.3277,41.4706,139.2020,101.1630,120.8330,50.7170,137.7250,19.2071,21.0362,35.0231,85.4807,46.4139,97.4284,128.5635,34.6304,39.9385,38.3554,16.7043
LRP1,1989.4300,4279.9350,6778.6900,5489.6200,4614.1900,6003.1550,8343.1678,14094.4000,7373.3750,1787.2500,6863.5100,4075.7950,19017.3000,14640.6000,7204.6600,7137.3700,23276.4000,4569.3948,12980.3000,5858.2700,4786.5700,7238.7642,21848.3000,5160.7100,7357.9529,6346.3550,3332.1000,3004.0435,8565.4000,6945.3950
LRP2,0.4026,3.8776,608.8220,1.3169,2.6091,0.3107,2.8507,44.8496,1.4243,3.2118,9063.9600,7798.3550,116.6035,3.8530,157.0390,25.4925,2094.3800,80.0948,1.0067,0.3951,4.6115,0.2183,0.9570,273.8910,1.7819,27.5751,1667.3500,8.7500,24.1457,33.1758
LRP5,1124.8600,2069.0300,1456.3100,1412.2800,2586.3550,3231.0900,2547.7529,805.2120,1331.1000,1615.2900,1760.9800,1995.2550,986.1670,4321.5700,2807.1300,1882.8700,1435.4200,2016.0192,2791.9150,714.0300,2185.6600,3337.9169,954.1720,736.4110,2623.6661,785.1000,1902.3100,2283.1770,2248.1500,1603.4950
LRP6,808.6750,531.8460,969.7150,506.8090,764.8930,841.3440,1055.5232,645.0430,466.3420,781.9855,974.3450,745.8140,1135.2250,1177.0100,890.8030,784.6010,478.5050,996.0479,816.3665,808.1830,890.3470,847.9815,790.3010,823.7010,1034.5431,2850.9650,793.2990,1079.7103,1238.6100,490.1610
LRRC4,76.4610,18.3117,45.2007,112.9930,19.4061,11.4495,32.6080,465.1940,154.8255,367.3425,75.7048,15.6783,1212.9750,13.2867,101.7140,383.3850,62.8271,88.2181,26.0129,254.1490,16.0643,14.4015,64.4699,51.8079,19.4206,99.3041,41.7568,117.1949,56.9542,44.0243
LRRC4B,21.2367,18.0554,7.8025,14.0617,43.8622,12.3097,15.0204,2133.9400,14.7778,23.1615,55.7484,19.2938,2308.3900,33.1492,24.5712,18.5518,59.8131,19.6092,32.1309,2104.2000,22.1694,17.0226,57.4713,26.2009,24.4330,423.3665,26.5407,37.1530,81.5133,398.9805
LRRC4C,63.9075,3.4564,56.7817,2.3324,15.5679,1.9452,1.7650,356.6590,2.3168,0.6931,10.5599,3.4597,754.5620,4.1297,13.2492,9.1757,33.4256,35.5280,38.7169,472.3430,11.0032,1.7600,30.0360,1.9338,6.1887,5.4210,31.5779,19.9547,113.0760,1.3257
LTA,1.7275,5.9985,10.6938,11.3791,7.3104,7.8651,6.0208,4.5335,11.2461,1.5230,12.4434,3.1787,4.0646,6.0548,17.1642,11.2954,13.8507,11.1431,7.8165,2.0025,3.5955,7.6838,6.1560,5.7787,14.9512,36.9810,4.3963,7.4205,4.2902,1.2323
LTB,9.3963,101.3500,73.8535,189.4920,411.2895,105.4135,77.1432,13.2476,131.5055,29.8708,122.2130,107.0570,8.2883,160.8310,274.6660,133.4240,222.5110,100.5908,269.0965,28.0876,55.9085,105.0060,57.8748,50.2663,196.5484,337.8105,77.9727,182.3175,46.9526,8.0718
LTBP1,500.9630,1572.0450,1290.4100,1203.9700,1006.8620,956.7370,1827.2415,942.7025,3267.3150,308.8760,1238.3300,164.8850,546.6990,406.3310,1433.8000,2165.0200,577.9580,1015.3934,2883.8600,455.1840,2133.0700,1098.3950,4872.6600,504.9890,1709.5395,760.8985,429.3470,1796.5350,3222.3800,322.7685
LTBR,2955.5000,4205.2600,1769.7500,2503.7900,3686.8550,2783.7650,2141.0871,436.7685,3587.5800,1262.5900,2615.1000,3934.5400,193.3380,3304.4400,2539.0200,3687.2500,2748.7800,2036.5534,2859.9100,1311.7000,3037.0100,2790.4005,2269.9900,3028.8900,2030.1865,575.0210,1992.0300,3230.0751,2090.9800,3469.9600
MADCAM1,2.7916,1.2498,1.0758,0.9970,5.9138,5.0938,0.9425,4.3876,0.6602,1.7770,0.9690,1.7613,10.3418,2.6110,2.1890,1.8032,4.0706,0.5288,38.4686,3.6946,2.3166,8.5489,3.0445,1.3251,9.1944,16.7441,0.8393,2.5933,3.8011,1.5283
MAG,46.3671,0.0000,6.3974,0.0000,0.5076,0.0000,-0.1723,456.4475,0.4515,63.5266,0.5722,4.0788,1473.1200,0.0000,0.7440,0.2894,2.1456,50.2959,0.6633,0.3088,0.6472,0.0000,0.3857,1.6752,0.1163,23.8804,94.5605,2.5195,6.2933,5.3426
MARCO,2.3238,16.6787,13.3874,28.5320,28.8009,14.9136,13.5604,18.9113,44.2446,1.8891,28.1407,75.8404,3.3301,6.5681,631.7050,189.5940,309.2170,56.0549,213.1905,1.5519,4.1489,8.3231,38.3964,25.0007,19.2100,44.3182,138.6090,16.5624,28.5132,7.6523
MAS1,0.0000,0.0000,0.0000,0.0000,0.0000,0.0000,-0.3102,0.0000,0.0000,0.0000,0.0000,0.0000,0.0000,0.0000,0.0000,0.0000,0.0000,-0.3102,0.0000,0.0000,0.0000,0.0000,0.0000,0.0000,-0.3102,0.6232,0.0000,0.0000,0.0000,0.0000
MC1R,317.2630,203.5090,107.4650,141.9330,238.5245,92.7746,131.5017,158.7700,118.6320,105.1195,83.2590,239.4630,144.8390,49.0798,179.1390,143.1440,255.1480,131.1555,242.4035,384.5850,98.8374,101.9690,162.2880,1625.0300,87.1778,203.3865,180.9720,208.6413,169.1910,424.4950
MC2R,599.3970,0.0000,0.0000,0.0000,0.0000,0.0000,0.0529,0.0000,0.0000,0.0000,0.0000,0.0000,0.0000,0.0000,0.0000,0.0000,0.0000,0.0529,1.5935,0.0000,0.0000,0.0000,0.0000,0.0000,0.9378,0.0000,0.0000,0.0000,0.0000,0.0000
MC3R,0.0000,0.0000,0.0000,0.0000,0.0000,0.0000,0.1401,0.0000,0.0000,0.0000,0.0000,0.0000,0.0000,0.0000,0.0000,0.0000,0.0000,0.0000,0.0000,0.0000,0.0000,0.0000,0.0000,0.0000,0.0000,0.0000,0.0000,0.0000,0.0000,0.0000
MC4R,0.0000,0.0000,0.2917,0.0000,0.0000,0.0000,0.1460,0.9620,0.0000,0.0000,0.0000,0.0000,4.1982,0.0000,0.7734,1.4131,0.6506,5.6310,0.4875,6.4455,0.0000,0.0000,0.0000,1.3119,0.1460,0.6161,0.0000,0.0000,2.4108,0.0000
MC5R,0.0000,0.0000,0.0000,0.0000,0.0000,0.0000,0.0826,2.7933,0.0000,0.0000,0.0000,0.0000,2.0763,0.0000,0.3546,0.2371,0.0000,-0.2479,0.7747,0.0000,0.0000,0.0000,0.0000,0.8834,0.3054,0.0000,0.0000,0.0000,0.0000,0.0000
MCAM,1649.1500,1509.8250,1847.0000,1000.0000,2467.5150,1209.1287,1775.5268,2847.7300,1942.5350,1911.2050,8911.4500,2092.2200,920.3130,1220.4400,1592.1200,1490.9200,1535.5200,1301.4596,2291.7000,4137.3800,1341.0100,1396.8700,4650.5300,8143.6400,2175.3778,1988.6750,1770.1400,1193.3150,2740.7400,4319.1050
MCHR1,0.9396,3.9265,9.8344,1.9648,2.9461,2.3213,2.6474,175.5530,5.8636,0.9072,82.1004,2.9200,90.8090,56.4404,11.0858,13.8081,5.2770,3.8584,7.1858,156.3650,0.5510,2.2219,9.4864,19.7076,2.1685,13.0900,0.3572,2.4974,10.4773,3.4811
MDK,2400.8000,5768.6400,2663.3700,5021.6300,1880.0450,2367.3800,1850.7266,3159.2100,1899.8100,202.0975,641.4020,1373.8450,533.0280,2718.6700,5523.9000,3498.3300,4928.0200,10328.3504,4662.5200,3057.4900,2492.6900,2283.9450,4232.9500,1163.0300,3818.4736,7103.7800,3127.6300,14748.3484,18139.6000,1494.4050
MERTK,1168.5700,262.5250,179.0320,121.8390,113.7845,159.0656,204.0376,604.9450,144.0785,1180.5350,493.0450,283.6315,792.4825,338.7760,366.5390,512.7990,210.2130,345.1857,225.9860,228.0980,558.4240,162.7590,352.7150,95.4972,265.9264,365.1740,459.8900,305.7748,343.8810,760.4605
MET,132.5300,1533.9850,344.0660,1705.0500,2302.5700,3379.6399,2461.7006,167.6075,2216.5450,8402.2600,6170.5000,11345.6000,38.5106,3148.2200,3668.3300,2409.4700,4486.7100,399.9284,2858.9750,87.1143,339.1270,3160.4002,296.9640,1021.3600,2109.9642,241.9450,10474.5000,1160.0495,1050.4500,9346.1700
MIF,12343.4000,8038.3750,4292.4300,7370.3900,7548.3150,7098.6642,3301.5221,5641.1050,6797.9900,13001.5500,7496.9400,7427.7950,2674.4500,7381.9000,5089.3100,8582.8900,6287.3400,8174.5586,4716.7850,6747.8900,6649.8300,6358.6941,4955.3400,9057.8700,3674.2566,9930.4650,4256.5300,11337.0317,9935.0100,15251.3000
MPL,4.0706,7.3821,11.1444,10.8588,9.0856,8.8597,11.2431,14.8491,8.5617,6.3343,18.8531,28.2203,13.1978,12.5598,14.3163,10.0317,11.4627,16.4725,16.2976,10.3627,24.0717,8.5823,4.5323,6.1570,11.6878,7.3654,21.7082,12.8203,8.6572,6.2475
MPZ,32.3699,25.9756,9.8870,16.6042,31.2127,15.4349,13.8644,63.4117,15.4385,16.0185,39.6040,22.4932,32.4199,84.9022,19.8646,20.6667,21.3333,22.1186,32.0197,135.8030,22.7901,17.8577,27.5458,660.5030,18.0094,35.2922,24.5305,10.8473,19.1266,32.3162
MPZL1,1283.3600,3482.0850,4241.6800,3145.3000,3972.9950,3668.6471,3545.4360,2476.0950,4135.1750,655.4165,2622.2600,3337.0600,2152.3650,1750.3400,3852.5400,3587.5200,6062.7900,2704.4886,4022.8850,1489.8800,3026.7300,3756.4825,3175.3400,2110.7500,3489.9986,2378.5900,1242.8700,3194.2888,3398.6100,2904.0000
MRC1,145.4830,142.0550,111.1580,71.0760,119.1615,163.7970,176.2567,102.5310,196.0235,93.6577,383.2150,62.4817,102.2300,270.5510,1075.8100,339.1490,370.1410,130.7052,821.0865,203.7110,81.2822,144.3489,715.8680,113.0830,301.9914,316.5505,243.8950,34.8837,104.3170,55.8915
MSTN,27.1049,1.2329,2.8037,1.5026,4.2591,1.5933,2.7392,152.5775,0.9496,0.7304,11.3430,6.4608,187.8190,1.6920,2.2623,1.6045,3.1990,2.0310,4.1304,13.5468,6.0241,1.6509,5.9771,1.7932,2.7626,0.8830,5.9453,2.5330,14.7133,1.2211
MYC,391.5590,1469.0150,1679.0800,2333.8900,1662.8000,5726.6210,3366.9718,836.2060,4517.7450,271.7195,1849.0000,1228.1450,1108.5200,1157.5600,1160.9500,3106.1900,2156.4900,2792.6529,1519.8800,379.8930,2196.2328,6336.6350,1360.0900,2936.5900,2428.8794,611.0470,342.3180,837.7810,1506.8800,5563.9250
NAMPT,1882.4100,2266.7150,1652.8200,2253.1000,1943.6150,2560.1850,4922.4800,4921.2800,2730.1750,2573.2450,2321.7600,1816.8400,1011.3250,3229.3500,3636.6000,4332.0900,2192.1500,1609.6756,2752.9450,867.4570,2199.0000,2603.9592,1500.7200,3144.5700,2870.1209,1078.0550,1190.7500,1193.1797,1024.3500,710.5390
NBL1,340.9320,3974.1750,3198.8100,4135.5200,685.2965,6166.8644,2397.3300,837.9955,4115.9800,229.6935,1745.6400,8072.2000,1414.4650,232.0350,3581.1500,3252.0000,6077.6500,1883.6983,8555.4750,739.2870,6369.9600,5724.3400,5531.0700,2812.3200,3546.8033,1053.5300,1497.0100,1935.0870,2100.5200,3314.9900
NCAM1,2936.0500,21.3675,34.5229,25.5870,131.5935,44.0620,27.7535,7078.8700,47.2239,30.5299,69.3493,15.6305,18597.9000,12.7916,30.4212,27.0871,70.6969,386.1948,187.6395,7806.1500,131.0220,51.9291,1678.7300,49.8524,60.3988,154.5455,500.2610,79.2771,1128.1500,34.8698
NCAM2,107.9000,2.9211,127.5880,3.6684,2.7832,7.9176,5.6626,587.6910,4.2781,5.4757,1.6116,6.5526,1481.7300,2.7147,72.4516,33.3952,93.8909,6.3388,23.7869,763.2580,47.7524,5.9583,39.4953,36.3820,12.0748,19.0365,10.9817,4.3313,9.0872,42.5988
NCL,9171.1600,12030.4000,12587.1000,12654.1000,11938.6500,15433.2500,15896.5972,8081.5800,15912.5500,6151.4050,8950.9000,7390.1000,11155.2500,9501.3400,11182.3000,14459.5000,13903.0000,15650.7328,10681.6000,11573.4000,12138.4000,16659.6113,10907.7000,15161.5000,14681.6432,22621.3500,11514.1000,12847.7957,18908.3000,17804.0500
NCR3,0.9100,2.9657,3.9158,7.5068,7.6607,3.8628,0.9222,1.4500,4.5467,3.1696,13.4357,5.8614,1.2988,7.2806,12.9032,7.5973,11.1083,2.3510,7.2601,1.4815,2.6165,4.3168,5.0761,2.9398,4.4751,32.6667,3.1960,5.1500,1.7710,1.1109
NEGR1,12.2117,32.9707,168.6150,16.5799,12.9964,45.8327,55.6736,107.1910,26.9849,5.5808,121.4010,10.1283,548.9740,2.0901,58.4548,26.4155,36.1045,16.3723,248.9550,512.7500,118.1150,46.7905,279.3650,54.2939,112.6757,43.6533,31.5167,12.9040,25.3924,1.6259
NFASC,340.0690,99.2891,237.7140,173.4820,198.4810,118.3980,267.0477,2042.0350,302.8920,84.9988,512.9250,73.8748,2626.1900,126.8140,94.8543,188.2010,94.6663,102.1438,317.2580,2068.8300,326.4155,166.0460,102.9870,90.3205,212.3963,283.5405,69.6940,62.7734,179.7900,41.4469
NGF,41.6457,7.1791,6.7220,3.2686,8.9061,2.9647,4.0991,4.2453,24.2484,21.6382,120.8660,7.7769,4.8777,12.5367,11.9176,14.6471,31.3316,9.2648,8.5737,32.7350,7.1412,3.2788,78.7845,2.7064,3.2122,17.2527,8.2670,7.7667,61.8652,1.7397
NGFR,169.6620,49.3109,152.2110,156.4060,252.2795,20.3049,82.7555,560.3535,484.6815,927.7900,584.8300,50.1440,190.5955,115.5150,37.3444,229.9480,148.5310,32.0925,449.9665,418.2370,327.6320,23.4166,200.5630,325.0720,35.1062,583.4145,482.3620,16.8816,1018.8700,28.4162
NKD1,25.7732,18.2336,24.7241,14.3210,23.4419,401.3948,35.1895,115.3410,34.8000,2.4554,4.0397,2.1954,365.0265,33.4855,33.4572,24.4565,26.0509,59.8289,85.8624,28.2639,51.7845,567.1377,29.7743,37.9848,39.7598,86.9207,6.7050,66.0210,116.5990,41.6469
NLGN1,1.4514,5.5482,3.2199,1.0818,16.8465,0.1811,5.7034,578.2245,2.8889,3.6383,478.8880,290.1910,902.1060,0.5470,4.1880,19.0498,43.4488,14.3914,19.9093,171.1010,28.0015,0.4283,41.3823,190.5610,6.6218,27.6127,2.9374,2.3700,36.2913,31.4883
NLGN2,635.7500,668.8225,588.2550,557.0640,454.6660,193.3671,461.1401,2512.4600,584.3240,187.4950,436.2890,770.4845,5084.7900,152.1000,467.0110,672.7370,724.3810,834.7523,772.5435,1363.4800,620.2090,193.9575,1395.8200,678.0520,326.0890,1488.8950,406.2250,635.2813,1380.1700,490.8175
NLGN3,687.8080,19.1375,22.3263,16.4815,38.0774,16.0231,18.7932,2805.1800,9.3362,5.1718,16.1095,25.6171,3443.4500,6.1281,22.8539,22.1424,33.3377,50.0432,62.6261,29.2111,123.9610,16.9677,62.9194,65.0135,30.4985,19.7013,9.0023,32.2031,127.0630,43.8944
NMB,85.5107,273.6775,68.9554,301.3250,172.6810,120.9049,164.2916,1412.3500,223.0440,109.4340,312.7930,133.8790,1655.1850,82.6055,136.8790,248.4280,173.2520,182.9165,154.4940,107.3450,46.6894,114.3960,96.8417,157.1430,126.8342,85.0220,721.9860,162.8794,195.6930,162.3125
NMBR,0.0000,0.0000,0.4302,0.2493,0.0000,0.0000,-0.0329,1.7886,0.0000,0.0000,0.6807,0.2906,2.4927,0.0000,0.0000,0.0000,0.4255,0.7157,0.4183,0.4507,0.0000,0.0000,0.4143,0.0000,-0.0329,0.3483,0.8663,0.1532,0.4380,0.0000
NMS,0.0000,0.0000,0.0000,0.0000,0.0000,0.0000,0.0000,0.0000,0.0000,0.0000,0.0000,0.0000,0.0000,0.0000,0.0000,0.0000,0.0000,0.0000,0.0000,0.0000,0.0000,0.0000,0.0000,0.0000,0.0000,0.0000,0.0000,0.0000,0.0000,0.0000
NMU,0.0000,39.5846,3.6775,276.0490,0.0000,40.3027,119.1585,15.5496,110.3045,0.0000,0.6285,0.0000,4.4507,0.0000,30.9348,46.9234,658.3030,184.9359,104.8690,0.0000,0.3837,38.2014,11.0323,4.5763,90.7742,76.4673,61.4277,51.2825,117.8330,0.5330
NMUR1,18.5239,4.3052,6.3422,4.7689,13.1481,20.9626,6.5652,6.8506,2.0259,11.4020,68.8580,16.7300,2.6951,11.4329,15.5109,7.9942,15.2742,7.1889,24.2778,11.8644,21.3344,20.7371,18.3877,4.4446,23.4065,53.5101,8.6724,10.3075,10.0575,47.0539
NMUR2,0.0000,0.5131,0.4008,0.9375,0.0000,0.8719,2.0648,1.9205,0.4221,0.0000,0.3772,0.0000,6.7524,0.0000,0.8602,2.2701,0.0000,1.0384,23.5831,1.5349,1.0949,0.7309,0.0000,0.0000,8.4594,3.2208,3.9900,8.2134,5.3652,0.0000
NODAL,2.4601,4.4268,2.8782,3.2223,5.7279,5.3762,7.9773,68.0273,3.7946,4.1354,6.5469,3.3603,12.7515,3.0661,3.5164,4.4388,5.1982,4.8967,3.9282,2.0622,1.8080,7.3800,4.8387,1.6093,4.0971,379.8265,1.5256,2.8855,6.6462,1.3953
NOG,3.7802,2.4578,2.8988,2.3324,1.8632,1.0045,1.5687,36.1466,2.8074,1.7408,14.6569,3.0198,238.7690,0.0000,14.5015,4.9948,10.6047,11.0830,31.0353,6.4455,6.1665,1.2475,2.5995,1.7590,2.9056,12.4263,10.9364,22.9999,65.2712,0.5701
NOTCH1,338.3200,1469.4500,925.3550,2348.0800,1177.5250,2592.0474,2244.0442,3077.0050,2190.1100,748.6675,1653.2400,667.3275,4985.4250,669.0320,1105.2800,1802.4500,872.7270,883.8212,1301.0300,554.8010,875.3530,2896.6971,1438.3600,1540.5800,1783.7358,905.7705,794.2250,1441.3927,1635.1300,939.0185
NOTCH2,1600.4500,1843.1250,5150.5200,2597.6300,4432.4250,1497.7404,3082.0463,3382.3250,3071.2650,339.9280,3087.1700,3283.6650,3712.1400,1731.8500,3544.3200,2572.1300,4468.1100,4442.5705,3157.2850,242.6110,3982.5500,1532.3150,5211.4500,3569.2400,2420.4066,1831.6700,4202.2000,2033.5321,3097.7700,2052.0750
NOTCH3,873.2040,5073.6250,3984.4700,5454.5900,3179.5550,1239.2350,5969.4594,2398.4250,6901.4400,1852.8200,6460.9000,412.8620,1378.7900,953.4130,3828.8800,7301.2200,1355.4400,3752.0539,3923.0250,2446.1100,1535.0800,1333.5600,4451.7400,1264.1600,2595.4731,1829.7550,2494.7100,4060.9150,6513.0000,840.8325
NOTCH4,627.4740,318.0605,395.6430,162.8000,512.5310,216.5245,407.4182,707.2320,228.9375,689.7460,2390.9700,180.9930,627.7910,484.4130,411.2740,284.0220,249.1610,239.7972,614.9670,1131.7600,315.1496,244.8395,699.7630,293.9460,458.3789,227.8185,837.9000,285.5815,324.2070,231.3120
NOTUM,6.0462,10.8401,4.4353,9.8011,8.9900,141.1481,18.9559,5.1172,24.1792,0.0000,0.4845,0.7868,21.5277,158.1820,27.8494,31.0771,10.4112,30.8349,33.2935,2.2029,4.2463,231.5333,3.9940,5.0001,20.2767,23.6928,0.7339,53.4988,175.0110,3.4167
NPB,1.3552,4.3506,1.2430,3.4689,4.1946,2.0481,3.0037,15.6015,5.1968,0.8955,1.6110,3.0454,7.7105,11.6538,2.6260,3.5487,3.7924,1.8777,3.3990,7.5434,2.1643,1.9607,3.8846,2.9674,2.6692,8.4476,1.5652,1.4949,9.7029,6.8538
NPBWR1,0.0000,1.8702,0.0000,2.2523,18.4789,0.0000,0.3507,0.0000,5.1315,0.0000,0.0000,0.0000,0.0000,0.5133,0.4920,6.9079,0.0000,0.0000,0.5402,0.0000,0.8949,0.0000,0.0000,0.0000,0.0000,2.7195,0.0000,0.0000,0.0000,0.0000
NPFF,7.5644,11.6885,5.7687,11.5258,19.7605,6.1899,9.4415,18.2940,4.5834,2.6841,8.3438,8.1000,13.6101,7.4457,6.8361,5.7958,13.1376,6.0170,15.0264,21.0408,9.1059,6.8474,14.7518,6.1113,7.1910,49.0671,4.4113,11.9868,11.5995,3.9076
NPFFR1,0.0000,0.0000,0.0000,0.2704,0.0000,2.2724,1.8508,0.0000,0.4028,0.0000,0.0000,0.0000,0.5754,0.0000,0.7962,0.4170,0.0000,15.2872,0.7502,0.0000,0.0000,4.4551,0.0000,0.0000,3.1264,0.4028,0.9142,0.5601,0.4127,0.0000
NPFFR2,0.0000,0.9627,1.5563,0.0000,0.3686,0.5144,0.7680,0.0000,0.0000,0.4395,0.2959,1.3438,0.4322,0.5925,0.7418,0.4627,9.0231,1.1075,1.2471,6.8105,0.3525,1.4982,1.6129,0.4255,1.2548,24.1604,5.3369,0.0000,1.9537,0.0000
NPNT,80.6452,174.1720,2770.5800,1683.8700,2378.3600,1237.8720,1256.0197,595.8340,1249.8200,4821.6750,852.0460,719.7715,140.3170,153.6950,1033.8200,1143.6500,3097.7400,448.5989,1754.7250,190.9370,3619.2600,1031.7400,343.9380,33.9299,1102.1225,190.4780,12672.4000,281.9704,552.9240,6.9656
NPPA,1.0096,1.8161,0.7001,0.9435,0.8750,0.6999,1.1496,46.9154,0.4908,0.8799,1.1186,0.9179,141.1580,1.6520,1.7145,1.0299,1.5875,0.5881,2.1483,3.2680,2.3031,0.9588,1.3619,2.1701,0.8041,6.5460,0.9357,1.8695,1.9240,2.1586
NPPB,0.0000,0.0000,0.0000,0.0000,0.0000,0.0000,0.5227,0.4940,0.0000,0.0000,0.0000,0.0000,0.0000,0.0000,0.0000,0.0000,6.7980,0.5227,0.0000,0.5185,0.0000,0.0000,0.0000,0.0000,0.5227,4.5829,0.0000,0.0000,0.4682,0.0000
NPPC,0.4010,0.0000,0.3598,0.0000,0.0000,0.0000,-0.3120,1.2983,0.4109,0.0000,0.0000,0.0000,0.6888,0.0000,0.0000,1.6540,0.8200,-0.1802,0.0000,0.8078,0.9196,0.0000,0.3139,0.0000,-0.2539,1.4903,0.4369,0.6878,3.3728,0.0000
NPR1,302.5430,78.8880,130.8900,53.6958,144.9785,40.1171,68.4342,70.0494,68.9920,227.2205,1027.5200,1213.7300,31.0688,221.2230,169.9860,77.2711,3374.1900,3359.8571,211.0625,505.6740,78.1208,47.4693,886.8090,75.1762,107.4967,85.1043,198.0070,125.1729,216.4850,18.5641
NPR2,94.9423,95.8979,148.1700,70.2653,220.4790,114.6199,135.6490,533.2750,88.9184,257.5670,244.4440,358.3000,478.9430,447.4360,143.7780,178.9780,506.7130,349.9016,289.8630,703.1430,195.4400,120.5460,698.0470,459.2020,166.1079,130.3280,104.2130,138.9090,397.0720,429.3220
NPR3,74.1163,3.3038,24.1030,17.5640,32.8605,2.4718,14.5330,1.7340,28.7022,146.6075,641.9480,135.1575,1.6309,17.5097,54.2927,91.2568,35.0498,18.7890,72.5959,10.7608,72.3618,2.6330,14.7008,1.5097,4.9193,2.8476,30.7988,17.8998,27.6517,0.4464
NPS,0.0000,0.0000,0.0000,0.0000,0.0000,0.0000,0.0000,0.0000,0.0000,0.0000,0.0000,0.0000,0.0000,0.0000,0.0000,0.0000,0.0000,0.0000,0.0000,0.0000,0.0000,0.0000,0.0000,0.0000,0.0000,0.0000,0.0000,0.0000,0.0000,0.0000
NPSR1,0.0000,0.0000,0.0000,0.0000,0.0000,1.7617,1.6699,0.4246,1.2657,0.0000,0.0000,0.0000,0.3290,0.0000,0.4432,2.4834,0.0000,0.0441,6.6851,0.0000,0.0000,0.9873,0.0000,0.0000,7.0536,1.4570,0.0000,0.0000,0.0000,0.0000
NPVF,0.0000,0.0000,0.0000,0.0000,0.0000,0.0000,0.0000,0.0000,0.0000,0.0000,0.0000,0.0000,0.0000,0.0000,0.0000,0.0000,0.0000,0.0000,0.0000,0.0000,0.0000,0.0000,0.0000,0.0000,0.0000,0.0000,0.0000,0.0000,0.0000,0.7500
NPW,0.9390,1.9371,2.9853,18.8125,9.9701,8.8064,6.9058,8.9743,11.8904,0.8551,0.3608,1.1849,3.3981,58.8686,8.2898,7.4627,2.8271,26.9335,4.5554,7.7155,3.7934,10.4050,2.2510,5.9660,5.2259,22.7254,14.8548,15.8012,136.3500,14.8412
NPY1R,101.6630,11.9606,389.3010,4.7716,122.4135,10.2235,4.8300,17.4044,2.5838,83.8833,440.9850,193.0095,30.2915,31.5165,11.0988,5.2953,89.7318,9.7321,65.6334,113.8230,32.5775,9.2458,19.9905,1.0851,11.3605,39.5185,120.9240,12.7239,61.1094,3.5120
NPY2R,0.0000,0.0000,0.2815,0.0000,0.0000,0.0000,-0.0680,20.5621,0.0000,0.0000,0.0000,0.0000,7.0767,0.0000,0.0000,0.0000,0.0000,1.5625,0.0000,3.5967,0.8973,0.0000,0.0000,0.0000,-0.0680,0.8593,0.0000,0.0000,2.1117,0.0000
NPY,0.0000,0.0000,0.0000,0.0000,0.0000,0.0000,0.0602,48.2501,0.0000,0.0000,0.0000,0.0000,144.1855,0.0000,0.0000,0.0000,3.0679,1.4178,10.5530,8917.9000,7411.9500,1.4808,0.0000,0.0000,0.5679,3.5862,0.6326,0.0000,11.0677,0.0000
NPY5R,1.6968,0.0000,2.9070,0.0000,5.0982,0.4251,-0.0869,1.8279,0.0000,2.8171,10.9082,14.4758,3.4455,1.1862,0.3905,0.0000,0.7602,-0.0869,2.1067,4.3195,0.9662,0.0000,0.0000,0.0000,0.2315,2.6543,1.3889,0.0000,1.9240,0.0000
NPY6R,237.0230,0.6279,0.6870,0.4265,0.5197,0.6923,0.7256,0.0000,0.6892,100.7150,232.0100,162.9215,1.1512,1.2453,0.6631,0.3213,0.3267,1.1078,1.2707,2.0283,3.3964,1.0235,0.6382,0.7234,1.2295,0.6822,0.3440,0.0000,0.4884,0.5611
NR4A1,3407.9600,1286.9100,792.0840,811.2840,846.8110,1838.9285,1293.6297,435.1670,852.3470,5982.8650,2232.5300,459.2675,699.6985,560.3410,1707.8000,984.5890,745.2360,806.5403,2003.8900,8763.7300,6352.9213,1670.3430,762.0890,2173.7400,1804.9643,972.7855,2177.0800,1139.4816,903.9570,5346.4750
NRCAM,1347.9000,37.5244,90.4977,36.4252,61.2415,32.0861,153.7142,8644.0150,139.9330,1317.9400,714.0020,765.7940,9039.6700,41.4474,67.9901,648.0680,59.8563,546.8752,274.2660,5625.7400,128.2098,31.0978,39.0625,201.4730,88.1878,639.5090,1342.1100,544.7416,367.4360,99.5183
NRG1,1.3387,9.8340,17.4876,30.5303,63.1987,10.8752,102.0104,14.7932,375.6820,22.0367,98.6159,194.3430,21.8435,11.9916,18.3828,132.1170,11.6720,7.5719,12.6951,169.7120,12.6254,13.8799,6.8141,8.1439,16.1415,100.3141,99.2006,5.5685,11.5718,1.3249
NRG2,134.5790,3.6719,4.5742,2.5526,7.1319,0.5156,1.8244,82.5844,2.5515,187.3180,13.1211,13.6858,96.9839,4.8280,3.3683,1.9169,12.0999,13.4752,11.0942,108.7730,15.5869,0.6377,12.9776,60.2949,3.0016,34.0485,3.5601,5.4350,23.5973,92.2346
NRG3,22.1914,0.1393,3.5229,0.0000,109.8877,0.4671,0.3221,52.6278,0.3810,219.6970,98.6839,53.3700,412.9290,1.5798,2.2422,1.3228,8.2362,19.3773,79.3919,41.8154,0.6979,0.9201,0.6798,73.0764,1.5056,29.0183,6.2366,0.7595,4.5910,336.0595
NRG4,16.1290,20.8234,1.5501,7.7289,2.6452,1.1113,7.1995,1.5354,7.3274,74.0925,1.8697,1.9926,1.6675,3.9139,2.8043,14.5576,90.5404,20.3000,11.1890,1.2129,20.9098,1.0446,1.2763,1.0106,2.9717,6.5695,1.3280,5.7734,4.6176,0.5749
NRP1,2015.8500,942.9440,1892.5300,805.5180,3204.6800,660.6643,1478.8938,1452.7900,1333.4650,1271.8250,10159.0000,3665.0500,584.4540,2027.4400,3408.9800,1342.7200,1286.5800,1030.7318,2937.4800,2966.8300,1575.0500,585.4984,3839.3700,470.6630,1700.7983,963.4880,2427.1000,1414.7815,1479.5500,241.7695
NRP2,731.1830,450.4255,866.3810,648.5470,424.8610,390.0185,862.3742,1635.5200,1546.5950,389.7075,1411.5000,252.2670,1387.7850,273.0410,1267.7500,1174.5200,2454.2700,1086.4890,1626.3550,1389.0500,335.9130,442.8596,2505.2000,5317.8600,778.7343,498.2685,2855.2600,691.2511,1135.6400,3352.1400
NRTN,104.6530,8.9096,7.9537,25.1667,53.4444,16.1887,15.5273,0.8844,13.6689,31.1379,31.6555,120.7940,1.4920,114.8360,12.2674,22.3102,7.7973,27.5088,22.3839,2.1243,12.5700,18.0269,14.0196,24.1389,16.9573,24.9857,5.2549,66.5804,54.7550,47.8452
NRXN1,0.0000,0.7395,4.7020,1.1789,0.4370,0.9314,3.7486,908.7505,2.3548,0.0000,0.9635,0.6310,3150.5400,0.0000,1.3149,7.7809,1.1808,0.3323,57.1779,405.7880,30.1710,1.3538,5.3163,0.4127,4.7753,19.2638,0.3095,0.6778,9.6471,0.9141
NRXN2,105.3320,18.9695,54.3774,29.2216,49.2317,50.7015,14.7106,2108.1450,27.7850,10.6485,534.9070,423.7830,5582.5800,77.4032,27.4757,39.1156,115.5570,118.8182,316.4310,1397.3000,106.6710,72.4527,227.5360,123.9130,28.2908,750.7880,84.6754,127.3077,593.2700,102.7220
NRXN3,13.1752,59.0018,33.1660,4.2699,35.5975,57.2996,30.5198,104.1185,9.5438,1791.3250,149.3790,73.0536,289.9805,19.6850,88.5073,113.3310,176.5220,64.7851,61.2052,980.5160,118.3700,74.9459,81.5177,18.9711,59.2033,114.0710,19.7229,63.4494,112.1880,4.1207
NTF3,2.0353,5.5012,4.7567,3.3659,8.1567,5.3772,6.2179,0.0000,7.5660,4.0274,23.6486,4.4573,0.4715,6.0060,6.9284,13.6999,3.7551,41.0708,10.6383,13.1356,17.5279,5.6465,22.3658,1.9481,12.1946,21.4827,3.3772,6.3004,86.3940,1.0815
NTF4,0.4026,59.7326,4.8745,70.2175,0.8750,0.0000,20.5010,0.4818,63.9926,0.0000,0.0000,0.3971,0.0000,0.0000,23.9687,82.3455,4.6061,19.8831,11.3333,0.0000,23.7087,0.0000,0.0000,1.3786,0.9783,11.4427,13.1850,2.5476,23.3764,0.9413
NTNG1,0.4663,4.8943,4.3525,2.4366,0.4304,0.6976,1.1692,184.5650,1.9284,13.3651,1.2040,11.5604,70.8264,0.0000,10.8014,4.4618,194.6980,15.7944,12.9047,370.5360,111.1970,0.9333,76.9235,4.5433,1.5003,115.1970,1.2471,3.7847,96.2532,77.1542
NTNG2,39.7780,18.2110,17.4672,11.9497,13.9364,21.1637,14.7853,146.8695,17.4926,8.4039,24.6753,12.7201,677.9960,5.2525,23.2766,23.3393,31.9346,15.8966,53.1254,275.0860,91.3277,21.5834,40.6940,12.2592,22.0261,24.5030,14.5450,18.1889,20.0334,18.7447
NTRK1,0.7628,2.9143,4.9279,4.8544,1.1587,2.5492,2.3031,9.6943,9.5612,0.5159,2.5657,2.3205,7.3917,0.9448,6.4878,5.9420,8.6665,1.7355,12.2348,1862.7700,6.6330,2.5773,24.4552,5.1797,3.2720,10.1975,0.6789,3.9937,51.8721,2.8216
NTRK2,13.4073,24.7725,417.3770,119.8860,105.9955,37.6883,263.4044,8523.8750,630.0165,42.9326,447.5830,126.2250,35977.3500,14.4928,43.2836,3907.3500,57.9836,59.5736,404.3770,178.3780,144.7480,55.0902,249.4270,49.9742,78.7378,91.7029,10225.8000,58.7974,273.4830,44.1065
NTRK3,4.3346,2.1916,27.0936,1.6131,5.5501,1.3360,1.7790,933.7520,3.2980,9.0096,35.8680,16.3910,1301.2750,1.9417,7.7160,4.1828,36.4527,6.2769,14.6314,87.2416,35.5755,2.0418,46.6395,2.2087,5.4459,172.0590,85.9887,6.3812,23.9020,6.3308
NTS,6.4755,4.6704,0.4513,5.9363,5.2477,1.8879,19.1833,0.0000,9.6407,0.0000,12.2375,0.0000,0.3970,4.4453,4.0276,547.4450,0.3818,14.0736,5.2546,2.9598,1.7881,2.1038,0.3516,0.3393,6.7296,6.6184,1.2175,2.1858,34.9296,0.0000
NTSR1,0.4408,0.9099,1.4981,1.7096,24.6032,10.3639,6.6282,6.3140,3.3549,19.5678,5.4414,4.2208,6.9234,1.8556,1.7057,1.6648,8.7406,3.0370,41.3092,0.5534,0.4511,8.2835,1.4164,5.2044,12.2358,11.7680,0.3833,2.4976,15.6250,10.8119
NTSR2,14.3330,0.0000,0.0000,0.0000,0.0000,0.0000,-0.0701,83.8416,0.0000,0.0000,0.0000,0.0000,407.7620,0.0000,0.0000,0.0000,0.5198,1.6044,0.0000,0.5090,0.0000,0.0000,0.0000,0.0000,-0.2940,0.7928,0.0000,0.0000,1.0225,0.6576
OCLN,8.8731,208.0100,450.3580,240.7410,1091.4350,543.9345,528.3093,38.6964,116.1995,377.7175,128.7460,468.8280,49.3618,552.1040,793.0180,169.7570,59.8316,379.8709,473.0655,17.5879,337.4960,548.9925,20.2729,12.6050,794.2004,219.6060,998.9190,301.1735,111.6760,11.2274
OPRD1,0.0000,0.0000,0.3685,0.0000,0.0000,0.0000,-0.5852,0.5668,0.0000,0.0000,0.0000,0.0000,1.1523,0.0000,0.0000,0.0000,0.0000,-0.5852,0.0000,3.0966,0.0000,0.0000,0.0000,2.2282,-0.4576,1.2015,0.0000,0.0000,0.9193,0.0000
OPRK1,0.0000,0.4255,0.5999,0.2461,0.0000,0.0000,0.8770,4.5002,0.0000,0.7772,0.0000,0.0000,12.5655,0.0000,2.3785,10.4004,0.0000,7.5401,0.5074,73.7288,94.8431,0.0000,0.3409,0.0000,0.6176,13.4006,0.3421,11.1991,33.8542,0.7749
OPRL1,26.5932,44.0436,89.4179,26.6464,44.4035,13.3014,17.2224,173.4695,24.8783,22.4424,57.0441,51.0207,205.4120,21.0552,75.9658,47.4033,73.1934,57.7982,60.1329,140.7870,39.4529,12.7648,94.5717,63.0248,23.0724,79.2400,42.1649,38.5902,152.7740,111.8875
OPRM1,0.0000,0.0000,0.0000,0.0000,0.0000,0.0000,0.0572,0.0000,0.0000,0.0000,0.0000,0.0000,0.1158,0.0000,0.0000,0.0000,0.0000,0.0572,0.0000,34.3852,0.0000,0.0000,0.0000,0.0000,0.0572,0.0000,0.0000,0.0000,0.0000,0.0000
OSM,9.6270,42.8648,34.2084,43.4412,23.3158,63.1335,27.5271,67.5878,61.5018,28.7276,48.4507,35.0387,18.6883,10.4439,81.1486,61.8785,98.8150,61.5911,71.5922,30.1205,12.9768,56.3032,37.3509,17.5458,45.6150,18.4265,23.0643,34.5527,35.4310,2.2053
OSMR,384.8490,347.6270,766.0000,873.0710,732.2705,153.7237,1473.8609,859.9130,1535.5550,226.0455,2272.1200,827.1185,155.9970,240.7410,2391.9800,1883.7000,2189.6600,678.3888,1202.9250,105.3550,497.7110,167.5955,1114.2500,178.6350,969.8698,208.1380,374.9850,299.8677,264.8230,160.0800
OSTN,0.0000,0.0000,0.0000,0.0000,0.0000,0.0000,0.0000,0.0000,0.0000,0.0000,0.0000,0.0000,0.2770,0.0000,0.0000,0.0000,0.0000,0.1761,0.0000,0.0000,0.0000,0.0000,0.0000,0.0000,0.0000,0.0000,0.0000,0.0000,0.0000,0.0000
OXT,0.0000,0.3070,0.4021,0.6174,0.6666,0.3554,1.3404,0.0000,0.3993,0.0000,0.3069,0.7584,0.0000,0.9922,0.5609,0.0000,1.3012,1.3492,0.8319,0.4034,0.0000,0.0000,0.4308,0.2851,2.7824,36.7822,0.4658,0.0000,0.0000,0.6189
OXTR,18.1113,22.9552,97.8462,33.1361,220.1790,36.9385,29.7347,262.1595,18.2462,8.2828,37.3044,77.4554,122.2050,16.1229,28.6186,22.8743,300.0000,242.0993,81.7729,51.2627,30.8680,41.6991,43.4206,13.6530,42.8326,58.9790,23.5004,72.3635,88.9599,6.7995
PARD3,512.4050,1086.4250,769.3900,1264.2600,1513.8650,828.2575,1276.1389,350.6850,1460.0650,448.3820,975.6210,1233.4800,635.1715,936.0000,961.4510,1621.8300,692.5060,1335.1247,857.3545,325.9410,853.3280,830.0590,651.7380,479.6120,902.9061,1100.5850,770.8480,717.1717,1024.0900,738.7545
PDCD1,3.3531,19.4784,17.9724,47.2214,53.1106,25.5952,20.5817,7.8339,39.9056,4.3467,46.1415,19.5307,2.3086,16.5854,54.8017,43.4335,61.2951,16.5018,32.3286,5.6980,14.4639,21.0235,19.8816,24.4701,38.4391,107.2910,21.6810,40.7079,18.8802,3.5989
PDCD1LG2,8.1411,30.8317,66.0582,53.1819,14.3581,23.8657,40.3874,108.8115,97.9393,16.8323,86.7606,14.3407,21.3322,18.3964,89.1759,94.0510,92.5234,45.2269,49.3205,14.4444,14.9961,22.5071,154.3680,25.1046,61.3520,66.3149,33.5984,17.6105,12.5718,16.7221
PDGFA,164.5250,398.9345,284.6120,368.8130,1071.2400,416.6735,516.1390,1208.0350,546.8065,210.0065,966.3470,1143.9600,370.4120,506.7080,498.8660,529.8780,822.9520,310.3884,811.8865,441.8460,853.7519,433.6175,362.8940,332.9480,693.1968,691.4020,261.3940,358.0528,583.4180,840.9485
PDGFB,320.1360,412.7450,816.4960,221.8610,770.6085,281.0945,348.5150,686.4065,431.2575,359.2330,1339.8900,302.9010,448.1910,381.3720,405.9700,454.2280,486.1880,368.1954,826.3700,626.1940,235.7870,302.4505,540.1190,257.6980,365.5904,394.4115,556.2350,421.8304,358.7560,313.4155
PDGFC,763.5470,206.2030,552.0030,259.7140,1456.1350,195.1305,323.1930,680.3135,424.5685,760.5055,850.6190,1085.3550,543.6370,295.3800,668.9830,511.5980,859.5610,969.9103,1294.6800,55.0921,461.9160,191.5538,964.2690,57.6049,348.4828,116.4750,1054.7600,656.7781,1074.0600,19.3826
PDGFD,1241.9500,108.0420,376.3610,56.6459,1729.0000,86.0843,101.8269,220.3230,41.7317,302.7060,1854.7500,409.2450,39.3312,153.6390,189.7560,73.6386,596.6170,216.8537,713.5325,734.2920,241.5480,101.6528,330.2420,130.7870,205.3236,91.0161,499.0180,218.6895,318.0330,68.4390
PDGFRA,126.8170,410.3345,1027.5900,235.0220,575.1160,731.4430,849.6283,2120.3250,468.6410,44.3830,133.1320,54.4014,5734.5550,138.0100,906.0820,878.6580,861.0760,525.9323,1932.1900,77.3525,359.6480,786.4865,2515.6100,240.5700,1388.0788,478.3900,116.3790,407.0565,1444.7500,13.4307
PDGFRB,1197.6800,1261.8850,3748.9900,927.7330,2357.0700,1583.1403,2067.0542,1861.6500,2055.9400,1304.5000,5271.7700,415.4790,1118.1150,1481.0600,2316.8500,2008.7100,2194.2100,936.1866,6726.1050,1958.5700,1532.5400,1660.3250,7346.0900,1152.5500,2791.4176,1536.4000,1600.8900,1415.1896,2833.5900,535.0310
PDYN,0.0000,0.0000,0.0000,0.0000,0.0000,0.0000,0.3069,46.0019,0.0000,0.0000,0.0000,0.0000,38.6649,0.0000,0.0000,0.0000,0.3804,16.0249,0.0000,0.5138,0.0000,0.0000,0.0000,0.0000,0.3069,0.6718,0.0000,0.0000,0.5092,0.0000
PECAM1,946.2300,626.9915,949.4880,446.7650,653.2235,458.4997,764.9346,768.9900,594.6830,951.2245,4628.0700,503.8770,322.5970,961.6570,1185.7500,725.4080,726.9390,477.9507,1439.7400,1522.6600,464.8240,457.8705,1616.0700,427.1850,1221.2288,731.0480,1351.5200,581.0143,698.0590,202.5925
PENK,0.0000,0.6030,2.6918,0.4965,0.0000,1.3837,3.5552,20.8085,6.0909,0.0000,0.2459,0.0000,30.2010,0.0000,8.8790,11.3184,4.3884,1.6295,13.0070,45457.3000,26.8256,1.8059,12.0623,1.0132,3.7573,19.8978,1.8738,0.4247,6.0643,23.1936
PF4,0.4462,0.0000,0.0000,0.0000,0.5153,24.2839,0.6109,1.3386,0.0000,0.3319,1.0815,1.0387,0.9335,0.0000,1.2204,0.5155,0.9886,0.0000,6.9609,0.9552,0.0000,22.4320,0.3411,0.0000,5.3066,0.0000,0.2823,1.1607,0.4446,0.0000
PF4V1,0.0000,0.4151,0.0000,0.4363,7.3120,1.3856,1.2050,0.4118,0.8096,0.0000,15.2561,40.8605,0.0000,0.5828,0.5609,0.7758,0.3962,0.4069,1.4957,0.0000,0.9196,1.4026,0.0000,0.0000,1.3148,0.0000,0.0000,0.3923,2.2153,0.0000
PGF,211.4370,281.1160,155.3340,302.1920,249.9495,151.4023,181.7216,351.8705,726.0875,170.8065,1428.3700,58.6059,397.2160,158.4220,161.6820,497.1080,238.2170,80.3386,345.1010,504.0850,68.7702,173.3357,535.0100,504.4660,156.8864,380.9325,832.2120,98.9813,693.7630,193.1150
PGK1,14032.2000,9113.2300,7610.1700,11142.6000,8459.6550,13185.6546,11001.4731,12266.5500,14012.0500,13080.5000,20891.8000,11004.1500,4751.8800,6972.7200,11544.7000,17482.8000,10502.1000,15375.1525,7730.8000,8002.9600,5084.3400,12543.3500,6518.7400,11511.0000,9631.6693,10035.5200,4788.2200,7432.6449,8951.6400,6600.4550
PILRA,55.7787,56.6273,124.1180,66.5188,88.8337,57.9173,34.4344,196.3625,82.5690,78.5617,234.1540,171.7775,127.5365,66.8055,196.2180,135.2790,180.1720,127.3781,161.2675,59.5270,55.0050,53.1931,172.6720,81.1078,78.0941,185.7560,77.8048,86.4281,76.7414,50.8922
PLG,0.0000,0.0000,0.0000,0.0000,29.3882,0.0000,0.0000,0.0000,0.0000,0.0000,6.2972,0.6209,0.0000,28079.2000,0.0000,0.0000,0.0000,1.9449,0.8965,0.0000,0.0000,0.0000,0.0000,0.0000,0.0000,0.0000,0.0000,0.6823,0.0000,0.0000
PLXNA1,1234.9700,2827.2100,1339.7900,3003.8300,1248.8900,1697.4657,3171.8226,1544.2100,4744.3850,1120.3500,1094.2400,1333.0100,1603.0300,483.7090,1993.0500,3904.7200,2896.1500,1803.2277,1905.1850,1472.2300,851.0900,1837.7612,2465.8800,7476.5100,1665.1775,2038.4950,933.1160,1830.6102,2688.6300,6268.0450
PLXNA2,265.5680,1044.6050,478.6360,1295.3400,503.2550,1059.3700,1570.8680,868.7120,1415.2900,688.4770,1424.2600,329.9895,1086.8900,654.1180,1233.9200,989.4680,1570.3100,673.4084,1563.2100,1649.5100,383.6170,1074.8200,1030.9600,574.6570,1125.3222,1169.3450,1553.0700,673.6030,803.8160,1145.7150
PLXNA3,666.1480,1104.1150,1178.6900,851.7560,1079.0550,980.0075,1212.2017,1329.4200,686.7030,1149.4800,679.7290,710.1200,1102.8300,285.8780,1186.8900,898.5440,876.4140,1570.3023,1061.0050,3077.9000,1267.3800,1102.8225,875.4530,544.5010,900.3685,448.2625,1335.6700,1059.9821,1293.8100,569.7070
PLXNA4,38.9206,12.2607,116.2460,9.0866,26.1865,33.0676,40.8073,838.0410,31.4139,7.0004,19.6740,10.7993,1078.3300,5.3743,78.9737,49.8356,584.9700,106.0363,84.6889,420.3840,42.3228,38.3639,435.3780,20.0647,77.8441,66.5183,298.8180,66.2088,288.8610,25.6852
PLXNB1,211.9170,2950.7900,1869.8500,2674.1500,3415.3150,2407.6700,2737.7533,2988.6850,1681.3300,1537.5550,1181.0900,6166.8900,5305.0000,3143.3400,1475.1300,1933.7100,2405.6900,4671.5428,2460.4400,2549.6300,2456.4400,2676.6782,705.9800,1685.4000,1970.0322,1014.8900,3776.6300,4182.4669,1511.0600,4679.8350
PLXNB2,6326.3200,9515.1300,6543.5100,9859.0100,15341.7500,6392.9900,8738.9435,3366.0900,8907.8900,5695.1200,10085.8000,13576.6000,3341.6600,8135.5100,8094.6900,8510.2000,8120.2600,7281.3350,9553.3200,5113.3200,10585.6000,6352.5550,5688.3800,7385.9800,8202.4667,3423.5350,15505.5000,10721.0762,6424.6000,7893.3000
PLXNB3,1320.7600,453.6265,350.3660,374.0030,784.8670,23.5751,441.5747,1206.7450,327.8930,7.9897,37.3981,15.8544,2507.3000,19.1617,398.9850,467.7390,197.0460,31.7551,426.1125,1771.5700,984.0090,23.9109,79.2860,1498.5500,86.7995,21.4200,14.9094,84.7396,43.9761,555.0285
PLXNC1,180.9100,29.6953,325.4630,41.0983,47.8306,73.9585,115.6611,228.4400,98.0735,52.3413,201.0790,89.8958,223.9410,69.9156,255.8400,164.0950,124.7600,101.7980,244.9410,649.5060,42.9360,57.1004,203.7810,1559.4200,196.2170,117.9050,456.2570,43.5284,57.9585,2944.7000
PLXND1,1989.7100,1330.5300,2976.9300,1309.4300,2107.5700,1184.9850,1596.5943,2485.9350,1463.9250,1261.4750,5301.7600,951.6705,1516.5050,1938.8400,3709.1700,1783.2300,3054.6800,1645.5970,2714.7350,2233.4600,758.1420,1073.7619,5004.1800,2987.3800,1915.0302,3190.7600,3772.6200,1476.0639,2951.2400,3426.3900
PMCH,1.0146,1.8610,1.5710,2.3261,1.5454,1.9537,2.1445,1.3112,2.0621,2.1067,4.3157,0.0000,0.0000,0.6741,2.4526,2.7805,1.9019,1.0647,3.5712,0.4999,0.5852,1.6540,3.0402,0.7786,2.2070,2.5972,0.6114,2.7435,1.4750,0.0000
PODXL,759.9640,1034.4800,2239.9300,901.2600,1719.3250,1596.6392,1451.4959,2794.8950,901.1465,1479.1900,6640.7600,524.8950,1915.5050,920.5430,1582.0300,904.6650,5338.8600,4135.7892,3092.1650,2510.6500,1135.0700,1544.1785,1187.9900,441.7210,2183.6994,3913.9500,2734.3100,3745.4899,1219.1500,421.6460
POMC,19.2678,6.7574,5.5668,11.6618,7.9343,4.5188,5.2053,15.7653,12.2310,7.5057,12.2951,10.2751,14.9705,7.4337,10.5263,46.5189,16.0110,7.7117,16.8053,31.5315,8.2115,4.7788,17.8142,11.0917,7.1575,254.1545,15.8814,12.9588,37.6842,27.4412
PORCN,1095.5800,243.7410,194.3500,297.9970,158.5125,163.3945,203.5487,323.3115,342.4320,243.8560,130.9530,163.5875,435.1260,104.6850,215.7830,290.2030,149.2560,298.5535,237.7115,419.3320,192.4040,175.6212,269.9480,240.7430,157.5266,241.7725,453.0160,534.5272,218.4010,168.1535
POSTN,198.1550,1894.0500,18180.5000,380.6310,1196.8200,2197.5493,3095.8663,660.7065,3460.6450,166.1035,1436.8400,182.3125,3.5714,120.5220,3736.8300,4862.4000,4250.1500,588.1943,7465.6300,337.9450,711.6100,1955.4191,6605.1100,2172.5100,4168.5179,662.0125,722.7730,305.3150,2494.5900,84.0596
PPBP,0.4738,0.7919,0.0000,1.2517,1.0624,8.7008,2.8957,4.9838,3.9294,0.4201,3.4148,1.1706,1.3537,0.5755,4.4486,1.2581,1.1919,0.7811,3.4386,2.5353,0.0000,9.9732,0.4778,0.0000,2.1390,0.0000,2.2391,0.7947,1.6191,0.0000
PPIA,6225.1900,6487.2500,4859.3900,6399.8100,5083.1100,6022.8400,5770.1393,7940.1950,5485.1600,5293.2700,4444.4900,5556.5800,3260.9600,5640.0300,4840.7600,5584.9000,5089.0000,5333.2938,4209.3950,3761.0100,3804.5600,6284.8500,3606.0900,6821.8400,5601.4311,5968.9900,3243.3200,5300.6880,5764.6000,7012.2700
PPY,0.0000,0.0000,0.0000,0.0000,0.0000,0.0000,0.1570,0.0000,0.0000,0.0000,0.0000,0.0000,0.0000,0.0000,0.0000,0.0000,0.0000,0.1570,360.5080,0.0000,0.0000,0.0000,0.0000,0.0000,0.1570,0.9149,0.0000,0.0000,0.0000,0.0000
NPY4R,0.0000,4.1230,0.7597,5.6259,12.6102,28.6111,13.2104,0.4431,8.2740,0.0000,2.4467,1.9098,1.0134,0.0000,9.7587,6.9930,57.1615,2.9338,19.0398,0.0000,112.5400,37.2957,0.3516,0.3555,15.7585,0.5794,0.8234,0.0000,0.8347,0.0000
PRL,1.0748,0.0000,0.0000,0.0000,0.0000,0.0000,0.3019,0.0000,0.0000,0.0000,0.0000,0.0000,0.0000,0.0000,0.0000,0.0000,0.0000,0.3019,0.5128,0.0000,0.0000,0.0000,0.9527,0.0000,0.7449,0.4288,0.0000,0.6550,14.9105,0.3939
PRLH,0.0000,0.0000,0.0000,0.0000,0.0000,0.0000,0.0000,0.0000,0.0000,0.0000,0.0000,0.0000,0.0000,0.0000,0.0000,0.0000,0.0000,0.0000,0.0000,0.0000,0.0000,0.0000,0.0000,0.0000,0.0000,0.0000,0.0000,0.0000,0.0000,0.0000
PRLHR,0.0000,0.0000,0.0000,0.0000,0.0000,0.0000,0.0746,0.6842,0.0000,0.0000,0.0000,0.0000,81.1722,0.0000,0.0000,0.0000,0.0000,0.0746,1.3852,1345.7000,0.4335,0.0000,0.0000,0.0000,0.3232,1.4354,0.0000,0.0000,0.0000,0.0000
PRLR,1202.1100,12.8042,4265.5000,49.3229,282.1510,454.0290,72.5683,5.6781,27.1208,2033.2450,154.0020,69.9169,6.6520,724.3170,74.8576,43.6072,17.8959,27.7650,84.1386,208.6060,143.0840,544.1940,36.4617,10.5192,159.3833,44.9046,6.2569,241.0904,84.6256,6.6296
PROK1,3.7477,1.0317,1.0074,1.5990,0.5010,0.0000,-0.0463,9.4418,0.0000,0.3355,0.5621,0.4477,6.9713,1.3803,0.4679,0.4023,0.4798,2.0273,2.1466,0.8751,37.5469,0.0000,0.9836,0.5684,0.0762,8.7735,1.8216,1.2178,2.0636,0.7286
PROK2,0.4408,0.7908,0.3308,1.4772,0.5980,3.6469,2.6114,5.1298,2.3455,0.9810,2.4941,0.5806,1.1280,0.5504,2.1861,2.7298,0.8384,3.4569,1.5884,6.2750,0.3612,2.6986,1.2526,0.7040,3.8466,7.6205,0.3395,2.1185,21.3391,0.0000
PROKR1,0.0000,0.0000,0.0000,0.0000,0.0000,0.0000,0.1899,0.4308,0.0000,0.0000,0.3681,0.0000,0.0000,0.0000,0.4439,0.4484,0.0000,0.3056,0.0000,36.7647,0.3710,0.0000,0.3857,0.0000,-0.1159,1.2159,0.0000,0.0000,1.3310,0.0000
PROKR2,0.0000,0.0000,0.0000,0.0000,0.0000,0.0000,0.0000,0.0000,0.0000,0.0000,0.0000,0.0000,0.7963,0.0000,0.0000,0.0000,0.0000,10.7928,0.0000,0.0000,0.0000,0.0000,0.0000,0.0000,0.0000,1.4056,0.0000,0.0000,0.0000,0.0000
PROS1,322.1830,224.5850,356.1720,260.4590,1198.1200,583.0918,618.6291,1244.3000,406.5245,160.8280,3306.3400,1874.8900,464.0355,5089.0400,819.1330,728.6450,1787.9300,461.4025,1051.2850,595.5240,560.0600,594.3755,1263.8500,1458.9500,585.6879,309.7385,5889.5100,176.5952,342.3740,680.7205
PRSS1,0.0000,0.6987,0.2893,0.0000,0.9842,2.4390,1.7221,0.0000,0.0000,7.9282,0.0000,0.0000,0.0000,0.0000,2.0411,4.9132,0.0000,114.0597,1745.7400,0.0000,0.0000,1.5532,0.0000,0.0000,27.7009,0.4619,18.2540,6.8328,2.1304,0.0000
PRSS3,0.0000,67.8854,0.9980,11.6605,83.8796,1743.5851,1113.6410,23.2620,119.1065,1.6119,0.9198,0.0000,27.7797,29.7350,7.2904,20.2397,0.9947,27.4549,1954.8900,1190.7900,1.0718,2040.7400,1.8244,7.2302,3151.7686,1.5844,7.1836,12.1333,16.8618,0.0000
PSAP,37832.2000,25549.3500,32645.6000,20869.6000,29291.7000,20792.4500,21011.5774,40365.1000,26090.7500,31803.4500,40146.1000,54267.9500,39947.5500,34600.5000,38172.4000,34756.4000,55775.5000,31438.4593,34314.8500,52467.7000,30056.8000,19379.9500,39852.0000,50403.0000,26480.1653,29601.0000,41388.4000,27090.3710,25635.2000,34178.3500
PSPN,1.3164,0.7239,0.5066,1.0248,1.0952,0.7350,0.4393,1.3652,0.5345,0.8103,0.6388,1.9826,1.4436,0.9418,0.4515,0.4958,2.6435,0.6420,0.7772,2.3364,1.1579,0.9069,1.8641,0.7835,0.4063,1.0646,1.2650,1.8541,1.4060,1.5804
PTCH1,165.0480,179.8660,120.7810,145.1480,331.6710,816.3175,370.8620,530.2825,162.9775,658.7300,296.9380,214.1090,1387.2450,138.8890,262.6740,283.8470,233.9000,338.4232,507.0895,399.2470,640.8530,1009.1292,213.9240,279.8270,498.4852,1069.4450,358.5510,463.2265,302.2710,379.2665
PTCH2,21.8971,9.0299,20.5515,8.4076,15.6129,14.5147,8.5920,129.8490,6.4964,3.8624,19.2890,16.2938,111.7055,6.2657,10.8872,12.6065,26.6785,17.4944,63.2130,21.3831,30.6041,16.0905,45.6299,9.6559,17.0319,413.3400,20.3291,49.2458,54.3326,6.9894
PTH1R,60.4183,8.7530,19.1674,7.0467,56.2886,2.6182,4.4435,110.9285,11.1113,15.9946,279.1510,1533.8050,199.9915,34.0069,27.1636,14.8671,18.4311,12.0402,53.2012,37.1084,18.1377,3.4992,95.4074,14.8867,5.6331,254.3925,10.7258,19.8285,307.5470,23.4686
PTH2,0.0000,0.0000,0.0000,0.0000,0.0000,0.0000,0.0000,0.0000,0.0000,0.0000,0.0000,0.0000,0.0000,0.0000,0.0000,0.0000,0.0000,0.1846,0.0000,0.0000,0.0000,0.0000,0.0000,0.0000,0.0000,0.5186,0.0000,0.0000,0.0000,0.0000
PTH2R,0.7093,2.0085,10.1905,0.5426,2.8856,0.0550,0.6308,4.0686,1.4114,0.9500,52.7142,87.8364,7.2263,1.5083,1.9391,6.2077,4.7232,155.7007,3.6067,1.0560,4.9950,0.0550,2.1695,0.7040,0.5194,11.8072,0.7485,3.9173,9.9268,0.0000
PTH,0.0000,0.0000,0.0000,0.0000,0.0000,0.0000,-0.0110,0.0000,0.0000,0.0000,0.0000,0.0000,0.0000,0.0000,0.0000,0.0000,0.0000,-0.0110,0.0000,0.0000,0.0000,0.0000,0.0000,0.0000,-0.0110,0.0000,0.0000,0.0000,0.0000,0.0000
PTHLH,39.3305,92.7150,66.9456,210.9130,277.2290,19.5535,222.5941,94.6547,2932.0950,16.8731,137.7170,4.8316,43.3264,7.4875,39.4737,1709.7500,49.3827,20.8423,101.7295,20.3616,23.8267,24.9985,68.2372,26.5047,35.6920,72.2647,17.8923,71.5981,80.1034,2.3661
PTN,42.7888,216.7295,157.4410,104.4890,49.3451,33.1025,125.1220,14379.2000,134.6500,139.2735,206.4760,95.0359,5968.6550,29.1457,81.2322,366.4080,210.7310,340.2496,114.9570,2375.5400,837.3770,40.5580,1224.6100,36.5738,99.1500,357.4970,95.4341,205.2000,954.8840,25.6930
PTPRB,293.0790,309.7355,490.5600,194.3630,414.9060,788.6460,451.6112,329.7380,216.6545,800.5005,3275.4900,225.2810,647.6015,408.9940,623.3790,318.4480,217.6770,137.5440,855.7040,1182.0800,492.1430,716.3210,549.2900,163.9820,690.2241,278.8750,1050.9100,261.5392,178.4850,208.0725
PTPRC,76.9720,240.3960,753.5480,494.6510,411.5325,383.7806,586.8030,602.9435,522.3880,284.3880,1530.6300,408.3170,277.4335,236.2170,1330.2400,847.9640,763.9520,403.8511,762.9130,127.1420,292.0270,335.1190,460.9780,168.0700,1094.3265,1014.9700,304.7060,258.5022,120.7470,29.5829
PTPRF,1373.5200,11665.0000,13049.2000,12253.9000,17398.9000,7926.9450,13005.6356,3222.4850,13547.1500,5046.6750,5053.7900,5465.1450,3584.8400,8458.9400,9204.1200,13685.5000,19351.7000,14281.6819,7835.0650,1769.7700,14493.9000,7985.6150,1507.8200,1351.2000,7906.3384,4501.2550,8204.2600,9033.9443,5483.7700,1841.8650
PTPRM,720.9820,1066.3050,735.9290,156.7590,1757.6950,233.8682,460.7243,422.1720,304.8755,819.0850,3737.4400,2089.9450,876.7250,729.6040,835.2890,392.0360,461.6650,520.1131,1196.4000,3952.8300,1106.3800,274.3935,1502.3100,2868.8400,606.5161,639.3595,4869.1600,727.7950,601.2270,3170.0000
PTPRZ1,4.1609,4.2885,8.0619,309.0560,2.9574,1.2294,472.1578,32670.4500,2135.1850,0.3923,0.9002,0.2435,32104.8000,1.1009,27.8989,1932.4100,19.2959,1.2796,58.0808,55.1302,21.6702,0.9777,4.6382,1215.0300,38.3386,25.5498,1.4313,0.4430,4.5695,152.0760
PVR,2365.5100,1087.4500,509.1150,1070.3400,1739.6300,1738.8350,1274.3527,589.0120,1299.6550,2255.8950,950.3060,1240.2500,381.6300,2051.1800,1192.2900,1013.9600,1015.5600,688.7506,1461.1200,1402.1800,1209.1900,1771.0200,899.0560,991.1000,1327.9441,1452.7300,621.6970,1052.7887,1017.0500,865.1465
NECTIN1,361.6790,6068.2750,1052.3300,5913.4100,844.4930,1992.8766,4309.0293,638.7755,10726.9000,234.4990,400.0000,460.4375,1654.4450,411.0110,890.0000,9997.3500,424.6170,643.9547,969.7495,1466.3800,1018.0000,2197.4350,594.3870,936.7950,1146.4082,772.5140,247.8440,1152.2303,1310.7000,827.6340
NECTIN2,3791.3400,3140.5600,4632.1800,2575.9400,4608.7450,2621.4050,2024.1482,1393.2600,2153.8550,2691.6150,1815.9100,2656.2900,664.8375,5000.1800,3099.4700,1992.1600,4444.5100,3384.0738,3769.7150,1759.9400,5425.1200,2618.4900,1718.8200,1400.4500,2899.6990,2281.3250,2445.2500,3800.1158,3292.9000,2151.4050
NECTIN3,106.6990,60.7710,35.1562,40.3345,243.6820,267.1545,110.7205,137.1765,37.7730,273.9750,235.2140,213.2745,219.1180,193.7340,121.5230,93.2549,185.8010,364.8880,202.5935,102.3170,343.4330,261.4448,132.8840,49.1329,354.5842,58.8141,326.6740,142.2692,160.6190,13.1490
NECTIN4,1.1732,3834.5250,1462.0500,3387.0300,807.4030,340.5615,1257.1497,4.7022,2662.1650,15.4784,8.0311,5.3133,1.4226,5.7208,1294.5900,1855.7900,16.3607,732.5193,1171.8900,3.9766,743.0490,303.3820,12.0527,49.6753,456.4835,172.4200,643.1620,736.4635,197.5310,0.9235
PYY,0.0000,0.0000,1.2600,0.0000,0.0000,0.9402,-0.4353,0.4297,0.0000,33.6602,0.0000,0.0000,0.4481,0.0000,0.0000,0.0000,0.5904,0.2403,2.8354,0.0000,0.0000,4.3760,0.3857,0.0000,-0.2031,224.9570,0.7067,30.7069,2.0294,5.7581
QRFP,1.1177,1.4665,0.6207,1.4493,1.2282,1.2850,0.9409,0.9466,1.2399,1.3245,0.8303,0.7589,0.5783,0.0000,0.9988,1.3903,1.0881,1.0298,1.0246,0.7838,4.1762,1.3201,1.9892,0.8699,0.5587,5.0598,0.9482,0.9719,1.8735,1.7176
QRFPR,6.5818,0.0000,1.2402,0.0000,1.0616,0.3712,2.9144,2.0391,1.2232,4.1481,323.7450,190.1210,6.3614,0.6757,0.0000,1.8622,0.6098,-0.2082,0.0000,7.7332,0.8446,0.4568,0.6282,0.8897,0.2095,1.3325,12.6947,0.0000,0.4502,2.7206
RAET1E,29.9716,35.4315,11.0430,65.6253,1.9548,6.2442,18.7961,3.3270,139.1775,3.3249,11.1157,0.9164,3.4440,1.9822,10.0548,9.4129,152.4940,2.0115,6.2724,5.1388,2.2514,6.1273,8.0914,3.2289,5.3166,0.9358,15.0865,3.8773,2.8334,0.0000
RAET1G,170.5740,70.3449,4.5645,81.5991,1.8142,6.5872,26.1591,2.7820,136.6290,5.2172,10.5739,3.0359,2.7096,2.2650,8.0719,36.9830,140.7970,2.6709,10.1212,9.7823,5.0639,6.5359,17.9543,6.0858,6.3334,4.0064,31.7805,9.0256,9.6766,1.4212
RARRES2,7898.5900,633.3285,656.9580,494.1570,2524.8150,630.7749,346.1044,754.5640,325.7845,2882.7500,3888.2800,4221.9450,39.9901,20236.6000,1261.8700,1069.3900,7335.6100,1584.6069,2251.4200,216.5720,555.6840,645.5744,1334.9900,237.5250,705.1007,568.0730,369.4760,709.0018,670.2590,1117.5450
RELN,15.9652,3.2577,11.8776,4.0816,75.2271,7.2037,6.8539,23.4716,11.9751,19.9371,19.6765,557.6245,174.3915,491.0440,21.2072,14.1715,12.4760,16.3637,75.5622,432.4690,109.2580,7.3893,11.3732,7.6895,13.6043,51.7709,3.6194,8.5930,82.6250,3.4038
RET,20.4082,12.5579,594.1050,12.6364,16.8046,19.7163,19.5289,57.1752,52.8979,32.0139,13.7342,6.8424,204.2595,5.6825,27.8305,27.4880,61.3333,73.6018,36.6038,10975.7000,238.7310,21.7430,33.1174,6.6814,24.3136,175.7995,18.4524,28.2636,109.9430,10.8625
RETN,0.0000,0.7192,0.2693,0.3741,0.8207,0.4374,0.3803,0.9426,0.9581,0.0000,0.7153,0.6792,0.0000,0.0000,7.6271,1.5661,1.8329,0.0158,10.2119,0.0000,0.0000,0.3664,0.7213,0.3164,0.5808,1.2125,1.4329,0.4266,0.7015,0.0000
RLN1,0.0000,1.3664,2.0704,0.6330,0.4915,0.9310,1.0520,1.4089,0.4528,1.4398,0.9265,1.5555,0.8682,0.0000,1.0704,0.8420,0.4922,3.1801,0.6946,0.5311,113.4960,1.2877,0.3857,0.4204,1.3371,1.3441,1.2296,1.0452,1.1683,0.3508
RLN3,0.0000,0.0000,0.0000,0.0000,0.0000,0.0000,0.0000,0.0000,0.0000,0.5317,0.0000,0.0000,0.0000,0.0000,0.7651,0.0000,0.0000,0.7298,0.0000,0.0000,0.0000,0.0000,0.0000,0.0000,0.0000,0.0000,0.0000,0.0000,0.0000,0.0000
RNF43,431.2980,274.9670,511.9690,504.2590,515.6505,5824.7422,700.5882,8.1515,563.1150,334.5770,74.8705,287.5025,15.8916,503.4790,755.3360,746.5990,33.3084,602.4716,562.2080,13.5593,1027.8800,6843.8200,5.2083,398.4710,708.1879,365.5785,183.5380,612.3089,267.6420,128.7085
ROR1,20.1729,7.2310,37.2908,6.6445,43.8114,12.7672,33.3667,35.9885,18.5829,30.8970,68.1001,42.4228,10.6966,5.0946,57.9515,18.3040,278.7160,83.8448,98.4703,7.2126,59.0590,11.9275,225.7790,24.1149,91.5468,19.4679,22.2314,30.6059,75.5724,1.8956
ROR2,251.2140,139.5670,412.4690,158.2530,48.6724,104.7015,165.2431,27.7570,277.8635,20.0256,50.7365,21.1585,9.9375,23.4234,142.0200,273.1610,1618.9800,300.4582,434.2185,963.2470,365.5420,108.4174,1039.8800,49.1282,165.0245,460.7060,152.8470,510.7286,830.5860,8.7183
RPL13A,19750.0000,19723.9000,14475.1000,14482.8000,20954.2000,23169.4243,13128.2348,3691.8400,8440.2400,13552.8500,13227.6000,13430.6500,9521.6350,13984.5000,13878.0000,14975.3000,22037.1000,18464.0104,18036.2000,13789.2000,30590.2000,23548.0225,8402.6100,16941.1000,16529.8614,25463.5500,18860.1000,24833.6626,31963.4000,50645.3000
RPLP0,20944.5000,29756.2000,21598.6000,25103.3000,31790.5500,37856.4500,24164.2771,17372.0500,19571.5000,18068.5500,22357.9000,18493.0500,14917.4500,24233.7000,21003.1000,29427.2000,33643.8000,42841.4776,22634.6500,12450.1000,31566.1000,37761.0000,18446.6000,24419.5000,27945.7952,47016.9500,19323.9000,35213.4403,36279.2000,53093.0000
RSPO1,0.0000,1.6810,13.3111,4.4250,1.0119,1.5154,1.8968,0.4582,4.3909,0.0000,0.0000,0.0000,0.9203,0.0000,6.0716,3.1451,1336.7300,228.8283,11.7165,6.8620,23.8981,1.6029,1.9380,3.1786,6.1471,6.1923,0.7628,9.0137,11.2241,0.1583
RSPO2,0.5400,1.4857,0.2709,0.0000,1.0850,3.3577,3.0304,24.7425,0.3983,0.0000,0.0000,0.0000,40.3612,1.1365,8.6718,3.2895,2.9840,0.4410,4.2369,9.7288,48.9286,5.8200,7.9545,0.0000,8.4376,3.0266,0.5599,0.9427,6.6941,0.3828
RSPO3,1.4798,19.0466,43.8712,16.8204,12.9597,34.5842,43.7576,3.6905,14.1227,132.0655,30.4612,4.2822,12.5057,3.4325,43.2546,30.8708,32.3317,105.8449,80.0023,27.9070,75.8374,30.5492,191.2800,7.2239,125.5452,94.1633,11.6679,43.3127,257.8160,2.0048
RSPO4,3.8810,12.2476,4.7084,1.4533,5.9675,0.8905,4.3299,12.2348,3.7370,2.9832,4.4796,8.8196,21.8149,1.2848,20.4918,14.0406,27.8931,120.5285,3.1395,262.3600,2.9688,1.4493,3.3457,17.9844,1.8568,43.6663,316.3350,6.9835,195.8630,9.7001
RXFP1,1.9952,1.2228,0.7171,2.4495,2.8952,0.9990,1.6657,1.9140,1.5618,5.0916,25.2983,3.1212,6.6070,1.3652,5.1546,4.2001,0.6534,3.5737,3.6413,6.8085,3.7453,1.5996,2.8397,0.6475,1.6685,1.0762,2.1834,31.7703,7.4553,0.4407
RXFP2,0.0000,0.0000,0.0000,0.0000,0.0000,0.0000,-0.1261,0.0000,0.0000,0.0000,0.0000,0.0000,0.0000,0.0000,0.0000,0.0000,0.0000,-0.1261,0.0000,0.0000,0.0000,0.0000,0.0000,0.0000,-0.1261,0.0000,0.0000,0.0000,0.0000,0.0000
RXFP3,1.3552,0.0000,0.3870,0.0000,0.0000,0.0000,0.3191,0.0000,0.3403,0.0000,0.0000,0.0000,0.4194,0.0000,0.0000,0.3276,0.0000,0.0926,0.8165,3.4052,0.0188,0.0000,0.0000,0.0000,0.1227,0.0000,0.0000,0.0000,0.0000,0.0000
RXFP4,0.0000,0.4431,0.2334,0.4919,0.4224,29.7471,0.4315,0.5123,0.0000,0.7866,0.3729,1.0032,0.4133,0.0000,0.6333,0.2663,0.0000,1.3205,6.3343,0.0000,0.0000,36.9510,0.3978,0.0000,3.0666,0.0000,1.2251,1.9757,1.3238,0.0000
RYK,714.6330,1430.7000,1283.2800,1482.1100,1236.8700,1185.0050,1306.8267,878.4500,1349.4900,1155.1250,974.3220,995.4635,667.0980,623.7100,1153.3300,2051.4000,1473.1000,1787.7917,1063.2800,398.2370,1286.1900,1278.1973,1098.5900,896.7850,1083.7890,1196.2150,1593.2700,1261.3088,1547.9600,469.1545
SAA1,1.4094,35.5303,219.8950,248.1810,83.0515,57.9220,239.0447,47.3882,403.8400,1.4805,16.2671,45.3432,0.0000,3036.6500,81.8182,163.9970,1374.3700,85.1413,267.8100,0.0000,32.5939,61.3394,2.1151,10.3230,87.2850,1.5545,2.7161,177.6216,25.0120,0.6136
SCGB3A2,0.0000,0.0000,0.0000,0.0000,0.0000,0.0000,0.0671,0.0000,0.0000,0.0000,0.0000,0.0000,0.0000,0.0000,1246.0300,337.4420,0.0000,0.0671,0.0000,0.0000,0.0000,0.0000,0.0000,0.0000,0.0671,147.3240,0.0000,0.0000,0.0000,0.0000
SCT,0.0000,1.6293,5.2684,1.0696,1.5127,2.6771,0.9305,0.0000,4.8307,0.3679,0.3053,1.1994,1.8465,0.7014,3.6574,3.6052,3.2135,3.3271,20.3307,0.4969,0.6904,4.0233,1.6090,0.5342,1.3830,4.8269,1.5568,1.1335,1.6191,1.4042
SCTR,0.7628,0.2785,0.0000,0.3047,1784.9700,0.4275,0.9466,0.4657,0.3171,0.7833,19.3592,4.1320,0.6688,5.0946,157.7930,16.8963,4.5100,0.4177,569.1800,0.7654,0.0000,0.4597,0.7682,0.0000,2.8471,1.7119,2.1861,2.1970,6.2029,0.0000
SDC1,2672.5700,28027.1000,6331.9100,19964.6000,9809.9750,6478.5910,9915.9375,319.6205,27897.9000,1614.3750,2817.5400,5046.5200,60.6265,20613.2000,11929.5000,20967.6000,949.3230,1263.4692,7669.4450,151.1440,1811.7900,6138.3353,1447.8000,1450.4100,4782.2482,968.1220,3213.3500,3670.2900,2817.0200,417.4260
SDC2,1181.6400,611.8920,1650.6000,312.1200,878.2335,670.6870,598.6962,1583.5650,546.1240,8786.8900,3594.8500,2334.4150,817.2140,11004.6000,821.5640,904.8660,1387.5400,789.4240,1405.0600,3528.7800,1557.2700,650.1830,5003.9500,904.1440,1029.2083,1915.2300,7417.1600,1498.3114,3375.6300,115.8990
SDC3,8979.2600,1369.4100,2158.5600,1229.2200,1851.2850,1499.0450,1148.6460,13991.7000,1203.9500,761.3450,2355.8200,2023.1050,14626.5000,1129.0500,2266.0500,1516.3900,2234.6900,2615.9541,1868.7900,2180.9200,1816.2500,1599.4661,4769.8800,13835.5000,1567.7064,2079.7150,2668.1400,2608.9214,3807.2700,6160.2050
SDC4,3940.8000,8559.3100,5741.7200,8332.6200,10475.5000,5553.8063,6008.5806,1603.5150,7685.2850,26282.4500,6342.0900,12425.0000,705.5930,9671.5000,9631.2100,4823.1100,4310.1200,5319.9006,9197.0500,1075.1400,2228.5900,5942.6750,1769.3300,1416.8300,6417.4533,2206.2850,20716.0000,4585.2352,2080.3000,848.9075
SDHA,6113.0000,2724.7150,2180.8900,2994.3100,3017.6400,2988.0621,2792.1406,1912.5000,2613.4350,12758.7000,4132.0200,5522.2500,2537.8400,5582.5100,2429.7600,2911.4100,2323.9000,2901.1091,2467.8800,2370.0600,2066.2400,2769.3600,2453.0200,2846.9800,3230.3950,1498.2800,1617.9700,2457.3432,2602.7400,5398.7850
SELE,3.2431,63.2981,97.9175,22.7374,23.8851,41.9459,158.5791,3.1143,125.3630,26.4241,61.5744,4.1438,1.2089,25.2135,25.2738,37.3191,38.3865,10.5522,53.0855,24.3461,197.0600,39.0349,12.1090,37.6103,138.8380,20.4055,96.6074,11.7947,6.6460,0.8357
SELL,23.0303,167.1805,190.0340,104.8510,128.5555,83.5881,91.0456,188.0560,138.3200,77.8940,234.7340,86.4216,734.5680,83.8415,343.0950,211.9520,210.3860,98.3212,277.1855,43.9693,68.0134,75.5644,99.8440,87.0106,233.0078,327.9570,171.2530,74.3152,55.9559,19.5211
SELP,7.7763,46.9566,86.9868,27.4574,35.1362,34.8949,69.6390,0.9079,60.2152,54.3232,186.9200,40.0716,0.5776,20.2020,116.0940,75.1534,106.0510,21.2812,200.9080,103.6700,230.9190,42.8526,26.0146,28.2686,139.9885,32.1334,162.4120,34.7097,8.1177,22.3266
SELPLG,116.4350,208.4700,496.3050,339.9840,305.7530,237.0798,176.8029,844.4740,368.0050,187.1775,637.5270,422.0700,835.5840,197.9060,792.0740,409.9310,695.2530,305.0989,1075.6450,147.0100,153.3630,215.7925,439.7730,271.8120,384.8250,525.7000,316.7390,262.7605,138.3570,109.0035
SEMA3A,4.0696,57.8955,33.0332,43.0464,21.6841,170.3225,144.1564,153.7590,88.4745,10.4432,24.1657,5.1479,49.7972,7.8563,180.9760,137.3430,100.2240,162.8853,148.8470,8.0613,26.1078,180.4501,80.5254,37.0213,139.6905,246.3275,48.9668,87.3015,384.9600,6.3750
SEMA3B,1774.2300,222.4050,363.8910,304.0940,446.9865,696.5360,267.3914,724.6035,138.2575,849.7065,293.3280,1528.3000,954.9970,155.6310,429.8970,139.6860,3580.6100,1225.8384,1368.8000,132.5050,339.6790,757.4465,338.1710,1260.6500,658.9005,161.9400,484.3120,625.7521,632.8120,384.7445
SEMA3C,30.4790,2381.4300,2563.8600,831.2430,345.4575,1465.5493,1564.9976,135.4690,1666.6800,4852.6000,401.4750,259.6655,182.7740,13.1387,945.2240,1228.9100,6882.9600,806.3468,1657.0300,92.2312,2329.2200,1637.2490,2202.7300,1020.8500,1224.2793,77.6752,65.3546,1055.9081,973.1150,93.3092
SEMA3D,4.9261,42.1180,50.6669,7.0574,14.2571,6.8464,49.1114,17.3606,50.7053,11.9716,64.4024,21.2437,219.0650,11.4114,41.5167,138.5210,68.2927,52.8121,32.2090,7.7845,142.8190,8.9096,41.5390,62.4600,31.5341,40.3356,46.4476,71.9873,110.5090,2.1224
SEMA3E,0.0000,21.9389,128.2240,0.9681,254.2695,2.1604,25.5945,76.3832,1.3910,0.4193,0.7399,2.5148,23.7276,0.6374,100.9200,17.9252,13.6170,61.3067,89.8245,0.3997,152.6970,2.6703,11.7008,4.2017,44.5264,35.8973,62.1732,70.5349,65.0735,4.0313
SEMA3F,544.4550,3166.6500,1988.7200,2917.4000,366.5355,705.7545,1223.5562,267.4085,2099.9250,3663.3600,2426.9100,724.0290,50.8707,433.5140,638.4530,1856.1800,1020.4500,1657.2266,677.3335,629.4350,1103.9900,812.4444,735.3660,254.4440,602.6381,396.6110,1876.4000,1390.9451,1688.5400,124.6835
SEMA3G,131.2470,111.2775,344.5910,57.8197,138.7625,71.7777,97.4657,74.3767,85.6936,322.2510,487.4370,95.7075,270.6085,242.1940,137.2770,107.2370,103.7310,83.7704,263.8215,589.8480,211.7690,81.9534,292.9460,68.6306,161.3927,158.9730,372.6990,177.2084,143.4100,37.4998
SEMA4A,21.8405,947.8480,791.1750,946.7530,238.4650,253.0242,596.7159,133.2545,983.6050,178.8605,305.2530,184.9115,308.8640,58.5963,911.9540,1388.3400,209.6090,488.1517,356.3670,45.4133,1485.2200,237.5443,146.9190,230.9390,284.3824,835.7910,1256.3500,736.4499,261.8000,279.8890
SEMA4C,391.2840,1242.1300,1058.2700,1089.9300,1034.4250,777.1040,838.0496,972.2960,924.7620,302.5620,970.6070,527.5485,1074.0300,691.9320,1316.9400,1247.4200,1419.3800,1501.7363,1088.5000,1085.9800,1121.0000,835.0350,1443.1200,1891.8600,695.0533,3067.9950,1042.4500,1438.9105,2170.4700,1529.9950
SEMA4D,495.7880,741.4020,640.6880,939.3910,447.4865,863.9800,1000.3607,586.7000,760.9005,856.6585,1187.9400,1843.8700,1283.2050,130.6570,960.0820,934.9170,1248.4400,951.2895,994.7435,828.5470,802.7110,913.5475,296.0100,347.4670,909.4179,1495.3050,714.0760,1078.9406,574.8940,443.2035
SEMA4G,84.4136,92.4025,111.8650,46.0600,1447.1700,1225.9650,199.2118,127.5255,39.5697,85.1468,409.1470,513.3920,326.7750,2034.8400,202.0540,84.6928,116.7820,155.4419,821.0270,132.8020,482.7290,1241.4982,38.1067,122.8050,1229.3549,308.7275,288.3420,192.1365,351.9670,231.1605
SEMA5A,128.5120,1308.6100,628.6720,155.4440,508.9195,1032.6961,319.4220,2214.3450,345.3070,432.0480,1303.2600,2044.9200,2438.1600,277.5230,294.6790,270.1600,1846.1300,244.1523,738.0705,306.3830,215.0290,1080.0496,879.4960,1546.1500,413.4960,149.2015,269.1100,441.6326,773.7540,400.8810
SEMA5B,46.7862,32.6764,31.0564,15.0250,92.6268,21.2479,24.6101,693.0635,26.1331,66.6265,3365.5400,280.9995,700.1275,81.9912,30.0344,47.2393,76.1702,142.2643,37.9295,116.8350,13.9225,26.2264,107.8350,17.9787,29.9960,102.8615,67.7966,52.0049,147.9350,9.5852
SEMA6A,961.8690,568.6225,254.8020,102.3960,2869.4000,332.9170,299.8092,2316.9050,196.0880,259.0740,2260.5200,1942.5350,3075.5000,166.3160,112.2760,415.5190,193.9200,141.9868,422.0605,1157.2300,532.0400,340.7040,353.9250,2697.4400,410.1372,3061.6500,214.8620,360.4192,1384.3700,3045.4650
SEMA6B,1536.4200,210.6485,243.6950,112.8550,204.1800,142.9297,155.3915,437.2740,257.4025,433.1200,656.8170,111.9505,1488.9600,231.5690,201.8260,166.5140,292.5580,87.3589,473.9620,455.6420,120.7340,140.6040,597.9490,324.5070,215.8837,685.5800,224.5010,179.2493,526.0420,113.6625
SEMA6D,76.2513,21.7467,89.6527,21.3889,86.4562,98.8386,97.3116,1241.4900,73.7868,315.3820,154.0550,97.0785,1014.1150,35.7700,66.9333,254.9750,212.2230,272.0481,109.5285,412.9880,59.0312,112.1760,179.8270,250.3660,85.7146,127.8135,173.9770,39.7190,225.6890,179.9610
SEMA7A,740.7640,601.8700,163.8420,238.7310,198.7730,167.3900,167.3145,496.4055,347.7885,62.5318,115.4760,36.1277,557.4380,172.1350,273.0900,274.8290,189.2530,169.0116,1009.5300,49.6278,45.5544,156.0567,252.9990,860.1620,226.6220,567.0135,74.8580,202.3610,356.5890,225.2700
SERPINE1,946.4040,3060.0250,1036.9300,932.4240,3600.2100,532.9799,2070.8755,2826.4950,5541.7800,307.1930,3931.8700,327.4050,217.8365,2080.7600,1473.8200,3067.2800,4119.8800,551.4117,5872.1100,1211.2500,470.1650,451.7274,1703.3900,578.8810,1170.2879,395.0550,547.1730,252.9577,346.2930,52.0014
SERPINF1,367.6300,1059.8750,3111.4300,782.3150,1440.9200,874.2095,691.4839,804.3020,1804.3950,77.1915,592.3180,592.6560,265.8855,20699.9000,2242.5000,2619.7600,3331.9100,1331.4064,5464.8550,121.8230,1526.8000,802.4200,7556.7200,6003.3400,1353.2971,1350.6350,467.8330,1020.1162,3373.0500,27784.5500
SFRP1,397.7640,58.5783,662.2050,516.8930,58.7421,11.6565,60.9219,90.1576,340.0725,27.8159,65.1319,26.6029,183.5525,10.7280,33.9693,88.7270,470.7840,195.9158,280.5090,799.0290,1565.7700,17.4674,604.5790,690.1570,74.6766,544.1385,79.1289,349.3386,3212.0500,499.8295
SFRP2,11.2150,729.3820,8463.9200,495.4720,80.3486,376.5009,854.4045,57.2276,2107.4100,163.2040,234.7010,20.1826,1201.6600,1.1514,1846.2600,2921.0100,2991.7300,240.9227,13324.6000,12.2881,700.9209,249.5845,1043.8100,519.6400,1352.9019,1956.0050,315.1290,88.2242,1550.9100,3.9167
SFRP4,20.1500,264.3775,1511.7700,366.7940,176.8220,349.4559,156.6696,563.6530,227.4160,39.3092,167.9430,96.5116,114.1305,52.4611,930.8240,580.7750,1981.9000,482.4859,3346.6100,58.2135,1043.9100,367.4029,792.9380,25.1022,927.4152,138.7455,158.8000,493.9221,244.0800,8.4440
SFRP5,0.0000,0.4252,0.4792,0.3129,1407.1500,0.8136,2.5827,3.0736,1.1718,0.0000,0.3326,0.0000,6.0880,2.5355,6.7397,8.3871,26.7358,11.8729,586.2165,166.8140,5.2204,0.8927,0.3891,2.8422,11.7026,85.6026,0.3997,3.8447,37.2255,12.9571
SHH,33.4821,5.2692,0.0000,0.4272,39.5900,114.9365,12.3064,1.9614,0.4748,1.1635,17.6211,86.1473,4.6738,69.6425,13.3779,3.6540,0.0000,0.2056,65.1582,0.0000,7.8457,134.7941,0.0000,0.0000,52.4920,10.3304,0.0000,14.2065,1.3782,0.0000
SIGLEC1,94.2155,136.6990,333.6750,166.6020,179.8020,93.8735,192.9595,205.6975,186.6595,81.5887,403.4560,161.0675,88.2349,198.1520,544.1290,259.7690,487.6720,527.2446,310.5235,122.7990,52.9248,78.6207,561.0530,207.7500,322.4817,603.2450,108.5710,129.9474,186.6940,173.0185
SKIL,236.1380,535.7675,735.2560,649.7750,472.8740,523.2610,1183.2791,279.4115,719.7115,291.8040,509.6660,189.9040,328.2350,176.9910,595.4630,884.7530,512.9420,618.5989,792.5290,176.9450,311.0820,583.0390,260.4120,121.8780,944.2089,696.5380,355.1960,480.9725,464.5630,30.6979
SLURP1,0.0000,1.9928,0.4645,13.8958,0.0000,0.0000,5.4540,0.0000,142.0700,0.0000,0.0000,0.0000,0.0000,0.0000,0.0000,1.1587,0.0000,0.9017,0.3761,0.0000,0.0000,0.0000,0.0000,1.7560,-0.1022,0.0000,0.0000,0.8840,0.4562,0.0000
SMAD7,344.4430,416.4730,669.7290,461.4600,615.4675,433.3075,380.2707,195.8505,473.7625,977.4760,926.6060,579.7405,466.9515,251.3430,605.7430,375.7230,546.1000,472.2550,713.7975,549.5630,410.8920,473.0886,516.4390,276.1700,451.6354,648.4160,870.3590,422.4248,579.7020,248.9935
SMO,341.7550,346.1535,415.9100,355.1760,555.2455,156.3896,311.2094,1315.0850,475.3840,443.7525,855.1910,2342.7300,678.6310,1735.9200,217.7870,1011.7300,1046.0800,1017.2499,486.7380,49.8952,1158.0500,200.5180,1021.4200,989.4320,210.3551,1784.8450,538.2500,1132.9340,2619.0600,1994.8650
SORT1,1335.5000,1708.0350,3119.1700,2137.9300,1671.7750,2528.7100,2193.7564,5212.2650,1386.2650,2270.2400,2291.6800,3068.1550,5146.3650,1388.8300,2775.2100,1648.5400,1111.5900,3978.7629,2684.7700,2680.9900,1830.7700,2560.6700,1802.0400,7715.8100,2539.4047,1594.5650,4107.7100,3162.9072,1946.2100,10308.1000
SOST,0.0000,0.4656,0.2756,1.4533,0.0000,0.0000,1.0589,1.0273,7.8581,0.3593,0.4790,0.0000,0.0000,0.0000,0.8767,15.7982,0.7427,3.6963,1.0168,0.0000,0.0000,0.0000,0.0000,0.3520,0.3107,2.1821,0.0000,0.0000,1.3544,0.0000
SOSTDC1,1.9268,1.6370,21.9087,2.4679,1.1897,79.0300,79.2088,7.0586,45.0534,2.6504,15.3698,464.0800,7.9429,3.0883,9.6726,174.1980,2.3031,65.1645,22.7908,2.6610,15.6142,101.8629,1.1338,15.8398,26.4758,234.7480,2.9742,27.8409,132.7200,8.6111
SP5,38.2653,2.7610,8.0671,12.7632,28.0697,186.9782,7.2245,21.4617,5.3065,7.3349,4.9950,2.3830,6.6300,90.9091,48.6216,4.7483,46.3305,27.1105,24.3785,11.0837,114.4742,212.8377,22.9508,7.9019,39.6213,79.4150,1.1694,66.1280,41.8278,0.0000
SPARC,70500.0000,15981.7500,45314.9000,7402.5500,14729.6500,14379.5874,12301.5429,72452.0000,20796.6000,10466.1000,56710.2000,13698.0500,81725.7000,9806.9800,21605.9000,22038.4000,61460.9000,20536.9527,59084.9000,19206.1000,8501.0600,14678.0393,79976.3000,31665.4000,19255.0354,23136.7500,22606.0000,10139.0992,36730.3000,9171.4250
SPN,19.3629,66.8051,166.6020,134.3900,135.4410,111.3930,124.1756,95.8997,148.6630,59.3794,327.1770,154.7390,61.1765,64.6445,364.3420,161.9770,164.1290,80.6791,241.3895,27.0742,83.2927,103.6829,59.7451,64.9466,250.3303,327.4445,125.8020,89.0608,32.7869,24.8227
SPP1,849.1780,1296.5350,2966.8600,1268.5200,48514.8000,1055.6163,1848.9247,49409.4000,1550.0000,19330.9500,25080.2000,109088.0000,6798.0850,2977.4800,5920.0900,8781.6000,8964.3400,10478.8604,13199.3500,280.1660,300.4950,914.7110,1397.6800,1797.2700,1585.4072,1025.9395,635.8230,2837.7291,2482.5100,1397.1750
SST,0.0000,0.0000,0.0000,0.2820,0.0000,1.2947,-0.2965,18.3828,0.4692,50.0056,17.6027,7.8008,71.6672,0.0000,0.0000,0.0000,0.0000,163.0099,1219.4850,125.8220,0.7050,2.4508,0.0000,0.0000,2.4151,0.4358,0.3007,11.2465,41.7397,0.0000
SSTR1,10.8548,4.0922,4.8877,2.0538,58.2840,114.5414,12.8354,9.0825,1.0089,26.8934,76.1199,53.2422,205.0920,144.9180,39.3617,12.7715,70.1540,3.6613,153.7255,132.7200,174.8630,89.0132,5.4085,0.3774,209.7630,14.2104,8.6145,9.6287,58.3417,1.1982
SSTR2,16.5105,11.4536,60.3097,10.1076,18.2370,6.7071,16.5196,63.2267,14.7951,21.1700,137.4730,9.7880,295.3530,23.5921,19.1417,18.6191,20.5329,15.6099,40.3124,388.4630,16.9820,7.6350,28.9575,9.2115,28.4078,26.7758,26.0775,29.0387,93.7697,9.3338
SSTR3,9.6970,0.0000,0.5177,0.4377,1.0053,0.4240,0.2864,1.0104,0.9607,0.0000,0.3504,0.0000,3.4331,0.0000,0.9747,0.7161,0.5836,2.6323,8.9314,1.1656,0.0000,0.3306,0.0000,0.0000,0.8490,4.2591,7.4118,0.7667,2.7088,0.0000
SSTR4,0.0000,0.0000,0.0000,0.0000,0.0000,0.0000,0.1401,0.0000,0.0000,0.0000,0.0000,0.0000,0.3914,0.0000,0.0000,0.0000,0.0000,0.0000,0.0000,0.0000,0.0000,0.0000,0.0000,0.0000,0.0000,0.0000,0.0000,0.0000,0.0000,0.1741
SSTR5,28.5412,0.0000,0.0000,2.4794,19.4280,5.9575,2.6052,0.4756,2.0023,3.1738,0.4647,14.6705,3.9665,0.0000,0.0000,0.5565,1.4395,-0.4442,5.6365,0.0000,6.5282,7.2258,0.0000,0.0000,2.3688,0.6169,0.0000,0.0000,0.4354,0.0000
SV2A,164.1340,111.8585,58.3269,46.1256,63.6793,36.1402,88.9592,2539.1250,67.6987,20.6012,95.9575,71.4124,3344.4850,22.6256,80.8464,248.1270,75.1309,164.3315,205.6975,4387.3400,87.4652,42.4798,669.2610,151.9820,81.4722,331.7820,424.0790,143.4320,682.1700,293.4990
SV2B,178.2100,6.0125,28.1102,3.2424,48.8984,5.8807,13.6093,69.1838,13.1897,30.2491,16.4983,33.9956,188.0975,16.0356,19.9805,38.3374,15.4943,4.0291,108.1275,1111.5800,48.8863,6.6365,40.5458,12.8512,31.8487,59.0410,4.7324,1.8118,9.6528,41.3713
SV2C,0.6068,1.3999,0.3857,0.4513,0.1852,0.4303,0.0615,0.9882,0.9115,0.3775,0.4320,0.0000,2.4546,0.0000,0.3491,0.5984,0.0000,1.5492,1.0181,12.0424,13.9860,0.4666,0.0000,0.2989,0.2058,1.0211,0.3575,1.9755,1.4465,0.0000
TAC1,0.4805,0.3778,1.4735,0.0000,0.0000,5.8650,0.2476,35.1373,0.0000,0.3726,0.0000,2.5917,36.5726,0.0000,0.0000,0.0000,0.4922,0.2476,6.0066,6.6225,8.3986,15.9512,0.0000,0.0000,0.8455,1.4893,0.0000,5.5509,22.3237,0.0000
TAC3,0.0000,3.0609,0.0000,0.4558,0.4620,6.7390,0.6047,14.6583,0.0000,0.0000,0.0000,0.0000,11.4844,0.4929,0.0000,0.3566,1.1705,0.2084,2.4178,16.8919,0.0000,8.1341,0.5614,0.0000,7.9355,48.5262,0.0000,2.1782,9.6766,0.0000
TAC4,0.0000,0.3931,0.3192,0.0000,0.9591,0.0000,1.4192,1.7369,0.3935,0.0000,0.4129,0.0000,2.5701,0.0000,1.1921,0.4019,0.3818,0.3502,0.4138,0.3885,0.0642,0.0000,0.3139,0.3056,0.7558,2.0985,0.3074,0.0000,0.4431,0.3629
TACR1,5.3875,8.7490,25.3165,7.8534,3.3194,2.3711,3.5432,35.7362,8.0116,16.3117,20.5712,7.0806,111.2615,3.4276,16.8983,12.7556,6.1358,17.9561,21.1361,11.2263,46.6893,2.7403,14.9558,5.7686,4.2523,6.4968,11.4943,22.0185,20.6186,1.2304
TACR2,12.2117,12.0572,16.8489,25.7405,14.1576,20.9065,11.2567,9.6595,9.4358,16.5419,9.7140,5.5835,5.9017,4.0000,14.0562,13.4151,8.9791,19.9120,13.5764,8.3846,36.9348,22.5626,22.0513,32.6714,18.0872,3.2750,5.5044,21.3956,14.4289,96.8366
TACR3,0.0000,0.0000,0.0000,0.0000,0.0000,0.0000,0.0000,0.0000,0.0000,0.0000,0.0000,0.0000,0.7400,0.0000,0.0000,0.0000,0.0000,0.0000,0.0000,0.0000,0.0000,0.0000,0.0000,0.0000,0.0000,0.0000,0.0000,0.0000,0.0000,0.0000
TBP,232.6110,262.7125,260.2220,323.2190,187.5135,295.1325,248.6173,314.3565,306.4140,178.5845,225.0190,242.1980,307.2780,209.0300,236.8700,320.1390,263.2040,318.5272,237.3725,280.4600,246.3061,296.7133,295.1050,223.9420,251.0728,455.2085,258.0650,268.7715,398.3970,254.2020
TCF7,246.6670,216.2635,261.9200,362.9920,147.1630,1111.9100,346.3310,156.6530,232.2830,284.5315,150.3480,118.9815,72.3957,329.2230,258.9010,207.4820,211.3640,361.3958,410.1195,161.3390,194.2310,1393.7974,296.3390,334.8320,546.2107,665.5495,616.2950,602.3812,277.0060,459.7280
TEK,72.2022,70.2850,211.8900,41.9963,117.8115,84.9836,124.9203,128.1490,82.6040,236.1285,782.0510,56.0881,225.4370,108.4710,169.2560,94.3914,153.8050,57.5838,278.6930,359.0160,173.0770,89.5372,284.2470,43.5955,192.4761,181.5755,415.6130,103.6525,74.0491,26.8346
TGFA,32.6609,658.3695,117.3470,869.4880,1019.7800,475.1040,880.0096,173.1675,1618.9900,35.1947,3043.1900,979.0670,255.2170,47.8038,622.6820,982.3010,42.6257,209.1640,955.3230,16.4474,116.2740,400.7640,51.6337,52.1662,455.9739,57.2899,1881.8300,419.1297,143.6290,17.6474
TGFB1,626.1950,1734.0150,1007.0200,1437.3900,1433.6900,643.1892,1099.0037,1521.9550,3028.9450,757.5295,2748.9300,958.7295,845.4505,620.9890,1492.0700,1897.2400,2222.5700,613.4155,1932.1400,1504.6200,577.2200,582.7749,2516.8500,1081.1700,881.8197,1307.3600,1514.7000,644.8440,1194.3500,511.1360
TGFB2,66.9953,67.6234,305.7300,154.9460,1154.2350,60.8228,169.8351,1521.1200,261.9815,58.9073,205.9170,75.4326,348.6515,74.3290,269.4360,170.5660,504.3900,329.3163,535.3520,86.1538,516.1290,66.5779,503.6440,73.2791,166.6143,39.2137,370.6920,264.9831,813.1210,30.1627
TGFB3,258.5060,284.4695,1336.6800,285.2850,536.8540,121.9590,235.0525,719.1530,570.7160,177.0100,394.1690,143.4630,425.6785,191.0910,383.3900,520.0000,2309.2400,233.9226,1231.8850,337.6400,725.1334,107.9125,1459.6300,187.1450,268.8605,405.3235,240.4740,239.7884,820.6090,140.1255
TGFBR1,754.3020,929.7500,1476.1700,1087.3800,1077.5750,986.6650,1991.4413,1674.1650,1789.8700,1951.1450,1978.7000,1241.0150,1044.9700,751.2170,1253.0200,1266.1800,1311.2900,821.0375,1909.2750,1861.7100,1044.7483,984.1595,1954.6200,1836.3300,1548.4938,1477.4850,2383.1100,925.5066,1249.7600,878.5555
TGFBR2,1642.3400,1355.8000,1805.8300,881.9800,2352.1600,2818.1050,2113.7230,1218.9050,1635.5000,3481.6100,6239.7400,2407.5050,802.8085,2065.3200,3475.8700,1412.2800,3087.8900,1300.3311,4995.3900,1532.6600,1436.2600,3011.8799,3571.5700,1907.7600,3073.3039,936.7990,2309.0800,987.4870,968.3030,607.8680
THBS1,489.2500,4223.3400,10210.5000,1422.0300,4017.2650,3730.4100,6414.8029,795.6695,4341.7450,1292.4150,9770.5100,2702.4950,101.3860,1561.4300,5528.3400,4233.3200,3031.6500,3113.2864,11993.2000,1153.0400,2958.2400,3604.6750,5173.0000,1253.1400,7009.4042,951.3380,1133.8700,1392.6584,1354.9400,75.0284
THBS2,369.5890,2074.9450,5579.9000,660.2450,2287.2700,1533.6073,2015.9982,1356.4250,2850.0350,167.9715,1411.1900,1860.0750,1425.5900,523.3750,2645.5700,3172.8700,11676.7000,1097.6343,9350.0350,487.9450,477.5450,1355.1824,7090.2700,1094.9200,2571.3169,661.9010,401.2740,362.3498,1067.0800,70.5224
THBS3,265.6160,559.9105,785.0200,372.2250,1033.4800,263.8325,414.3347,483.1870,353.0130,170.7940,530.1260,758.8330,254.1875,366.6440,588.6220,493.4980,2872.4400,1364.3755,975.4540,746.1140,439.0650,262.3775,1125.0200,544.1730,428.5057,331.6670,417.5760,606.7093,1367.5300,554.2000
THBS4,161.5060,10.0655,556.3720,14.3861,16.6664,14.3876,43.1463,638.2365,181.4705,146.6735,44.5831,17.6653,404.6435,177.1830,47.5017,31.5138,100.9140,117.5038,1677.7150,56.0516,986.0996,19.1435,535.8370,49.1645,226.6562,297.6785,158.9240,104.5055,890.3190,10.7971
THPO,3.0991,1.3927,18.2556,2.0035,20.7553,1.6268,1.3934,13.0355,2.9879,0.7320,17.5266,3.2944,19.6666,432.2370,9.5954,5.0468,15.8610,1.6410,8.2405,1.5909,7.3553,1.6121,18.0715,1.7513,2.0156,7.3223,1.5411,4.0286,22.8628,0.9583
THY1,1061.0900,2034.8150,3317.4600,783.3960,2246.6100,2066.5976,1292.3993,5700.9450,1724.0350,1424.1150,5862.0300,500.6815,4882.9550,1354.2700,1908.9000,2074.6500,3705.3900,3561.1223,6525.5300,3872.2500,527.7620,2138.6556,6614.4500,1379.2800,2496.9807,4496.0350,1928.6500,1383.2550,3141.7600,694.0470
TIE1,456.0570,263.8435,441.3240,140.7950,461.6195,190.5696,242.2419,519.0715,277.2270,554.9620,1546.2500,152.2310,635.7625,549.9660,444.8190,275.7380,293.7980,209.3662,663.0715,773.3700,333.6680,220.4080,738.1660,177.3460,403.9590,324.4155,743.8800,307.6626,312.9170,124.1965
TIGIT,1.4514,42.3152,49.0342,76.2723,16.5931,33.2741,33.9430,5.3369,91.0076,9.0017,65.2979,10.4499,4.6277,18.7820,104.5170,86.7389,43.8298,17.9954,51.9686,4.0377,17.5597,26.4745,22.4987,32.8741,56.7765,136.7540,23.5422,31.2213,7.6814,2.6379
TLR4,197.6510,188.3015,351.3130,101.4270,143.4045,423.4864,170.7640,759.5355,141.9220,553.0005,914.7620,283.1985,927.5645,191.0730,376.9880,261.6310,254.3350,203.4632,387.8440,461.0110,206.7040,462.2906,485.6410,102.9230,332.3596,192.2515,231.6330,173.2575,87.5671,322.4885
IGFLR1,172.9000,162.6305,129.4070,220.1930,147.5540,112.9855,93.2600,253.8480,159.0415,100.2695,169.5630,176.3265,127.4550,347.5840,300.9710,202.0380,222.1900,203.7786,161.8110,70.0736,112.4220,103.8952,211.0750,209.3790,152.4565,280.5200,111.9150,194.9400,177.3910,101.7159
TNC,130.5080,1036.8800,3528.4200,2516.1800,1187.3450,1144.7750,4207.9199,10268.7000,15689.3000,276.9830,1844.9300,2422.7650,3202.5250,274.7590,3616.5400,6945.5200,1737.5500,673.7460,1751.0100,851.6130,1930.9100,1166.0450,9629.2700,10273.7000,2240.6933,1089.4150,1753.5500,1901.8456,4453.3700,49.9560
TNF,1.6201,11.6265,28.3912,43.5432,13.8448,19.4297,21.2994,18.4748,57.1532,3.4735,12.7820,15.7361,23.5273,5.1058,25.9117,23.2117,19.9377,109.5510,19.3298,5.7566,4.0053,17.6670,5.3619,12.8586,20.0987,36.4100,6.3129,48.1572,11.9284,1.1775
TNFRSF10A,67.9960,101.6830,101.1840,145.4830,122.2450,205.0215,218.1511,12.1245,211.5465,27.2522,130.0220,90.9346,7.7184,68.3264,171.8250,141.7620,99.1489,70.7385,186.1265,8.4504,62.3226,168.8655,25.6830,16.6471,214.1704,29.2578,92.6134,68.5281,21.3883,4.6654
TNFRSF11A,10.2484,30.9688,55.0702,55.2083,119.2980,354.9435,91.1216,40.9406,43.9747,11.6966,31.1953,12.8133,21.8252,20.0138,83.2370,59.2437,47.7281,39.0484,211.6100,9.3091,58.9080,296.6567,34.6154,28.7131,289.2046,33.0538,27.7450,36.4698,18.2292,11.3460
TNFRSF11B,10.7779,32.3069,62.4741,15.4353,343.7095,194.0799,69.4187,171.1930,35.9257,187.6880,625.0510,1728.1300,11.9815,94.4968,78.2836,53.1361,163.3340,177.6097,297.9845,16.9287,26.2830,248.9560,31.3784,14.7890,108.2764,25.3634,492.3860,32.5342,28.9256,3.2999
TNFRSF12A,2537.1000,1323.3100,769.6020,1519.4400,4049.7050,1198.5673,769.6661,1271.7150,2063.8850,867.3410,1477.1600,6258.3000,97.0738,1219.5000,1519.1200,874.8470,2306.6700,1095.1745,2425.8650,281.2500,230.6100,1148.2000,679.8040,914.3910,929.9459,271.0205,3505.9300,1172.9169,1002.2200,208.5005
TNFRSF13B,0.0000,1.7101,3.1491,4.3272,0.5695,2.3422,1.7755,0.0000,3.1334,0.0000,2.1269,0.7420,0.0000,1.5656,13.4581,6.6603,2.4633,0.6239,3.9173,0.4819,1.4368,2.2020,0.8264,0.6658,7.9011,13.9660,1.2920,1.0409,0.4803,0.0000
TNFRSF13C,1.2007,5.2095,3.2958,8.8757,4.0395,3.7673,8.6114,4.6301,6.4665,2.6429,1.7754,1.0682,9.9474,1.1564,8.9628,17.6600,2.7975,8.1574,5.5907,1.5974,1.8446,3.4205,5.2251,5.6760,12.1195,15.6153,1.4850,8.2057,10.8953,2.8577
TNFRSF14,1022.7500,1256.3450,721.3830,1174.4100,1711.2750,1653.5553,679.5795,566.4380,600.5040,1663.7000,2624.4800,2394.9450,188.6390,1493.5600,1256.9400,821.9280,938.0270,620.9843,1854.1850,614.7170,1784.6900,1544.7100,997.7910,4112.7900,1272.6187,691.4715,935.8500,1174.0088,375.2580,9643.7550
TNFRSF17,0.0000,3.3043,11.6801,11.5790,1.5727,11.7765,12.6069,0.5696,9.8942,0.3404,3.9944,1.6957,0.4743,1.1550,46.8911,35.3870,2.6459,5.4492,11.7238,0.7901,1.7371,10.5420,0.8624,1.8645,30.8602,32.5255,2.3106,2.8983,0.5092,0.0000
TNFRSF18,2.7001,66.9483,98.8417,241.4780,39.5395,36.4316,71.0879,8.7634,245.2365,5.3445,17.7751,12.6880,2.9425,22.5376,100.0810,257.7950,35.3794,27.6830,42.7527,5.1787,27.6442,34.4067,18.8472,30.1158,40.5325,82.6876,30.2798,103.7516,71.0450,3.4506
TNFRSF1A,3299.7100,3849.2900,2257.3800,2978.3000,2873.3550,2172.6233,2324.2316,3261.4500,4026.9950,1153.6150,3402.3300,3741.2550,1019.3200,3585.2200,3272.8500,3459.3400,5865.0700,3288.5181,3645.3900,1356.2700,1879.3800,2153.0400,3627.1400,2230.8200,2174.9755,2387.1000,3381.3900,2717.7046,2345.5800,1829.7950
TNFRSF1B,464.4350,724.5475,640.5480,758.8020,647.9845,1510.4884,703.5084,884.4520,822.2080,501.2730,1687.1900,756.5540,606.3825,1151.8500,1278.5900,781.6360,1506.8300,571.1052,1388.5850,484.9030,404.7100,1729.3513,1859.7800,521.3820,1436.8878,1294.4000,967.9390,623.9717,610.9800,335.3645
TNFRSF25,54.6013,248.2385,48.3871,379.4820,99.0855,187.5110,194.4172,55.5730,204.9220,9.8628,67.9677,50.0781,45.2972,68.3807,144.1200,157.3940,78.6113,154.0616,121.2940,260.8880,33.0840,204.7827,80.7298,21.5351,118.9544,375.1190,60.4935,214.8970,192.0420,7.8704
TNFRSF4,63.9527,56.0742,46.1441,49.9965,79.0820,59.9858,42.1129,27.1812,79.9618,42.2929,141.2050,20.5258,6.3300,75.3028,93.3072,59.1265,43.5572,63.2335,72.0861,75.3258,19.5480,55.4050,144.0680,37.5483,86.4053,151.0545,63.9475,62.3937,87.3697,14.2405
TNFRSF8,8.0605,14.0926,17.4014,16.2419,10.5344,12.5181,11.8221,10.9126,34.6637,5.9432,19.2072,8.8875,7.0007,6.8611,25.0402,27.2999,252.2040,25.0243,25.1576,6.9673,5.7899,12.6871,35.4796,12.3963,20.4373,96.5761,22.2341,18.2095,43.0915,3.4624
TNFRSF9,1.6038,6.3201,11.6667,13.2075,6.5871,12.7180,23.6579,1.3413,32.8186,1.0318,30.0766,4.6991,0.4504,2.6954,33.2306,24.9419,29.1098,13.6255,12.4407,0.4776,2.1342,10.4247,9.5635,5.5584,35.5764,22.8530,4.2938,7.0520,2.1036,0.1741
TNFSF10,516.3840,1852.1450,2925.4200,5842.1500,2554.7150,1333.0409,2203.9008,276.6540,5019.5350,483.9945,5000.3000,7388.9100,123.7910,2130.0300,2148.7600,4228.4800,687.2480,2438.2007,1772.3300,235.0580,4071.9400,1282.0712,855.7350,186.9550,1575.4980,553.4075,401.6060,1745.3335,407.3900,25.9668
TNFSF11,0.4462,10.5668,13.8410,11.9935,62.3264,52.3854,23.4411,0.7167,16.7762,0.3635,3.3104,1.4057,0.0000,12.5759,16.7131,18.0472,5.4154,3.6119,105.9245,0.6064,0.8850,58.9425,3.5411,1.6186,50.0658,10.0848,8.2844,8.5182,7.5888,0.0000
TNFSF12,242.1770,351.2055,461.4780,246.8750,643.1830,250.8070,147.6828,816.9960,209.4520,306.0000,1138.3400,1325.9500,657.5350,357.9420,607.9660,315.3690,618.2920,276.9518,754.9000,602.3640,630.6650,236.8140,994.8330,725.1360,272.4023,285.0005,694.0750,463.2732,274.8240,1246.9950
TNFSF13,311.7580,468.8940,765.1870,431.9910,632.7360,1002.3650,307.4464,551.4280,320.3445,1357.0700,1310.8700,3854.2150,363.6150,187.5460,1342.4400,559.7530,1024.4400,931.9404,1313.2650,218.1580,706.0970,875.5865,468.0750,484.7650,843.1670,276.3500,1461.3400,1033.7628,320.4540,335.5135
TNFSF13B,46.3406,19.1729,70.2961,31.2195,33.2373,28.0066,45.6506,130.0495,47.4183,10.4063,91.5119,21.2063,39.3407,18.5366,109.8650,64.1454,195.2490,78.6384,81.1926,31.0951,14.1812,22.8575,42.1847,29.3892,93.1742,54.3800,15.7325,18.9353,13.9032,3.3186
TNFSF14,1.3435,2.1189,3.7662,5.2219,101.5875,4.1166,3.3498,4.3571,7.2820,1.4579,14.4058,7.3203,0.5532,50.6470,13.0662,6.5509,45.9935,6.5268,14.3893,0.5161,2.0169,3.7214,1.9486,2.1389,8.9573,5.9175,2.8456,6.1931,0.5903,0.0000
TNFSF15,0.4456,13.4557,9.7829,9.9124,34.4535,55.5214,44.6319,1.2349,10.5369,66.8697,16.4302,10.0543,0.4677,1.9342,57.9684,17.2009,6.9338,15.5514,16.9389,0.8954,32.4101,56.9646,3.4249,1.2862,80.3704,6.8343,27.4356,13.4453,3.2299,0.4434
TNFSF18,0.0000,0.2926,0.9674,0.5056,1.0584,0.8738,2.8564,3.9669,3.4828,0.3355,1.9417,0.4384,3.2069,0.5939,2.2556,3.3702,1.5940,0.7843,3.2426,0.8078,0.3575,1.3097,1.0166,0.3247,2.0371,0.7633,2.2650,0.3033,0.3515,0.0000
TNFSF4,65.4206,41.6210,132.6820,35.8948,60.0976,69.6155,55.9872,57.5246,65.3951,32.6958,87.8600,36.5157,36.8743,62.6513,72.8304,82.8783,139.6300,100.7568,151.4030,87.9894,72.4466,59.5310,197.5600,67.8995,99.1215,45.1409,34.2230,34.5994,49.7395,14.3912
TNFSF8,3.8614,8.3043,37.4697,8.3378,14.5101,11.3300,10.7901,56.9404,11.9186,8.3769,72.7273,20.5958,20.6043,9.3984,42.8392,25.1397,33.6170,30.2901,32.0827,7.0476,10.8001,10.4518,25.9602,9.0952,29.7203,22.0257,10.5716,9.7569,8.4309,3.8334
TNFSF9,91.6436,24.4203,14.8356,146.6220,31.1516,98.9868,66.3561,14.1458,136.3185,3.6943,162.4400,195.5975,17.7121,9.5956,84.0131,68.7348,119.5480,14.7291,68.3392,4.3178,6.8864,59.8975,63.8298,138.5200,65.4510,93.7802,17.1811,24.9545,20.7689,158.5105
TNN,1.5576,4.6634,110.6330,5.0761,14.7180,4.6074,8.3505,30.6929,15.6795,3.6368,15.6463,1.9001,20.4764,16.8445,7.8858,7.1429,7.8311,4.5770,32.2678,5.5069,6.4290,4.6742,25.9965,4.9061,16.7707,5.8680,15.0038,2.6234,22.7990,1.8830
TNR,0.0000,0.0000,0.9145,0.0000,0.0000,0.0000,0.3633,86.1710,0.3227,0.0000,0.4484,0.0000,1818.2300,0.0000,0.5754,0.3600,0.3657,-0.0042,1.9157,59.6145,0.0000,0.3718,0.7816,0.4350,1.0481,0.7806,0.0000,0.0000,0.3953,0.0000
TNXB,8082.9700,149.2385,290.8220,190.6590,448.1125,118.5555,255.9279,391.8810,154.2905,158.7835,412.9490,413.2720,601.9460,353.6830,451.3530,134.6690,8462.8600,239.7652,650.7215,518.6410,592.3770,124.7628,1059.0400,125.2970,550.9629,312.1445,528.1390,166.2998,292.2670,195.3990
TREM2,142.5310,114.4550,320.1880,141.4290,151.3445,72.6157,99.2488,1603.7350,210.7065,123.4935,434.6490,475.6595,717.1265,85.1064,370.3600,209.8330,561.6860,276.0379,364.9220,105.8690,78.0319,67.1354,155.9960,124.8030,158.5640,120.0605,156.9670,101.8285,136.5050,77.1065
TRH,0.0000,0.0000,4.6590,0.3267,0.5049,0.0000,0.3111,44.6998,0.0000,0.0000,0.5141,0.4385,15.6738,0.0000,0.6964,0.4139,0.7222,1.6321,1.2403,1.5213,0.2178,0.0000,0.4970,0.3605,0.6040,40.3445,0.5770,1.6055,3.5787,0.3485
TRHR,0.0000,0.0000,0.0000,0.0000,0.0000,0.0000,-0.2456,0.0000,0.0000,0.0000,0.0000,0.0000,0.0000,0.0000,0.0000,0.0000,0.0000,-0.2456,0.0000,0.0000,0.0000,0.0000,0.0000,0.0000,-0.2456,0.0000,0.8275,0.0000,0.0000,0.0000
TSHB,0.0000,0.0000,0.0000,0.0000,0.0000,0.0000,0.1401,0.0000,0.0000,0.0000,0.0000,0.0000,0.0000,0.0000,0.0000,0.0000,0.0000,0.0000,0.0000,0.0000,0.0000,0.0000,0.0000,0.0000,0.0000,0.0000,0.0000,0.0000,0.0000,0.0000
TSHR,1.8951,1.0301,3.7410,1.4757,0.8025,0.8246,2.5452,10.0424,1.7835,1.5102,15.3010,1.1482,64.4501,1.0942,4.5906,4.0706,1.2219,6.1931,2.0578,6.1620,1.9408,0.7126,3.7453,0.8842,3.8086,5.4200,10451.0000,1.2416,6.4879,0.4854
TSLP,9.5420,16.2918,4.3700,32.5563,18.2452,7.4505,44.2189,12.2640,50.4727,2.2205,6.6979,14.6359,6.7171,20.6288,7.3180,54.5546,1.5595,3.3956,27.2170,20.2885,37.0421,7.6548,13.3420,1.9424,12.0586,6.0941,18.4862,5.9418,10.1905,10.0447
TUBB,9714.3600,24565.2000,19406.1000,24389.5000,17304.4500,15359.3532,18169.9986,19982.9500,23768.5500,4248.2800,12614.1000,10739.8500,10914.7500,14692.8000,15873.9000,25350.7000,27638.3000,26739.3001,12601.2000,11810.4000,10472.5000,15643.2072,28224.4000,31135.4000,16223.2107,45500.5000,9228.6100,25754.4687,45869.8000,35278.5000
TYRO3,377.8280,379.6230,182.6980,439.5700,563.9210,212.8740,431.1950,1485.3500,482.7205,110.0520,141.4160,76.4092,2044.5300,126.0140,242.2360,461.7370,446.5340,386.4921,333.5475,127.2470,200.0470,209.7675,477.6410,1902.2600,329.9629,1800.6750,274.8410,266.1475,593.8270,4804.6500
TYROBP,398.9140,406.6500,742.7630,561.7980,582.4650,349.8873,296.9243,1675.4100,547.5040,387.0240,1469.2400,1041.5600,670.4540,669.6810,1256.1000,821.2160,1873.2200,998.7872,1097.4000,469.4270,281.7110,342.2625,1262.9200,574.7550,687.6991,1035.8150,459.3890,461.7580,572.8510,429.3135
UBC,43405.6000,37119.9500,33436.7000,35821.7000,35321.4500,21416.3989,36063.5971,47007.6500,49662.5000,31925.2000,51868.4000,33440.2500,30376.0000,33814.2000,30742.9000,32500.6000,42503.5000,33654.7593,36832.1500,38945.0000,25995.3000,21973.0000,42406.4000,29403.6000,29008.4639,23686.0500,27701.3000,26709.5584,26613.5000,24686.2000
UCN2,0.5399,47.5286,3.6368,67.0070,3.9104,7.3325,37.4202,5.6759,107.0165,0.0000,0.5574,0.5146,1.3775,0.8627,3.1867,45.4006,4.0787,2.9204,14.3685,1.3514,5.0448,8.6156,8.2566,170.2820,7.2989,7.6119,0.3791,7.5933,9.7656,0.0000
UCN3,0.0000,0.0000,0.0000,0.0000,0.0000,2.9779,-0.0325,0.0000,0.0000,0.0000,1.6879,1.5757,0.0000,0.0000,5.1936,0.5789,0.0000,-0.0325,39.5206,0.4039,0.2775,3.8089,0.0000,0.0000,0.4662,0.0000,0.0000,0.0167,0.5383,0.0000
UCN,10.9938,4.3092,4.3757,6.7633,7.0422,3.7470,2.9836,14.5183,2.2087,0.9702,4.0302,13.0496,18.8966,9.0148,4.9580,2.0270,8.7486,2.2903,5.7597,14.2566,8.7954,3.2701,7.0312,5.0320,2.9159,10.8006,9.3861,4.2722,6.3205,5.1824
ULBP1,10.1643,13.1790,11.7417,29.9107,29.5127,14.9986,35.5415,17.9950,24.8736,4.6931,7.0396,3.0960,2.6836,3.3592,21.5869,65.7809,6.4663,4.4985,10.6307,22.5891,5.9604,13.9421,34.9773,3.2186,8.1199,30.3565,32.5795,18.3955,38.2704,4.4261
UTS2,0.0000,0.6192,0.7044,1.0839,0.0000,3.9682,1.0778,0.0000,1.5435,0.0000,1.1148,0.0000,0.0000,0.7622,1.5275,0.7669,0.9054,0.1057,2.0025,0.3885,0.4946,1.9552,1.9711,0.6260,1.7451,1.7983,0.4376,0.4410,0.0000,0.0000
UTS2B,1.8793,0.9328,1.3749,1.1086,2.2765,0.8408,1.0907,4.5480,0.9889,5.9618,2.4915,3.0571,4.6896,4.6882,1.4599,1.7707,3.1262,2.6951,2.9003,1.0276,3.2415,0.7287,3.7578,4.4758,1.7664,5.3985,1.0642,2.2296,2.9450,4.0596
UTS2R,0.0000,0.0000,0.3354,0.0000,0.0000,0.3937,-0.2954,0.4631,0.4416,0.0000,0.0000,0.0000,0.3873,0.0000,0.3166,0.3573,0.0000,-0.3435,0.1318,0.0000,0.0000,0.3622,0.0000,0.0000,0.1792,13.9611,5.1837,0.0000,2.2183,0.0000
VCAM1,2295.6600,277.3685,588.1160,188.3580,408.8490,258.6770,426.4643,1174.4750,264.1575,181.4215,11645.6000,8399.8900,608.4575,502.7580,641.1300,514.9040,1588.8500,467.9965,1113.1850,258.8880,239.7820,278.0750,601.2530,148.6290,665.2094,556.1980,192.5640,134.8825,397.0880,41.0188
VEGFA,4344.6400,3785.7700,1752.8000,3408.5600,5162.3250,3097.9600,2571.9305,6662.1200,2488.5100,5010.9050,31532.8000,915.7360,621.4330,3376.8300,4628.7200,3823.1800,2219.7000,3643.7493,3564.1000,3680.4100,3058.5300,3235.8150,1942.4100,782.2630,2550.1232,704.7435,6531.9200,2784.3695,2800.7800,323.3630
VEGFB,1798.3700,1244.8300,1242.4400,1026.9900,1812.0800,819.9622,730.6312,1978.5900,1144.0050,5626.7150,2439.9500,2800.8050,1582.3250,992.9550,1592.2600,1252.5100,2801.4800,1605.9599,1981.5050,2789.3700,1401.2900,878.1456,2288.7100,2916.4900,855.1384,591.7390,1425.7300,1402.8421,1932.4800,6318.0850
VEGFC,163.9630,174.1185,166.8100,60.1351,105.8985,41.9426,95.6834,22.3893,278.4535,281.4085,283.0070,79.2193,20.8980,97.6190,111.7690,94.8269,228.8700,86.3646,209.9090,199.5190,106.5460,42.2966,351.0900,45.5721,112.5001,84.7526,1049.1000,143.9090,107.3620,56.7520
VIM,28594.4000,7221.4850,19225.0000,6318.5700,19640.0500,5881.1131,7655.7929,68214.8500,11943.1000,4572.5550,79505.8000,36600.3000,13496.9000,6602.3100,16668.4000,10819.5000,35395.1000,17217.9271,24213.1500,14960.6000,6993.0000,5714.1333,61136.4000,90566.4000,11180.5926,15524.0000,54273.4000,26649.1321,42418.3000,187499.0000
VIP,1.3870,1.2883,0.9814,0.8375,4.6288,43.4231,1.8912,4.8205,0.6467,1.5193,5.7279,0.3906,11.4131,3.3278,1.2484,0.6517,1.0396,0.4275,40.3239,16.2800,1.2123,71.4819,2.1246,0.0000,5.0656,1.0304,3.9613,1.3014,0.8016,0.0000
VIPR1,6.9100,288.1955,248.9190,126.7730,43.2418,512.1110,151.4418,36.8625,122.9505,41.2482,26.3175,7.6027,59.8610,30.3814,212.6500,148.5300,6.3382,51.6392,184.4795,82.6953,1436.0800,578.6155,14.4766,7.3305,150.5368,30.3852,52.8634,47.8365,13.7815,9.2506
VIPR2,2.7198,5.3935,16.3126,11.9258,5.4252,10.2554,3.6912,74.1360,2.7146,4.3246,6.1495,6.5547,1183.7500,1.6183,6.8492,1.7624,160.1010,12.7683,23.9627,8.8828,137.2133,15.2101,20.3162,1.1009,18.3540,26.1562,1.4577,21.1928,25.1141,43.3516
VTN,1469.1700,14.2885,3.9308,2.3812,25701.6000,1.9057,4.4286,8.7318,3.5659,1.5187,6.1976,4.9611,17.2718,177688.0000,9.9875,3.8929,3217.9000,4.6444,167.4195,157.2020,5.6988,1.9693,23.4414,13.2662,18.8391,79.8326,4.4248,2.1767,8.0331,156.3120
VWF,4163.8100,2086.3250,2870.3100,1465.2100,950.0560,1547.6370,3089.2764,3837.6900,2348.1900,6012.2300,23242.1000,1703.9500,1796.7700,1712.9000,3527.9100,2230.2900,1994.0700,1616.7528,3949.1100,6743.7200,2665.9000,1488.4069,5670.7300,1126.5900,3425.9236,3512.1650,3978.3700,2436.6189,2648.2600,2167.0750
WIF1,6.0613,0.3386,1.6300,0.5356,7.2196,1.4066,0.9119,3.5739,1.0585,0.0000,0.3228,0.5710,11.4116,0.0000,70.2296,29.4944,0.0000,0.5076,1.0380,1.8493,25.8900,4.2559,0.8190,0.4255,0.4715,0.9219,0.0000,22.8738,421.7790,1.2459
WNT10A,2.7376,111.5470,15.7243,133.8310,112.2310,27.1145,69.4923,8.3138,359.4350,2.6226,15.8954,7.8855,2.2149,4.3716,54.5590,67.0615,558.0010,543.2172,191.9985,64.1892,22.5425,33.6518,4.3332,19.7338,43.2121,30.2274,133.4050,48.3629,263.3830,5.2483
WNT10B,4.4101,7.6437,5.9785,19.1426,9.6546,7.7370,13.8334,8.5633,28.9840,0.8691,3.9620,7.5066,20.2084,3.5587,11.6410,23.4203,20.0997,3.5683,11.2941,3.0876,12.6591,6.0710,16.2798,10.3178,8.4790,31.2139,4.6168,8.6821,29.1685,2.5128
WNT11,240.2690,20.8231,34.3523,26.9464,25.0770,160.8277,31.7236,5.5833,34.0450,170.5135,6.7470,6.5046,8.5366,46.6043,24.0659,52.2023,45.8677,158.5403,163.2705,12.3901,69.9748,235.2825,64.7469,11.3182,21.5753,50.6569,14.4971,118.4311,526.0620,51.8427
WNT16,0.4550,3.1986,0.9869,3.1915,0.9726,0.9219,6.5289,9.9159,3.2611,0.7954,0.9923,0.6116,2.6644,0.6460,3.3445,7.9320,2.7933,1.9113,5.0655,3.0706,5.4479,1.0902,2.4207,2.4860,3.6506,5.7122,1.4409,1.6790,10.7759,0.0000
WNT1,0.3990,0.7421,0.9975,1.6098,0.5849,0.6927,0.7357,1.4279,0.8014,0.0000,2.0101,1.7007,0.7464,0.9529,2.5723,1.3713,2.0587,0.2031,2.1150,0.4367,0.9901,0.4469,1.2618,0.9029,1.3493,4.2699,0.8569,1.1616,1.6694,0.0000
WNT2,0.0000,75.6319,167.1740,72.3279,9.6151,150.3336,50.0881,5.6124,60.4352,23.9205,1.5875,6.0364,6.0914,1.1344,137.0250,113.7040,104.6810,46.6551,214.6360,0.3997,41.3483,173.7516,7.8044,21.8341,90.2499,29.1117,1.8500,176.0020,29.8443,0.0000
WNT2B,7.2816,14.0572,11.2533,53.0839,25.9592,29.7771,50.1561,23.7790,81.7237,2.3715,21.4312,30.8886,27.1045,4.0023,13.2626,83.0266,510.6550,16.6292,29.1251,8.9698,52.7231,40.0385,22.3832,8.4218,43.7618,426.6950,6.2336,13.5749,31.2500,10.6429
WNT3,3.3898,19.4019,24.3991,16.0949,43.9656,17.3592,20.1760,32.6768,22.8468,2.6201,13.3488,16.9151,62.4531,45.6085,51.0265,31.0702,75.8150,8.2074,13.6192,7.9936,11.0818,20.3954,23.2730,16.0256,15.1467,228.4835,40.4984,3.0932,20.6186,12.2739
WNT3A,0.8053,2.6961,1.1570,27.6968,2.4711,0.7399,12.9320,0.0000,104.6680,1.7636,1.8012,0.3841,0.0000,1.0795,6.1162,74.9109,0.7959,7.7796,1.4188,0.0000,20.7181,1.0222,0.6286,1.3772,1.5851,11.7584,0.7350,5.2366,8.2645,0.0000
WNT4,268.0410,76.3047,126.8450,288.3140,117.3715,82.6053,140.9345,15.1691,515.1225,24.8489,6.6105,15.8511,14.9190,43.2692,72.3275,125.3040,297.4880,59.1149,239.6870,80.4335,164.8160,108.2358,8.2756,119.3740,71.7313,19.3274,32.3209,50.2771,96.2899,315.7330
WNT5A,134.2810,724.7885,371.2050,472.6310,142.0525,465.1299,1035.3514,610.6105,1258.8950,57.9389,108.1690,588.9470,390.7145,135.0530,469.1170,1568.3200,365.7830,361.4422,624.4910,18.2354,388.5730,498.7057,278.4090,99.1013,504.4834,127.8725,578.2800,869.2076,642.1210,4.7639
WNT5B,34.2556,138.7470,82.0960,135.3830,72.5523,67.8887,126.0431,46.1011,196.3515,9.4718,38.6266,50.9010,92.6113,84.2912,165.5930,236.2610,124.4670,61.8144,132.7010,45.0205,889.7160,102.8731,205.3620,44.4456,138.9518,609.6740,85.8494,92.5283,471.9200,19.3582
WNT6,15.5853,10.9050,4.2508,4.1673,3.3105,1.9988,2.1611,8.0137,7.0038,2.8718,8.3056,1.8784,5.3966,3.2556,2.4184,3.6174,4.7898,60.1082,6.1263,83.7184,9.6317,3.0660,5.4385,6.7007,1.8905,20.2101,2.1997,10.9887,70.0044,4.1940
WNT7A,0.0000,22.0925,0.3005,74.3134,2.4244,0.0000,6.4568,83.2179,139.0755,1.1787,0.4489,1.0450,101.3825,0.0000,7.9041,19.8003,0.4304,373.7827,160.5550,0.0000,1.6000,0.3184,0.0000,1.4804,0.1252,7.5589,1.8469,95.3068,61.4940,0.0000
WNT7B,0.5461,1476.7050,350.6710,1006.2300,691.5135,8.0368,554.0465,50.1634,1779.1800,1.3286,2.9663,44.1188,416.4755,1.5349,672.2360,1542.6000,189.2530,100.3855,449.4710,0.5618,470.6380,6.6570,2.7503,10.1680,30.4500,13.6911,73.4694,74.0295,49.6134,0.5692
WNT8A,0.0000,0.0000,0.0000,0.0000,0.0000,0.0000,0.0000,0.0000,0.0000,0.0000,0.0000,0.0000,0.3298,0.0000,0.0000,0.0000,0.0000,0.3520,0.0000,0.0000,0.0000,0.0000,0.0000,0.0000,0.0000,8.6854,0.0000,0.0000,0.0000,0.0000
WNT8B,0.7746,1.3691,1.0589,0.6132,1.0486,1.6842,1.0323,0.4465,0.3420,0.4475,0.5831,0.3611,0.9342,0.0000,1.7503,1.0897,0.4943,2.5558,0.7232,6.0664,6.8190,2.0424,0.0000,0.3179,1.3781,2.5115,0.3399,1.4528,1.2392,0.5476
WNT9A,5.0297,11.9615,21.7729,32.2019,30.1351,3.5423,25.0539,1.9223,58.2671,19.0099,5.0580,4.8707,3.3712,0.2633,21.7185,32.0513,64.9734,28.7693,14.1282,1.4931,13.0431,3.9971,12.9918,1.4855,10.4675,32.0729,10.1079,10.5428,14.9813,0.5585
WNT9B,0.0000,0.4979,2.0030,0.2901,1.5930,0.4759,1.0138,5.4538,1.0090,1.9347,5.5665,0.7868,11.1435,0.8967,1.5224,0.8508,0.7959,0.4891,2.8125,2.1395,1.8815,0.5869,1.2097,0.4515,1.6670,3.7657,3.2908,0.7109,0.5021,0.4108
XCL1,0.9187,29.0216,6.2325,15.8247,6.5329,2.2385,17.5889,1.3638,19.0951,2.5642,17.2513,3.7224,0.3917,7.5141,11.4783,34.8221,19.3920,14.9058,5.6374,1.3239,3.4347,2.7202,8.2152,4.3497,7.8986,40.0536,4.9698,11.7340,20.5869,0.8727
XCL2,0.9634,7.5433,6.7283,16.0754,7.2400,2.6948,3.5089,1.4313,8.1098,3.1011,18.9691,4.3103,0.3185,10.4644,11.3673,12.0060,22.6700,11.3955,7.0582,1.5692,4.2846,2.5693,8.9733,4.9104,9.4699,28.5660,5.0480,9.6776,6.0949,1.3847
XCR1,0.0000,1.2492,1.6493,0.6735,0.0000,0.8593,2.7230,0.0000,3.5984,0.7335,3.5383,0.6067,0.0000,0.0000,3.3589,3.7187,1.1503,1.2885,2.0124,0.0000,0.7249,0.9390,0.8356,0.6475,4.9790,2.6193,0.4137,0.0000,0.0000,0.0000
YWHAZ,12479.4000,23721.3500,20407.3000,22957.5000,16979.4000,25904.1716,29823.9436,10382.0000,34739.4500,10286.9500,12697.8000,10792.7000,8652.2900,8524.0000,20949.2000,28856.3000,13798.9000,22897.4405,18783.8000,14081.6000,12552.4000,25755.1013,11129.9000,17772.8000,25099.5708,16395.4500,12784.0000,18105.6491,19272.2000,13877.1500
ZNRF3,561.1020,284.4170,327.3440,261.4540,378.7650,1022.6100,401.9571,438.8335,369.8925,1512.9250,567.0420,705.1720,797.4985,470.2580,404.9950,522.8140,213.3650,442.0716,315.0295,282.8550,662.6510,1159.5779,265.1830,229.0580,355.2372,805.1695,568.3550,694.2685,507.4550,149.0190
AAGAB,1050.9100,1219.8100,1614.2900,1267.5600,1075.0600,1188.4750,1361.6112,939.7920,1299.8400,1516.2000,576.6870,1062.6500,621.9070,749.1560,988.5310,1301.7600,1366.5800,1153.2248,1060.4300,1235.5700,1080.6491,1133.0678,869.7940,993.5370,1248.6525,1203.0300,971.2010,1098.8320,957.8780,668.1370
ABAT,1477.6500,394.6000,942.7000,151.9080,430.6185,400.8327,246.4656,5036.2050,157.9930,256.1290,363.4860,1048.7600,10493.6500,6418.4400,278.8940,173.8520,200.7790,391.3171,533.7160,4861.7700,2113.7000,477.9179,135.2150,81.9758,353.6705,181.8235,2094.7400,143.9591,320.9880,134.6985
ACPP,117.5910,60.3856,23.9208,153.0220,7.6663,93.2342,245.2325,21.8443,159.6725,78.8094,10.3098,6.6733,3.9848,1.6391,122.6960,188.5210,18.7757,172.2673,78.6753,1.2579,81104.5000,79.1001,8.7886,19.1130,116.2739,64.4956,87.6402,54.3012,32.7471,0.7124
ACSF2,1634.9600,1201.1650,746.4070,586.2410,401.5755,493.1650,228.1358,328.0385,267.5135,284.1410,200.7680,496.6750,267.4195,1480.9600,842.1870,368.8600,483.6810,710.8198,510.5470,37.9434,214.2620,572.6024,387.3290,299.3510,340.5947,602.4225,1081.2900,494.2374,916.4820,357.4830
ADNP,1817.2400,2301.5450,3463.3000,2355.7200,2156.9000,2393.4704,3295.4536,2210.8900,2205.8200,2220.7550,2000.8500,1619.8900,2281.2650,1234.9000,2003.6700,2663.6600,2391.1600,3241.0746,1815.6050,1856.1800,2425.8700,2860.8160,1991.5300,2360.0400,2652.2655,3315.4650,2109.1400,2134.2382,3374.2500,2365.1650
ADPRHL1,23.8988,44.2668,113.6880,48.4619,44.6909,69.1972,48.0531,32.2752,50.2506,32.6374,8.4342,10.9422,44.6655,43.9024,83.4400,42.1159,87.6727,103.6379,64.1753,82.4893,131.5690,67.8089,40.0216,10.7933,56.6200,29.2215,6.1295,98.7677,70.2028,23.9441
AGXT2L2,464.6730,360.4645,327.5230,399.3120,732.5005,416.8734,334.9781,500.6165,270.3900,459.1070,1127.0900,755.1285,351.6805,750.5510,491.1770,330.0650,768.7050,459.4759,556.3975,292.1450,563.0220,409.4340,433.7070,277.9340,410.0786,280.6815,581.4410,353.7390,359.3000,351.3155
ALKBH1,313.3030,217.4425,257.9200,241.6940,171.1440,213.9890,221.7213,255.5945,247.2745,292.9215,234.2580,205.5685,213.1740,195.1640,225.4260,236.8300,176.9420,253.3117,231.8085,235.3720,237.1280,215.9339,248.5160,249.1170,223.4648,533.4130,250.1260,214.8050,249.8870,235.8175
ALPK2,0.7723,29.6593,34.5500,15.0150,55.4930,24.5761,35.3953,21.7898,66.6797,1.7444,2276.3400,655.1145,3.5279,165.8600,23.1918,40.8788,62.2294,24.4372,85.1210,1.2145,8.0029,21.5052,72.1063,17.1133,48.2561,17.1392,1.8321,8.4213,74.8473,1.1351
ANKRD13A,1107.5300,1125.6250,1009.5700,1183.9300,913.9845,840.3747,1141.7777,867.1330,1156.6950,2594.8150,2063.5500,1850.7100,1022.4250,870.7410,1459.5100,1037.0500,965.5170,967.2012,1093.7950,494.1570,980.6760,799.5830,1159.4700,1127.0100,1067.3344,1073.9250,1986.0600,809.5052,730.5480,1098.5450
APEX2,839.8170,1093.0700,728.9630,1136.8300,733.2705,910.3469,706.1523,447.1755,987.2540,700.4380,465.8740,614.9480,314.0275,642.3220,656.5390,985.5370,618.9020,829.1157,677.6105,436.5270,520.9890,1021.6850,756.3450,815.8010,658.8065,1147.0600,438.9030,907.8489,869.2680,718.9110
APOLD1,735.4040,371.1710,482.7700,190.9570,521.5285,438.3723,407.4093,1105.0100,268.5890,958.6495,4537.7600,186.8470,1623.5600,550.3030,333.6580,283.2970,303.3690,279.3896,729.7175,1569.8400,614.1660,451.2610,979.9760,357.4000,557.0924,117.6095,1618.5000,149.2560,304.2480,118.2765
ARL5A,655.2600,626.4225,850.6280,654.6530,753.8735,1022.3069,1229.8290,1122.8450,854.5760,1150.3650,1137.9900,729.3050,916.8645,673.7520,1075.6400,1040.2200,925.2530,965.3733,693.6880,655.8170,997.0330,1080.6870,721.3250,562.6400,1117.7006,996.3975,921.1060,802.7149,789.4090,359.6755
ARL8B,2161.8200,2417.7200,2579.0800,2211.9100,1077.5650,1554.0750,2320.1890,2776.7150,2625.4250,2992.6600,1457.4700,2019.7050,2551.7300,1599.2000,2101.1000,2484.9500,1931.5700,1759.9013,1890.1350,2753.9600,1863.9200,1618.8095,2128.9900,1987.3800,1849.9258,1892.5950,2837.7100,1763.5519,1524.6300,1181.3150
ARMCX6,432.7030,244.3605,235.5680,207.4610,227.1720,142.8629,97.0489,252.2320,101.1440,295.4440,212.6690,180.2195,266.0755,56.3075,190.4560,231.8130,193.2420,303.6107,226.4630,205.2780,274.3048,161.4121,212.9290,236.4270,109.4689,113.9205,412.1230,286.1339,286.0110,379.1135
ARNTL2,3.4550,198.4590,49.4457,346.0540,140.3660,156.9841,676.5040,100.9885,811.4700,6.9011,37.3486,33.4068,27.0467,56.8215,137.8770,549.8080,57.3134,82.5298,202.1860,46.3372,9.8707,135.5808,86.2391,25.6550,366.7859,173.4150,17.8511,69.1468,39.0183,0.0000
ASB18,0.0000,0.0000,0.0000,0.0000,0.0000,0.0000,-0.5665,0.0000,0.0000,0.0000,0.0000,0.0000,0.0000,0.0000,0.0000,0.0000,0.0000,-0.5665,0.0000,0.0000,0.0000,0.0000,0.0000,0.0000,-0.5665,0.0000,0.0000,0.0000,0.0000,0.0000
ASPHD2,21.7096,133.9705,82.8729,151.0010,91.2424,166.2014,131.5669,223.6485,174.6675,653.6405,72.2357,44.5810,173.2745,19.1348,109.1120,135.7200,77.3731,66.4900,321.5630,297.4810,81.5138,142.2898,106.2250,120.1920,201.2621,231.4605,78.5939,135.5129,139.6000,93.2780
AURKA,319.7910,680.6385,408.3820,858.2320,238.5335,1060.3750,810.1925,303.8660,700.8075,254.1270,99.6226,114.4600,55.5058,428.7040,382.1140,701.9280,264.1340,774.9023,212.2220,80.8421,61.1175,1150.2065,433.2510,579.1490,876.6537,975.0035,42.0406,491.2290,878.9910,163.0500
BLCAP,2856.6300,3776.5400,1543.4300,3009.3400,1374.4150,1856.0350,2007.0283,1934.1800,3218.6600,4713.6200,1209.2600,1986.4200,2531.3400,1882.8000,1313.2400,2409.5100,1481.9800,1966.3398,1807.5150,2064.1900,1981.7700,2243.4646,1598.0100,1782.0100,1526.9537,1592.9200,1823.3200,1491.6978,2448.2500,2449.0350
BTG2,1016.9300,4148.3600,3758.9700,2118.1700,1399.0300,2626.0303,1926.6608,2204.0400,2089.5000,1289.0300,2176.2600,2136.7950,2884.7650,672.9480,2668.3800,2617.5400,2116.3100,2383.8469,2378.0750,4092.4300,4674.5300,2690.4173,1226.1900,517.4000,2574.3227,1008.0550,5226.3300,2719.6508,1787.1700,421.6375
C10orf25,22.4299,37.1560,36.8261,29.9936,65.6565,30.4702,42.0695,81.1776,23.4847,45.9585,119.6360,71.5771,105.6265,98.8643,46.6388,37.1494,54.4070,128.1014,60.9062,56.6702,46.4532,26.9965,91.4742,31.7788,59.0842,58.3622,51.5785,39.3728,141.6770,67.4883
C10orf41,273.0580,66.5506,17.5154,95.6128,47.8959,45.3931,38.9193,58.2493,93.6604,230.8675,43.8528,110.8820,31.5519,74.2668,55.6745,101.1630,133.5210,443.1151,49.8185,34.2108,126.2750,49.5395,50.0096,80.7654,31.7655,15.9008,82.7764,155.2780,174.7960,112.4555
C11orf68,932.7100,784.2320,774.0110,628.6440,952.1590,637.7465,395.2648,1106.1600,803.0845,1206.7750,829.8280,1037.5300,1280.2050,824.2850,708.3430,717.2390,1187.1200,924.4697,941.2175,765.6940,1131.0500,659.0075,1362.9200,1037.4500,484.3577,644.1710,1173.6100,769.2356,1061.8800,1462.6650
C11orf87,0.8795,0.4304,0.3659,0.3137,0.0000,0.3932,1.1730,52.9681,2.8287,1.0919,0.3646,0.0000,53.9894,0.0000,0.5357,3.5907,28.6585,0.3973,2.2412,61.6150,0.3230,0.7504,10.1196,0.4589,0.1908,0.8091,0.0000,1.6958,19.8102,0.3887
C12orf11,834.0270,551.8430,553.9190,607.6490,585.4550,742.8025,841.2654,456.5380,752.5635,460.0715,582.1920,445.5040,426.1620,392.7580,451.1410,814.8660,670.2920,826.2745,431.4295,341.0660,401.7628,756.9227,564.3130,705.7100,651.0719,1573.7550,363.4470,632.9490,800.5960,514.6280
C14orf177,0.0000,0.0000,0.0000,0.0000,0.0000,0.0000,0.0000,0.0000,0.0000,0.0000,0.0000,0.0000,0.0000,0.0000,0.0000,0.0000,0.0000,0.0000,0.0000,0.0000,0.0000,0.0000,0.0000,0.0000,0.0000,0.0000,0.0000,0.0000,0.0000,0.0000
C16orf46,35.8255,36.9719,55.7349,26.7217,37.2926,32.2819,27.4391,68.2782,24.7523,33.9969,38.5757,71.6358,75.3975,27.3432,41.2963,31.2262,43.1870,46.9034,41.4121,40.4460,78.1603,29.8792,24.1299,32.3197,28.8904,34.1202,117.5240,62.1764,47.5098,31.4961
C17orf103,280.4030,239.9635,295.5860,181.7440,380.3720,208.2657,210.5608,330.9435,284.1950,551.7975,529.8010,725.4810,358.5640,289.1880,295.4420,220.8900,365.7320,273.0870,341.6870,247.8090,546.0300,218.1876,492.0990,548.8360,220.3294,1157.6350,705.8680,354.4684,365.9730,973.1210
C17orf106,380.9720,509.5990,235.6960,378.2290,461.9490,409.1050,260.8308,260.0800,384.0585,310.7560,309.0250,396.7350,162.5600,535.4590,355.9700,406.6210,300.1930,409.3574,372.2985,375.1970,488.5250,376.9565,270.4060,421.8890,288.8543,319.5695,313.1210,407.4700,386.4790,592.7600
C1D,230.5170,259.2050,188.5850,288.3350,254.4780,228.9535,303.2483,171.7895,217.9815,222.0700,240.7150,218.5985,199.4050,300.9710,266.3470,313.0280,235.2940,365.8062,247.7720,333.8150,257.8210,234.3970,228.1650,170.2130,273.0461,147.4850,295.4980,285.7369,266.7880,123.0485
C1orf92,0.4698,0.0000,0.3399,0.4110,0.5096,0.0000,0.0000,0.8524,0.4324,0.3473,1.3008,0.0000,0.3675,0.0000,1.7143,0.8278,0.4872,172.8650,0.5131,13.5593,0.4073,0.0000,0.9527,0.0000,0.0000,1.5904,0.0000,11.4065,5.3239,0.0000
C1orf95,2.1601,2.4253,11.9725,1.1543,2.9062,4.1488,4.7154,103.5480,3.1075,201.3000,32.7122,12.4823,391.2345,4.1775,6.8796,2.9063,2.9520,9.1458,8.7920,10.1996,57.3412,4.8928,12.0657,20.5352,8.4444,10.4218,3.3819,16.7252,62.4049,206.5145
C20orf94,6.7682,15.6402,33.2844,14.3488,20.2362,18.0210,38.5197,17.2813,21.9656,22.6834,23.5727,16.7328,20.8610,9.7372,18.8088,27.2039,12.2034,26.3684,15.1198,9.6339,16.0938,19.4920,9.4192,12.2186,32.7437,22.7657,12.9955,10.5874,7.2256,7.8083
C21orf99,0.0000,0.0000,0.0000,0.0000,0.0000,0.0000,0.1013,0.0000,0.0000,0.0000,0.0000,0.0000,0.0000,0.0000,0.0000,0.0000,0.0000,0.1013,0.0000,0.0000,0.0000,0.2728,0.0000,0.0000,0.1013,0.0000,0.0000,0.4559,0.4431,0.0000
C2orf24,1960.3600,1481.8400,1695.3300,1316.4900,1740.2950,1884.8600,1220.5097,1723.5200,1437.1750,3880.0450,3076.5100,3905.0950,1724.4800,1661.9200,1681.1000,1229.8000,1472.8600,1862.6280,1694.7350,1276.5000,2605.8300,2107.3443,1442.8600,2355.1800,1489.1474,1241.2850,2154.9200,1742.9931,1373.7900,5703.0150
C2orf40,2.0353,2.0015,14.4404,1.2029,5.7012,1.1284,2.2357,65.6675,1.8805,7.6797,40.2742,14.5753,31.3317,2.3408,13.4258,4.4025,17.1021,86.8383,33.7713,145.1520,163.0270,1.4164,10.2050,1.0132,19.1518,4.7060,2026.9200,14.7421,63.2610,3.9369
C2orf49,85.7210,123.5600,123.9020,123.5620,113.3865,145.0350,134.2336,134.0605,150.2485,77.2318,111.4810,78.1244,129.8080,96.1674,128.5560,171.6990,111.7360,172.6964,115.4460,82.1804,106.9710,160.2120,101.9930,88.7845,152.9647,118.7095,102.1690,132.4257,150.1990,91.1329
C2orf74,263.5610,91.6208,173.8180,135.8010,214.8675,12.5248,108.1511,256.4970,111.3215,148.8095,305.0190,369.0515,377.4610,299.0470,175.5760,120.6550,272.9850,293.9870,245.2920,580.8210,211.7880,11.0527,231.2670,188.7780,90.3824,258.2835,344.1410,29.3946,70.5342,295.2630
C4orf41,968.8160,628.9225,961.8550,654.5690,533.2360,702.1920,900.5375,728.6605,708.9730,1124.0750,817.9690,698.7880,807.3350,538.6780,776.0220,658.6030,652.9640,510.4101,746.2455,859.8650,931.4990,683.6575,715.4150,807.8930,793.9512,793.0700,774.0500,625.7446,635.7250,563.2495
C6orf138,15.6047,5.2799,8.6360,4.9322,9.5447,4.8698,4.3681,20.5391,8.2783,142.0110,61.4624,182.5430,11.2123,8.1626,11.5374,9.5513,32.8862,4.9189,10.2604,54.3867,16.6504,3.5914,14.8823,37.3665,4.1532,3.5515,345.0290,12.5363,6.9226,57.0091
C6orf165,21.6782,7.3344,27.4674,3.3501,11.1827,1.9654,3.3659,30.7013,4.1148,2.2864,40.7092,64.6124,11.7622,1.5438,14.1725,9.8668,10.4165,78.1191,6.8914,12.8310,23.2422,2.0877,6.1959,2.1701,3.0326,9.8373,15.8590,60.8854,28.9584,0.9318
C6orf41,4.0696,8.6047,5.1076,12.7362,8.6859,1.3748,4.8577,5.8996,6.9159,3.0591,26.5193,23.0686,5.9589,11.7994,8.1560,10.4801,7.9227,23.4530,4.7992,3.4796,12.6278,1.3744,3.5806,4.9525,2.0113,5.6491,9.8514,18.5414,17.4419,3.4572
C7orf16,0.0000,0.0000,0.0000,0.0000,0.0000,0.0000,0.2837,5.5191,0.0000,0.3726,0.6513,0.0000,12.8284,0.0000,0.0000,0.0000,0.0000,0.2837,0.0000,126.8050,0.0000,0.0000,0.0000,0.0000,0.2837,0.9955,0.0000,0.0000,0.5149,0.0000
C7orf30,787.2730,457.9340,296.6730,407.6510,488.4420,451.5125,347.1768,642.7250,373.1220,637.8400,391.5960,490.0430,324.8895,724.9040,446.6230,462.3710,593.6340,581.4416,373.6330,390.1770,330.2030,465.3200,420.4340,538.3440,396.6690,817.4205,394.5180,501.6078,581.2140,500.6105
C9orf135,0.0000,0.0000,0.0000,0.0000,0.0000,0.0000,0.1730,2.0400,0.0000,0.0000,0.0000,1.4783,0.3401,0.0000,8.3333,0.7522,0.0000,6.6090,1.8015,3.7327,0.0000,0.0000,0.0000,0.0000,0.1730,62.8934,0.0000,1.0181,0.3848,0.0000
C9orf93,23.2558,35.3993,57.8563,42.6799,12.3258,33.3858,38.4733,25.1795,32.0927,25.8957,34.3461,23.9789,42.5084,14.1151,30.9819,31.7965,21.3851,40.7655,29.5958,28.2486,30.9576,31.9640,44.2087,30.6122,36.2575,79.1578,50.2110,50.4458,38.0028,23.3612
CACNG1,0.0000,0.0000,11.0311,0.2704,0.2122,0.0000,0.2477,11.9826,1.6473,0.0000,0.0000,0.0000,16.2434,0.0000,0.3479,0.0000,4.3323,2.5260,0.5522,10.8766,5.0199,0.0000,0.4677,0.0000,0.1950,0.4065,0.0000,0.4838,2.4287,0.0000
CAMK2N2,103.7950,27.9646,18.4143,53.9530,59.2863,8.3926,17.5872,327.4570,35.4317,3.5348,11.1757,10.8576,454.3760,56.6625,10.7157,29.3079,34.6667,22.1067,43.0777,1006.4000,34.5831,8.1317,73.0616,21.3675,9.2992,28.4820,26.6845,19.2018,33.3650,7.4308
CAMKK2,1247.5600,1211.2600,1563.7100,1168.9700,1406.7850,1378.9646,1292.0213,915.6030,1320.6750,1288.7550,1430.7900,1555.6350,1027.4750,1339.6200,1206.7100,1365.9700,1305.1000,1255.2441,1213.3350,551.2090,6650.3600,1383.6898,1649.3200,1179.0400,1208.9101,881.9235,977.6550,1196.5318,1118.2200,1071.4600
CAPNS2,0.6361,216.3895,0.4990,146.8300,0.1629,0.4187,47.5062,0.4614,405.0450,0.6773,0.5366,0.4088,0.4138,0.0000,1.5899,197.9590,0.7585,0.2402,1.0660,1.1780,5.3096,0.3716,0.8842,9.2398,0.5873,1.2730,1.8090,0.7865,0.8091,0.0000
CBFA2T3,187.4140,42.9750,181.8020,88.0836,44.4366,57.4747,52.2351,31.0130,100.1405,29.8136,74.5342,30.2376,104.4520,44.6148,90.8973,103.3850,56.4130,22.6932,138.4195,129.2060,322.6000,52.6591,84.1253,34.7203,60.7213,241.0045,65.6685,30.4789,47.1576,18.1829
CBL,412.1690,581.9270,778.6220,596.5410,689.0525,674.4231,944.4379,1089.0300,909.6095,819.0250,1069.7100,695.1740,1628.6950,261.2900,775.8710,900.0690,745.6630,686.5015,779.2625,791.8750,448.4300,700.8872,764.9650,784.6410,833.4854,1064.7000,810.7660,603.2223,711.4960,661.6395
CCDC99,239.2500,268.4695,256.2350,476.9880,219.8885,311.7695,420.5296,282.6960,306.6375,93.6238,183.1680,132.7600,221.9395,158.5760,208.6470,270.9940,263.5910,397.2240,195.2665,128.9340,126.5430,310.9815,424.1470,246.0790,374.7133,581.0340,102.1860,373.5763,550.0470,97.1712
CCNE1,639.2910,413.6405,66.3005,356.1410,118.8795,220.7157,211.5529,105.9195,227.9610,50.7404,23.8095,38.2983,52.1512,60.9541,106.8860,234.1250,77.4396,691.3736,94.8212,72.0766,24.2331,216.8484,200.5120,200.2350,191.9046,463.8110,49.2801,382.3247,932.2820,65.7186
CCNO,82.5200,148.3150,94.0200,116.3740,72.3442,173.9665,65.6161,17.6170,62.6332,59.5733,4.0839,118.6715,6.4082,14.2289,117.0660,80.8172,119.9840,103.6335,98.5292,113.4020,84.3689,127.5695,69.5802,79.8333,103.0730,55.4151,209.9240,323.2255,120.2400,117.7325
CCPG1,1643.4900,700.3605,1944.8200,869.3550,2261.5850,1171.9695,1529.3935,1410.3200,770.9215,3183.6350,2689.0200,2078.5200,1459.6700,1915.9200,2368.9900,1259.2100,1691.0700,971.1144,2273.4700,3862.9000,2516.2300,1112.8594,1815.7500,990.4290,1978.5319,2295.3800,2623.3700,1184.2965,745.4050,600.9320
CCT6A,4386.3500,4474.0400,4340.4100,4528.3800,3867.9250,5752.3213,6397.1058,4686.0250,5723.1350,3319.9450,2949.6300,3681.0550,3045.6750,3724.5000,4014.3100,5905.3200,3839.5100,5112.8674,3303.3500,3704.1200,3185.7400,5972.9600,3569.2900,5646.3500,5473.6335,12061.5500,2656.5500,4555.3986,5537.3500,4748.9800
CDX1,0.8368,4.0556,4.9444,5.8252,4.4998,4115.7600,15.7972,1.8633,7.6722,0.7411,1.6688,0.5124,1.0341,1.5306,4.8294,9.2308,2.9533,1.3994,15.1542,1.0309,1.1244,4320.6350,7.0039,3.2883,231.8164,493.5365,1.2779,5.7044,5.2108,0.0000
CEP170L,1.0571,1.1311,2.7577,1.2103,2.5023,1.3402,1.6734,0.8247,1.0175,0.7062,2.5649,1.6111,6.9441,0.9259,2.9352,2.1405,4.0742,1.0155,2.5950,3.0829,1.2555,1.3920,1.8975,15.8627,1.0155,10.8658,2.9898,3.7689,2.4605,1.6263
CHML,339.3840,305.3925,659.1720,557.8770,566.9115,406.3030,659.5258,213.7750,391.8000,268.1825,573.5130,289.7285,318.3305,305.0850,699.0130,513.8690,260.2720,440.6398,324.5985,72.7965,226.1240,412.5389,262.3270,527.9530,475.3527,509.8430,278.6200,545.2450,565.5230,157.4250
CHP2,0.4805,49.9038,0.0000,28.3778,0.0000,227.7838,12.4454,0.4741,24.6206,0.0000,0.3251,0.0000,1.7266,0.0000,0.6848,34.6232,0.3694,4.5424,2.1677,0.0000,13.0402,331.1930,0.0000,0.9646,9.4253,7.0593,0.3303,0.7466,0.9368,0.9168
CLDN16,2.2411,3.5778,0.3316,5.9561,19.0186,3.3493,5.7814,0.0000,5.9864,1.2750,2.3663,11.3009,0.0000,6.8093,2.9085,16.1891,0.7894,394.6944,4.9407,0.0000,0.8712,3.5984,0.0000,0.0000,3.4648,0.4620,416.3320,2.0598,1.4161,0.0000
CLDN1,1438.2900,3742.9950,298.2890,7770.3600,14431.3500,1941.7300,3581.5670,56.8311,6821.6700,119.5420,995.3400,4113.0950,19.6823,7665.0300,1262.3100,8542.3500,1516.7700,2143.2916,2756.2800,17.6104,599.2160,2031.4986,53.3637,212.6700,1593.7825,154.6370,9222.1800,793.6753,700.7950,5.2096
CNRIP1,131.7950,76.1043,147.4480,47.6254,74.1943,62.7537,65.0314,1054.3850,69.7049,65.6927,320.6370,58.0970,1878.9500,68.5136,130.2790,94.8200,243.9420,87.1626,264.0930,947.5690,144.0900,66.3701,865.3300,225.1060,118.0820,153.2055,107.1270,62.6894,232.4480,347.5055
COL23A1,4.5306,13.6356,12.5418,18.7497,20.6420,9.0414,16.9977,33.4008,42.0961,6.4665,3619.5200,596.6385,41.1865,11.4842,15.7658,22.4355,18.2303,197.3082,28.2501,7.3485,38.1476,9.5222,33.5695,15.5340,17.4335,442.6265,571.4290,79.9644,412.3070,51.9176
COPB2,2820.1300,3393.9800,5064.1100,3695.8900,2868.5400,3047.2750,4531.4508,2763.4400,4206.1300,2871.0450,2822.0600,2572.2900,2137.4050,2894.6000,3759.6400,4859.1900,4010.4000,4461.6617,3138.4200,2544.5300,5146.8200,3130.7900,3075.9700,3043.7300,3996.7939,3266.5350,3294.2800,3394.6843,3801.5000,1692.6650
COX7A2,2833.1200,1956.5000,1569.4600,2049.5800,1419.7650,2422.1811,2113.1921,2168.8500,1573.8800,3212.8600,1196.3600,2208.5850,1524.5250,2774.0600,1531.4600,1795.0100,1757.9300,2473.3130,1590.1150,2961.8100,2082.3900,2240.8900,1689.7200,1777.9400,2612.3885,1854.0700,1415.8300,1997.1818,2327.2300,2192.0500
CSN1S1,0.0000,0.0000,0.0000,0.0000,0.0000,0.0000,0.0000,0.0000,0.0000,0.0000,0.0000,0.0000,0.0000,0.0000,0.0000,0.0000,0.0000,0.0000,0.0000,0.0000,0.0000,0.0000,0.0000,0.0000,0.0000,0.0000,0.0000,0.0000,0.0000,0.0000
CSNK1A1,6256.5700,4636.2300,6759.0800,6269.9900,4156.1650,4534.8150,6175.2061,5113.9250,8495.7300,4888.9900,4960.0000,3161.6250,4089.4200,3004.4600,4847.1100,5225.3300,4524.7000,4366.2330,4843.8350,5074.0900,6951.6200,4344.0150,4759.4900,3319.3300,4468.2034,3248.2950,4623.8700,5034.3808,3940.9400,3362.4200
CST1,0.0000,104.4970,150.7080,4.6423,64.3625,306.7055,242.9404,0.4650,70.0466,0.4236,0.5176,1.2112,0.0000,1.6625,161.5960,181.2240,1.2755,36.2079,1177.4300,1.0621,55.7264,296.2190,0.3460,10.3861,526.5403,33.6350,1.1849,36.1153,3.0277,1.4027
CSTF2,233.7480,519.5280,389.0630,585.1500,257.3715,639.1470,555.4381,344.6550,564.4210,294.2565,217.5270,212.3945,342.9870,220.2580,425.9930,548.4930,263.0150,408.5760,287.4205,193.3050,293.9120,623.0099,285.2680,384.8410,505.6950,891.0935,256.1460,411.2328,445.9760,276.1810
CYB561D1,359.4910,231.4595,296.1850,303.6480,264.9225,285.4130,328.1971,359.9285,340.9540,423.4110,403.5860,403.6930,347.0745,146.4510,267.0010,295.4810,220.3340,367.0961,305.6250,352.1660,273.4350,308.7862,316.7970,383.3850,290.2704,260.7220,521.2340,208.5741,244.1990,331.1685
CYB561D2,560.2290,481.4705,535.4640,306.4650,293.9165,551.4765,215.3102,443.7970,247.6965,617.1175,249.9710,536.2750,254.9920,711.2350,492.2550,268.5210,418.9900,358.6517,401.6395,355.2910,768.1380,577.4887,362.8220,564.2460,393.3455,405.5275,578.5260,519.8201,316.3380,470.8525
CYP27A1,1636.3600,205.5700,953.4570,196.4050,1048.0300,703.6860,193.3245,1061.6600,173.8705,370.5020,1509.6100,2091.8000,590.4915,14403.0000,1149.8400,592.9520,1075.4400,383.9971,1071.5100,1002.4300,598.9670,822.7205,866.2630,4835.2200,488.5258,820.7080,399.3470,492.9512,754.5560,7666.6200
CYP4F22,0.5513,211.3855,32.6987,6.9626,5.7960,1.3966,5.8350,0.0000,81.5934,0.3726,3.3420,1.5852,0.0000,271.5310,3.1418,5.3731,2.1259,0.5871,2.1747,0.4665,8.3485,0.9565,3.0800,4.2606,1.8491,28.9590,1.4117,2.2706,1.6181,0.0000
DACT3,71.1136,59.8195,94.1416,35.4973,92.5162,48.3826,46.1072,735.9890,38.7065,33.9547,162.7370,23.9781,1089.6950,33.4724,108.5870,86.2517,97.7364,48.9456,206.1385,401.2280,245.3490,57.1241,557.9760,108.3850,86.0283,97.4635,57.3297,59.2137,750.3800,67.9321
DDX11L2,3.3881,16.9047,11.7144,10.4165,15.9931,7.5838,8.5219,24.9378,7.7904,7.5276,11.0645,14.4918,17.9854,10.8914,13.2153,13.7429,16.4732,25.4831,10.2503,11.5295,12.1359,10.7108,19.6232,11.4048,7.2965,21.6535,7.7028,16.3869,23.8458,9.4589
DHDPSL,224.8850,10.4996,6.7282,11.4158,530.8470,7.9180,11.6015,104.3915,13.2168,107.4130,350.3720,1634.1350,164.1660,451.5430,7.7945,27.1827,40.2303,39.4295,53.8902,192.7760,9.1904,11.1952,14.7590,68.3260,5.4066,1.2820,9.4340,27.1270,22.7852,210.6160
DHFRL1,158.0600,154.3070,256.4200,170.1670,186.1985,162.7430,202.4192,250.5445,168.0865,181.2325,240.2320,203.1925,389.0360,173.6770,179.8210,210.4660,191.4550,192.1770,194.8525,238.4360,334.2380,167.8270,187.0910,196.7850,212.0636,103.9075,245.4070,184.4721,127.4280,130.9685
DHRS3,625.6010,2273.6700,835.8460,2774.5800,1653.9300,1479.0336,1416.2909,1441.1250,1366.1500,3394.4450,2765.9400,1529.9400,908.6230,6941.0500,1595.4900,1842.1300,2985.4300,1815.8957,2971.4200,493.6100,3965.3500,1478.0800,1090.2300,273.4620,1506.8321,772.4855,8899.7500,3213.2382,1335.4100,138.5355
DMKN,48.7183,875.5595,263.6790,997.6480,1411.3100,137.5828,622.6560,3.3137,3416.4750,610.4060,210.6060,880.3480,13.2490,9.6081,556.5580,699.0200,974.1930,1077.6888,577.9820,2.0622,113.7210,175.8176,25.0947,804.5220,142.6940,151.0565,1361.2500,1211.8392,739.9950,2405.2050
DNAJB4,487.6870,209.2795,294.8180,283.8610,291.7160,164.5004,450.0543,422.4365,375.8030,252.1525,664.4790,316.2395,424.3040,252.6740,248.6900,411.2770,515.0210,294.9737,351.3595,301.8690,188.2060,157.0863,621.8830,199.0760,279.5838,260.3135,541.5710,182.1370,281.0830,325.8765
DNAJC5B,1.8182,2.9587,8.9062,3.4762,5.8116,6.0354,3.6751,3.7194,2.5472,1.9723,14.5826,14.6976,1.8016,4.8180,31.7094,16.1165,3.7783,5.9726,22.6985,0.7854,2.9714,5.3140,3.2621,1.4914,13.6981,17.2704,4.8028,6.1571,2.6121,0.4419
DPP3,1014.5600,1719.6550,1257.6100,1393.3300,1464.4750,1969.0650,1437.3112,805.7860,1827.8000,1086.4150,621.5920,1255.0450,679.6560,1065.6400,1387.5000,1623.5200,1567.2500,1625.0232,1319.4400,560.6830,1145.3500,1893.5875,807.4070,1192.6300,1566.5160,1059.4250,700.5880,1658.5254,1217.8900,1116.6700
DPY19L2P2,52.1460,5.4092,8.1221,16.1923,6.4691,6.5439,15.4648,99.0619,9.3438,117.3095,146.1020,163.4945,84.1659,4.7450,14.2989,13.4021,39.7147,23.9577,21.2292,88.9306,15.9925,6.7619,46.6392,146.0080,12.9933,79.4433,28.7318,23.3501,51.4323,25.4731
DSCC1,99.4907,190.2115,154.6260,258.9460,85.0380,292.7880,312.1756,175.0200,197.9645,11.9834,57.2446,29.3424,93.7670,87.9002,123.3850,261.2140,109.2740,321.7943,71.9262,26.7786,70.0900,312.5923,150.1650,128.9320,284.1593,551.8760,27.7502,228.4788,386.7190,46.3612
DUS2L,312.1390,412.2685,187.3970,333.1250,210.7930,274.7502,228.1694,231.6690,402.3780,316.1575,177.0890,307.0140,253.8190,253.1400,223.6270,270.2830,223.5330,153.9504,215.0535,161.5630,182.1470,260.5468,218.3020,261.5660,213.9884,459.8950,148.8360,240.0522,238.6730,281.8615
DUSP15,369.8570,8.0830,27.0003,4.2374,7.0886,17.8011,4.4130,187.9900,4.4665,3442.8300,26.0619,197.9915,111.1820,3.7915,6.3810,7.4291,8.2342,28.6599,18.5584,119.6550,16.3822,30.9667,34.4074,90.9894,8.9763,30.6120,49.6108,14.5686,199.6120,108.5395
DYX1C1,52.3535,50.9713,95.3800,45.8634,98.6165,34.1657,41.3915,90.3922,22.7540,18.8951,65.9898,139.8620,68.2798,3.2751,76.5273,34.5145,69.3166,97.7346,53.0063,81.8190,45.7390,30.8183,30.5273,38.4510,59.7639,73.8685,138.0840,151.3896,73.1632,22.1931
EBF4,75.1017,188.6190,293.3790,298.5860,379.3050,58.8983,127.6174,588.5310,132.7855,179.8090,220.0480,333.7360,1121.4250,125.4700,182.1310,191.4590,421.0740,332.4172,267.9315,442.4600,670.2210,55.7810,215.8510,66.1157,122.3166,128.1590,263.0650,186.7622,528.8180,375.9655
ECT2L,6.0685,4.9546,9.8294,5.7538,3.3569,5.1059,7.0793,9.7237,4.1092,7.5330,5.4566,4.8041,16.4689,3.4965,8.9504,8.5404,3.9155,4.7953,4.2005,9.2879,9.6771,5.0348,7.4006,2.7720,6.0196,5.4867,14.8014,11.1821,6.8136,2.7628
EEF1DP3,0.6800,2.4689,1.8741,0.9224,2.6019,1.0560,1.6619,0.3966,2.3929,1.1170,2.0542,1.1172,1.9775,1.4698,2.3278,1.2939,1.8298,1.5602,2.6563,1.5464,1.3899,1.1384,2.3721,2.2644,3.6698,2.3127,1.0461,1.2333,1.2587,1.5969
EGFL6,0.8854,152.6335,49.9212,116.0680,8.6787,53.6365,292.5754,6.1539,195.5245,2.4983,2.1409,0.4793,1.6122,2.8382,269.5520,541.8770,125.3330,697.1582,59.7521,0.8442,3.7305,60.3734,53.0750,17.7282,108.6125,38.7034,9.5159,108.5454,489.0920,0.5234
EIF3B,4237.1300,5418.2050,4147.3400,4712.4000,4479.6850,6153.3150,5300.6482,3896.7200,6817.4300,3166.2450,3577.6000,3904.4450,3207.6850,4895.5000,4518.8700,5900.0800,5585.4800,3991.7031,3759.7500,4185.3400,4843.2200,6472.9195,4514.5900,7568.9500,4603.3063,11991.5000,2716.1500,4293.6525,6739.0200,8206.0850
EIF3M,3417.6100,2896.1400,2520.8600,2733.0100,2534.4900,3552.3562,2766.2379,1901.1950,3084.3300,2252.9550,2355.1800,2053.8500,1609.6150,2574.5000,2122.0300,2781.5400,3710.0500,5091.1392,2553.9100,1760.4600,2738.2700,3517.9350,2522.6100,2496.3600,2956.7397,3526.1850,2291.4300,3151.5000,4230.6000,3717.3700
EIF4E2,1127.1800,1318.6400,1373.5300,1378.4400,1685.3300,1566.0217,1315.7507,1263.0500,1528.6450,719.4245,1434.8400,1619.9000,1177.0650,1820.8200,1513.3200,1341.8600,1731.5300,1525.4882,1430.6100,992.2600,1246.2000,1596.6985,1454.9700,1352.9900,1460.8645,2111.1900,1148.8600,1672.4393,1871.7800,1176.1550
ENPP2,1503.8700,264.1610,402.0170,174.5560,566.8165,234.7373,240.8548,495.3615,222.8970,2071.4400,6208.5000,1018.8900,884.8650,1137.3400,1020.1500,642.8050,413.6040,347.7481,1156.0100,1876.6000,584.6840,246.2414,1695.0400,1113.6100,595.7415,1150.7150,328.2690,499.6012,1111.7100,1258.7900
ENPP3,121.8930,0.8394,15.0730,2.5000,1.4270,144.1507,1.2378,4.1252,1.9945,1.7601,5787.5600,399.8470,6.9895,34.0725,49.5726,4.2718,1.4628,5.3727,3.3843,6.6707,57.5507,100.3637,6.1892,2.4402,3.4973,2.7392,6.2026,43.4102,7.6387,0.9193
EPHX1,28938.9000,1688.6000,2837.8700,2278.1200,2585.2950,831.3813,1193.5761,1932.0350,1296.8600,922.5170,1916.9500,2321.1450,2461.2450,67361.7000,5185.5100,3212.3800,2926.9500,3285.3756,1879.5400,779.9430,3379.9900,754.4438,2058.4600,1528.3100,986.9575,1177.3350,2188.4000,6473.0817,2163.6200,3410.8200
ERCC5,1134.3500,1204.1350,1158.4000,1087.9800,1527.0500,1267.6350,1274.6396,613.8935,943.7465,621.6510,1759.3900,1292.6550,1027.3950,1169.8000,994.9240,743.1100,1260.0500,753.7662,1467.4850,1319.6500,1017.4500,1351.1776,985.6360,899.7360,1435.0020,776.8110,1316.0700,1032.2326,852.8640,923.7720
ESR2,58.7879,16.0420,6.8399,15.3329,10.6767,7.6495,23.3406,10.5900,11.9081,6.9306,9.9469,12.0066,10.4216,2.8285,15.5076,18.8202,9.6294,17.0513,13.3773,8.3472,11.2448,7.2097,8.1508,17.3792,23.2706,37.8062,8.6548,17.7468,10.1133,10.0030
ETV1,746.0090,85.5911,215.2730,66.2835,324.5335,128.5302,190.9190,3898.6300,89.5541,49.9276,177.8280,160.1485,5606.8100,139.3530,607.5850,340.4140,221.6120,161.3981,594.7480,776.1700,151.9700,116.2557,350.5210,910.2400,180.9372,1486.1750,949.3760,142.2890,312.6610,204.8185
EXPH5,34.3535,192.7180,231.0460,289.6000,138.3780,407.2375,521.3697,41.7430,309.2840,1432.0600,195.3130,126.5900,97.0833,66.3107,562.8660,314.1050,70.9338,232.8684,228.0585,28.9362,240.1050,357.2455,20.0134,17.1133,365.5664,64.3712,159.6180,463.3913,98.9352,4.5404
EXTL2,600.6070,316.7125,281.2060,236.3950,304.4085,257.4425,309.9077,844.1815,222.4300,251.6615,344.3160,302.6730,533.6365,230.5220,254.4340,290.0180,541.1760,500.1101,299.0250,484.7340,462.6640,249.7968,543.9660,477.5010,276.8019,432.0815,297.8700,449.5400,667.3350,306.7100
FAM117B,461.9720,400.7040,420.0090,394.3730,695.3720,592.2155,727.8905,231.2175,423.6965,276.6530,404.3950,390.5745,446.5150,126.7750,415.1850,698.2970,226.4150,616.0361,414.1870,285.9450,1126.7200,617.9443,218.3380,212.8010,563.6897,893.9740,380.5740,751.9550,619.0910,241.9420
FAM123A,0.0000,0.0000,0.0000,0.0000,0.0000,0.0000,-0.0322,208.8890,0.0000,0.0000,0.0000,0.0000,997.8050,0.0000,0.0000,0.0000,0.0000,-0.0322,0.4981,17.9718,0.4706,0.0000,0.0000,0.4888,-0.0322,2.9661,0.0000,0.0000,0.8522,26.0023
FAM43B,904.5070,5.9510,14.3103,3.3440,21.8286,1.8071,2.9436,190.5210,6.7789,12.5054,12.1471,11.5982,130.2965,6.0109,5.8495,6.2604,21.6911,6.8718,46.5810,219.8490,14.5943,2.0401,33.1844,5.5092,3.9217,55.0523,13.2399,17.9330,149.4000,5.3786
FAM82A1,333.7960,61.1612,57.0141,61.6074,89.3571,88.8005,58.7648,71.6905,57.7083,57.1292,111.0180,85.7295,57.4663,220.4560,147.8690,79.4627,64.9446,61.7636,115.1020,95.4413,94.9840,96.9489,65.6064,77.0405,73.0709,55.4607,139.1840,53.3041,69.8678,45.4706
FAM96B,1855.2500,1084.9350,489.0260,1068.7400,931.9770,1163.6086,715.5139,1286.5900,893.8995,1389.3750,929.3490,1380.1050,1006.4450,1387.9900,907.3830,851.2460,971.4370,810.7362,938.5740,1322.3300,792.5090,1193.9180,882.3220,1032.6000,906.5511,1164.0850,1129.4900,978.0771,1111.0100,831.7565
FANCA,188.8620,548.3900,202.5920,922.3360,246.1995,644.4255,643.8154,276.9780,422.6160,58.3071,113.8070,166.3580,80.6538,300.8840,337.3490,506.3460,266.8340,356.1581,214.2355,41.5260,39.3589,615.9029,299.9550,366.1870,569.9434,1026.6700,94.2259,460.3235,401.8920,97.4565
FBP1,88.4203,1347.2800,1514.7600,219.4820,652.7565,809.9605,287.7204,179.1910,108.8435,472.0430,706.7840,935.3300,49.2638,4322.1800,1853.6900,385.5950,356.4440,175.3172,1465.8400,46.3012,1953.2200,797.2077,74.1322,73.3696,825.0546,466.3310,906.6870,299.4860,71.3336,65.9552
FCGR3B,3.6996,17.0162,8.3717,15.1926,21.2668,33.4509,15.4809,35.5090,23.5781,15.6953,41.1496,13.8466,8.9933,9.6411,35.7611,35.6412,9.5502,9.2756,32.9909,13.1365,4.7893,28.7010,6.6412,8.1250,39.9325,4.1669,4.6083,14.5228,4.3253,1.1017
FCHO2,537.7110,519.9300,735.5790,635.8330,753.9430,784.5850,919.1685,555.7565,541.5840,949.8990,1505.8700,932.6850,527.4100,551.1440,1096.0100,503.2150,611.5850,470.9507,883.5740,362.9400,682.9530,752.7585,664.5380,306.3460,950.8915,333.8490,1408.1600,661.1528,352.7610,262.3995
FDXACB1,81.8012,81.3027,102.9650,56.2398,66.5502,71.7266,73.2974,139.4285,68.0477,74.8561,74.6160,50.3846,122.4935,76.4144,78.8754,93.5065,68.0491,147.5439,71.4736,98.6372,80.1000,70.6671,66.6864,88.3523,87.9057,73.6735,76.8559,97.0052,88.6678,85.8885
FLJ44054,0.0000,0.0000,0.2289,0.0000,0.4284,0.0000,0.0295,0.8888,0.2883,4.2083,0.2594,0.0000,1.2327,0.0000,0.0000,0.0000,2.7312,1.5891,0.5209,0.0000,0.0000,0.0000,1.1696,0.3887,0.0295,1.5557,0.3065,0.0000,1.6191,0.0000
FMNL3,495.2970,523.1805,948.5540,652.1470,532.6235,482.1597,662.4503,1492.4950,783.8195,903.4650,1930.3700,474.1155,1584.7650,297.6400,830.1060,751.4160,750.3610,1099.5766,1034.8600,747.7360,299.2600,518.0505,1430.3200,1426.6900,828.9370,1453.1600,1427.5000,614.4320,1150.0600,993.2915
FNBP4,818.1820,1138.7600,1152.2500,1172.3100,1217.7700,1047.3600,1657.0968,939.4170,850.3190,682.1140,993.3400,858.5285,1057.7000,682.2710,1137.0100,1197.3600,1233.7700,1234.2224,1234.9250,750.3990,1066.3000,1090.9390,981.8630,906.4280,1338.4709,1487.6300,1249.4500,1280.7640,1078.3400,768.8430
FNIP2,164.9400,193.2515,405.8570,196.8550,406.9855,533.0605,533.2271,403.2575,390.7235,2469.8400,1103.2900,885.1700,590.5250,325.8100,830.6220,346.0000,224.8640,134.6868,667.5100,574.9580,733.8350,513.7105,429.4420,608.2400,653.3290,239.8395,435.4340,234.8866,172.3660,885.2265
FRMD1,0.0000,0.0000,1.3280,0.0000,1.0216,126.3965,1.3274,0.0000,0.3783,0.0000,7.6655,4.8853,0.0000,1.5355,0.2413,0.3573,0.4270,1.7347,0.7903,0.0000,0.6334,149.4115,0.0000,0.0000,3.6730,2.8964,0.0000,0.4515,0.7015,0.5998
FXC1,966.5480,484.6750,843.1420,511.6280,707.6000,1106.6011,606.1807,778.2540,520.6760,1874.9450,659.4680,734.2915,690.5980,714.6090,767.0970,664.9270,669.3740,764.1263,743.7315,950.9280,989.8750,1175.1700,585.2580,927.7750,796.9108,813.0000,972.4600,717.3037,573.2030,1116.8500
FXN,375.7010,189.0445,196.9480,191.3810,172.8965,319.0090,190.2381,219.8475,193.8260,333.2460,148.4200,201.8400,255.0925,351.8840,163.7360,205.7260,192.9630,256.3488,163.3800,280.6620,255.7730,311.3496,199.8390,213.1750,266.7699,494.0550,200.6160,300.7751,273.6290,425.1350
FYCO1,616.3850,916.4655,1367.7800,734.7020,785.1180,862.3485,1044.1816,449.4485,854.9795,3088.7750,940.4500,1376.7400,431.8905,906.2040,1295.8800,676.3430,1003.2600,784.1692,1230.9200,377.7560,1735.4700,882.0150,882.7710,1653.3200,1158.9789,570.5335,1904.7600,810.8747,566.1500,1063.4900
GJD2,0.0000,0.0000,0.0000,0.0000,0.0000,0.0000,-0.1008,0.8922,0.0000,2.0571,0.0000,0.0000,3.6064,0.0000,0.0000,0.0000,0.0000,-0.1008,14.7717,65.1323,0.0000,0.0000,0.0000,0.0000,-0.1008,0.0000,0.0000,0.0000,0.0000,0.0000
GKN1,0.0000,0.0000,0.0000,0.0000,0.0000,0.0000,-0.5426,0.0000,0.0000,0.0000,0.0000,0.0000,0.0000,0.0000,0.0000,0.0000,0.0000,-0.6465,0.0000,0.0000,0.0000,0.0000,0.0000,0.0000,3.0955,0.0000,0.0000,0.0000,0.0000,0.0000
GLIS2,1746.6000,388.0100,754.4860,542.0030,1190.9000,266.6635,350.3044,787.0815,498.9525,2219.7400,1485.4700,4082.1700,1134.9500,260.9460,844.6420,525.2590,3812.9100,1191.7055,1509.9500,595.0570,346.6860,288.1352,1260.5700,336.3000,527.5145,899.0250,1070.9400,642.3092,1673.3800,168.7125
GLS2,27.7521,78.7278,58.3845,164.5830,46.6512,108.6721,76.8237,16.9832,40.1719,140.5335,28.3327,181.9780,32.4787,436.0290,100.8620,119.2400,31.9319,98.1287,50.5473,473.7110,85.9978,91.2635,7.3307,6.1806,67.1203,63.4686,254.5030,47.2650,24.2718,8.0192
GLYAT,0.0000,0.0000,0.9682,0.0000,1.2996,0.0000,0.1296,0.0000,0.0000,1.2178,1154.5800,2398.7050,0.0000,976.9490,0.0000,0.0000,0.0000,0.1296,0.0000,0.0000,0.0000,0.0000,0.0000,0.0000,0.1296,0.0000,0.0000,0.0000,0.0000,0.0000
GM2A,2746.2800,2904.3150,2135.9400,4449.9700,1307.0750,1358.9136,2561.8574,2142.6150,6208.8100,1151.7450,2574.2000,2262.8650,2485.3850,1935.8200,2486.7300,4284.9300,1900.7100,1483.0331,1880.7700,1128.1200,1881.1100,1244.5208,1660.9500,3882.5000,1821.1179,2475.7650,1134.5300,1440.8037,1465.2100,2720.8350
GNAI1,1215.0600,642.4585,190.7630,904.0730,262.3855,212.4785,738.4482,471.1645,1358.5200,579.0755,902.4380,1266.5500,1240.3650,706.9740,445.2740,869.5150,769.7410,371.1841,583.0810,727.2220,766.7480,185.4495,582.0920,463.2450,302.0618,304.4320,324.0550,396.3823,669.5520,531.4990
GNG2,170.3910,136.2490,315.8260,132.8940,168.3525,185.2380,223.4611,1737.3200,211.2115,136.0775,639.5180,161.0475,2098.4850,143.6610,332.4900,218.9930,425.1150,158.1981,448.4625,2379.0800,172.3870,183.3109,831.2400,1529.1500,352.8852,604.3025,187.0030,155.6664,549.8110,82.2355
GOLGA8E,0.0000,0.0000,0.0000,0.0000,0.0000,0.0000,0.0000,0.0000,0.0000,0.0000,0.0000,0.0000,0.0000,0.0000,0.0000,0.0000,0.0000,0.0000,0.0000,0.0000,0.0000,0.0000,0.0000,0.0000,0.4114,0.0000,0.0000,0.0000,0.0000,0.0000
GOLIM4,262.4240,458.6960,701.5410,640.9610,632.3200,2022.7862,1284.1996,1671.9150,1031.3850,1607.3650,1340.2700,643.2475,2726.1950,893.0310,739.1640,1567.7100,981.4480,548.0613,890.8390,629.1220,559.9460,2202.9400,1192.3000,527.9130,1467.6367,653.8385,621.7310,735.5710,850.5840,184.9705
GPBP1,2849.4600,1620.5350,2348.6600,1990.8500,2023.3350,1531.6759,1842.5813,1949.8150,1513.3150,1771.2600,2041.7000,1608.7050,2346.6900,1640.5900,1718.4900,1451.1700,2065.7200,1819.0940,1794.5350,2123.7300,1976.6700,1515.0897,2019.4700,1404.5500,1707.5033,1964.4050,2142.4100,1982.1923,2315.5800,1244.3050
GPR148,0.0000,0.0000,0.0000,0.0000,0.0000,0.0000,0.0180,0.0000,0.0000,0.0000,0.0000,0.0000,0.0000,0.0000,0.0000,0.0000,0.0000,0.0180,0.5813,0.8375,0.0000,0.0000,0.0000,0.0000,0.0180,0.0000,0.0000,0.0000,0.0000,0.0000
GPR17,1.5492,1.7275,2.5253,1.5758,11.2427,3.6143,5.2668,136.8965,1.7575,2.7696,11.6887,5.1369,1219.6200,5.2140,4.6476,2.3022,5.1723,7.1012,10.5136,23.1214,7.2131,4.3603,4.5699,2.5654,5.3328,4.5403,4.1307,2.8655,4.5966,2.5810
GPS2,1278.1900,1031.2300,744.1790,1097.3300,1103.3450,729.1505,771.8761,1033.3850,922.0555,838.1715,916.3410,1534.2900,1028.5300,999.7080,824.4580,778.6990,1210.8700,794.7333,846.9660,1088.6100,841.8510,726.3795,1040.7400,1363.3700,853.0675,1443.6950,1119.5500,1061.8769,1197.8300,1858.6250
GPT,40.8270,14.1204,34.9891,24.4313,209.7450,96.3111,22.9334,37.8654,16.6699,85.9930,215.9030,167.5745,92.6377,1993.5000,19.3926,14.6536,11.9138,125.7485,69.3649,15.5380,24.2353,83.5880,5.9910,9.8405,65.8318,4.4591,34.6850,36.3282,23.8243,20.0388
GRID2IP,3.3473,14.7392,12.7029,5.3609,25.3696,15.7795,10.0071,8.3571,4.2667,6.6376,3.5924,10.3713,22.4860,0.5692,25.3533,10.1138,2.5974,16.1144,24.7662,2.9188,31.1613,16.2527,1.2798,1.0339,12.5594,18.3407,20.6394,8.6246,10.8965,2.1613
GRIP2,2.1597,3.7571,5.0815,4.5721,8.2077,8.0633,6.1139,5.3642,18.1356,24.7820,10.0503,3.5267,20.2688,1.2484,3.9627,5.3170,39.1019,4.0395,7.4455,21.9974,3.8816,8.6685,7.4813,2.6098,7.6647,34.8263,4.6235,4.5008,5.0083,1.4112
GRWD1,932.7320,1066.2850,870.9510,1069.9400,976.4195,1029.3250,766.0146,693.4345,1232.8600,804.1955,655.7960,748.0050,436.8555,991.5310,754.0020,969.1670,976.7210,779.0681,864.2045,582.2260,852.8940,1012.0250,942.7430,1362.1300,778.3472,1352.1800,757.8470,1028.1151,1299.9000,1651.9850
GSTK1,4349.2200,2959.1250,2198.6300,2232.7300,2887.9550,3568.8950,1394.4185,2101.8000,1721.7400,7112.3200,3235.8400,6069.0500,892.1045,7031.2200,1891.3200,1526.7600,2380.9000,3007.1262,2823.9900,1545.9600,1719.4600,3577.4155,1669.0700,3330.3600,2547.1838,992.4875,2255.7000,2946.1840,1498.1400,3319.3450
GTF3C5,1483.2600,1704.3700,1077.0500,1893.1400,957.5205,1305.1950,1141.9662,1170.7200,1544.2950,1364.3050,852.3700,1115.5900,1380.5600,1153.5100,951.8430,1378.5400,1155.5900,1384.0961,1052.1150,1067.4500,1182.0700,1372.7100,1266.7200,1366.6800,1208.1949,1774.7850,934.0080,2113.3663,1704.6600,1964.6650
GUSBL1,12.3606,18.5255,43.3450,24.2954,49.2019,14.2900,26.2645,5.9146,14.8446,17.6982,22.4632,16.9812,32.9085,19.6388,26.1022,23.6318,14.3781,24.8478,20.9652,22.2656,32.7959,13.9688,18.1818,17.5458,23.0390,22.9550,21.8703,16.3241,20.6406,20.6422
HACL1,237.7230,340.0520,343.7530,270.6170,246.8065,377.2165,305.9463,353.7270,212.5415,535.3120,251.4590,393.9805,319.8490,894.5360,262.2520,293.5070,258.8260,353.0631,295.5745,300.8950,501.1320,416.8540,277.6410,374.0010,358.3387,691.9420,425.0840,283.2904,247.2950,219.5595
HCCS,754.8420,526.2595,437.4370,664.5990,480.3595,733.5772,585.3894,416.1175,644.1815,1694.9200,429.3970,481.5530,256.0770,534.2540,451.1130,543.9190,401.4830,569.3527,459.5365,516.6300,345.1050,734.3604,492.5250,479.2580,671.3772,518.6400,344.1480,381.0342,450.3260,451.9620
HELLS,76.1965,225.6700,155.8000,418.8640,94.8105,242.9986,422.3842,69.9272,226.0470,20.6390,54.4294,46.2612,25.3684,53.0108,106.9210,286.8380,100.5970,150.3488,88.7935,45.0916,32.2075,236.2792,126.1360,102.6040,310.6165,1328.7700,47.7546,222.8530,250.8090,32.8110
HEY2,41.2242,30.8403,96.7581,43.5525,51.8182,28.4248,42.3495,254.4790,71.6550,44.0422,255.1830,145.7975,536.9490,111.1770,33.6134,50.5124,24.2194,403.0643,64.6578,78.8330,68.2002,30.2696,140.8530,94.6077,50.9938,128.7380,407.7340,280.9082,203.0870,20.3353
HIC1,94.3224,110.6415,130.1900,74.9543,115.1250,114.9450,78.8993,89.3646,108.0870,97.6540,189.1280,51.5408,35.2934,87.4372,139.0820,109.2710,408.0950,59.0794,369.6060,197.6540,137.2580,124.6125,612.2010,69.7846,150.4673,207.1555,91.0104,103.5380,329.4250,55.2059
HIST1H2BH,4.4366,22.1571,13.3194,21.9966,0.7248,9.1139,11.4388,5.6863,17.7263,1.3196,1.5015,1.2721,0.0000,0.6431,2.3566,22.2222,2.9520,11.0815,1.6102,0.7906,1.7876,11.3624,3.6049,4.8350,7.8187,32.2354,3.8660,34.6150,18.0856,2.7653
HIST1H2BL,1.3223,2.1136,1.6639,3.4762,0.5109,1.6572,0.4716,0.6057,2.4013,0.5036,1.0925,0.3862,0.3787,0.7837,1.3329,2.2859,0.9099,0.4418,0.7761,1.2143,3.0900,1.7781,1.0256,2.5800,0.6807,3.3842,0.2592,2.3217,3.4190,2.1429
HIVEP2,415.7050,879.7580,736.0830,806.6990,654.1290,508.8515,1339.7074,627.1475,1303.7700,634.1075,1191.1500,801.2640,1036.8550,320.9570,890.0300,1006.7000,722.0900,1062.5359,1129.7800,898.8820,718.1750,520.8396,1044.0000,546.3610,914.9066,245.3435,944.4440,930.3106,533.7640,446.3915
HLA-DPB2,0.8022,4.3475,5.7389,4.1876,2.7675,2.0127,1.4675,3.1684,4.1530,2.2569,12.8046,6.4511,1.2392,1.4329,11.8426,5.8062,6.7284,4.6801,9.5571,2.7824,3.5304,1.5819,3.9785,2.0212,4.7758,49.0667,2.3753,4.2946,3.3041,1.2153
HMGXB3,1942.1100,1060.2700,1280.5200,961.7420,1281.8050,1157.5919,1212.8156,1269.3850,1158.9500,1699.9250,1433.3500,1294.9450,990.1780,950.3280,1164.5400,1102.0700,1402.0600,1014.3098,1410.0100,1773.5100,2289.5400,1161.2250,1327.9700,1889.4200,1128.4936,1226.7750,1193.4100,1576.5886,1487.5300,3745.2350
HOXA9,138.3930,80.1660,26.1162,405.9830,2.0895,787.2716,52.4351,10.1011,9.8083,534.4690,327.1290,920.4100,0.3479,1.4538,4.5780,13.5653,8.3290,7.9947,9.4822,12.6129,517.8390,673.4337,160.7170,12.3552,25.9219,9.3843,0.9653,135.5594,379.2200,0.0000
HOXB7,480.4340,557.4635,129.8970,556.5220,18.4404,702.4085,289.8808,72.1784,196.7590,557.3080,338.6080,685.9105,6.6203,16.1218,141.0050,296.3540,256.3440,365.5088,320.6165,658.1230,24.3763,629.4670,303.3280,525.6720,377.1931,86.8537,9.0153,1089.6798,417.6030,3.3567
HRASLS5,0.8795,3.8339,84.8754,1.6343,2.1094,2.8590,7.4062,72.8246,1.8941,137.3050,8.7064,33.6506,36.0725,0.8065,11.7955,4.1110,243.0520,18.6297,28.3839,2.4701,11.8379,2.4580,57.3342,2.2738,27.0204,78.2585,5.1939,9.5182,27.5678,2.8972
HSD17B7,532.5900,290.7905,346.3830,280.7010,236.4405,351.6696,260.8898,206.8355,188.8325,136.7130,276.4330,186.5305,162.2420,648.1050,329.0680,293.0190,220.1350,246.8619,229.8875,264.5580,193.5680,348.8322,130.2350,221.8330,248.8324,172.6345,244.1470,271.7881,203.7010,131.0560
HTR1F,2.3888,2.8222,6.3780,1.4168,1.3843,1.7455,2.2852,5.7574,1.7574,2.9074,28.8002,0.9413,3.6946,0.4337,4.0020,2.3938,5.7401,5.8473,4.5163,4.5154,1.6953,1.8503,3.9858,1.2987,2.9915,1.1648,8.0721,3.5091,3.8573,0.0000
HUWE1,4257.2400,5241.6800,7170.0100,5508.5300,5130.7250,5500.2374,7882.7001,3831.7350,6376.2000,6240.3450,5289.4200,4342.2450,6894.5300,3570.6800,5971.3000,6091.3400,5515.8500,5770.4561,5028.6050,7027.9900,5435.3600,6039.6337,5630.8200,6056.1200,6351.7788,11559.1500,5201.0600,4829.2468,5177.0800,7007.5900
IFRD1,1032.6400,648.0750,482.5210,690.6630,604.8745,901.5192,953.6199,1707.0500,617.5715,1098.8050,629.8650,634.0650,1015.5950,509.0200,659.2680,779.9350,710.5910,790.9201,683.2190,804.7170,747.5700,857.6795,887.0890,722.0820,733.1975,1250.3850,647.0370,752.9906,707.1330,524.4240
IFRD2,952.4060,1228.0550,789.1330,1086.7300,832.9165,1904.5058,914.1168,700.1840,1015.0450,1368.1750,501.4780,1210.4950,405.0000,1927.6900,1065.8400,874.9210,989.6550,1215.1829,1054.9500,646.4090,1470.8300,2020.5951,985.5370,1397.2000,1115.8035,852.4995,1074.7300,1241.6711,1008.4100,1071.5150
IKZF2,88.8067,726.2135,246.3680,544.9420,78.9570,69.1276,277.7366,132.1495,257.3925,68.1573,184.3370,109.6605,179.2880,44.7368,359.0320,296.8360,73.8576,219.0440,290.0680,94.1990,326.8390,64.2112,78.3069,35.2564,159.8815,109.8200,1149.6800,297.6903,73.3313,21.3688
IMP4,681.3560,890.6135,622.7550,724.3170,902.9345,998.1542,705.1639,752.0305,852.6935,470.0155,628.5710,825.0005,710.3450,1081.0300,716.6230,906.6960,772.3490,859.4686,753.9105,521.9280,730.3270,1035.8075,657.7000,1138.5900,801.4294,1276.6050,533.4930,874.6497,877.3410,1276.4450
IQCC,73.5237,103.5805,120.4660,153.6270,77.7413,87.7109,77.8719,134.6210,77.1207,77.7374,77.2201,96.1249,90.7396,51.7758,102.4870,102.0180,103.4630,171.1491,75.2280,81.2808,87.5149,87.7049,114.3430,108.7380,78.5819,175.6095,166.5880,145.1016,142.3760,91.7543
IRF2BP1,1076.3300,693.9775,638.2630,628.2760,649.9380,700.5985,417.6927,780.7990,518.4580,863.3190,476.4590,602.9815,704.9410,979.9020,554.6490,574.4210,575.1110,661.9416,661.6615,1141.0700,1061.1000,697.2656,753.8550,876.4610,461.1177,563.6455,851.8520,910.4848,1182.4100,1284.5300
ITIH1,0.0000,0.2863,0.4445,0.4019,452.3025,0.0000,0.0180,1.9045,0.6306,7.3897,0.8848,0.0000,0.0000,41257.8000,0.6911,0.3874,0.2918,0.0180,4.2508,0.3234,0.0000,0.0000,0.5811,0.2844,0.4786,2.0769,0.0000,0.0774,0.3508,0.0000
JAK2,200.5620,224.6225,400.5920,366.0170,180.1075,298.2084,479.7714,286.2975,307.4000,365.0555,447.0970,230.8710,325.9090,124.2330,331.2040,302.3650,360.3350,176.4977,437.7435,313.7720,241.3130,270.3195,457.1170,186.1160,642.8385,233.8265,194.4210,207.8120,140.2480,115.3645
KCNA6,1.8524,1.7837,13.0454,2.1425,3.6963,11.2566,3.4739,430.1805,5.4400,1.8283,6.9292,2.5618,933.9980,2.3856,4.2918,6.0537,22.6297,10.3042,44.9360,391.0150,4.5547,11.3605,25.7482,1.3786,5.9445,379.9715,3.0962,4.0887,68.1909,9.0981
KCTD20,678.7680,863.6080,1638.3500,1009.8600,1310.4200,1328.2900,1454.5885,2087.1000,1223.8750,439.4500,1591.1100,802.3435,2169.8400,1356.6600,1456.8000,1493.4800,1671.8000,1044.4393,1175.3250,1036.6500,1197.9100,1427.5377,1565.1200,2229.8800,1343.3497,671.4535,749.6290,779.3726,1289.7600,1031.1550
KIAA0317,897.8500,857.2820,896.9090,943.3220,720.6405,964.4401,1141.6315,838.0585,1077.8750,2216.0700,624.1630,1137.0350,1039.6700,625.2410,1062.7700,1078.8900,717.6390,1441.8592,945.1190,971.4460,1064.2200,924.5023,614.7980,1279.5800,977.2621,1118.6350,1125.0000,1048.5611,1041.2900,1338.6550
KIAA0913,2143.8100,1565.2450,1501.7300,1385.6000,1830.0950,860.1710,1588.0251,1228.1000,1563.4350,1415.1250,1700.4100,1777.8900,1947.5000,1684.2400,1475.4900,1447.8800,1759.0500,1173.6670,1685.3200,2820.2900,2160.2900,867.6020,1458.8700,1840.4100,1278.3393,1123.0400,1947.7900,1778.0629,1527.9000,2155.4450
KIAA1239,0.6246,2.4436,0.9607,2.8050,0.6611,3.1588,5.1803,2.4390,4.7935,0.5628,0.3065,0.3312,9.3579,1.1691,0.0000,1.3295,0.0000,0.2169,5.8901,0.0000,0.4605,4.1282,0.0000,0.4901,4.5953,0.4360,0.0000,0.0046,1.4465,0.0000
KIF18A,68.4376,167.6525,139.8620,284.5970,93.0892,219.0040,424.0883,129.8065,258.9500,12.5859,41.9781,16.2906,13.7429,45.6213,118.6950,260.6580,147.8540,285.4909,60.3117,8.9099,15.4894,207.4121,141.5250,109.2990,288.6204,313.6940,76.0389,214.0974,272.8930,8.6075
KIF27,32.2104,37.9168,93.2731,56.8454,40.7310,56.6643,89.7982,54.3779,43.4233,41.9284,74.7508,73.1505,75.2916,18.3486,64.3168,54.8020,50.0993,83.0607,53.6452,34.8008,60.1289,58.4878,45.0129,19.5745,81.0369,83.1507,134.1090,108.9184,46.4119,11.5273
KLF4,365.1910,677.4830,419.1320,1338.3500,337.7045,1246.1700,1879.7954,137.6385,2675.8150,206.6715,561.7820,617.5060,167.2190,180.3990,492.8160,1150.3800,782.9620,205.0496,1201.3150,178.5340,812.7470,1149.8037,698.5800,348.2480,1402.6642,2062.2300,642.0100,265.0845,163.7360,73.3486
KLF5,19.2215,6016.6400,350.0790,7937.2500,1323.1200,8341.8900,8018.2776,40.1499,6732.7550,275.0255,205.8350,515.6615,22.1482,113.6190,2067.4200,4999.1000,843.8520,2224.6139,3735.5600,62.1349,747.4810,8459.3100,73.6166,158.6160,6919.8767,538.3165,1743.5800,2438.3125,1003.9300,144.8790
KLF9,1500.5800,436.9365,882.2540,378.1860,1157.1300,405.3551,1001.3722,1647.6250,641.1415,1866.2500,2993.4800,1226.1000,2245.3700,2307.7400,1019.8200,683.4400,1525.3800,476.9781,2033.2800,1956.9300,2225.1000,393.5360,1862.1500,591.3870,1090.6719,326.3755,1284.7000,426.0658,419.4830,321.1820
KLK13,1.2007,0.7986,1.5471,34.6855,4.4308,1.3891,61.3453,0.0000,573.3485,0.4344,0.3069,0.6560,0.0000,0.0000,9.3633,30.2308,15.4172,59.5163,6.7288,0.0000,9.5399,1.1413,0.0000,22.3380,7.0394,141.4085,27.3411,17.9263,6.3254,9.4529
KRT6C,0.0000,36.1664,4.7141,4326.4600,1.6442,5.7363,1966.0621,0.0000,34053.4500,0.0000,0.0000,0.0000,0.0000,0.0000,5.1498,4609.8800,34.0303,2.9024,30.0687,0.0000,2.6819,4.3262,0.0000,653.4210,1.1264,0.0000,0.3751,8.6894,2.0868,0.0000
KRT79,0.0000,2.8997,0.9130,2.5554,0.5236,0.0000,1.4995,0.0000,11.3600,0.0000,0.0000,0.0000,0.0000,0.0000,0.9609,3.0781,0.7998,0.5148,5.2004,0.0000,0.0000,0.0000,0.0000,2.0225,0.0320,0.0000,0.3753,0.0000,0.0000,0.0000
KRTAP10-4,0.0000,0.0000,0.0000,0.0000,0.0000,0.0000,0.0433,0.0000,0.0000,0.0000,0.0000,0.0000,0.0000,0.0000,0.0000,0.0000,0.0000,0.0433,0.0000,0.0000,0.0000,0.0000,0.0000,0.0000,0.0433,0.0000,0.0000,0.0000,0.0000,0.0000
KRTAP12-4,0.0000,0.0000,0.0000,0.0000,0.0000,0.0000,0.0000,0.0000,0.0000,0.0000,0.0000,0.0000,0.0000,0.0000,0.0000,0.0000,0.0000,0.0000,0.0000,0.0000,0.0000,0.0000,0.0000,0.0000,0.0000,0.0000,0.0000,0.0000,0.0000,0.0000
KYNU,9.6970,354.9410,117.0970,320.1100,268.5940,50.8820,284.4431,79.5901,454.6655,252.9285,152.7270,76.4992,12.9747,646.4160,203.8630,371.9400,84.7193,77.6990,333.8455,6.7953,12.6697,41.1414,75.4469,53.8411,197.9567,116.7500,39.5554,41.0056,32.5866,14.2921
LIN54,367.4000,311.7245,360.6630,508.0920,255.6045,358.4140,525.1078,309.3555,369.4375,481.6315,377.8770,236.2095,386.6035,271.1090,325.3420,361.5580,194.4120,274.0431,272.2965,331.0950,279.1951,338.2087,370.7830,308.3630,439.0753,267.1640,447.6370,377.3087,274.7310,127.4100
LNX2,334.9750,473.2985,628.4000,590.0540,467.1435,953.7732,810.6686,130.0185,618.0380,774.5130,498.4700,384.6265,119.0310,513.0100,699.7830,585.8730,328.6060,372.7842,559.5845,184.2650,527.5060,1072.8250,155.6850,466.5810,800.6291,320.6475,468.3830,405.3018,321.1090,175.2985
LOC100128977,0.0000,0.0000,3.0753,0.0000,0.0000,0.0000,-0.2333,12.6555,0.0000,0.0000,2.1340,0.0000,39.5843,0.0000,0.0000,0.0000,0.0000,-0.2333,0.0000,15.4616,0.0000,0.0000,0.0000,0.0000,-0.2333,0.0000,0.0000,0.0000,0.0000,0.0000
LOC284578,0.6068,1.3680,1.7070,4.7606,1.7578,4.7735,2.9891,4.7914,1.4999,18.5151,4.4643,0.6755,6.9432,0.4156,35.8289,4.6211,1.8198,6.0532,12.5645,1.0309,27.8152,5.7755,0.9188,0.3883,5.5867,9.3282,3.5171,3.1611,2.7701,0.4105
LOC284798,0.0000,0.0000,0.0000,0.0000,0.4887,0.0000,0.4768,0.0000,0.0000,0.5317,0.0000,0.0000,1.2934,0.0000,1.0662,0.4318,1.6234,1.1291,0.9423,0.0000,0.2736,0.4088,0.3694,0.0000,0.5283,0.6914,1.2854,0.5236,3.5571,1.5724
LOC285456,0.9246,0.3981,1.0760,0.3794,0.5166,0.0000,-0.0803,2.8284,0.3962,2.9882,2.4482,3.1509,4.9917,0.5688,0.9971,0.5036,0.4327,-0.0584,1.1128,2.8090,1.2766,0.0000,1.0881,1.5756,0.1402,0.6566,1.3761,0.4398,0.4594,0.7129
LOC285696,0.0000,0.7076,0.5853,0.3862,0.4849,0.0000,0.0804,1.3535,0.5472,0.0000,0.0000,0.0000,10.3648,0.0000,0.7734,1.0368,4.3526,0.2877,1.0366,2.7537,2.1436,0.0000,1.7065,4.5307,0.2537,1.2965,1.7103,0.6865,3.1056,8.7801
LOC399815,3.8230,8.2001,9.5570,24.2900,6.0707,12.4158,19.6942,1.1557,7.0095,1.3479,2.0576,2.1230,2.4632,2.0506,12.3111,16.0705,4.2017,20.0472,7.5176,7.1485,3.2143,12.9363,4.1445,2.1932,14.4989,18.2324,2.2125,2.4910,14.7630,0.8077
LOC643387,50.5206,55.2571,41.5792,62.7104,44.5697,41.2480,52.3665,0.9324,52.9662,28.0040,29.4343,32.9886,38.2054,41.7417,41.7337,48.9549,34.7093,49.9968,37.7617,29.4181,42.7899,40.0918,44.3580,43.7302,52.6051,51.8909,45.2281,62.8090,76.0961,31.9945
LOC648740,14.6764,2.8521,6.1462,5.1180,15.5465,3.0309,5.4950,9.1732,1.9716,11.2724,13.3610,11.7409,27.1910,4.2782,12.8638,4.4225,8.3360,7.9839,14.9102,7.5957,3.9604,3.9589,6.4303,3.4325,4.7619,2.7911,20.6784,3.1430,2.7372,4.3377
LOC92659,78.6007,93.5841,139.0150,65.9929,110.0970,114.6203,50.5449,74.5804,58.6089,23.3000,25.1701,113.3770,82.1699,38.6349,120.0800,136.0730,162.4740,40.5123,81.3922,133.0770,60.3395,119.9265,110.0920,77.0386,55.6443,87.3259,75.9366,143.4864,226.2240,70.6829
LRRC37A2,78.2398,112.9480,119.5880,102.3080,127.0870,106.2510,124.4031,84.8114,69.9978,46.5073,89.9346,104.8035,123.3400,60.9281,117.5010,102.4570,118.0530,76.2884,108.6365,105.5280,129.1040,115.8195,115.0960,78.9244,100.8038,193.0210,97.4405,127.3827,107.3400,85.3501
LRRC37A3,191.9190,54.3430,136.9120,48.2908,120.8335,100.1315,63.8177,207.9060,32.1332,62.7582,143.2700,169.6570,184.6010,58.4371,69.8948,70.6821,184.3860,108.6430,76.4361,242.8210,102.9170,124.2343,104.2390,46.2500,46.5000,98.2676,252.5520,128.2672,132.5150,45.6581
LRRC46,23.9405,23.5568,74.3671,21.7736,43.1516,8.3602,11.8278,37.0208,9.5198,16.6982,14.4979,105.4745,18.6844,21.7391,49.3984,25.1104,14.8060,41.7405,22.2231,13.8078,32.4675,8.1535,14.2601,21.9914,12.1447,22.9748,67.1174,110.0463,28.0967,19.2867
LRRTM4,0.0000,0.5772,0.0000,0.2478,0.5118,0.7024,1.4906,85.9530,0.3546,0.4090,2.2134,2.4683,354.0080,0.8273,1.8275,2.1631,0.9216,3.5279,5.8060,175.7220,7.6923,0.7460,0.4040,1.1056,1.6100,40.7270,0.0000,0.9618,8.9476,0.0000
LSAMP,265.2720,23.0078,14.8000,7.8508,14.0407,42.9484,43.1563,1197.1250,29.9591,227.5765,1.1910,5.5099,2808.4350,1.4157,66.6317,67.5749,141.0650,14.9240,170.0035,834.3820,209.3810,47.9457,105.8340,561.1260,91.2642,27.9089,8.1158,7.5521,70.2247,4.4747
LSM10,550.1780,549.7500,433.0020,489.4600,444.1050,411.3278,342.6794,917.4020,488.5815,349.9670,324.4290,387.7900,471.7335,616.8540,485.5520,524.0370,643.9600,578.7837,470.0205,486.9270,489.5730,401.4827,764.4520,849.6690,457.1136,452.1420,525.5910,562.7031,661.9050,689.0700
LUZP2,6.9465,13.8561,8.4078,1.7700,2.4367,6.2862,11.2612,206.6980,4.8746,0.0000,1.0883,0.0000,2303.9050,1.1594,6.1832,17.7719,6.3500,2.3155,20.5158,8.2211,551.1890,6.6673,7.2441,0.3350,7.2704,1.8172,1.0571,2.0742,4.6012,0.0000
LY6E,13329.8000,6133.9950,5025.4900,8017.4400,2995.0600,2408.1074,3840.6200,1508.0500,8890.4700,233.1160,4944.2900,2202.9450,1042.3200,1615.5600,7045.9400,4929.1700,13288.3000,15737.0601,7524.8850,1990.2300,1829.5400,2197.9853,3899.9100,13337.5000,4419.0425,7372.6700,3919.3900,5837.6847,7115.9400,14033.9500
LYRM4,445.8830,382.5010,334.1030,309.0520,434.6250,411.8077,293.4873,546.3015,369.9200,190.2865,296.5650,368.8245,387.6005,445.5960,352.2090,439.3940,472.3250,660.2409,315.0135,606.9650,366.1970,449.5281,448.6060,619.6620,337.5383,578.3385,391.3850,471.4567,823.9590,1061.5300
LZTR1,1069.1200,1146.6050,880.8190,872.1010,1652.1400,796.1501,870.5652,1141.4750,874.0585,820.4430,1171.7000,1384.2900,1261.4650,1172.5000,936.3740,1065.4300,1047.9800,697.1133,1143.1900,1140.4300,1116.3700,851.1992,1612.0600,1668.9700,746.0374,891.0350,805.6190,1078.5650,1205.5700,1377.6650
MAGED2,12227.0000,3273.4600,12588.9000,2294.4800,3549.7400,2942.9716,1695.3665,4721.4400,2144.0000,8354.8400,4729.5400,4191.4700,4929.7200,3191.1800,3928.7100,2505.9300,4114.5800,5629.5782,3754.1350,8114.5400,8908.7800,3243.8500,7001.7300,8674.4300,2059.1852,4837.9300,5853.2600,4428.6788,11343.4000,7115.2000
MAPK8IP1,1028.8200,114.3220,243.2940,132.7360,257.0840,93.8662,91.6826,3620.8750,92.2150,564.4540,281.3320,565.0485,5546.4850,178.6970,232.4560,189.7980,332.0530,875.4359,300.2815,5276.8500,766.1990,129.7229,436.1930,237.4530,113.0534,416.9430,246.4700,879.3487,758.6910,400.0380
MAPK8IP3,2075.3700,1212.0500,736.9590,1119.6300,1429.6100,968.7070,1118.8324,1691.5550,785.7795,1105.2500,1134.1700,1503.0900,3795.3900,581.2160,1106.9500,1002.2900,1147.9600,793.6840,1525.5950,4038.5500,887.5170,960.7201,958.9980,1156.3400,786.6272,856.9455,914.3210,1294.9032,1260.1600,580.9780
MBNL3,31.0559,36.2391,31.2089,48.6171,62.8796,71.4490,129.9814,19.6872,69.8151,62.1461,61.0909,43.0586,9.9489,306.1640,53.6381,63.2506,35.0749,45.3512,65.4485,43.7585,29.5520,69.8250,23.4562,29.1519,134.5078,44.3218,43.6396,42.9618,22.5964,1.7697
MEIS2,516.0160,260.5310,99.8618,243.0520,847.5810,48.3134,243.0110,521.2510,163.9760,52.7400,308.6220,64.9940,821.5155,267.8260,171.8110,231.3250,1321.0000,246.1810,576.2015,654.5270,489.1380,42.2750,494.7490,288.0260,337.4400,65.4049,73.1779,189.5279,364.5190,125.8895
MEIS3,44.8598,94.8765,400.4780,45.7351,70.1279,65.7315,54.8454,619.3955,86.3384,17.0697,85.9799,144.3750,907.5095,21.1640,75.2508,94.5214,220.6800,53.3857,288.5860,83.9282,275.6302,68.0639,593.0160,182.9870,84.4213,484.9225,36.0212,69.6852,131.6860,912.5335
MELK,105.9960,534.5125,278.5560,914.4740,164.5945,621.5703,718.7433,308.5745,639.3360,20.3086,53.3499,42.3579,31.4275,137.1930,246.3230,544.0890,234.4940,558.0471,162.8470,10.8296,35.8684,602.6990,385.3520,269.3780,611.2182,587.4725,22.9430,435.6039,534.2980,44.8139
MEP1B,0.0000,0.0000,0.0000,0.0000,0.0000,4.0915,0.4469,0.0000,0.0000,0.0000,0.2753,0.0000,0.2719,0.8586,0.0000,0.2711,0.3579,0.1198,1.0188,0.0000,0.0000,2.3731,0.4021,0.0000,1.2070,0.0000,0.0000,0.3206,0.0000,0.0000
MESTIT1,0.4698,0.3050,1.1449,0.3754,1.0695,0.6774,1.2057,32.1222,0.0000,0.0000,0.5007,6.1470,67.4213,0.0000,1.3281,0.6715,2.3533,2.8475,2.6321,9.9091,1.4674,0.6008,0.4805,0.0000,1.7312,3.1992,0.4831,0.7048,2.7579,0.4569
MGC23270,32.5329,16.9999,35.4977,19.1489,17.5118,16.2112,16.0871,19.7620,20.0334,40.7547,23.9740,33.6981,17.1607,20.6732,40.6405,32.1616,26.6785,32.8870,23.2775,22.7066,33.7947,19.1555,34.4987,27.9910,12.9291,30.2363,41.3259,27.0795,40.2249,37.8454
MID2,724.1800,275.1550,566.3480,283.9200,320.4745,117.2119,324.4926,207.3660,410.1370,350.1640,476.2020,280.3855,281.3860,362.8510,325.5800,452.8150,208.6920,163.3257,330.7250,563.8770,753.2530,86.7250,343.7240,131.5690,210.4821,114.1020,645.9890,156.4106,169.0870,63.2099
MLN,0.0000,0.0000,0.0000,0.0000,0.0000,0.0000,0.1304,0.0000,0.0000,0.0000,0.0000,0.0000,0.0000,0.0000,0.0000,0.0000,0.0000,0.1304,0.0000,0.0000,0.0000,0.0000,0.0000,0.0000,0.1304,11.3095,0.0000,0.0000,0.0000,0.0000
MMP14,1886.5000,9155.7750,7785.1600,7793.7200,7721.8950,4847.2508,6498.9564,4268.4550,12300.6000,1321.0000,5128.3600,5910.7200,896.3160,1598.0100,5518.1400,8851.2600,15915.6000,4203.3536,14750.4000,903.7830,1592.4100,4670.0177,24424.7000,19039.6000,6088.2664,4236.3500,3098.5700,5878.0889,8966.9600,15133.2500
MMP7,0.0000,207.2850,451.6390,221.2990,3346.6850,629.4865,647.1836,33.2284,402.6905,190.0195,652.8550,6898.0250,2.2114,31.8896,801.8470,662.1540,8.3343,2805.2296,14449.6500,0.0000,1042.8200,459.1523,4.8964,8.0466,809.0533,7.4212,74.1985,3401.0180,243.5000,0.0000
MOBKL1B,418.5160,792.3065,829.0680,835.1230,494.2235,942.0380,1189.2693,510.6965,1112.2500,589.4975,748.9660,556.5110,258.4910,318.2620,874.6650,1233.6400,550.0470,1231.0747,644.0430,177.8610,436.5950,915.7852,535.8790,362.3860,1159.7650,627.8165,544.0920,767.8725,512.4390,215.0860
MPST,1387.8000,1457.1550,572.4480,1077.4300,2914.5050,3123.1050,998.1094,733.5490,1078.6600,670.5315,899.4470,1505.3500,934.2070,7848.0400,1239.7700,1072.6900,796.3430,744.6981,1431.3150,215.1580,1488.1897,3350.8558,907.1170,807.6390,1471.2966,701.7675,638.3020,2023.2337,1358.9100,1940.2550
MRPL27,1123.5600,1287.5650,740.1860,1016.8100,829.6250,793.1497,763.9457,852.4575,822.1640,946.0580,780.6690,1145.6300,672.2475,1361.4000,735.9800,766.1900,953.0190,782.4576,738.2160,790.5040,843.8370,734.1505,863.5180,928.7650,890.9910,1082.5050,777.6870,904.8732,1038.8100,1264.4350
MRPS14,367.1190,419.6360,469.2960,385.3140,377.9525,378.2530,317.8924,568.6895,323.2255,246.5885,300.0370,342.2165,442.6655,570.0680,381.1300,393.4650,425.9330,512.7257,360.3060,350.6140,416.6310,380.8620,404.6370,343.0980,380.4383,346.7080,309.6230,343.9830,454.3740,329.5085
MTF1,280.6290,395.5495,578.2370,547.1330,344.8830,421.1156,607.7129,420.0635,750.9135,301.7050,456.8770,315.7105,505.3070,243.5660,502.2760,504.5160,420.6740,499.1497,446.4585,277.5240,417.9780,409.9030,461.8300,371.9860,494.7003,436.2100,373.2950,405.7914,314.8990,215.3025
MTHFD1,1307.7200,1649.4550,1578.1300,2723.3400,1329.1550,2154.4600,1933.9513,1625.6250,2046.4450,1462.9250,1719.8800,2179.8100,1486.7550,4626.0000,1349.4100,1590.7700,1133.0800,1552.9395,1321.0800,854.3740,1113.7600,2008.4150,1549.3800,2201.8400,1816.3760,2724.3850,1164.7200,1497.8560,1437.7900,2262.6950
MTMR6,625.2240,607.1425,781.9600,487.4680,667.3455,1056.2000,844.5841,891.5345,552.7840,578.0325,1066.2800,742.1600,847.1870,508.8710,782.9030,637.2230,598.9840,527.8241,806.5415,1277.7500,870.2470,1134.6419,746.0240,577.4570,911.9071,384.9900,799.7650,580.4962,468.0020,351.1000
MUCL1,0.3861,1.6510,107.7540,0.5731,0.0000,0.0185,2.3623,0.0000,13.6432,10.1590,0.0000,0.0000,0.0000,0.0000,0.6911,5.6933,0.0000,0.5123,0.0000,0.0000,3.9458,0.3971,0.0000,3.9206,0.0129,0.4709,0.0000,1.0253,0.0000,0.0000
MUTYH,145.8630,307.5225,151.8980,332.4070,238.3300,291.7179,187.5993,252.5135,197.1185,103.1490,123.6710,208.3755,192.0790,213.8690,189.9150,233.7900,180.1040,255.1211,227.8675,120.6600,174.5400,314.4190,255.8270,275.4140,210.5812,623.8090,261.7810,304.7930,355.2550,419.6170
MYBBP1A,1011.1500,1636.0550,1011.7800,1208.1700,1087.7450,1363.6165,1681.0572,889.0550,1730.2650,681.2620,598.0350,941.0270,1149.5750,868.5780,1028.8100,1394.1700,1664.2600,1374.8394,816.2880,866.0410,1365.8300,1451.7650,1209.1500,2345.4700,1218.6122,1929.7350,1037.4100,1690.7924,1659.0200,2972.3500
MYOCD,1.0384,11.4154,5.0297,2.4272,10.2910,35.3455,37.2933,1.3001,2.1837,4.6417,42.3174,1.7694,1.8901,4.5203,13.1579,3.9160,3.6658,5.5031,18.3241,14.1979,156.9020,47.1439,7.5491,0.6647,97.9189,39.6879,13.3534,5.6712,4.2839,1.6583
MYT1L,0.0000,0.0000,0.0000,0.0000,0.0000,0.0000,0.0429,46.5146,0.0000,0.0000,0.0000,0.0000,323.1065,0.0000,0.0000,0.0000,0.0000,0.0429,5.5873,757.9490,0.2967,0.0000,0.3389,0.0000,0.0429,4.2737,0.0000,0.0000,0.5092,0.0000
NBN,963.6610,1338.8250,1992.1500,1071.9300,1010.9870,1380.9250,1823.0430,1168.3300,1263.5450,1212.2750,1734.3000,1226.1100,1253.5450,970.5970,1164.5500,1271.4500,946.5890,1426.5104,967.1630,760.0960,1192.7300,1405.7036,975.6200,885.3100,1731.7741,1472.2900,1086.8100,1221.6061,1054.2900,666.6910
NCRNA00158,0.5285,0.0000,0.3516,0.4320,0.5253,0.0000,0.3385,1.7634,0.4080,0.0000,1.6611,0.4270,3.9738,0.0000,0.5048,0.3789,0.5241,0.5107,0.0000,0.7740,1.0168,0.0000,0.5595,0.9149,0.4165,1.4024,0.2955,0.4986,1.2751,0.0000
NDRG2,2618.9900,1905.5050,1079.5200,1358.8600,2176.5350,1222.8874,722.9866,9325.2400,1199.6450,8459.0550,1754.9700,1802.5550,33563.7000,3954.2900,636.9180,959.1930,549.2780,934.4870,1851.5650,1221.6000,1803.3100,1179.6152,849.7650,792.3610,917.8482,544.6590,990.0230,1193.8942,843.2810,693.0530
NDUFB5,1872.8600,1347.6150,1254.3100,1784.8700,1419.7700,1523.9950,1530.6641,1749.5500,1486.6050,2775.8850,1330.5700,1945.9750,1271.6850,1704.6600,1161.2600,2142.0600,1493.4900,2595.7081,1072.3050,1349.0800,1151.8900,1472.5900,1131.7300,1103.7400,1533.0478,1350.6300,1139.6700,1410.7950,1817.7000,1238.4950
NDUFB6,1144.9100,700.2475,656.4700,895.0650,614.0700,848.8657,563.6186,984.4105,660.6470,1634.9400,694.2350,845.2755,767.3065,1307.9400,553.2290,619.5560,783.5370,908.8653,600.3145,1195.9600,736.9860,812.2977,823.7740,580.1640,715.4938,713.4965,676.0020,848.5253,886.0730,828.8660
NDUFV1,3122.7000,2723.6600,1688.6100,2468.9900,3466.6600,3080.3900,1965.3080,2464.0950,2657.2500,7680.6700,2228.0200,4053.3100,3389.5550,4818.1100,2224.7800,2370.3000,3322.3200,3715.7998,2245.4350,2573.1800,2205.6600,2962.8600,2542.6700,3370.6100,2340.1817,2880.0700,2236.0100,2482.4028,2896.7100,5933.2950
NEK8,57.7076,138.9220,107.5500,85.1840,136.8000,96.4913,71.6508,58.5555,69.4692,121.3630,111.6000,297.1965,36.5065,109.3330,148.8750,92.5463,82.2851,86.4060,129.8815,37.8062,159.3996,96.3802,65.6788,96.5531,74.9630,203.5790,256.4970,155.6266,82.9550,153.8515
NGLY1,410.1830,644.4175,632.2840,535.3000,382.4895,673.1204,482.8915,642.1210,368.0255,673.2495,432.0700,532.7335,446.1385,589.1730,515.0620,466.2980,683.7730,796.7147,515.2500,285.5240,752.4750,657.1675,537.4990,572.9560,614.3403,600.8540,565.6970,598.6982,656.0000,310.2805
NICN1,257.9350,249.1845,285.4370,205.3100,297.1665,211.9580,168.1879,686.4890,135.9405,605.1950,272.9570,591.1970,678.0100,329.4950,303.2480,170.9700,287.9810,395.8488,324.7355,300.1230,433.9660,223.7739,244.6730,387.3150,223.0644,237.9100,572.6330,367.5924,239.9280,502.6780
NKAPL,64.9918,2.2990,5.2247,1.4815,3.6652,1.4861,3.3484,8.3464,2.7528,15.0673,13.0634,6.9051,12.0809,3.2773,4.4248,2.7269,3.8298,2.6871,8.5316,81.7797,7.4294,1.6513,9.4592,1.9417,5.0480,15.3549,17.4042,1.0106,0.7030,29.5283
NKRF,350.2850,389.0860,338.7530,413.1270,299.2365,476.3538,571.2869,307.5510,398.0280,311.0805,310.6260,242.5760,398.6900,256.8240,324.3490,464.0170,283.4990,406.7140,301.7995,526.3510,320.6700,540.4715,248.9470,398.7310,431.8647,554.9280,310.2840,420.5572,394.4800,666.7580
NKX2-5,0.0000,0.0000,0.3813,0.3909,0.5932,0.0000,0.0366,85.1698,7.4250,0.0000,0.0000,0.0000,0.7912,0.0000,0.0000,16.9051,1.0226,0.6231,0.7571,0.4050,0.0000,0.0000,1.2102,0.6475,0.0668,17.5940,0.0000,0.4830,8.4900,0.0000
NLRC3,56.4294,47.5429,99.6469,90.7878,79.4761,62.3970,75.9211,82.4061,70.2362,57.3822,218.9730,130.4345,100.2720,46.9388,137.3000,85.8533,102.1550,53.2645,104.6275,101.1180,68.7527,55.1061,69.6843,62.5465,123.1891,157.0145,108.6780,82.6018,40.8576,35.2126
NOX5,2.9597,5.2432,5.9369,3.9856,0.9627,0.4237,1.5840,0.5614,7.4925,1.7279,3.2681,3.2049,1.9601,0.3539,3.4114,2.3728,3.7791,4.3827,3.2733,2.1982,9.6680,0.3992,3.2714,15.5560,0.7580,1.9539,10.6101,6.1010,2.7016,234.2335
NOXA1,101.6950,83.5226,117.3830,144.9520,377.6560,206.7507,65.5642,49.2834,53.0215,187.9130,118.9310,316.2695,70.7696,204.3340,130.8470,59.7931,96.2712,223.8821,240.0140,167.2040,204.4310,214.4455,33.9299,30.1915,112.8351,24.0826,267.0230,545.6130,78.2201,105.7450
NPAS1,12.4215,13.9792,14.5239,17.8270,12.5307,6.3441,9.3998,32.0676,19.7087,3.3400,13.7975,8.7149,23.8181,5.0660,12.2111,19.4507,24.5112,8.9758,16.3100,8.5580,5.0232,5.5361,5.5220,21.2766,7.0795,156.4755,16.2443,11.1843,38.3707,9.1428
NR1I3,5.4727,11.9097,9.1369,11.3450,11.4158,6.0000,6.6088,10.8502,6.6677,10.4324,7.7028,10.6602,11.5999,1348.3200,7.7966,7.8107,6.3757,7.6286,6.0185,11.6667,5.0383,7.2229,7.4766,9.8312,6.7828,11.1777,4.4838,6.7301,7.6099,9.1033
NRIP1,1126.0500,1411.0000,2258.5200,1046.4300,575.5740,1096.9900,1860.3194,924.7130,2022.6350,654.9980,1625.8800,1450.4850,879.3205,953.4390,1191.6700,1227.7500,836.5800,1065.0619,1217.6550,397.1360,1713.8300,1026.4300,1034.2800,565.8980,1300.4277,644.7285,1450.6300,1324.6148,1139.5100,386.2570
NUP205,888.6010,1319.3050,1521.1900,1820.5600,1071.6100,1670.7750,2090.9723,1619.4700,1891.7200,1230.9250,1030.7700,858.8425,1040.0450,668.2150,1283.6100,2234.4900,1040.4100,1678.5655,937.0010,1073.9200,1001.7100,1684.2700,1084.7500,1717.3300,1471.1214,2207.1300,824.0060,1094.2932,1401.2000,1284.3800
ODZ3,208.5620,47.1809,187.4140,33.6498,8.2534,34.4549,122.0681,94.9898,486.0530,386.9915,47.9447,289.1490,97.4780,1.1850,74.6940,140.0770,447.1290,111.0094,457.4920,1927.1900,142.3330,25.8600,345.5780,114.1590,75.8963,533.0120,323.1340,41.0012,1077.2000,29.7531
OLFM1,873.3360,30.8679,323.7310,152.1310,263.6980,49.3097,143.3053,1695.4600,248.5055,21.7824,76.0212,40.6626,2847.6300,25.7611,144.7290,335.7980,413.5150,37.5747,265.6055,4296.0500,444.7740,64.6395,362.8350,342.6210,121.5782,219.8695,69.0138,32.9730,90.5907,820.4755
OR10H1,0.0000,1.3560,0.0000,0.0000,0.0000,0.0000,0.2802,0.0000,0.3351,0.0000,0.0000,0.0000,0.0000,0.0000,0.0000,0.0000,0.0000,2.5757,0.3883,0.0000,1.0285,0.0000,0.0000,0.0000,0.0000,0.0000,0.0000,0.0000,0.0000,0.0000
OR2S2,0.0000,0.0000,0.0000,0.0000,0.0000,0.0000,0.0000,0.0000,0.0000,0.0000,0.0000,0.0000,0.0000,0.0000,0.0000,0.0000,0.0000,0.3520,0.0000,0.0000,0.0000,0.0000,0.0000,0.0000,0.0000,0.0000,0.0000,0.0000,0.0000,0.0000
OR2T3,0.0000,0.0000,0.0000,0.0000,0.0000,0.0000,0.0000,0.0000,0.0000,0.0000,0.0000,0.0000,0.0000,0.0000,0.0000,0.0000,0.0000,0.0000,0.0000,0.0000,0.0000,0.0000,0.0000,0.0000,0.0000,0.0000,0.0000,0.0000,0.0000,0.0000
OR51T1,0.0000,0.0000,0.0000,0.0000,0.0000,0.0000,0.0000,0.0000,0.0000,0.0000,0.0000,0.0000,0.0000,0.0000,0.0000,0.0000,0.0000,0.1761,0.0000,0.0000,0.7992,0.0000,0.0000,0.0000,0.0000,0.0000,0.0000,0.0000,0.0000,0.0000
OR52W1,0.0000,0.0000,0.0000,0.0000,0.0000,0.0000,0.0783,0.0000,0.0000,0.0000,0.0000,0.0000,0.0000,0.0000,0.0000,0.0000,0.0000,0.0000,0.0000,0.0000,0.0000,0.0000,0.0000,0.0000,-0.0445,0.0000,0.0000,0.0000,0.0000,0.0000
OR9Q1,0.0000,0.0000,0.0000,0.0000,0.0000,0.0000,0.0870,0.0000,0.0000,0.0000,0.0000,0.0000,0.0000,0.0000,0.0000,0.0000,0.0000,0.0870,0.0000,0.0000,0.0000,0.0000,0.0000,0.0000,0.0870,0.0000,0.0000,0.0000,0.0000,0.0000
OS9,7612.6000,7578.9900,6691.0300,7239.5600,8630.3600,6058.3050,5111.1565,6622.3750,7263.2100,8844.4450,8836.4500,8785.0600,5569.1850,12331.4000,7959.0200,7387.6900,9040.0000,5716.1426,8142.6500,10184.1000,9184.6300,5860.9700,9789.2200,9196.2500,5652.1671,6230.3500,7886.8100,6461.2229,6523.6100,10584.7000
PAN2,1141.8600,670.3285,583.9160,674.5510,642.0105,634.5835,819.8577,852.9905,442.2595,633.6425,906.9100,1091.5850,916.4390,901.2640,628.4970,723.5480,814.7540,919.5315,654.8710,659.8240,649.1690,604.7575,581.1030,643.5740,655.6875,1156.3550,889.6940,652.1910,872.4330,716.4540
PARN,1405.3400,1138.7450,1556.0100,1152.9900,1200.3700,1016.1605,1107.2802,832.2365,1180.1950,1373.7900,927.6610,1423.5800,858.0490,844.6300,1163.5400,1168.4200,1441.4500,1010.3752,1109.1500,884.1070,981.6610,1087.5340,1198.4300,1442.2700,1010.2380,2142.9800,1299.9600,1141.3384,978.7630,1470.9150
PDDC1,1694.1600,1157.1900,1008.8100,955.3460,1692.6450,1443.4200,882.7846,1815.9800,760.3610,2587.7300,1094.0800,1691.1450,2000.7000,1086.8600,984.9200,757.3760,1251.4600,962.3285,1300.8200,1554.2600,1794.0000,1609.9650,1125.6000,1300.3200,1050.0952,768.0380,1373.7800,1486.6845,1267.3800,2223.0950
PDLIM3,107.7410,314.2505,511.8030,50.8330,359.5240,275.5438,415.8763,1233.5050,346.4765,72.5417,453.9170,353.6060,396.0205,219.8570,484.5690,451.8700,878.4380,285.9045,1141.0750,428.2180,1567.8400,322.9763,901.4180,384.1020,754.1289,206.3125,183.1590,67.1906,249.0700,715.5615
PELO,1870.5900,484.0010,445.9930,552.2040,601.1510,490.6475,439.0269,471.4165,658.9885,762.0535,938.3320,541.6240,308.0555,578.1020,664.5320,564.0860,710.2770,517.3399,737.1605,893.3710,503.6940,495.1297,719.4510,537.3290,541.5736,431.7765,499.9720,393.6120,488.6810,342.8235
PLEKHM1,794.2080,856.5170,599.2940,748.4410,690.5080,930.2680,955.5126,736.2645,1228.8450,611.9210,603.1290,863.6995,851.8450,481.9280,954.1750,841.3280,828.6150,578.7501,1096.4700,941.4380,583.1240,892.1236,782.1970,823.5100,765.5155,439.7710,1003.3600,691.8565,421.3810,887.8245
PMS1,192.0550,290.5430,306.3270,351.4040,258.5545,314.6995,370.6480,355.4965,213.4460,109.0665,243.2350,224.0890,379.9215,198.7690,273.6140,283.8350,298.2180,414.6556,241.9575,286.8650,286.9980,326.7988,331.8720,220.0060,357.2673,514.1055,269.8970,372.2455,437.0020,126.8190
PNLIPRP3,11.2755,0.0000,0.0000,0.0000,0.0000,0.0000,2.3034,0.0000,52.8870,0.7517,0.0000,0.0000,0.0000,0.0000,0.0000,0.2371,0.0000,0.4472,0.0000,0.0000,0.0000,0.0000,0.0000,21.9017,0.4472,0.0000,0.0000,0.0000,0.0000,0.0000
POLR2K,1461.8400,1105.6150,1129.0500,1008.9300,825.4845,900.5170,782.9996,990.3845,876.2365,1139.2050,723.7760,684.4320,748.6970,1277.4200,954.8690,1013.5400,745.4460,1319.2343,722.5810,1460.0100,786.3610,972.6885,871.9110,952.7310,970.4006,1241.6750,792.1140,958.2015,1191.1100,736.9150
PPIAL4E,0.0000,0.0000,0.0000,0.0000,0.0000,0.0000,0.0000,0.0000,0.0000,0.0000,0.0000,0.0000,0.0000,0.0000,0.0000,0.0000,0.0000,0.0000,0.0000,0.0000,0.0000,0.0000,0.0000,0.0000,0.0000,0.0000,0.0000,0.0000,0.0000,0.0000
PPIL5,210.5580,224.5235,212.5630,404.8900,114.6070,374.3036,273.5046,203.4595,291.4150,105.4525,84.0580,75.3778,76.0761,127.1520,176.8230,245.6310,180.2720,220.1826,150.2125,86.2330,116.3000,357.4088,251.4210,205.8720,280.3818,352.6730,97.4688,214.6956,229.8330,124.0860
PPOX,319.1090,367.7805,331.2470,291.7650,398.1445,192.8985,161.5610,365.4545,160.2335,178.0315,253.7680,404.3465,353.7700,458.0760,279.8840,223.4820,419.8190,388.4707,241.1135,382.9780,314.8410,195.6492,271.7600,392.5560,180.9186,345.4070,277.0960,441.1959,452.4180,342.2540
PPP1CC,3835.5100,2957.7250,2994.5100,2994.0400,2444.3050,4009.7600,3355.8250,3151.5650,3031.4650,2545.2100,2894.3800,2069.4500,2607.7200,2169.5400,2707.7600,3481.9100,3141.7800,3737.7684,2611.1000,1791.4300,2791.4000,3898.3003,2687.7600,2787.2800,3482.3099,3566.8900,1871.0300,2955.7102,3820.0400,2479.4450
PPP1R10,2194.9500,2189.5100,1789.2600,1833.4300,2124.8350,1860.5707,1685.8341,1740.5700,1883.8150,1779.7250,1854.0700,2086.8250,2388.4100,2322.8100,1792.5000,1793.6000,1510.4800,1412.5047,1798.4750,2166.0700,2281.7300,1950.8604,2017.2800,2124.4200,1555.6988,2408.9050,1979.5900,2417.3652,2106.0800,1894.6400
PPPDE1,721.6830,1154.7150,1347.5300,1456.7400,1042.8550,1308.5600,1821.6661,1120.1700,1354.7800,524.1910,918.0580,786.8035,594.1535,858.1820,1592.4000,1779.9500,1367.4400,1607.3895,1208.0650,684.3780,695.4750,1389.4009,1359.0700,1100.1100,1335.0026,2116.2700,1073.5200,1576.6713,1815.1000,661.6880
PRKCDBP,217.3200,289.1300,222.7770,250.2990,223.0600,212.8900,235.1437,96.7000,438.3565,129.1895,829.9090,636.1030,23.9000,152.4720,277.3920,218.7110,1048.6100,280.9599,673.1160,358.1380,144.4160,206.1505,1219.8800,1011.4400,376.3263,246.6790,157.0390,157.5354,207.2020,407.6495
PRPS1L1,0.0000,0.0000,0.0000,0.0000,0.0000,0.4152,0.3375,0.0000,1.1599,0.0000,0.0000,0.0000,0.4556,0.0000,0.4880,0.3289,0.3776,0.3375,0.0000,0.5051,0.0188,0.4560,1.1862,0.3164,0.3375,1.1509,0.2992,0.2653,0.3592,0.0000
PSAT1,2211.4900,600.2035,55.8871,920.0000,293.1545,1296.2700,1307.5707,3737.1450,1029.2100,549.1555,144.7270,312.5970,5632.8500,1815.0700,449.7080,1456.6700,220.7120,2957.7696,162.1070,839.2760,777.2910,1223.6746,544.6150,1379.1900,800.2988,926.9965,133.0150,1712.7123,1692.7900,508.3460
PSG10,0.0000,0.0000,0.0000,0.0000,0.0000,0.0000,0.0900,0.0000,0.0000,1.1365,0.0000,0.0000,0.0000,0.0000,0.0000,0.0000,0.0000,0.0900,0.0000,0.0000,0.0000,0.0000,0.0000,0.0000,0.0900,0.0000,0.0000,0.0000,0.0000,0.0000
PTOV1,6531.3000,2987.9900,2072.2300,2151.1600,2403.4850,1512.0482,1457.0467,2778.4500,1645.7850,3091.0900,1598.3900,2828.8000,2964.1700,2833.3300,1832.2500,1902.4900,3049.2000,2950.2096,2179.2150,4117.0100,3961.1600,1501.1920,2405.5000,2356.7500,1564.3490,2942.0500,2704.0300,4510.2895,5553.2900,3418.4050
PTPN23,1258.3300,1643.7650,1421.2600,1236.4500,1195.0200,1573.4114,1479.7593,1584.7600,1318.1050,2227.7350,924.8380,1562.8150,2054.5950,1352.4100,1526.2700,1295.2000,1418.8500,1879.2374,1432.6650,1965.4700,1636.2000,1622.3250,1410.7100,2795.5600,1331.2328,1888.2600,1741.1400,1977.4049,1429.5200,2915.4300
PVALB,22.9616,3.0900,5.0135,0.5601,0.6428,0.0000,0.2764,3.0135,1.7874,13356.7500,1.2360,2.0960,8.0406,0.5964,3.6337,3.4522,6.3984,9.1954,2.0261,0.0000,0.4607,0.0000,2.3897,0.5456,0.6029,2.0084,1.7201,0.7514,4.1736,3.0869
PYGB,2370.1000,2781.7750,3434.3700,2589.8900,4667.0250,9267.9844,5720.4282,4695.5150,4654.0800,9804.6700,2180.6800,7439.4600,7655.4800,1730.5700,4550.4900,3209.7100,2630.9800,2646.5737,5813.5300,3071.3100,7956.8200,10204.7500,3572.7300,9653.3500,6062.8487,7658.3850,5136.6300,2963.7020,3036.5300,11231.6000
QRICH1,1153.7000,1402.3400,1523.2500,1267.6100,1016.8020,1261.5300,983.8001,1448.7200,1131.0200,1302.9350,948.7710,1190.0350,1496.1400,1091.0900,1330.1300,1164.3900,1181.0700,1611.7406,1292.0150,1301.1300,1454.6500,1299.6084,1476.7800,1562.8900,1118.8233,2130.9300,1405.5900,1326.3782,1345.9400,1159.7500
RAB3GAP2,738.6400,769.1795,1369.5100,883.2480,991.6215,838.7943,1309.8567,976.4220,986.7190,792.3760,1083.4200,765.3705,905.2600,814.9030,1085.6500,1045.2100,842.2090,840.4822,872.6855,1501.8300,809.7110,860.1518,677.5470,855.6510,1057.3948,805.6470,914.8170,838.8585,793.6350,606.9050
RAD1,853.3330,628.5810,666.8190,746.9230,472.6035,537.6310,620.2006,563.8420,552.3075,380.6360,420.3080,361.2800,419.5145,396.2030,785.5610,951.4190,466.3850,688.4913,413.2965,532.6570,557.8470,572.6535,747.2680,512.9890,537.0616,512.6730,495.1470,561.7280,789.2920,382.9795
RBM11,16.1290,26.3169,47.9189,13.1691,2.2143,14.4748,7.6208,6.5880,5.5783,8.1195,2.2405,25.8676,22.9080,0.4702,27.4252,32.2848,21.3033,66.9874,15.8629,54.7595,36.4494,17.5328,0.8903,4.8693,7.6559,85.2508,64.7270,12.7816,21.7130,8.8702
RBM12,1422.6900,1715.0950,2057.4800,1698.1100,1386.5600,2177.0951,2147.2165,1601.5750,1885.5550,1347.5700,1541.1800,1126.0250,1546.7300,969.6490,1921.2400,2092.9400,1562.4600,1972.1654,1362.4150,1304.3400,2038.6000,2228.9088,1371.9700,1668.1500,1966.6784,2871.5600,1432.2100,1784.5954,2103.7800,1389.7000
RBM5,1418.6900,1712.2900,1762.6300,1696.9500,1365.5800,1379.6550,1468.3774,2166.1950,1105.5700,1126.3800,1281.1100,1647.9600,2577.3850,1272.0800,1638.5500,1240.7700,1695.4600,1686.4861,2053.5300,1947.4500,2356.7900,1386.3629,1985.3500,1930.7600,1478.4857,3204.5500,2174.5300,1962.4898,1957.6100,1392.5250
RBMY2FP,0.0000,0.0000,0.0000,0.0000,0.0000,0.0000,0.0000,0.0000,0.0000,0.0000,0.0000,0.0000,0.0000,0.0000,0.0000,0.0000,0.0000,0.0000,0.0000,0.0000,0.0000,0.0000,0.0000,0.0000,0.0000,0.0000,0.0000,0.0000,0.0000,0.0000
REXO1,3034.6800,966.4465,565.0250,819.9110,912.0055,952.4690,853.9454,611.1290,863.3465,1079.5800,643.4550,776.6720,734.3370,694.5080,666.6670,815.9490,803.5310,554.6053,830.8405,936.2330,654.2670,932.2966,896.8630,1052.6300,728.1057,1630.1300,608.7710,824.6468,785.7800,1234.6750
RFC5,330.6360,464.0400,374.1150,821.9280,347.5635,486.6820,428.7325,435.6105,462.2355,178.9740,273.9670,343.7745,296.1315,294.9690,297.0100,606.9020,401.8040,558.2943,195.3445,196.4740,227.7620,444.6235,376.3870,360.0000,401.8746,575.8300,297.4680,395.7950,469.9870,246.0750
RFPL4A,0.0000,0.0000,0.0000,0.0000,1.6008,0.0000,1.3737,0.0000,0.0000,0.0000,2.0590,2.3515,0.0000,3.3070,0.0000,0.0000,0.0000,1.3737,0.5070,0.0000,0.0000,0.0000,0.4735,0.0000,1.3737,28.5008,0.0000,0.5289,0.5092,0.0000
RGMB,274.2770,414.5950,625.6250,468.9270,291.0565,871.5276,518.5631,1110.9550,486.3120,386.4960,298.6580,204.8495,2182.0900,214.5280,494.7450,494.5520,342.0430,446.3575,439.7825,1960.7800,1318.1047,784.3885,1008.8600,592.9650,517.7403,384.8015,809.5990,539.8540,590.0440,611.8865
RNF126,912.7650,974.9520,430.6540,788.9010,711.3980,970.3366,729.4924,633.0140,1002.4250,644.1170,475.3380,569.1515,529.5345,901.0800,477.5390,794.2770,560.8870,476.5904,692.3700,849.9290,626.2630,1000.2842,576.3190,804.6350,664.9252,1308.7950,424.3940,669.4615,564.3300,753.9860
RNF165,5.8055,14.2369,36.0443,45.1143,3.9828,1.0806,14.5077,97.5344,37.5084,4.1005,70.4282,9.7761,382.1540,8.8037,10.4085,62.4627,4.7344,30.2429,12.5545,191.6320,31.4943,1.2551,50.3429,1.4447,5.4985,7.0880,88.8613,10.0445,90.9231,1.0898
RNF40,3425.8100,2510.5800,2923.9000,2370.1000,2491.3700,2237.0665,2233.4938,2914.3650,2646.2900,2613.3600,2257.1900,3498.5750,3286.6700,2164.1700,2521.9100,2270.1300,3013.8500,2410.1869,2338.2050,2030.8400,2667.7800,2308.9600,2666.1600,3201.5600,2016.6572,2272.5500,2324.9400,2851.8418,3025.7000,4623.2700
RPA2,930.6680,1075.6600,1004.1100,1957.2200,587.0695,903.4109,771.7142,1618.2450,916.2900,450.7495,960.1380,934.8455,1100.4750,677.0250,986.9740,974.0820,1196.6000,1382.8722,868.5965,726.2750,848.3060,906.1170,1392.1100,1017.6500,812.5388,2070.6550,1526.1900,990.0832,1552.2500,960.8435
RPL23,8661.6300,12541.1000,10042.5000,10283.9000,11350.2000,11010.9060,11604.1317,7265.6250,9570.9350,6523.2850,10318.4000,11726.1000,6725.1800,10527.8000,9883.7100,10188.3000,15591.1000,11342.9907,10431.5500,8142.2900,16099.9000,11409.8476,10638.9000,10903.7000,12503.7772,18206.1000,11203.1000,12856.3234,17250.0000,31609.9500
RPL39,534.4670,645.4520,506.0570,560.3770,246.9280,682.7318,513.9957,285.4970,354.8245,315.0360,420.5960,335.1570,194.1005,473.5140,592.5130,492.2370,666.7520,946.4124,426.6405,288.1260,531.8890,761.4325,344.6030,407.7820,729.8372,379.6695,366.9420,581.1053,1057.4100,915.2035
RPP25,803.2860,369.7060,233.0730,891.5450,216.9465,784.7965,478.4037,80.2897,413.1750,436.9570,125.2000,260.3410,52.1462,117.4950,297.8130,537.4740,403.4060,354.9954,450.9715,1131.9400,144.2820,788.1080,436.6910,1014.8900,604.1102,902.2465,316.0950,417.5084,368.9300,407.0410
RUNDC2C,24.0440,12.0287,24.6610,11.0190,30.3607,19.1841,47.5593,8.1017,9.7274,29.6407,25.5052,16.3748,16.1361,16.1499,23.0270,20.3057,13.6880,23.3571,34.1266,10.3453,11.9809,18.3300,19.6607,12.1717,47.9114,26.1529,12.6401,15.6916,9.3253,10.7234
SAE1,2159.6200,2949.2200,2155.3100,3476.4800,2169.5450,2528.8800,2212.7791,2455.0100,2675.9900,1513.9600,1307.8900,922.2600,1579.1750,1817.9700,1731.2700,2662.2700,2024.2300,2101.3902,1788.6150,1615.0400,1559.7200,2596.5302,2921.4100,2772.3300,2084.9420,4746.3800,2421.6100,2123.8040,3421.6100,2090.4300
SAMD4B,1509.5900,1741.1900,1737.4300,1625.0700,1685.9400,1548.3750,2162.7785,1839.6700,2177.4850,2304.6450,1594.3700,1385.4300,1845.9250,1060.1600,1671.4600,2359.6200,1899.1500,2065.1278,1740.5700,1966.2200,1567.3700,1700.5043,2218.9000,2006.7700,1566.2490,2092.3950,1612.2100,1736.5143,2173.1600,3111.0750
SCARNA10,1.5925,1.2251,1.2845,1.2810,0.8207,1.0126,3.3815,2.8612,0.9735,1.3349,1.8070,2.1940,1.2017,1.0747,1.1822,1.8963,1.2788,7.1103,1.1263,2.3539,1.4532,1.4480,1.0526,1.0690,4.9696,1.9541,1.3198,1.9811,1.6864,2.1375
SCD5,7064.7300,190.6220,226.5270,658.5530,892.6340,141.2998,307.5007,12993.3500,584.0485,90.2259,355.8460,876.5970,21683.9500,35.2761,254.6530,640.7000,531.2380,1226.3054,616.4140,979.9040,464.6270,120.4448,678.4870,94.5490,231.5997,85.3299,3210.9400,846.1344,740.0880,152.7060
SCG2,116.9340,14.7273,34.2651,5.5607,17.3732,37.1410,27.2327,2194.3500,30.3824,5.9787,56.5937,18.8376,2056.7750,3.1226,33.4807,41.0300,199.6220,47.1374,714.6315,89910.8000,76.5245,41.5560,264.4220,138.1500,47.1608,19.1345,11.5779,10.8214,44.7830,34.2188
SCGB1D1,0.0000,0.0000,0.0000,0.0000,0.0000,0.0000,0.0000,0.0000,0.0000,0.0000,0.0000,0.0000,0.0000,0.0000,0.0000,0.0000,0.0000,16.5728,0.0000,0.0000,0.0000,0.0000,0.0000,0.0000,0.0000,0.0000,0.0000,0.7050,0.0000,0.0000
SCRIB,1239.5000,3218.3500,1748.5400,2520.7800,2559.8900,2787.8086,2785.4221,1986.6750,2823.2800,2649.7700,785.0980,1790.0600,2452.4350,2228.8700,2085.4300,2282.8900,1913.4900,3729.1396,1800.1750,808.4370,2055.3100,2856.7500,1696.5200,3496.0900,2130.1284,3067.1150,1676.2900,2934.0571,3696.5400,4245.1650
SEC13,2187.2300,2868.7150,2163.8100,2125.5600,1457.2950,2394.1200,1612.8773,2217.0200,1950.4500,2454.6500,1160.5900,1812.5500,1611.2000,2871.9400,2302.2600,1914.2700,2932.8900,2622.4067,2164.0150,2081.7700,2330.2100,2421.2094,3193.2200,2678.3300,2255.3530,2973.9450,2225.9900,2509.5065,2938.8000,1921.5100
SEC61B,2306.9700,1433.2650,1366.9900,1584.2900,1430.1800,1566.3950,1142.7952,1308.8700,1506.1000,1711.3550,1161.8200,1173.4100,813.0430,3137.0100,1411.9400,1341.4300,2050.7600,1516.3867,1431.4000,1697.1300,2230.7700,1499.3900,1797.4100,1473.7900,1471.0639,1562.7500,1450.6900,2500.3438,1851.1200,1767.1950
SECISBP2L,981.8740,617.6805,1105.6000,522.5580,819.7205,604.7485,909.4495,1479.5700,595.3315,3639.4550,1705.5000,1266.5900,2818.4850,688.6500,1204.0100,736.9340,1000.0900,876.5172,941.0635,1371.4200,1714.8900,577.9725,838.3180,1391.6400,1001.5903,871.7960,1571.2900,980.0070,555.9020,838.8530
SEPT5,263.4790,333.2570,577.7980,249.6070,514.9840,104.3763,238.4337,1841.2100,575.4120,80.6997,454.5240,266.8700,2416.0350,203.1140,341.4160,816.9990,464.2440,269.4117,428.6665,2637.1700,672.4450,112.8453,1261.3500,632.8110,124.3644,580.8890,445.6450,261.8333,1905.8000,796.4665
SFRS13A,1539.0800,1633.7100,1700.2100,1988.8600,1107.1550,1831.4759,2179.5484,1421.9800,1372.2850,958.7835,1157.9300,1004.4850,1053.3800,1102.5600,1622.7700,1625.0000,1380.2700,1881.0306,1324.0250,1128.1300,1365.4500,1912.2075,1449.2800,1291.1000,2019.8333,2937.7200,1535.9000,1865.9683,1875.6300,798.2260
SGCG,0.8795,0.7288,2.4987,0.3831,1.1484,0.0000,1.2802,5.4848,4.7522,0.5828,2.1912,2.0881,8.7487,0.0000,3.0177,3.7020,3.2800,11.5694,1.7885,2.4854,6.8460,0.0448,11.9575,0.5528,1.1204,10.4796,0.8444,0.5387,23.7896,0.0000
SHISA5,3334.0000,8223.0500,3850.5700,4537.2100,2934.6000,4220.2250,2922.4179,4352.7300,4684.6850,2249.2150,3360.0800,5097.7750,2127.4300,4637.8600,3976.9700,3798.3000,5071.8000,4565.5740,4382.2200,6195.1000,4405.2500,4594.3460,4962.0300,4547.3000,3303.9623,6159.3250,4327.3000,5198.9150,4405.5000,3088.2350
SIL1,2364.3200,948.2075,935.6580,815.2070,1593.8950,805.2985,527.9383,738.2335,776.1550,1015.4500,1069.2700,1175.2200,422.9980,3044.5500,1145.9100,708.0370,1401.0500,656.0852,1165.9650,1253.3100,1862.2300,793.2460,1171.4100,1157.9300,728.6436,469.7340,1659.8700,1215.1727,920.2400,1749.5500
SLC25A29,547.6090,722.4740,778.0450,838.6780,888.7895,444.3805,466.7619,801.7000,394.2080,737.6355,321.9950,771.5525,887.3415,521.5080,671.6290,520.9790,698.5330,1473.6065,801.3630,578.7560,1125.2480,395.7575,565.9950,553.8380,448.3690,1907.3950,4946.8700,2005.3955,1130.0900,502.8540
SLC2A7,0.0000,0.0000,0.0000,0.0000,0.0000,0.0000,0.0861,0.0000,0.0000,0.0000,0.3433,0.0000,0.0000,0.0000,0.0000,0.0000,0.0000,0.0861,0.0000,0.0000,0.4543,0.0000,0.0000,0.0000,0.0861,0.4667,0.0000,0.0000,0.0000,0.0000
SLC5A7,0.0000,5.8192,0.2495,0.0000,0.0000,0.4086,0.5823,0.0000,0.0000,0.9218,0.3708,0.0000,0.0000,0.0000,0.7310,1.6715,0.0000,0.0477,2.6885,24.5006,1.6150,0.4729,0.0000,0.0000,1.1098,13.4463,0.3980,0.0000,1.8248,0.0000
SLC6A17,177.1310,4.8615,12.5116,11.9950,10.9240,2.8514,7.5966,83.3033,13.2596,118.2380,10.9421,7.5348,299.1130,2.1097,6.1055,6.0344,10.7966,6.7424,99.5148,2167.2400,15.3035,3.2251,23.4742,1261.0400,6.6685,119.7575,5.5306,2.8127,21.3178,12192.3500
SLC9A9,177.0680,85.6063,98.2533,72.1783,61.9370,36.6710,108.2811,523.6860,206.4395,38.0312,395.1390,119.8930,587.6945,68.8073,130.4620,240.4070,194.3710,71.7177,122.8165,92.3747,411.7650,36.8163,454.2760,51.3134,77.6078,135.4510,64.8632,37.7976,83.7461,31.0192
SMR3B,0.0000,0.0000,0.0000,0.0000,0.0000,0.0000,0.0000,0.0000,0.0000,0.0000,0.0000,0.0000,0.0000,0.0000,0.0000,0.0000,0.0000,2.4644,0.0000,0.0000,0.0000,0.0000,0.0000,0.0000,0.0000,0.0000,0.3700,0.0000,1.9472,0.0000
SNAR-F,0.0000,0.0000,0.0000,0.0000,0.0000,0.0000,0.0000,0.0000,0.0000,0.0000,0.0000,0.0000,0.0000,0.0000,0.0000,0.0000,0.0000,0.0000,0.0000,0.0000,0.0000,0.0000,0.0000,0.0000,0.0000,0.0000,0.0000,0.0000,0.0000,0.0000
SNORA11,0.0000,0.0000,0.0000,0.0000,0.0000,0.0000,0.0000,0.0000,0.0000,0.0000,0.0000,0.0000,0.0000,0.0000,0.0000,0.0000,0.0000,1.2835,0.0000,0.0000,0.0000,0.0000,0.0000,0.0000,0.0000,0.0000,0.0000,0.0000,0.0000,0.0000
SNORA71C,0.0000,0.0000,0.0000,0.0000,0.0000,0.0000,0.0000,0.0000,0.0000,0.0000,0.0000,0.0000,0.0000,0.0000,0.0000,0.0000,0.0000,1.4682,0.0000,0.0000,0.0000,0.0000,0.0000,0.0000,0.0000,0.0000,0.0000,0.0000,0.0000,0.0000
SNORD114-26,0.0000,0.0000,0.0000,0.0000,0.0000,0.0000,0.0000,0.0000,0.0000,0.0000,0.0000,0.0000,0.0000,0.0000,0.0000,0.0000,0.0000,0.0000,0.0000,0.0000,0.0000,0.0000,0.0000,0.0000,0.0000,0.0000,0.0000,0.0000,0.0000,0.0000
SNORD16,0.0000,0.0000,0.0000,0.0000,0.0000,0.0000,0.0000,0.0000,0.0000,0.0000,0.0000,0.0000,0.0000,0.0000,0.0000,0.0000,0.0000,0.0000,0.0000,0.0000,0.0000,0.0000,0.0000,0.0000,0.0000,0.0000,0.0000,0.0000,0.0000,0.0000
SNORD69,0.0000,0.0000,0.0000,0.0000,0.0000,0.0000,0.0000,0.0000,0.0000,0.0000,0.0000,0.0000,0.0000,0.0000,0.0000,0.0000,0.0000,0.0000,0.0000,0.0000,0.0000,0.0000,0.0000,0.0000,0.0000,0.0000,0.0000,0.0000,0.0000,0.0000
SNORD91B,0.0000,0.0000,0.0000,0.0000,0.0000,0.0000,0.0000,0.0000,0.0000,0.0000,0.0000,0.0000,0.0000,0.0000,0.0000,0.0000,0.0000,0.0000,0.0000,0.0000,0.0000,0.0000,0.0000,0.0000,0.0000,0.0000,0.0000,0.0000,0.0000,0.0000
SP2,382.5080,583.4380,611.2880,572.1860,625.6515,593.5588,697.1236,614.1760,631.7245,579.8575,533.9890,528.9010,756.6750,449.6080,575.3610,616.7600,451.5990,578.7191,556.3815,573.3570,656.6614,609.4732,620.7980,691.3790,707.9264,634.3590,640.5510,532.3821,510.1580,945.8865
SPDYE4,0.0000,0.0000,0.0000,0.0000,0.0000,0.0000,0.0000,0.0000,0.0000,0.0000,0.0000,0.0000,0.0000,0.0000,0.0000,0.0000,0.0000,0.0000,0.0000,0.0000,0.0000,0.0000,0.0000,0.0000,0.4114,0.0000,0.0000,0.0000,0.0000,0.0000
SPIN2A,1.3435,0.8831,1.6307,0.3770,1.0495,1.2033,0.1555,0.0000,0.9863,0.5506,0.8958,0.9511,0.4407,0.0000,1.5186,1.5561,10.8475,0.9468,3.1131,1.3872,0.5317,1.4425,1.6980,0.6566,0.2440,1.7824,1.0096,0.8701,3.0550,3.5733
SPINK1,0.7475,712.1140,0.3516,0.9814,357.4605,1560.5087,26.4417,0.9961,1.2005,130.2230,9.6872,0.4809,0.0000,1453.7400,238.2410,5.8349,0.0000,-0.0851,7077.8000,0.0000,8.0506,1834.6100,1.9724,0.6327,2669.2808,16.2552,0.0000,3.4064,1.4030,0.0000
SPRED1,910.5770,544.5810,881.0380,537.2780,1039.7050,1167.8200,1119.5922,2189.3400,769.7455,599.6855,1623.6200,666.5765,1357.6350,264.5260,1489.1100,981.8560,1032.0900,818.0181,1253.6700,663.3800,417.8820,1070.2594,1214.9800,1904.1000,1117.2919,899.3925,2300.6800,839.4496,881.8100,578.6715
STAG2,1844.7600,1840.9950,2604.5900,2155.9200,1851.9650,2446.7950,3700.6828,2433.9000,2319.0200,2220.2050,2479.9300,1433.9100,2952.9950,1437.1300,2256.2500,2419.0600,1642.6300,2260.1930,1835.2400,1669.8700,2334.0400,2622.0500,1999.0700,1548.9300,2684.9836,2539.9600,2726.0900,2026.2597,1743.9400,1213.8450
STIM2,388.0910,544.1265,455.6170,573.9030,449.1415,488.5181,577.8832,652.2815,626.7010,358.6715,554.1750,278.1400,672.5740,338.4840,644.2310,675.4980,772.2840,359.7109,636.1680,422.2500,665.6890,480.1760,497.8070,522.8850,593.0699,422.3730,488.7220,498.1395,555.9890,222.5750
SUMO1,2411.2800,2021.2250,2191.2500,2197.4100,2145.6300,1995.8715,2074.1845,1446.0850,1638.8550,1366.9550,1771.4900,1559.9900,1393.7350,2764.4500,2185.2300,2245.0900,2108.4900,3045.9589,2061.5750,1849.0800,2065.5982,2039.5150,1680.5400,1475.2400,1927.5861,2974.4450,2228.3400,2799.1928,3266.9900,1085.6950
TAS2R3,0.0000,0.0000,0.3835,0.0000,0.0000,0.0000,-0.2248,0.0000,0.0000,0.0000,0.5641,0.4089,1.2975,0.0000,0.0000,0.0000,0.0000,-0.3244,0.0000,0.0000,0.0000,0.0000,0.0000,0.0000,-0.2394,0.4195,0.3082,0.0000,0.0000,0.0000
TAS2R39,0.0000,0.0000,0.0000,0.0000,0.0000,0.0000,0.0161,0.0000,0.0000,0.0000,0.0000,0.0000,0.0000,0.0000,0.0000,0.0000,0.0000,0.0161,0.0000,0.0000,0.0000,0.0000,0.0000,0.0000,0.0161,0.0000,0.0000,0.0000,0.0000,0.0000
TBX18,9.2559,20.8095,68.7835,2.7037,6.9578,8.9557,32.9400,20.8276,122.7230,2.7910,17.5159,2.9231,14.9998,2.0776,4.4111,92.0598,504.6420,13.7162,32.2445,12.1816,2.2718,8.0031,349.4420,97.0874,10.1488,24.0257,8.2670,85.0143,148.7890,4.1407
TCEAL3,1163.6700,479.4475,773.8890,322.7020,363.9935,95.8852,204.1714,823.6765,221.5685,684.3795,350.7210,373.6135,1538.8800,114.2210,372.4770,280.2660,917.5820,487.0538,516.7545,1826.8600,1208.7500,96.4937,909.9340,479.0210,227.3039,148.6635,955.2040,465.9872,414.4600,638.1260
TDO2,6.8447,60.8635,40.6509,15.3846,109.1220,55.0731,53.8394,41.0066,69.3943,17.5136,20.1934,5.0169,4.7084,3586.7900,71.6535,115.1730,67.0655,70.8905,79.7291,3.7573,3.3821,41.5487,64.9287,31.9760,40.8351,73.2155,9.8016,20.2812,59.6724,0.5948
TEC,107.9020,45.1060,32.7354,47.8138,47.8306,66.5842,49.9858,5.4748,37.6644,97.7642,67.8547,85.5958,3.7135,37.7227,94.7321,39.4879,58.8304,159.1589,65.6396,14.1612,41.5800,61.3523,53.1161,37.5881,56.5283,226.0885,125.0740,121.7245,55.2895,18.2433
THRB,141.6230,573.4730,453.9950,161.2740,167.3885,92.2026,216.3928,284.7435,133.3710,1573.7550,233.0070,209.1250,462.8430,779.3770,171.7910,193.6100,53.0650,314.4533,235.8685,38.2369,850.8820,129.3044,230.7280,21.8255,264.0082,12.0135,185.5670,107.0813,120.9430,3.7671
THSD7B,20.3528,1.6660,14.5581,0.8220,4.7562,0.4908,4.9711,7.4975,4.1777,274.6395,58.4132,2.2601,9.8786,4.0181,9.1743,10.3918,4.5613,22.0804,35.1243,31.5030,18.7886,0.7325,7.9830,0.0000,7.6632,6.8780,20.8058,13.4299,44.8467,4.8604
THYN1,832.2950,724.8570,490.4840,531.4580,529.9030,621.1290,406.9030,1013.8850,346.0860,497.2880,466.7530,544.9435,974.8145,630.9800,644.3040,527.0430,661.4820,944.9830,627.7860,992.0000,1025.8000,607.8526,647.2410,404.4650,666.9476,555.2120,1208.8200,848.2648,939.6190,568.4550
TIMELESS,683.1100,1217.0400,930.3230,2360.8300,837.6895,1066.3100,1328.4062,793.2635,1226.9750,429.0295,344.5860,514.7185,350.0110,880.4600,792.5510,1515.7200,748.0780,1252.3886,452.9050,331.5370,442.6650,996.4653,825.2260,1030.7000,1091.6586,3159.7300,401.9160,1116.1542,1410.6300,547.8540
TLR1,57.8919,52.8768,171.2900,84.7993,118.9685,55.5626,88.4395,204.6130,116.7700,53.0306,251.9620,128.7870,84.2847,85.4022,207.1040,192.7900,167.8800,143.0191,173.4280,61.3555,43.7865,50.4944,156.0940,103.0760,115.1771,91.5385,47.7954,85.0217,46.8506,59.9489
TLR2,205.3190,249.4660,319.7820,375.5900,206.0115,126.3646,385.8227,499.0090,564.2120,329.8290,550.1220,354.1805,202.3570,103.6040,820.6220,511.9810,717.7610,268.2203,450.8265,81.2222,91.2798,103.3475,270.9990,178.3550,259.9278,182.0785,268.7590,215.8888,151.9370,62.1108
TMCO7,281.3920,315.5915,221.8950,238.4080,245.0945,316.0060,351.4921,420.4155,391.1380,211.5170,421.1660,329.4350,451.6215,431.9500,276.0650,322.6440,368.7490,122.5617,272.6015,304.1300,284.6440,307.3280,340.4890,534.0430,280.5644,368.7260,250.1060,169.4911,222.9690,402.9660
TMED6,3.0511,3.7915,2.5621,4.0272,26.1096,28.9575,7.1682,4.4197,3.4565,4.5716,58.1502,44.9472,2.9871,47.8135,15.0289,3.5641,3.0880,3.1896,43.9254,3.0706,4.0228,22.9575,2.4851,3.4429,14.5832,5.4350,2.4257,15.1195,3.6934,3.0382
TMEM56,462.2910,156.8340,217.7130,178.5170,558.6345,567.5930,204.1758,141.1165,43.9112,436.2330,241.9640,397.1995,262.0275,2390.6800,307.0210,147.7800,109.5520,168.4179,245.0585,221.6100,496.0240,578.4981,161.8200,20.0007,306.4789,92.4735,502.8390,419.3847,221.4320,8.1870
TMPRSS11B,0.0000,0.0000,0.0000,1.2960,0.0000,0.0000,3.1154,0.0000,12.9505,0.0000,0.0000,0.0000,0.0000,0.0000,0.0000,0.6238,0.0000,0.0180,0.0000,0.0000,0.0000,0.0000,0.0000,0.0000,0.0180,0.0000,0.0000,0.0000,0.0000,0.0000
TNNT3,16.3383,39.9325,3.0080,4.1131,0.4654,0.0000,1.6164,0.0000,109.2115,0.0000,1.4129,0.4405,0.0000,0.0000,0.8028,5.0962,9.5093,5.6079,3.7355,1.3649,0.9365,0.0000,41.0256,0.3520,0.8227,6.4179,1.0780,1.0954,58.8950,0.0000
TPCN1,3367.0800,896.7935,1123.5100,732.6190,1275.9100,1420.4200,999.3413,1204.6850,743.7705,1967.1450,1825.1700,2982.7300,1595.2150,1351.2100,1576.9400,710.2460,1098.1400,1248.3452,1500.7200,1882.2100,854.9190,1447.2743,1349.1500,1518.9300,1200.0383,775.6850,2958.1200,928.6992,744.9820,1829.4950
TPD52L2,3814.7600,3412.7100,2495.3400,3122.1900,3152.6950,3419.8200,2722.9197,2482.7750,3941.8700,2571.2650,2340.4300,3176.4750,1745.6550,1868.5700,3132.2800,3073.6500,3786.7400,3883.9124,2822.4500,2666.6800,2275.2300,4044.0538,4073.3700,3203.8300,2788.2415,3778.8850,2154.5100,2760.5742,4416.2600,2501.1500
TRAF3IP1,285.1360,343.9735,635.7270,365.4400,479.1965,483.0330,562.1071,289.3855,366.7920,284.7240,439.9290,569.4465,344.4030,345.8140,518.8280,435.8330,501.8340,584.8212,473.3385,351.6240,506.0090,499.5752,372.2660,343.4570,549.5931,258.5700,647.7070,682.7934,512.6720,299.1265
TRAPPC2L,1711.7500,694.0285,441.7910,601.4850,689.1115,612.8461,495.3210,695.7435,558.4190,992.3030,797.3590,788.7010,582.7915,706.6700,555.1720,506.6260,900.9400,477.0800,652.4730,796.6250,602.7170,638.1612,590.6220,821.1220,607.0980,888.1300,640.1180,671.5311,651.2970,1064.4150
TRAPPC9,774.2950,752.9160,981.3490,598.5060,797.2285,929.7908,715.3168,864.2130,607.8430,1207.1150,692.8880,914.9795,1092.2650,888.3580,754.4350,673.9550,703.7970,968.1102,810.3940,1285.0800,864.1270,979.5840,654.5770,1032.1200,742.1624,620.8905,904.2050,933.7856,884.9600,3282.5450
TRIM32,375.0550,407.4290,511.9360,403.4250,296.4275,400.9809,370.4437,397.4440,471.7820,299.0395,375.0840,260.0140,363.5565,210.9170,383.9290,463.9940,372.7660,483.2758,390.8975,336.1700,355.7690,406.9779,565.5440,554.8200,376.1454,372.0160,346.2200,393.4119,408.2980,679.0585
TRIM41,1182.3900,719.2330,678.3460,791.4070,1135.7300,670.4344,611.8908,1053.3400,719.3480,1252.6750,788.3690,1083.8800,1293.3250,843.0070,723.3790,626.0190,842.2780,868.3174,834.3765,908.8900,747.7760,636.7415,716.1570,920.9910,599.4651,859.3615,978.2280,780.4417,743.9310,855.7100
TRIM48,0.0000,0.0000,0.0000,0.0000,0.0000,0.0000,0.0000,0.0000,0.0000,0.0000,0.0000,0.0000,0.0000,0.0000,0.0000,0.0000,0.0000,0.0000,0.0000,0.0000,0.0000,0.0000,0.0000,1.0907,0.0000,0.0000,0.0000,0.0000,0.0000,0.0000
TRIM62,146.5890,365.0285,293.6920,217.2060,102.4045,134.4340,197.7133,298.8765,272.7230,148.8590,149.2140,135.9880,403.2815,86.3698,193.5530,212.0140,165.7280,265.9527,171.2005,653.5470,369.8970,139.2455,189.5060,414.4890,170.2447,138.0450,168.7780,207.4234,281.7980,164.9620
TRIM64,0.0000,0.0000,0.0000,0.0000,0.0000,0.0000,0.0000,0.0000,0.0000,0.0000,0.0000,0.0000,0.0000,0.0000,0.0000,0.0000,0.0000,0.0000,0.0000,0.0000,0.0000,0.0000,0.0000,0.0000,0.0000,0.0000,0.0000,0.0000,0.0000,0.0000
TTTY17A,0.0000,0.0000,0.0000,0.0000,0.0000,0.0000,0.0000,0.0000,0.0000,0.0000,0.0000,0.0000,0.0000,0.0000,0.0000,0.0000,0.0000,0.0000,0.0000,0.0000,0.0000,0.0000,0.0000,0.0000,0.0000,0.0000,0.0000,0.0000,0.0000,0.0000
UBE2D4,406.6820,197.3520,282.5870,156.1840,192.6070,225.8732,156.6548,724.6650,141.5350,472.7745,268.5600,359.4115,472.1940,304.8320,262.1360,198.4310,229.3730,259.1444,225.1665,442.8210,339.2900,226.9574,292.4040,343.1400,239.5875,193.8100,294.2740,260.0855,258.0760,357.0995
UBE2I,3164.8600,2418.7400,2236.7300,2611.6400,2099.0800,2600.7378,1467.9858,1941.8800,2269.4250,1942.5550,1545.5100,2061.1800,1295.4350,1278.6900,1979.8300,2226.9600,2381.7600,2238.4660,2001.7400,1875.0000,1698.0900,2593.9471,2038.7800,2605.8700,1948.5532,3374.5100,2206.0900,2344.4190,2360.7300,2929.4000
UBE2MP1,143.4020,108.7630,85.9028,104.3580,82.6847,91.3585,64.3208,295.6295,302.9385,133.6805,85.9657,75.1949,83.6353,79.5276,84.4893,106.7550,89.3617,107.1012,80.8755,161.5800,99.9791,92.5827,271.3230,146.5640,83.4694,72.8989,90.6046,86.8076,108.8040,172.2085
UBQLN4,768.3890,1803.9100,2042.3400,1729.7900,1664.8100,1568.7117,1402.9715,1671.7150,1439.6350,598.4540,819.5790,1216.8300,2483.6650,1731.7800,1734.9000,1630.5200,1031.8900,1971.9772,1269.5050,900.4260,1386.3700,1650.5834,1291.6300,2022.6200,1434.8076,2258.5150,1004.1800,1827.3498,2137.0500,1280.3500
UCHL3,485.0170,613.5520,350.1450,623.7210,240.9370,822.9852,529.8223,274.3945,712.4305,297.4065,256.6520,316.1480,162.3050,382.3330,342.3760,466.7330,298.3370,348.4053,380.0715,322.7560,338.5970,900.2376,246.4630,316.6960,539.9215,358.0270,399.8690,417.7496,337.7010,224.3275
UNC5C,11.5350,4.2703,27.9092,1.4766,9.1308,6.7860,6.2947,15.3694,3.6629,6.3233,23.2240,0.8270,27.7871,2.2048,18.5927,11.8092,7.9336,7.5437,17.0035,290.5410,17.2566,7.5156,42.8643,3.0584,15.2678,8.7868,222.7260,9.0112,42.6962,0.5122
UNC93A,0.0000,0.0000,0.0000,1.1430,3.1533,23.4256,12.9509,0.0000,13.7084,0.0000,0.6330,1.3874,0.0000,92.4370,0.4914,0.6913,0.0000,3.4169,2.4224,0.0000,5.5610,26.1680,0.0000,0.4255,16.3926,9.3374,0.0000,9.7650,3.5301,0.0000
UOX,3.3531,0.0000,0.2738,0.0000,0.5605,0.9593,0.3531,4.0944,0.0000,0.0000,0.0000,0.7153,1.7715,0.0000,0.4283,0.0000,0.0000,0.0721,1.2474,0.4034,1.6000,1.1735,0.8800,0.5780,0.3847,0.6352,2.4979,0.4061,1.0545,0.0000
VN1R5,0.0000,0.0000,0.3347,0.0000,0.5305,0.0000,0.2763,0.0000,0.0000,0.0000,0.0000,0.0000,0.0000,0.0000,0.0000,0.0000,0.0000,-0.0063,0.0000,0.0000,0.0000,0.0000,0.0000,0.0000,-0.0063,1.1664,0.0000,0.0000,0.0000,0.0000
VPS18,954.9130,836.5275,779.1950,779.5730,905.5930,549.7375,600.2698,872.3750,933.4560,2403.1050,797.1350,1140.6550,1023.6600,857.3610,821.5980,767.3590,1181.3100,687.1676,928.4210,1242.6800,877.6610,496.9672,1030.8500,1732.1000,634.9174,1056.0150,1154.2700,889.3130,666.3230,3183.7300
VTA1,793.8990,1077.2500,1076.2200,1140.9200,592.9335,1126.8800,1365.2137,1170.6350,1341.0600,415.7350,789.0130,828.4420,1166.3900,758.7470,807.1870,1283.4300,974.5460,1171.3900,753.5500,562.5800,785.4890,1155.0300,905.0180,697.5740,1276.2658,946.8590,691.3580,1055.6274,1296.7000,532.3155
WEE2,0.5399,0.4427,0.9435,0.5319,0.5830,0.3673,0.7093,3.0183,0.3743,1.1483,0.9837,0.9719,4.8114,0.5855,0.7162,0.8076,0.4523,1.5748,0.8115,0.9062,0.5079,0.3881,0.7722,0.3164,1.0919,0.9409,0.6881,0.4825,0.7220,0.0000
WFDC8,0.0000,0.0000,0.0000,0.0000,0.0000,0.0000,0.0000,0.0000,0.0000,0.0000,0.0000,0.0000,0.0000,0.0000,0.0000,0.0000,0.0000,1.1645,0.0000,0.0000,0.0000,0.0000,0.0000,0.0000,0.0000,0.0000,0.0000,0.3506,0.0000,0.0000
WISP2,1011.5800,27.0855,274.0740,22.5918,11.8245,2.6595,6.8212,5.8282,21.1729,1.3549,26.6917,8.5739,6.1241,10.3499,149.2820,70.6522,85.4204,20.4548,55.0790,8.1118,32.9953,2.3405,296.9200,256.8810,7.2310,9.5281,13.3604,9.9675,8.0857,20.3162
XAGE3,0.0000,0.0000,0.0000,0.0000,0.0000,0.0000,0.0000,0.0000,0.0000,0.0000,0.0000,0.0000,0.0000,0.0000,0.0000,0.0000,0.0000,0.0000,0.0000,0.0000,0.0000,0.0000,0.0000,0.0000,0.0000,0.0000,0.0000,0.0000,0.0000,0.0000
XKR4,1.3870,0.0000,0.0000,0.0000,0.0000,0.0000,-0.2582,12.9722,0.3429,0.0000,0.3879,14.4311,36.8865,0.0000,0.9138,0.4724,0.9046,11.5620,2.5438,4.8544,1.5009,0.0000,0.0000,0.0000,0.3389,2.4944,1.3784,6.2233,2.4108,0.0000
ZCCHC5,0.0000,0.4834,2.9967,0.3635,0.4491,0.6204,0.5480,0.0000,1.3912,0.0000,0.5804,0.0000,0.0000,0.0000,0.9359,0.8036,2.4472,1.3466,2.3849,0.0000,0.4213,0.9368,6.4988,1.1141,0.9401,0.7253,0.0000,0.0000,0.4026,0.0000
ZFYVE9,332.2030,527.8745,583.0740,448.1670,395.4295,322.2435,600.8026,656.2595,687.3285,509.0785,642.0800,332.8050,857.9530,447.5810,380.2380,587.7620,455.7820,651.8160,435.7875,457.6200,784.7789,328.5451,601.7990,510.0670,449.5904,1176.5850,686.7170,495.8067,670.0040,628.6890
ZNF275,13991.0000,411.2140,562.4860,330.5240,571.7405,510.5439,554.7105,1015.8400,368.0280,1465.2200,575.1610,364.2575,2107.7750,680.2110,617.6100,604.3040,615.8350,857.0920,612.1945,613.9030,971.1220,605.5890,604.8890,439.8840,582.0602,490.8265,459.8990,666.7366,713.5390,567.4520
ZNF2,105.7480,104.1460,144.4130,114.7810,107.6405,91.0163,96.8859,162.6975,96.5327,94.6411,123.0480,117.9910,144.2795,84.4199,112.2190,113.6870,117.7970,173.6450,100.4975,139.4130,114.0220,96.2239,141.1140,151.4700,96.2757,167.7740,117.9720,141.8381,158.5380,174.1985
ZNF280B,171.0840,4.6956,9.2954,6.4075,17.4580,52.2475,10.4081,82.1638,5.0793,25.6789,21.0231,62.2490,129.2420,2.4817,62.0269,78.1473,12.1046,137.2366,27.8128,138.6100,59.5694,63.6784,39.5820,204.3280,42.3772,260.7465,91.1497,153.8702,162.2170,295.5435
ZNF330,909.0140,453.6640,517.2110,552.5950,403.9085,542.3740,669.2669,517.1400,490.1835,991.1655,542.6570,500.6375,482.9135,536.1360,592.2010,451.5540,750.2860,712.1516,574.8210,549.0120,583.2060,524.4590,599.8040,929.4690,688.1897,397.7460,706.9060,440.6873,449.0890,1463.8800
ZNF527,135.3150,88.1509,116.7940,94.5216,109.7175,79.5695,88.4614,202.9875,56.4789,125.7915,123.9630,87.2221,132.3255,81.2514,96.1637,94.0315,104.4830,114.5642,85.0786,119.4970,126.4930,78.3193,136.7170,71.7175,97.7648,149.6225,114.9870,110.9130,143.1110,61.3489
ZNF546,84.3440,34.7585,69.5048,30.8483,71.8654,20.3864,44.9632,97.3180,19.2022,54.9907,112.7630,74.6762,94.5912,62.5122,53.0201,43.6915,75.0682,55.0531,55.3593,86.5215,58.3858,21.3581,65.8323,44.1289,42.2767,59.2026,75.6144,45.7783,59.2672,53.0601
ZNF554,168.5450,103.3325,143.0260,118.9070,136.2360,81.7923,96.2166,152.0515,69.2509,194.2395,113.2870,120.0955,189.0040,114.3470,95.6007,96.9388,106.2090,102.4911,108.2835,149.1370,130.3100,90.7029,124.5000,90.5172,96.8193,195.8540,158.4910,126.0060,116.2450,113.5335
ZNF598,867.3360,1011.3100,806.1150,1177.5900,887.5530,1447.7189,1154.8762,652.3515,1713.2150,829.8210,464.4470,716.4215,696.8285,919.3130,844.4880,1085.6600,1310.3700,808.0945,902.2945,827.7610,856.2670,1507.3800,1122.5900,1403.5700,889.3363,1367.7450,525.1070,1067.0635,1212.8300,1137.9950
ZNF626,288.3700,161.3790,344.3530,9.9068,150.8685,14.5881,24.7561,310.9310,20.4481,372.1730,230.8430,203.1355,305.6155,56.2531,174.8960,45.5079,209.8600,311.5694,98.9815,338.5210,403.7100,15.7859,179.4380,22.6018,37.6872,326.4995,459.3000,45.5224,45.8656,63.7014
ZNF81,73.1816,81.1911,149.9300,85.6444,76.3854,107.3239,135.5793,92.8938,96.3758,133.6975,130.8280,100.6130,171.6235,36.8858,100.6360,115.7460,61.0956,61.5744,92.6581,96.9359,67.7905,117.9144,80.9306,88.3049,116.2507,137.6730,91.9246,87.2682,67.9612,52.8803
ZNF828,302.5660,383.1885,650.2310,496.8290,337.8005,743.1600,628.6518,649.3935,501.0810,253.0905,432.7520,301.6425,622.2385,396.6570,478.2050,438.5580,450.5540,497.7686,384.7745,288.1530,651.2840,812.0097,392.9180,1044.3400,677.2978,641.4230,528.0350,575.6560,470.0610,545.3355
ZNF880,125.4850,115.5575,116.2480,11.9727,39.6864,21.6486,28.3880,228.1240,23.3546,166.6905,99.7600,143.5225,140.6820,15.8550,99.9414,48.8405,128.1720,138.0150,126.5425,132.9210,276.0780,32.5572,124.3910,83.4478,49.4720,257.9385,215.0920,109.2120,144.4400,113.0575
ZYG11A,0.6068,6.9097,83.5373,109.8220,1.2006,0.4508,13.5598,1.1058,6.3744,0.3069,10.5853,2.4642,0.3921,29.3066,36.6377,30.8077,2.0822,25.7956,0.7323,0.3970,62.4381,0.5400,2.3674,1.0132,4.9051,779.9695,49.3031,9.4656,39.7816,0.4867
